D,N,agent_class,i3_x,law,nAA,nAR,nRA,nRR,order,realized_reach,seed,test,x
15,100000,process,,I1,93114,6886,0,0,1,1.0,15669120901195858923,T4T6,1.0
15,100000,process,,I1,93289,6711,0,0,1,1.0,15119426353708710954,T4T6,1.0
15,100000,process,,I1,93275,6725,0,0,1,1.0,14957956541892814053,T4T6,1.0
15,100000,process,,I1,93362,6638,0,0,1,1.0,5216397039241660625,T4T6,1.0
15,100000,process,,I1,93238,6762,0,0,1,1.0,6976438593570837503,T4T6,1.0
15,100000,process,,I1,93275,6725,0,0,1,1.0,16490402889857432242,T4T6,1.0
15,100000,process,,I1,93290,6710,0,0,1,1.0,2732729797978918108,T4T6,1.0
15,100000,process,,I1,93433,6567,0,0,1,1.0,17817635841188504646,T4T6,1.0
15,100000,process,,I1,93299,6701,0,0,1,1.0,14609730232997090739,T4T6,1.0
15,100000,process,,I1,93232,6768,0,0,1,1.0,17056640164430685503,T4T6,1.0
15,100000,process,,I1,93280,6720,0,0,1,1.0,15296537178436889163,T4T6,1.0
15,100000,process,,I1,93267,6733,0,0,1,1.0,9282357985810125083,T4T6,1.0
15,100000,process,,I1,93286,6714,0,0,1,1.0,12103608257167990073,T4T6,1.0
15,100000,process,,I1,93476,6524,0,0,1,1.0,7631952894675334346,T4T6,1.0
15,100000,process,,I1,93327,6673,0,0,1,1.0,7206383101204109728,T4T6,1.0
15,100000,process,,I1,93303,6697,0,0,1,1.0,13023448145123684413,T4T6,1.0
15,100000,process,,I1,93305,6695,0,0,1,1.0,6661721047027038333,T4T6,1.0
15,100000,process,,I1,93250,6750,0,0,1,1.0,13409668027795330227,T4T6,1.0
15,100000,process,,I1,93222,6778,0,0,1,1.0,15320895469800803029,T4T6,1.0
15,100000,process,,I1,93303,6697,0,0,1,1.0,17699426746211133421,T4T6,1.0
15,100000,automaton,,I1,93328,6672,0,0,1,1.0,11274907879053078667,T4T6,1.0
15,100000,automaton,,I1,93344,6656,0,0,1,1.0,11445402192182849609,T4T6,1.0
15,100000,automaton,,I1,93316,6684,0,0,1,1.0,17911471233057269346,T4T6,1.0
15,100000,automaton,,I1,93291,6709,0,0,1,1.0,2032830119997602972,T4T6,1.0
15,100000,automaton,,I1,93326,6674,0,0,1,1.0,5719128608405877426,T4T6,1.0
15,100000,automaton,,I1,93333,6667,0,0,1,1.0,4413937190056669761,T4T6,1.0
15,100000,automaton,,I1,93472,6528,0,0,1,1.0,16051793815494743219,T4T6,1.0
15,100000,automaton,,I1,93473,6527,0,0,1,1.0,7473538841190670590,T4T6,1.0
15,100000,automaton,,I1,93414,6586,0,0,1,1.0,8818811244909393078,T4T6,1.0
15,100000,automaton,,I1,93259,6741,0,0,1,1.0,10691153493901777959,T4T6,1.0
15,100000,automaton,,I1,93313,6687,0,0,1,1.0,9417361993581435618,T4T6,1.0
15,100000,automaton,,I1,93144,6856,0,0,1,1.0,727631603628410575,T4T6,1.0
15,100000,automaton,,I1,93384,6616,0,0,1,1.0,15855028033999045924,T4T6,1.0
15,100000,automaton,,I1,93155,6845,0,0,1,1.0,14169636862615018031,T4T6,1.0
15,100000,automaton,,I1,93339,6661,0,0,1,1.0,7409258394502428692,T4T6,1.0
15,100000,automaton,,I1,93257,6743,0,0,1,1.0,6037010501174055254,T4T6,1.0
15,100000,automaton,,I1,93229,6771,0,0,1,1.0,14716541307054779968,T4T6,1.0
15,100000,automaton,,I1,93406,6594,0,0,1,1.0,12673531723884586642,T4T6,1.0
15,100000,automaton,,I1,93296,6704,0,0,1,1.0,17130105582763146817,T4T6,1.0
15,100000,automaton,,I1,93212,6788,0,0,1,1.0,11187227026861450539,T4T6,1.0
15,100000,surrogate,,I1,93170,6830,0,0,1,1.0,14684055686006395800,T4T6,1.0
15,100000,surrogate,,I1,93470,6530,0,0,1,1.0,3549762805336535675,T4T6,1.0
15,100000,surrogate,,I1,93240,6760,0,0,1,1.0,10886906724842751852,T4T6,1.0
15,100000,surrogate,,I1,93353,6647,0,0,1,1.0,2818823999680639073,T4T6,1.0
15,100000,surrogate,,I1,93261,6739,0,0,1,1.0,2492085070356201021,T4T6,1.0
15,100000,surrogate,,I1,93226,6774,0,0,1,1.0,9850410556066025819,T4T6,1.0
15,100000,surrogate,,I1,93403,6597,0,0,1,1.0,15260078680892764992,T4T6,1.0
15,100000,surrogate,,I1,93384,6616,0,0,1,1.0,4657932964048599382,T4T6,1.0
15,100000,surrogate,,I1,93038,6962,0,0,1,1.0,15706615854199819963,T4T6,1.0
15,100000,surrogate,,I1,93418,6582,0,0,1,1.0,18425365993924057060,T4T6,1.0
15,100000,surrogate,,I1,93276,6724,0,0,1,1.0,16145444840981170959,T4T6,1.0
15,100000,surrogate,,I1,93272,6728,0,0,1,1.0,4717896865510232965,T4T6,1.0
15,100000,surrogate,,I1,93246,6754,0,0,1,1.0,3700934495481596324,T4T6,1.0
15,100000,surrogate,,I1,93321,6679,0,0,1,1.0,15703257851841330421,T4T6,1.0
15,100000,surrogate,,I1,93251,6749,0,0,1,1.0,11430870042312647980,T4T6,1.0
15,100000,surrogate,,I1,93275,6725,0,0,1,1.0,9476946542911298288,T4T6,1.0
15,100000,surrogate,,I1,93217,6783,0,0,1,1.0,12828455980839327223,T4T6,1.0
15,100000,surrogate,,I1,93358,6642,0,0,1,1.0,14429630141296730144,T4T6,1.0
15,100000,surrogate,,I1,93369,6631,0,0,1,1.0,11306236802797743388,T4T6,1.0
15,100000,surrogate,,I1,93213,6787,0,0,1,1.0,14468584771143588817,T4T6,1.0
15,100000,process,,I2,46773,3360,3285,46582,1,1.0,2149340766657972335,T4T6,0.06836
15,100000,process,,I2,46715,3377,3290,46618,1,1.0,7974000004151516918,T4T6,0.06764
15,100000,process,,I2,46636,3312,3369,46683,1,1.0,10510161202597718449,T4T6,0.06634
15,100000,process,,I2,46821,3342,3295,46542,1,1.0,6678460480283352175,T4T6,0.06916
15,100000,process,,I2,46564,3313,3402,46721,1,1.0,1620569821429576963,T4T6,0.06558
15,100000,process,,I2,46399,3450,3399,46752,1,1.0,9608710354392016614,T4T6,0.06496
15,100000,process,,I2,46942,3347,3397,46314,1,1.0,5518415178321861246,T4T6,0.07372
15,100000,process,,I2,46626,3377,3331,46666,1,1.0,7329922972639482215,T4T6,0.06668
15,100000,process,,I2,46411,3436,3300,46853,1,1.0,12434136796774312670,T4T6,0.06294
15,100000,process,,I2,46476,3377,3270,46877,1,1.0,13977433861922518056,T4T6,0.06246
15,100000,process,,I2,46704,3350,3380,46566,1,1.0,18209687531467919784,T4T6,0.06868
15,100000,process,,I2,46740,3383,3411,46466,1,1.0,14166775886361215738,T4T6,0.07068
15,100000,process,,I2,46662,3352,3420,46566,1,1.0,6190429573433686199,T4T6,0.06868
15,100000,process,,I2,46533,3310,3380,46777,1,1.0,11533846011229747546,T4T6,0.06446
15,100000,process,,I2,46484,3408,3274,46834,1,1.0,10738831231821580911,T4T6,0.06332
15,100000,process,,I2,46934,3446,3341,46279,1,1.0,1076794080259079500,T4T6,0.07442
15,100000,process,,I2,46665,3307,3376,46652,1,1.0,3149992232720470952,T4T6,0.06696
15,100000,process,,I2,46884,3359,3365,46392,1,1.0,8345273070387559096,T4T6,0.07216
15,100000,process,,I2,46508,3331,3403,46758,1,1.0,186454774279002231,T4T6,0.06484
15,100000,process,,I2,46852,3322,3300,46526,1,1.0,15063698277238536673,T4T6,0.06948
15,100000,automaton,,I2,46864,3325,3347,46464,1,1.0,14966448232211666307,T4T6,0.07072
15,100000,automaton,,I2,46454,3402,3349,46795,1,1.0,10894523474281359113,T4T6,0.0641
15,100000,automaton,,I2,46813,3352,3310,46525,1,1.0,531712919342760245,T4T6,0.0695
15,100000,automaton,,I2,46681,3260,3347,46712,1,1.0,15090096792905530775,T4T6,0.06576
15,100000,automaton,,I2,46423,3367,3393,46817,1,1.0,10010696934516987759,T4T6,0.06366
15,100000,automaton,,I2,46574,3399,3385,46642,1,1.0,17648891852019446326,T4T6,0.06716
15,100000,automaton,,I2,46590,3366,3347,46697,1,1.0,875097209893111127,T4T6,0.06606
15,100000,automaton,,I2,46584,3439,3383,46594,1,1.0,4795758262876903016,T4T6,0.06812
15,100000,automaton,,I2,46593,3297,3396,46714,1,1.0,13735806475616970665,T4T6,0.06572
15,100000,automaton,,I2,46494,3413,3366,46727,1,1.0,3010933287998182682,T4T6,0.06546
15,100000,automaton,,I2,46474,3280,3404,46842,1,1.0,5317238342715208447,T4T6,0.06316
15,100000,automaton,,I2,46968,3320,3282,46430,1,1.0,466998258448957188,T4T6,0.0714
15,100000,automaton,,I2,46905,3384,3417,46294,1,1.0,6956225616395061294,T4T6,0.07412
15,100000,automaton,,I2,46556,3411,3404,46629,1,1.0,7410200791808909423,T4T6,0.06742
15,100000,automaton,,I2,46670,3326,3381,46623,1,1.0,12431947386967975362,T4T6,0.06754
15,100000,automaton,,I2,46659,3460,3297,46584,1,1.0,14149246871983217302,T4T6,0.06832
15,100000,automaton,,I2,46628,3325,3361,46686,1,1.0,5486599722671382657,T4T6,0.06628
15,100000,automaton,,I2,46523,3345,3298,46834,1,1.0,3445886402761462537,T4T6,0.06332
15,100000,automaton,,I2,46598,3400,3410,46592,1,1.0,3282531351569385598,T4T6,0.06816
15,100000,automaton,,I2,46483,3501,3422,46594,1,1.0,946508468837526394,T4T6,0.06812
15,100000,surrogate,,I2,35999,14297,13892,35812,1,1.0,16222206352916586752,T4T6,0.28376
15,100000,surrogate,,I2,35668,14369,14065,35898,1,1.0,11512252853263319069,T4T6,0.28204
15,100000,surrogate,,I2,35582,14389,14109,35920,1,1.0,12747865945211059554,T4T6,0.2816
15,100000,surrogate,,I2,36044,14158,14145,35653,1,1.0,6677569299174870466,T4T6,0.28694
15,100000,surrogate,,I2,35712,14159,14085,36044,1,1.0,11554007452488874415,T4T6,0.27912
15,100000,surrogate,,I2,35571,14125,14258,36046,1,1.0,5594235958771233508,T4T6,0.27908
15,100000,surrogate,,I2,35793,14239,14198,35770,1,1.0,15133317288797042651,T4T6,0.2846
15,100000,surrogate,,I2,35895,14296,14229,35580,1,1.0,11933561034546723707,T4T6,0.2884
15,100000,surrogate,,I2,35742,14277,14118,35863,1,1.0,1227581764163150600,T4T6,0.28274
15,100000,surrogate,,I2,35857,14072,14162,35909,1,1.0,18046150290950370455,T4T6,0.28182
15,100000,surrogate,,I2,35758,14208,14224,35810,1,1.0,11233389437266452102,T4T6,0.2838
15,100000,surrogate,,I2,35689,14209,14075,36027,1,1.0,7661869564011891371,T4T6,0.27946
15,100000,surrogate,,I2,35928,14298,14058,35716,1,1.0,18284714474012952926,T4T6,0.28568
15,100000,surrogate,,I2,35864,14173,14042,35921,1,1.0,15225034837367188927,T4T6,0.28158
15,100000,surrogate,,I2,35854,14288,14292,35566,1,1.0,10148692499345104821,T4T6,0.28868
15,100000,surrogate,,I2,35771,14239,14053,35937,1,1.0,15290020700549485045,T4T6,0.28126
15,100000,surrogate,,I2,35833,14177,14276,35714,1,1.0,12033078438046682205,T4T6,0.28572
15,100000,surrogate,,I2,35721,14260,14279,35740,1,1.0,3550577193694222166,T4T6,0.2852
15,100000,surrogate,,I2,35579,14282,14237,35902,1,1.0,2897012558285652618,T4T6,0.28196
15,100000,surrogate,,I2,35974,14181,14077,35768,1,1.0,7746537259677478688,T4T6,0.28464
15,100000,process,0.59638,I3,69719,5011,1777,23493,1,1.0,18114018773865322183,T4T6,0.53014
15,100000,process,0.59516,I3,69816,5011,1670,23503,1,1.0,4216139014648753384,T4T6,0.52994
15,100000,process,0.6047,I3,70136,5061,1631,23172,1,1.0,12453464608993930650,T4T6,0.53656
15,100000,process,0.59796,I3,69911,4972,1726,23391,1,1.0,3030960492452899274,T4T6,0.53218
15,100000,process,0.59962,I3,70130,4986,1698,23186,1,1.0,15562619406838921676,T4T6,0.53628
15,100000,process,0.59608,I3,69920,4953,1796,23331,1,1.0,4423087121038756255,T4T6,0.53338
15,100000,process,0.60324,I3,70159,4948,1607,23286,1,1.0,15432438923722138889,T4T6,0.53428
15,100000,process,0.59962,I3,69874,5057,1676,23393,1,1.0,18335639715136188387,T4T6,0.53214
15,100000,process,0.5974,I3,69814,5018,1686,23482,1,1.0,8378847983540197169,T4T6,0.53036
15,100000,process,0.60308,I3,70083,5072,1658,23187,1,1.0,12834886866921617483,T4T6,0.53626
15,100000,process,0.5979,I3,69716,5036,1690,23558,1,1.0,4544785383224609882,T4T6,0.52884
15,100000,process,0.6041,I3,70312,5050,1611,23027,1,1.0,3099872607341447894,T4T6,0.53946
15,100000,process,0.60016,I3,69897,5019,1581,23503,1,1.0,2737509766099083150,T4T6,0.52994
15,100000,process,0.60058,I3,70043,5114,1728,23115,1,1.0,1114940899117868792,T4T6,0.5377
15,100000,process,0.59946,I3,70052,4956,1686,23306,1,1.0,7982158686760218122,T4T6,0.53388
15,100000,process,0.59952,I3,69942,5038,1641,23379,1,1.0,18055344630308536835,T4T6,0.53242
15,100000,process,0.59892,I3,69887,5152,1642,23319,1,1.0,11012083159249364276,T4T6,0.53362
15,100000,process,0.60476,I3,70078,5006,1734,23182,1,1.0,5370905202395099860,T4T6,0.53636
15,100000,process,0.60552,I3,70289,5027,1689,22995,1,1.0,12123013555188971903,T4T6,0.5401
15,100000,process,0.59826,I3,69843,4940,1747,23470,1,1.0,7248104621986894051,T4T6,0.5306
15,100000,automaton,0.59976,I3,70109,4942,1618,23331,1,1.0,14273066935185009103,T4T6,0.53338
15,100000,automaton,0.59498,I3,69654,5080,1655,23611,1,1.0,5555972735954050122,T4T6,0.52778
15,100000,automaton,0.59918,I3,70081,4973,1620,23326,1,1.0,10932903846419264170,T4T6,0.53348
15,100000,automaton,0.60154,I3,69972,4920,1662,23446,1,1.0,9642174906982391636,T4T6,0.53108
15,100000,automaton,0.60514,I3,70240,5033,1762,22965,1,1.0,7964606867079372785,T4T6,0.5407
15,100000,automaton,0.5977,I3,69767,5121,1692,23420,1,1.0,16736056217389661499,T4T6,0.5316
15,100000,automaton,0.5993,I3,70002,4997,1687,23314,1,1.0,17314825819632181216,T4T6,0.53372
15,100000,automaton,0.59878,I3,69884,5041,1690,23385,1,1.0,2989329032036674307,T4T6,0.5323
15,100000,automaton,0.59828,I3,69874,5006,1742,23378,1,1.0,12112719101944931608,T4T6,0.53244
15,100000,automaton,0.59796,I3,69939,4991,1666,23404,1,1.0,12867009528381835728,T4T6,0.53192
15,100000,automaton,0.60162,I3,70126,4939,1610,23325,1,1.0,4874767229783089663,T4T6,0.5335
15,100000,automaton,0.60168,I3,70187,4954,1745,23114,1,1.0,11302656571620978527,T4T6,0.53772
15,100000,automaton,0.5998,I3,70039,5110,1642,23209,1,1.0,3647818558407216552,T4T6,0.53582
15,100000,automaton,0.6027,I3,70137,5014,1581,23268,1,1.0,13031027906753379132,T4T6,0.53464
15,100000,automaton,0.60026,I3,69947,5065,1631,23357,1,1.0,10059601841339238481,T4T6,0.53286
15,100000,automaton,0.59896,I3,69981,4994,1703,23322,1,1.0,10460086732137625400,T4T6,0.53356
15,100000,automaton,0.59796,I3,69879,4986,1626,23509,1,1.0,16737407444355148856,T4T6,0.52982
15,100000,automaton,0.59868,I3,69795,5130,1658,23417,1,1.0,4533688942234166932,T4T6,0.53166
15,100000,automaton,0.59346,I3,69935,4881,1749,23435,1,1.0,11756267313104012607,T4T6,0.5313
15,100000,automaton,0.59864,I3,69843,5006,1669,23482,1,1.0,11919041303018729786,T4T6,0.53036
15,100000,surrogate,0.6014,I3,64493,10446,7256,17805,1,1.0,11730771586038619379,T4T6,0.6439
15,100000,surrogate,0.60146,I3,64686,10470,7109,17735,1,1.0,14521799237837452521,T4T6,0.6453
15,100000,surrogate,0.60008,I3,64493,10436,7213,17858,1,1.0,9643516373165287018,T4T6,0.64284
15,100000,surrogate,0.5996,I3,64755,10225,7126,17894,1,1.0,5127091229681237345,T4T6,0.64212
15,100000,surrogate,0.59988,I3,64640,10392,6945,18023,1,1.0,121409138286345743,T4T6,0.63954
15,100000,surrogate,0.59804,I3,64387,10478,7145,17990,1,1.0,17498818770684325806,T4T6,0.6402
15,100000,surrogate,0.59902,I3,64475,10493,7068,17964,1,1.0,11457723026429032919,T4T6,0.64072
15,100000,surrogate,0.60014,I3,64483,10460,7126,17931,1,1.0,9216142216008637612,T4T6,0.64138
15,100000,surrogate,0.60418,I3,64646,10420,7077,17857,1,1.0,9962747891718060097,T4T6,0.64286
15,100000,surrogate,0.59962,I3,64652,10252,7096,18000,1,1.0,8367435388041597078,T4T6,0.64
15,100000,surrogate,0.60048,I3,64252,10650,7087,18011,1,1.0,8680836637949273208,T4T6,0.63978
15,100000,surrogate,0.60054,I3,64597,10435,6982,17986,1,1.0,6626127709387246286,T4T6,0.64028
15,100000,surrogate,0.60108,I3,64617,10412,7161,17810,1,1.0,15905932613494311093,T4T6,0.6438
15,100000,surrogate,0.60118,I3,64562,10487,7108,17843,1,1.0,15101348683621306841,T4T6,0.64314
15,100000,surrogate,0.6001,I3,64514,10426,7192,17868,1,1.0,6286434649977951578,T4T6,0.64264
15,100000,surrogate,0.5999,I3,64644,10494,6913,17949,1,1.0,1200678533610244832,T4T6,0.64102
15,100000,surrogate,0.59864,I3,64482,10512,7030,17976,1,1.0,13645917098506508890,T4T6,0.64048
15,100000,surrogate,0.60118,I3,64472,10519,7158,17851,1,1.0,15211157023515078095,T4T6,0.64298
15,100000,surrogate,0.59984,I3,64513,10475,7065,17947,1,1.0,14860509424368232490,T4T6,0.64106
15,100000,surrogate,0.6021,I3,64791,10358,7089,17762,1,1.0,14269861869639694348,T4T6,0.64476
15,100000,process,,I1,86826,6473,435,6266,2,1.0,13188338855933217969,T4T6,0.87468
15,100000,process,,I1,86924,6262,461,6353,2,1.0,12874892304877595032,T4T6,0.87294
15,100000,process,,I1,86958,6459,438,6145,2,1.0,13765307707613279637,T4T6,0.8771
15,100000,process,,I1,87060,6201,485,6254,2,1.0,11870463598194424404,T4T6,0.87492
15,100000,process,,I1,87010,6136,471,6383,2,1.0,961584438191820384,T4T6,0.87234
15,100000,process,,I1,87049,6336,449,6166,2,1.0,11100606988816575692,T4T6,0.87668
15,100000,process,,I1,86989,6306,410,6295,2,1.0,13651546404807206879,T4T6,0.8741
15,100000,process,,I1,86873,6312,486,6329,2,1.0,3287319624189555194,T4T6,0.87342
15,100000,process,,I1,87150,6219,437,6194,2,1.0,8818389429664958237,T4T6,0.87612
15,100000,process,,I1,87041,6276,468,6215,2,1.0,7206110370354719034,T4T6,0.8757
15,100000,process,,I1,87040,6308,437,6215,2,1.0,6804541815275255319,T4T6,0.8757
15,100000,process,,I1,87005,6261,446,6288,2,1.0,8279032643074976943,T4T6,0.87424
15,100000,process,,I1,86941,6271,432,6356,2,1.0,16997411681497839877,T4T6,0.87288
15,100000,process,,I1,87154,6160,470,6216,2,1.0,18230409059845332774,T4T6,0.87568
15,100000,process,,I1,87028,6297,438,6237,2,1.0,14247096498812861379,T4T6,0.87526
15,100000,process,,I1,87074,6171,465,6290,2,1.0,14023965882563415336,T4T6,0.8742
15,100000,process,,I1,87200,6210,445,6145,2,1.0,2942997402938898010,T4T6,0.8771
15,100000,process,,I1,87292,6176,444,6088,2,1.0,10735212174031272482,T4T6,0.87824
15,100000,process,,I1,87155,6344,424,6077,2,1.0,16578057962566932098,T4T6,0.87846
15,100000,process,,I1,87132,6251,432,6185,2,1.0,8651837159241290785,T4T6,0.8763
15,100000,automaton,,I1,87074,6248,462,6216,2,1.0,992590527479223332,T4T6,0.87568
15,100000,automaton,,I1,87090,6199,449,6262,2,1.0,5107571838224808057,T4T6,0.87476
15,100000,automaton,,I1,87037,6269,431,6263,2,1.0,1395342704373531620,T4T6,0.87474
15,100000,automaton,,I1,87051,6354,473,6122,2,1.0,17618088793577192631,T4T6,0.87756
15,100000,automaton,,I1,87065,6232,433,6270,2,1.0,7108850172502203764,T4T6,0.8746
15,100000,automaton,,I1,87009,6292,471,6228,2,1.0,16856236838196628826,T4T6,0.87544
15,100000,automaton,,I1,87101,6166,478,6255,2,1.0,11202835898559389302,T4T6,0.8749
15,100000,automaton,,I1,87182,6224,423,6171,2,1.0,12922050143335942419,T4T6,0.87658
15,100000,automaton,,I1,87161,6209,439,6191,2,1.0,17296857070650543896,T4T6,0.87618
15,100000,automaton,,I1,86843,6399,452,6306,2,1.0,18029049381655617297,T4T6,0.87388
15,100000,automaton,,I1,87105,6171,469,6255,2,1.0,540965771029678741,T4T6,0.8749
15,100000,automaton,,I1,86970,6291,467,6272,2,1.0,10109694545926242966,T4T6,0.87456
15,100000,automaton,,I1,87093,6076,444,6387,2,1.0,6952232292731704571,T4T6,0.87226
15,100000,automaton,,I1,87283,6202,403,6112,2,1.0,1619814212392470328,T4T6,0.87776
15,100000,automaton,,I1,87015,6215,492,6278,2,1.0,1068293100127707331,T4T6,0.87444
15,100000,automaton,,I1,86913,6376,433,6278,2,1.0,15962969619413268915,T4T6,0.87444
15,100000,automaton,,I1,87071,6288,453,6188,2,1.0,9318449278729766464,T4T6,0.87624
15,100000,automaton,,I1,87056,6284,459,6201,2,1.0,14553886183152406526,T4T6,0.87598
15,100000,automaton,,I1,86923,6312,456,6309,2,1.0,18324966402570454613,T4T6,0.87382
15,100000,automaton,,I1,87138,6254,453,6155,2,1.0,4572843925319602630,T4T6,0.8769
15,100000,surrogate,,I1,81673,11637,5898,792,2,1.0,11889786567278319218,T4T6,0.98416
15,100000,surrogate,,I1,81611,11773,5765,851,2,1.0,5358158720421409572,T4T6,0.98298
15,100000,surrogate,,I1,81749,11694,5766,791,2,1.0,583845419550503155,T4T6,0.98418
15,100000,surrogate,,I1,81544,11679,5954,823,2,1.0,10700494029617466852,T4T6,0.98354
15,100000,surrogate,,I1,81668,11698,5796,838,2,1.0,17212734269444334855,T4T6,0.98324
15,100000,surrogate,,I1,81593,11650,5963,794,2,1.0,16489347384580516464,T4T6,0.98412
15,100000,surrogate,,I1,81615,11565,5976,844,2,1.0,3361801375586886729,T4T6,0.98312
15,100000,surrogate,,I1,81763,11555,5858,824,2,1.0,14725345349346524153,T4T6,0.98352
15,100000,surrogate,,I1,81557,11791,5797,855,2,1.0,13661615537851855141,T4T6,0.9829
15,100000,surrogate,,I1,81717,11606,5865,812,2,1.0,10275995582482155501,T4T6,0.98376
15,100000,surrogate,,I1,81794,11625,5773,808,2,1.0,14194029953458216781,T4T6,0.98384
15,100000,surrogate,,I1,81778,11570,5853,799,2,1.0,14041370616488667455,T4T6,0.98402
15,100000,surrogate,,I1,81532,11883,5713,872,2,1.0,13573075986807195763,T4T6,0.98256
15,100000,surrogate,,I1,81826,11532,5833,809,2,1.0,14816386168066896989,T4T6,0.98382
15,100000,surrogate,,I1,81616,11658,5901,825,2,1.0,3487846567492235418,T4T6,0.9835
15,100000,surrogate,,I1,81563,11617,5982,838,2,1.0,8079019057573747684,T4T6,0.98324
15,100000,surrogate,,I1,81761,11598,5824,817,2,1.0,670596693761881377,T4T6,0.98366
15,100000,surrogate,,I1,81586,11835,5778,801,2,1.0,2003308415061152384,T4T6,0.98398
15,100000,surrogate,,I1,81611,11748,5844,797,2,1.0,7558207177699033162,T4T6,0.98406
15,100000,surrogate,,I1,81655,11738,5779,828,2,1.0,13406721054844093419,T4T6,0.98344
15,100000,process,,I2,46479,3343,3330,46848,2,1.0,6647500300311878319,T4T6,0.06304
15,100000,process,,I2,46776,3416,3375,46433,2,1.0,7613957334683838660,T4T6,0.07134
15,100000,process,,I2,46488,3289,3335,46888,2,1.0,8753516556950932595,T4T6,0.06224
15,100000,process,,I2,46414,3401,3295,46890,2,1.0,14225696941815215245,T4T6,0.0622
15,100000,process,,I2,46751,3378,3306,46565,2,1.0,16729685075468503032,T4T6,0.0687
15,100000,process,,I2,46806,3225,3307,46662,2,1.0,13249848389483583639,T4T6,0.06676
15,100000,process,,I2,46489,3414,3439,46658,2,1.0,13754552541439643469,T4T6,0.06684
15,100000,process,,I2,46550,3376,3381,46693,2,1.0,17829635635379034729,T4T6,0.06614
15,100000,process,,I2,46658,3398,3265,46679,2,1.0,3229061351407029597,T4T6,0.06642
15,100000,process,,I2,46468,3371,3414,46747,2,1.0,15791652288458634360,T4T6,0.06506
15,100000,process,,I2,46730,3296,3355,46619,2,1.0,15872435230109972914,T4T6,0.06762
15,100000,process,,I2,46532,3254,3415,46799,2,1.0,13484234398700428704,T4T6,0.06402
15,100000,process,,I2,46662,3362,3368,46608,2,1.0,2898786551137053183,T4T6,0.06784
15,100000,process,,I2,46610,3377,3366,46647,2,1.0,3767194748475463506,T4T6,0.06706
15,100000,process,,I2,46575,3547,3277,46601,2,1.0,17570684066072398577,T4T6,0.06798
15,100000,process,,I2,46627,3226,3434,46713,2,1.0,11619299516299613747,T4T6,0.06574
15,100000,process,,I2,46460,3388,3326,46826,2,1.0,9249798171122207975,T4T6,0.06348
15,100000,process,,I2,46597,3256,3329,46818,2,1.0,7788902590474199817,T4T6,0.06364
15,100000,process,,I2,46506,3296,3321,46877,2,1.0,704550075712451816,T4T6,0.06246
15,100000,process,,I2,46935,3333,3394,46338,2,1.0,3016217059081373339,T4T6,0.07324
15,100000,automaton,,I2,46637,3305,3353,46705,2,1.0,5130380576807104146,T4T6,0.0659
15,100000,automaton,,I2,46870,3364,3385,46381,2,1.0,14976463044007584842,T4T6,0.07238
15,100000,automaton,,I2,46623,3433,3275,46669,2,1.0,13790596826724508424,T4T6,0.06662
15,100000,automaton,,I2,46819,3367,3326,46488,2,1.0,10442535281517326994,T4T6,0.07024
15,100000,automaton,,I2,46596,3432,3351,46621,2,1.0,18003572582153257130,T4T6,0.06758
15,100000,automaton,,I2,46815,3234,3274,46677,2,1.0,2919322662111446186,T4T6,0.06646
15,100000,automaton,,I2,46775,3380,3365,46480,2,1.0,2417766948709254971,T4T6,0.0704
15,100000,automaton,,I2,46845,3406,3309,46440,2,1.0,6384717487144871079,T4T6,0.0712
15,100000,automaton,,I2,46425,3352,3378,46845,2,1.0,11555086653614363890,T4T6,0.0631
15,100000,automaton,,I2,46629,3357,3409,46605,2,1.0,16264433581713488717,T4T6,0.0679
15,100000,automaton,,I2,46800,3391,3415,46394,2,1.0,9014392482982809294,T4T6,0.07212
15,100000,automaton,,I2,46586,3317,3306,46791,2,1.0,18432410253762943514,T4T6,0.06418
15,100000,automaton,,I2,46625,3312,3342,46721,2,1.0,11810772374840402522,T4T6,0.06558
15,100000,automaton,,I2,46797,3367,3296,46540,2,1.0,15104136512371810768,T4T6,0.0692
15,100000,automaton,,I2,46824,3257,3278,46641,2,1.0,9013252325319865217,T4T6,0.06718
15,100000,automaton,,I2,46549,3324,3226,46901,2,1.0,2095321814169060696,T4T6,0.06198
15,100000,automaton,,I2,46737,3406,3294,46563,2,1.0,6569146684238911997,T4T6,0.06874
15,100000,automaton,,I2,46759,3329,3328,46584,2,1.0,8367199274051863248,T4T6,0.06832
15,100000,automaton,,I2,46810,3349,3217,46624,2,1.0,4217492754403683088,T4T6,0.06752
15,100000,automaton,,I2,46503,3363,3303,46831,2,1.0,15607090064792079504,T4T6,0.06338
15,100000,surrogate,,I2,35717,14037,14019,36227,2,1.0,9106474772314619226,T4T6,0.27546
15,100000,surrogate,,I2,35941,14303,14288,35468,2,1.0,7468997683119215126,T4T6,0.29064
15,100000,surrogate,,I2,35771,14348,13962,35919,2,1.0,14073572670404845301,T4T6,0.28162
15,100000,surrogate,,I2,35838,14026,14391,35745,2,1.0,3696813431722584691,T4T6,0.2851
15,100000,surrogate,,I2,35727,14222,14218,35833,2,1.0,283436788726146306,T4T6,0.28334
15,100000,surrogate,,I2,35758,14325,13929,35988,2,1.0,16892443838097371878,T4T6,0.28024
15,100000,surrogate,,I2,35756,14229,14222,35793,2,1.0,13359557720105660278,T4T6,0.28414
15,100000,surrogate,,I2,35948,14211,14107,35734,2,1.0,17094329070175652038,T4T6,0.28532
15,100000,surrogate,,I2,36113,14220,14071,35596,2,1.0,6851340102729364051,T4T6,0.28808
15,100000,surrogate,,I2,35977,14086,14107,35830,2,1.0,9545959308822424782,T4T6,0.2834
15,100000,surrogate,,I2,35839,14270,14158,35733,2,1.0,16650903938859927418,T4T6,0.28534
15,100000,surrogate,,I2,36219,14031,13919,35831,2,1.0,18073147189674416782,T4T6,0.28338
15,100000,surrogate,,I2,35742,14157,14361,35740,2,1.0,11406092349195824266,T4T6,0.2852
15,100000,surrogate,,I2,35882,14291,14000,35827,2,1.0,12104068433283793202,T4T6,0.28346
15,100000,surrogate,,I2,35889,14084,13930,36097,2,1.0,13240242609707666642,T4T6,0.27806
15,100000,surrogate,,I2,35835,14167,14189,35809,2,1.0,16169231188018056790,T4T6,0.28382
15,100000,surrogate,,I2,35999,14148,14039,35814,2,1.0,11840851875405911967,T4T6,0.28372
15,100000,surrogate,,I2,35807,14090,14147,35956,2,1.0,5815813249093837566,T4T6,0.28088
15,100000,surrogate,,I2,35738,14257,14143,35862,2,1.0,16046943340833678452,T4T6,0.28276
15,100000,surrogate,,I2,35898,14217,14125,35760,2,1.0,12414928590482012356,T4T6,0.2848
15,100000,process,0.6026,I3,66870,4748,1867,26515,2,1.0,1150006635590586715,T4T6,0.4697
15,100000,process,0.6039,I3,67100,4788,1917,26195,2,1.0,13302042659336898977,T4T6,0.4761
15,100000,process,0.60036,I3,66806,4742,1891,26561,2,1.0,17907700793348901448,T4T6,0.46878
15,100000,process,0.60042,I3,66937,4833,1865,26365,2,1.0,10283582911372898077,T4T6,0.4727
15,100000,process,0.59946,I3,66875,4765,1925,26435,2,1.0,15666675484129041738,T4T6,0.4713
15,100000,process,0.5984,I3,67103,4797,1773,26327,2,1.0,6673407855244968975,T4T6,0.47346
15,100000,process,0.59896,I3,66769,4759,1919,26553,2,1.0,6323229832000623181,T4T6,0.46894
15,100000,process,0.59556,I3,66864,4759,1909,26468,2,1.0,10465733026192684616,T4T6,0.47064
15,100000,process,0.60154,I3,66931,4782,1918,26369,2,1.0,15720944989918233160,T4T6,0.47262
15,100000,process,0.5981,I3,66560,4881,1917,26642,2,1.0,14846627465214608317,T4T6,0.46716
15,100000,process,0.60014,I3,66710,4840,1977,26473,2,1.0,13584222483965179351,T4T6,0.47054
15,100000,process,0.60322,I3,66956,4686,1915,26443,2,1.0,916655747402326934,T4T6,0.47114
15,100000,process,0.59958,I3,67013,4725,1918,26344,2,1.0,13596686468147080888,T4T6,0.47312
15,100000,process,0.60324,I3,66869,4842,1839,26450,2,1.0,12230477848780926189,T4T6,0.471
15,100000,process,0.5993,I3,66714,4865,1904,26517,2,1.0,13576243387604138521,T4T6,0.46966
15,100000,process,0.603,I3,66889,4809,1880,26422,2,1.0,10169335609257736050,T4T6,0.47156
15,100000,process,0.59682,I3,66808,4744,1867,26581,2,1.0,848588644114285149,T4T6,0.46838
15,100000,process,0.59834,I3,66677,4846,1887,26590,2,1.0,17698812980984671472,T4T6,0.4682
15,100000,process,0.59734,I3,66752,4813,1795,26640,2,1.0,13998702702607125288,T4T6,0.4672
15,100000,process,0.60062,I3,66949,4711,1825,26515,2,1.0,6484623928037596563,T4T6,0.4697
15,100000,automaton,0.59802,I3,66864,4719,1888,26529,2,1.0,14851631585173728748,T4T6,0.46942
15,100000,automaton,0.605,I3,66838,4917,1920,26325,2,1.0,2509638138041241546,T4T6,0.4735
15,100000,automaton,0.5986,I3,66663,4916,1860,26561,2,1.0,16804566232333020468,T4T6,0.46878
15,100000,automaton,0.5983,I3,66849,4755,1915,26481,2,1.0,353263782963278775,T4T6,0.47038
15,100000,automaton,0.597,I3,66778,4819,1912,26491,2,1.0,9339680081712057880,T4T6,0.47018
15,100000,automaton,0.59688,I3,66735,4863,1968,26434,2,1.0,11525241726149511161,T4T6,0.47132
15,100000,automaton,0.59556,I3,66501,4792,1966,26741,2,1.0,2062695708797794806,T4T6,0.46518
15,100000,automaton,0.59702,I3,66929,4797,1862,26412,2,1.0,703126914818382866,T4T6,0.47176
15,100000,automaton,0.59826,I3,66826,4730,1841,26603,2,1.0,17145774132770290560,T4T6,0.46794
15,100000,automaton,0.60194,I3,66972,4763,1883,26382,2,1.0,15730201984722005401,T4T6,0.47236
15,100000,automaton,0.5967,I3,66715,4873,1914,26498,2,1.0,1955015735003125357,T4T6,0.47004
15,100000,automaton,0.60196,I3,66636,4828,1876,26660,2,1.0,12376107248705407743,T4T6,0.4668
15,100000,automaton,0.5976,I3,66983,4744,1905,26368,2,1.0,11022152542714167146,T4T6,0.47264
15,100000,automaton,0.59846,I3,66862,4852,1989,26297,2,1.0,11816518840336267975,T4T6,0.47406
15,100000,automaton,0.59942,I3,66914,4922,1898,26266,2,1.0,6836671125561104048,T4T6,0.47468
15,100000,automaton,0.60094,I3,67117,4755,1898,26230,2,1.0,13880765068475027027,T4T6,0.4754
15,100000,automaton,0.60368,I3,66554,4896,1867,26683,2,1.0,9257635841082297739,T4T6,0.46634
15,100000,automaton,0.60174,I3,67060,4748,1860,26332,2,1.0,16071045624584685604,T4T6,0.47336
15,100000,automaton,0.6038,I3,66793,4870,1863,26474,2,1.0,17665322264439943306,T4T6,0.47052
15,100000,automaton,0.59738,I3,66902,4737,1845,26516,2,1.0,2166468542098514823,T4T6,0.46968
15,100000,surrogate,0.59626,I3,58415,13001,10066,18518,2,1.0,7687794727783177497,T4T6,0.62964
15,100000,surrogate,0.60056,I3,58893,12689,10074,18344,2,1.0,5765964197432576644,T4T6,0.63312
15,100000,surrogate,0.6005,I3,58700,12990,10092,18218,2,1.0,18128519078130906134,T4T6,0.63564
15,100000,surrogate,0.59822,I3,58528,13035,10084,18353,2,1.0,2909408708403087618,T4T6,0.63294
15,100000,surrogate,0.59834,I3,58564,12969,9924,18543,2,1.0,11900434265197384952,T4T6,0.62914
15,100000,surrogate,0.5949,I3,58528,12953,10104,18415,2,1.0,8951000133549785574,T4T6,0.6317
15,100000,surrogate,0.5983,I3,58595,13055,9910,18440,2,1.0,324961388152002354,T4T6,0.6312
15,100000,surrogate,0.5975,I3,58752,12849,10084,18315,2,1.0,14317628158974972451,T4T6,0.6337
15,100000,surrogate,0.60172,I3,58570,12997,10138,18295,2,1.0,16822040435753430306,T4T6,0.6341
15,100000,surrogate,0.60034,I3,58719,13018,9979,18284,2,1.0,5229787977234432783,T4T6,0.63432
15,100000,surrogate,0.60112,I3,58968,12793,10030,18209,2,1.0,11972250276899095231,T4T6,0.63582
15,100000,surrogate,0.60194,I3,58720,12830,10118,18332,2,1.0,14155546552336660317,T4T6,0.63336
15,100000,surrogate,0.60424,I3,58736,13052,10181,18031,2,1.0,15038559594657207712,T4T6,0.63938
15,100000,surrogate,0.6006,I3,58734,12882,9975,18409,2,1.0,3280216590647760214,T4T6,0.63182
15,100000,surrogate,0.59604,I3,58667,12813,10071,18449,2,1.0,2778310511829045376,T4T6,0.63102
15,100000,surrogate,0.60184,I3,58773,12979,9800,18448,2,1.0,12430677186876024478,T4T6,0.63104
15,100000,surrogate,0.59846,I3,58488,13028,9979,18505,2,1.0,467249031622391578,T4T6,0.6299
15,100000,surrogate,0.60288,I3,58769,12926,10140,18165,2,1.0,15022584993698325073,T4T6,0.6367
15,100000,surrogate,0.59742,I3,58678,12792,10102,18428,2,1.0,2288632495056945543,T4T6,0.63144
15,100000,surrogate,0.59908,I3,58918,12703,10129,18250,2,1.0,12872938954675281976,T4T6,0.635
30,100000,process,,I1,74751,25249,0,0,1,1.0,17722805604446409615,T4T6,1.0
30,100000,process,,I1,75167,24833,0,0,1,1.0,10426346860432798986,T4T6,1.0
30,100000,process,,I1,75192,24808,0,0,1,1.0,13857088134331959860,T4T6,1.0
30,100000,process,,I1,74973,25027,0,0,1,1.0,13127168740544996263,T4T6,1.0
30,100000,process,,I1,75024,24976,0,0,1,1.0,2643915522716055364,T4T6,1.0
30,100000,process,,I1,74943,25057,0,0,1,1.0,431142169829299171,T4T6,1.0
30,100000,process,,I1,74801,25199,0,0,1,1.0,16323216669269030061,T4T6,1.0
30,100000,process,,I1,75100,24900,0,0,1,1.0,7190253645518208790,T4T6,1.0
30,100000,process,,I1,74936,25064,0,0,1,1.0,2082589906961267477,T4T6,1.0
30,100000,process,,I1,75153,24847,0,0,1,1.0,5935420231315970562,T4T6,1.0
30,100000,process,,I1,74877,25123,0,0,1,1.0,5364331250462997230,T4T6,1.0
30,100000,process,,I1,74935,25065,0,0,1,1.0,6338817208456933922,T4T6,1.0
30,100000,process,,I1,75050,24950,0,0,1,1.0,6791044293177961654,T4T6,1.0
30,100000,process,,I1,75128,24872,0,0,1,1.0,15877152130929865608,T4T6,1.0
30,100000,process,,I1,74777,25223,0,0,1,1.0,17341002176081378004,T4T6,1.0
30,100000,process,,I1,74999,25001,0,0,1,1.0,12500952325385817982,T4T6,1.0
30,100000,process,,I1,74976,25024,0,0,1,1.0,13075541577464691418,T4T6,1.0
30,100000,process,,I1,75024,24976,0,0,1,1.0,16303467577199031341,T4T6,1.0
30,100000,process,,I1,75128,24872,0,0,1,1.0,988322591237391017,T4T6,1.0
30,100000,process,,I1,74862,25138,0,0,1,1.0,12958172793350657722,T4T6,1.0
30,100000,automaton,,I1,75096,24904,0,0,1,1.0,6415845976841894337,T4T6,1.0
30,100000,automaton,,I1,75064,24936,0,0,1,1.0,16356004837018033422,T4T6,1.0
30,100000,automaton,,I1,75015,24985,0,0,1,1.0,13817248499851714261,T4T6,1.0
30,100000,automaton,,I1,74823,25177,0,0,1,1.0,14981265286396347127,T4T6,1.0
30,100000,automaton,,I1,75225,24775,0,0,1,1.0,14751607943610945998,T4T6,1.0
30,100000,automaton,,I1,74822,25178,0,0,1,1.0,12419511464117344158,T4T6,1.0
30,100000,automaton,,I1,74949,25051,0,0,1,1.0,3738814026616552061,T4T6,1.0
30,100000,automaton,,I1,75163,24837,0,0,1,1.0,8211649135504340722,T4T6,1.0
30,100000,automaton,,I1,75224,24776,0,0,1,1.0,8225268438116465868,T4T6,1.0
30,100000,automaton,,I1,75067,24933,0,0,1,1.0,9593645042328125767,T4T6,1.0
30,100000,automaton,,I1,74953,25047,0,0,1,1.0,11115853284723446778,T4T6,1.0
30,100000,automaton,,I1,75057,24943,0,0,1,1.0,6788066703811792247,T4T6,1.0
30,100000,automaton,,I1,75165,24835,0,0,1,1.0,2867943364102244530,T4T6,1.0
30,100000,automaton,,I1,74926,25074,0,0,1,1.0,1255106070571829518,T4T6,1.0
30,100000,automaton,,I1,75098,24902,0,0,1,1.0,12810436277591898206,T4T6,1.0
30,100000,automaton,,I1,74905,25095,0,0,1,1.0,18241306430055598447,T4T6,1.0
30,100000,automaton,,I1,75114,24886,0,0,1,1.0,9665518245000215025,T4T6,1.0
30,100000,automaton,,I1,74822,25178,0,0,1,1.0,9201097123706427728,T4T6,1.0
30,100000,automaton,,I1,74874,25126,0,0,1,1.0,12608311672046712094,T4T6,1.0
30,100000,automaton,,I1,74906,25094,0,0,1,1.0,11777323418448763403,T4T6,1.0
30,100000,surrogate,,I1,75194,24806,0,0,1,1.0,9805707946650217374,T4T6,1.0
30,100000,surrogate,,I1,74815,25185,0,0,1,1.0,4468415259057747661,T4T6,1.0
30,100000,surrogate,,I1,74972,25028,0,0,1,1.0,10606258611336745604,T4T6,1.0
30,100000,surrogate,,I1,75170,24830,0,0,1,1.0,7490426722340967037,T4T6,1.0
30,100000,surrogate,,I1,74902,25098,0,0,1,1.0,11954218073381850043,T4T6,1.0
30,100000,surrogate,,I1,74768,25232,0,0,1,1.0,8027665936203965090,T4T6,1.0
30,100000,surrogate,,I1,74824,25176,0,0,1,1.0,5750998055344857668,T4T6,1.0
30,100000,surrogate,,I1,75014,24986,0,0,1,1.0,15942557250679944334,T4T6,1.0
30,100000,surrogate,,I1,74893,25107,0,0,1,1.0,2240638463300240778,T4T6,1.0
30,100000,surrogate,,I1,74978,25022,0,0,1,1.0,15151894476294399308,T4T6,1.0
30,100000,surrogate,,I1,75070,24930,0,0,1,1.0,1804696398717051834,T4T6,1.0
30,100000,surrogate,,I1,74992,25008,0,0,1,1.0,17299202007808681549,T4T6,1.0
30,100000,surrogate,,I1,75026,24974,0,0,1,1.0,888593699885893009,T4T6,1.0
30,100000,surrogate,,I1,75198,24802,0,0,1,1.0,14917035847722739814,T4T6,1.0
30,100000,surrogate,,I1,74895,25105,0,0,1,1.0,9634359155188286416,T4T6,1.0
30,100000,surrogate,,I1,74987,25013,0,0,1,1.0,7911389970033549896,T4T6,1.0
30,100000,surrogate,,I1,74908,25092,0,0,1,1.0,3885903482734770680,T4T6,1.0
30,100000,surrogate,,I1,75193,24807,0,0,1,1.0,12970739991664360385,T4T6,1.0
30,100000,surrogate,,I1,75047,24953,0,0,1,1.0,11003027185531926481,T4T6,1.0
30,100000,surrogate,,I1,74876,25124,0,0,1,1.0,5953897057849122645,T4T6,1.0
30,100000,process,,I2,37521,12614,12466,37399,1,1.0,12521027556895243521,T4T6,0.25202
30,100000,process,,I2,37607,12476,12448,37469,1,1.0,1082818298343607511,T4T6,0.25062
30,100000,process,,I2,37450,12527,12595,37428,1,1.0,13034264111491180269,T4T6,0.25144
30,100000,process,,I2,37723,12361,12559,37357,1,1.0,12135194495049817628,T4T6,0.25286
30,100000,process,,I2,37721,12476,12503,37300,1,1.0,9067771289262414818,T4T6,0.254
30,100000,process,,I2,37483,12246,12427,37844,1,1.0,11517628079367874233,T4T6,0.24312
30,100000,process,,I2,37385,12441,12533,37641,1,1.0,11267196451060837497,T4T6,0.24718
30,100000,process,,I2,37565,12342,12484,37609,1,1.0,845362712777570432,T4T6,0.24782
30,100000,process,,I2,37381,12734,12513,37372,1,1.0,17573294178970319033,T4T6,0.25256
30,100000,process,,I2,37623,12523,12446,37408,1,1.0,7539550883287456522,T4T6,0.25184
30,100000,process,,I2,37427,12490,12362,37721,1,1.0,11240145208631239600,T4T6,0.24558
30,100000,process,,I2,37354,12404,12497,37745,1,1.0,1308119209419109858,T4T6,0.2451
30,100000,process,,I2,37451,12416,12566,37567,1,1.0,10912433507332456437,T4T6,0.24866
30,100000,process,,I2,37648,12540,12451,37361,1,1.0,4330311546162888255,T4T6,0.25278
30,100000,process,,I2,37476,12540,12749,37235,1,1.0,12139143929022513270,T4T6,0.2553
30,100000,process,,I2,37610,12384,12640,37366,1,1.0,8034815282098201902,T4T6,0.25268
30,100000,process,,I2,37325,12606,12561,37508,1,1.0,10221169160168367009,T4T6,0.24984
30,100000,process,,I2,37300,12422,12463,37815,1,1.0,15423662552802898970,T4T6,0.2437
30,100000,process,,I2,37676,12464,12462,37398,1,1.0,13593323221901907232,T4T6,0.25204
30,100000,process,,I2,37738,12179,12517,37566,1,1.0,1914118939842571984,T4T6,0.24868
30,100000,automaton,,I2,37486,12490,12703,37321,1,1.0,15350330665445999938,T4T6,0.25358
30,100000,automaton,,I2,37801,12275,12490,37434,1,1.0,9794776616119751862,T4T6,0.25132
30,100000,automaton,,I2,37636,12451,12506,37407,1,1.0,3286622897756475463,T4T6,0.25186
30,100000,automaton,,I2,37449,12636,12604,37311,1,1.0,2316467049205640550,T4T6,0.25378
30,100000,automaton,,I2,37669,12577,12414,37340,1,1.0,7678709292258477803,T4T6,0.2532
30,100000,automaton,,I2,37575,12503,12646,37276,1,1.0,18168161035027185335,T4T6,0.25448
30,100000,automaton,,I2,37362,12474,12356,37808,1,1.0,15598867250820862111,T4T6,0.24384
30,100000,automaton,,I2,37556,12406,12382,37656,1,1.0,9289690709139057767,T4T6,0.24688
30,100000,automaton,,I2,37367,12644,12509,37480,1,1.0,13318639125898831090,T4T6,0.2504
30,100000,automaton,,I2,37710,12347,12513,37430,1,1.0,10258969616396265054,T4T6,0.2514
30,100000,automaton,,I2,37252,12528,12520,37700,1,1.0,9113112832493235947,T4T6,0.246
30,100000,automaton,,I2,37521,12523,12397,37559,1,1.0,12534517508722736490,T4T6,0.24882
30,100000,automaton,,I2,37605,12385,12431,37579,1,1.0,13577521212030191565,T4T6,0.24842
30,100000,automaton,,I2,37349,12606,12485,37560,1,1.0,18430927800770086490,T4T6,0.2488
30,100000,automaton,,I2,37513,12523,12362,37602,1,1.0,14622183784795265694,T4T6,0.24796
30,100000,automaton,,I2,37378,12502,12692,37428,1,1.0,11946897128209102912,T4T6,0.25144
30,100000,automaton,,I2,37438,12591,12498,37473,1,1.0,14719984149882117875,T4T6,0.25054
30,100000,automaton,,I2,37259,12451,12701,37589,1,1.0,16305316000807845033,T4T6,0.24822
30,100000,automaton,,I2,37446,12559,12467,37528,1,1.0,2956683950357964309,T4T6,0.24944
30,100000,automaton,,I2,37484,12565,12616,37335,1,1.0,1936003030753820617,T4T6,0.2533
30,100000,surrogate,,I2,31003,18812,18990,31195,1,1.0,11775607433962116823,T4T6,0.3761
30,100000,surrogate,,I2,31403,18683,18645,31269,1,1.0,7668705198577583688,T4T6,0.37462
30,100000,surrogate,,I2,31298,18709,18893,31100,1,1.0,16661058176473775116,T4T6,0.378
30,100000,surrogate,,I2,31123,18787,18824,31266,1,1.0,17406039023021296968,T4T6,0.37468
30,100000,surrogate,,I2,31297,18832,18758,31113,1,1.0,1190706630798943157,T4T6,0.37774
30,100000,surrogate,,I2,31097,18737,18833,31333,1,1.0,2010218449272153780,T4T6,0.37334
30,100000,surrogate,,I2,31272,18658,18640,31430,1,1.0,14613945836193064695,T4T6,0.3714
30,100000,surrogate,,I2,31222,18825,18765,31188,1,1.0,1935966012465521996,T4T6,0.37624
30,100000,surrogate,,I2,31338,18640,18728,31294,1,1.0,12731692005476285621,T4T6,0.37412
30,100000,surrogate,,I2,31131,18727,18810,31332,1,1.0,14583357521558339337,T4T6,0.37336
30,100000,surrogate,,I2,31356,18859,18609,31176,1,1.0,12755869347750751439,T4T6,0.37648
30,100000,surrogate,,I2,31319,18640,18846,31195,1,1.0,11105372244088359048,T4T6,0.3761
30,100000,surrogate,,I2,31445,18679,18665,31211,1,1.0,12486426892482104957,T4T6,0.37578
30,100000,surrogate,,I2,31314,18966,18725,30995,1,1.0,3709061372137304615,T4T6,0.3801
30,100000,surrogate,,I2,31247,18794,18525,31434,1,1.0,16806823658060418429,T4T6,0.37132
30,100000,surrogate,,I2,31341,18802,18789,31068,1,1.0,4398951520253055032,T4T6,0.37864
30,100000,surrogate,,I2,31178,18562,18896,31364,1,1.0,10539751398999707444,T4T6,0.37272
30,100000,surrogate,,I2,31135,18728,18673,31464,1,1.0,12571796392591921824,T4T6,0.37072
30,100000,surrogate,,I2,31346,18657,18809,31188,1,1.0,12140282696108346915,T4T6,0.37624
30,100000,surrogate,,I2,31054,18662,18799,31485,1,1.0,5883916751645755817,T4T6,0.3703
30,100000,process,0.60034,I3,56150,18857,6334,18659,1,1.0,2389114426664268076,T4T6,0.62682
30,100000,process,0.60252,I3,56494,18648,6294,18564,1,1.0,13115002218057119910,T4T6,0.62872
30,100000,process,0.60092,I3,56132,18878,6234,18756,1,1.0,15076029924156779890,T4T6,0.62488
30,100000,process,0.60044,I3,56071,18906,6450,18573,1,1.0,410794715909941672,T4T6,0.62854
30,100000,process,0.60366,I3,56345,18685,6364,18606,1,1.0,16098855232024876729,T4T6,0.62788
30,100000,process,0.59822,I3,56230,18630,6263,18877,1,1.0,1703337434377291153,T4T6,0.62246
30,100000,process,0.6018,I3,56105,18837,6245,18813,1,1.0,1221062966128916467,T4T6,0.62374
30,100000,process,0.59862,I3,56048,18671,6172,19109,1,1.0,14285209421183534680,T4T6,0.61782
30,100000,process,0.59856,I3,56066,18815,6399,18720,1,1.0,12420865910988034454,T4T6,0.6256
30,100000,process,0.59844,I3,56173,18712,6394,18721,1,1.0,5100390612385882192,T4T6,0.62558
30,100000,process,0.59668,I3,56083,18843,6253,18821,1,1.0,9249284363874885234,T4T6,0.62358
30,100000,process,0.5946,I3,55992,18756,6326,18926,1,1.0,4285262448485838912,T4T6,0.62148
30,100000,process,0.59736,I3,55946,18733,6219,19102,1,1.0,10193784026283650024,T4T6,0.61796
30,100000,process,0.60064,I3,56486,18649,6197,18668,1,1.0,15500237368785046253,T4T6,0.62664
30,100000,process,0.59824,I3,56153,18856,6161,18830,1,1.0,3721359131811131790,T4T6,0.6234
30,100000,process,0.5986,I3,56320,18617,6397,18666,1,1.0,12170749858622664672,T4T6,0.62668
30,100000,process,0.5964,I3,56050,18826,6266,18858,1,1.0,9755990590518620029,T4T6,0.62284
30,100000,process,0.59958,I3,56105,18803,6242,18850,1,1.0,16819049653798884836,T4T6,0.623
30,100000,process,0.59742,I3,56060,18673,6308,18959,1,1.0,16652335934539269704,T4T6,0.62082
30,100000,process,0.6075,I3,56590,18841,6086,18483,1,1.0,6712498461705903491,T4T6,0.63034
30,100000,automaton,0.59906,I3,56166,18763,6367,18704,1,1.0,959019765060913076,T4T6,0.62592
30,100000,automaton,0.59826,I3,56057,18873,6304,18766,1,1.0,9606085906658409137,T4T6,0.62468
30,100000,automaton,0.59932,I3,56092,18839,6416,18653,1,1.0,11431427355704414899,T4T6,0.62694
30,100000,automaton,0.59966,I3,56376,18687,6286,18651,1,1.0,1325370124916319324,T4T6,0.62698
30,100000,automaton,0.59774,I3,55992,18755,6317,18936,1,1.0,16744067848558210970,T4T6,0.62128
30,100000,automaton,0.59466,I3,56055,18782,6333,18830,1,1.0,8925199336447148525,T4T6,0.6234
30,100000,automaton,0.60054,I3,56472,18657,6276,18595,1,1.0,1247027385880991346,T4T6,0.6281
30,100000,automaton,0.59496,I3,56100,18673,6274,18953,1,1.0,180400745334642984,T4T6,0.62094
30,100000,automaton,0.60344,I3,56339,18818,6073,18770,1,1.0,13135985150496536201,T4T6,0.6246
30,100000,automaton,0.59762,I3,56227,18776,6291,18706,1,1.0,10495878954009571852,T4T6,0.62588
30,100000,automaton,0.59882,I3,56430,18472,6181,18917,1,1.0,11346054639978737411,T4T6,0.62166
30,100000,automaton,0.5989,I3,56286,18920,6176,18618,1,1.0,15217982144494693983,T4T6,0.62764
30,100000,automaton,0.60474,I3,56469,18633,6384,18514,1,1.0,4082333630724105803,T4T6,0.62972
30,100000,automaton,0.60156,I3,56180,18795,6145,18880,1,1.0,14534209467547597545,T4T6,0.6224
30,100000,automaton,0.59816,I3,56073,18854,6212,18861,1,1.0,13015992671768070077,T4T6,0.62278
30,100000,automaton,0.6038,I3,56498,18631,6352,18519,1,1.0,10503697984448290368,T4T6,0.62962
30,100000,automaton,0.60014,I3,56215,18755,6218,18812,1,1.0,15366796029624659898,T4T6,0.62376
30,100000,automaton,0.59914,I3,56295,18765,6154,18786,1,1.0,9682858808101256243,T4T6,0.62428
30,100000,automaton,0.60138,I3,56264,18773,6314,18649,1,1.0,16047240971820740524,T4T6,0.62702
30,100000,automaton,0.59884,I3,56271,18567,6267,18895,1,1.0,16295728322785214103,T4T6,0.6221
30,100000,surrogate,0.60246,I3,53161,22003,9275,15561,1,1.0,15852862795359727035,T4T6,0.68878
30,100000,surrogate,0.59874,I3,52971,22009,9409,15611,1,1.0,9449863574426639053,T4T6,0.68778
30,100000,surrogate,0.59864,I3,53181,22019,9153,15647,1,1.0,1539882182666044290,T4T6,0.68706
30,100000,surrogate,0.60388,I3,53516,21566,9300,15618,1,1.0,317407298768997800,T4T6,0.68764
30,100000,surrogate,0.59626,I3,53210,21797,9290,15703,1,1.0,12138718724210954898,T4T6,0.68594
30,100000,surrogate,0.59714,I3,53128,21798,9339,15735,1,1.0,16844677811531050373,T4T6,0.6853
30,100000,surrogate,0.5985,I3,53175,21788,9309,15728,1,1.0,9113952700314208947,T4T6,0.68544
30,100000,surrogate,0.60236,I3,53075,21888,9519,15518,1,1.0,16529893220488280918,T4T6,0.68964
30,100000,surrogate,0.5984,I3,53154,21632,9439,15775,1,1.0,6929673493244331758,T4T6,0.6845
30,100000,surrogate,0.60198,I3,53219,21990,9330,15461,1,1.0,17328198866429008458,T4T6,0.69078
30,100000,surrogate,0.59912,I3,53177,21915,9235,15673,1,1.0,3147958937315281415,T4T6,0.68654
30,100000,surrogate,0.60674,I3,53465,21880,9264,15391,1,1.0,7132735316362348590,T4T6,0.69218
30,100000,surrogate,0.60218,I3,53057,22012,9319,15612,1,1.0,7546607613306387509,T4T6,0.68776
30,100000,surrogate,0.60044,I3,53253,21794,9389,15564,1,1.0,1410262923582805709,T4T6,0.68872
30,100000,surrogate,0.59944,I3,52983,21794,9446,15777,1,1.0,13261525675555834926,T4T6,0.68446
30,100000,surrogate,0.59878,I3,53160,21780,9372,15688,1,1.0,9555201661907245777,T4T6,0.68624
30,100000,surrogate,0.6016,I3,53231,21927,9222,15620,1,1.0,5829026283678625746,T4T6,0.6876
30,100000,surrogate,0.60016,I3,53265,21853,9248,15634,1,1.0,6173189195457372040,T4T6,0.68732
30,100000,surrogate,0.59494,I3,53192,21583,9311,15914,1,1.0,6639631517869658567,T4T6,0.68172
30,100000,surrogate,0.60036,I3,53216,21788,9480,15516,1,1.0,10988302838629171661,T4T6,0.68968
30,100000,process,,I1,56186,18808,6254,18752,2,1.0,10175421069629422145,T4T6,0.62496
30,100000,process,,I1,56141,18812,6272,18775,2,1.0,3793101556864605693,T4T6,0.6245
30,100000,process,,I1,56470,18536,6240,18754,2,1.0,3856508358831608178,T4T6,0.62492
30,100000,process,,I1,56011,18760,6297,18932,2,1.0,3449163602566052589,T4T6,0.62136
30,100000,process,,I1,56357,18782,6300,18561,2,1.0,3008420069469918257,T4T6,0.62878
30,100000,process,,I1,56515,18535,6272,18678,2,1.0,1130872279986148100,T4T6,0.62644
30,100000,process,,I1,56292,18596,6288,18824,2,1.0,871439605829052521,T4T6,0.62352
30,100000,process,,I1,56377,18713,6119,18791,2,1.0,18174131674939340620,T4T6,0.62418
30,100000,process,,I1,56056,18719,6274,18951,2,1.0,2998767273684419689,T4T6,0.62098
30,100000,process,,I1,56061,18832,6215,18892,2,1.0,7124837129121887023,T4T6,0.62216
30,100000,process,,I1,56345,18779,6224,18652,2,1.0,5144580554282817435,T4T6,0.62696
30,100000,process,,I1,56335,18603,6294,18768,2,1.0,14117212041050738152,T4T6,0.62464
30,100000,process,,I1,56366,18708,6349,18577,2,1.0,6873864996384540313,T4T6,0.62846
30,100000,process,,I1,56223,18749,6068,18960,2,1.0,16639440956449954478,T4T6,0.6208
30,100000,process,,I1,56289,18922,6221,18568,2,1.0,17458058941995414982,T4T6,0.62864
30,100000,process,,I1,56257,18742,6139,18862,2,1.0,11780892505631533151,T4T6,0.62276
30,100000,process,,I1,56140,18989,6305,18566,2,1.0,4035715807183747933,T4T6,0.62868
30,100000,process,,I1,56123,18761,6255,18861,2,1.0,11706907933849877652,T4T6,0.62278
30,100000,process,,I1,56500,18598,6249,18653,2,1.0,9182077475519408507,T4T6,0.62694
30,100000,process,,I1,56493,18645,6281,18581,2,1.0,16462655343706239628,T4T6,0.62838
30,100000,automaton,,I1,56338,18776,6131,18755,2,1.0,4744800087737351844,T4T6,0.6249
30,100000,automaton,,I1,56234,18734,6247,18785,2,1.0,8817480361570898339,T4T6,0.6243
30,100000,automaton,,I1,56280,18885,6234,18601,2,1.0,9688288645411491343,T4T6,0.62798
30,100000,automaton,,I1,55995,19048,6176,18781,2,1.0,9707973522445728846,T4T6,0.62438
30,100000,automaton,,I1,56552,18478,6157,18813,2,1.0,9500410413610579974,T4T6,0.62374
30,100000,automaton,,I1,56162,18799,6238,18801,2,1.0,17493137670599546330,T4T6,0.62398
30,100000,automaton,,I1,56324,18774,6233,18669,2,1.0,365506141161661921,T4T6,0.62662
30,100000,automaton,,I1,56321,18639,6210,18830,2,1.0,5449926092051138394,T4T6,0.6234
30,100000,automaton,,I1,56111,18533,6321,19035,2,1.0,16509924742657967560,T4T6,0.6193
30,100000,automaton,,I1,56252,18893,6212,18643,2,1.0,15009487824025548818,T4T6,0.62714
30,100000,automaton,,I1,56001,18976,6224,18799,2,1.0,10143814314952254398,T4T6,0.62402
30,100000,automaton,,I1,56425,18614,6233,18728,2,1.0,286536901943745369,T4T6,0.62544
30,100000,automaton,,I1,56248,18769,6173,18810,2,1.0,2133697975373414566,T4T6,0.6238
30,100000,automaton,,I1,56045,18954,6201,18800,2,1.0,15474867116909501622,T4T6,0.624
30,100000,automaton,,I1,56217,18766,6250,18767,2,1.0,730698015962919178,T4T6,0.62466
30,100000,automaton,,I1,56093,18873,6239,18795,2,1.0,16320627345203293621,T4T6,0.6241
30,100000,automaton,,I1,56058,18771,6295,18876,2,1.0,12042031930871006655,T4T6,0.62248
30,100000,automaton,,I1,56291,18700,6266,18743,2,1.0,10566158641243930045,T4T6,0.62514
30,100000,automaton,,I1,56374,18595,6346,18685,2,1.0,1444939438348230850,T4T6,0.6263
30,100000,automaton,,I1,56529,18616,6223,18632,2,1.0,14697093807452616667,T4T6,0.62736
30,100000,surrogate,,I1,46755,28079,15812,9354,2,1.0,14011220987918547603,T4T6,0.81292
30,100000,surrogate,,I1,46701,28391,15600,9308,2,1.0,14391626425319353333,T4T6,0.81384
30,100000,surrogate,,I1,46983,28074,15526,9417,2,1.0,1748872053026485845,T4T6,0.81166
30,100000,surrogate,,I1,47089,27831,15711,9369,2,1.0,7538349584405304833,T4T6,0.81262
30,100000,surrogate,,I1,47024,27963,15522,9491,2,1.0,9264154873210701871,T4T6,0.81018
30,100000,surrogate,,I1,46705,28279,15580,9436,2,1.0,9752316876593411911,T4T6,0.81128
30,100000,surrogate,,I1,46839,28317,15642,9202,2,1.0,17287771466868836084,T4T6,0.81596
30,100000,surrogate,,I1,46796,28160,15616,9428,2,1.0,18106707453810703816,T4T6,0.81144
30,100000,surrogate,,I1,46784,27991,15765,9460,2,1.0,8551831711715848225,T4T6,0.8108
30,100000,surrogate,,I1,47003,28006,15484,9507,2,1.0,1501369635718474448,T4T6,0.80986
30,100000,surrogate,,I1,46582,28313,15692,9413,2,1.0,8937003177310297852,T4T6,0.81174
30,100000,surrogate,,I1,46849,28203,15524,9424,2,1.0,10130102679343227780,T4T6,0.81152
30,100000,surrogate,,I1,46747,28198,15686,9369,2,1.0,11594551411716953157,T4T6,0.81262
30,100000,surrogate,,I1,46949,28076,15622,9353,2,1.0,9367766894919382544,T4T6,0.81294
30,100000,surrogate,,I1,47073,28086,15659,9182,2,1.0,4856647451633766931,T4T6,0.81636
30,100000,surrogate,,I1,47034,27849,15620,9497,2,1.0,12307622112311371149,T4T6,0.81006
30,100000,surrogate,,I1,47058,27978,15672,9292,2,1.0,15101823302316188917,T4T6,0.81416
30,100000,surrogate,,I1,46718,28221,15638,9423,2,1.0,8906011615298970717,T4T6,0.81154
30,100000,surrogate,,I1,46614,28380,15769,9237,2,1.0,3792136932782540733,T4T6,0.81526
30,100000,surrogate,,I1,46846,28163,15722,9269,2,1.0,2429072220798673136,T4T6,0.81462
30,100000,process,,I2,37461,12467,12611,37461,2,1.0,10825600200268683707,T4T6,0.25078
30,100000,process,,I2,37353,12370,12641,37636,2,1.0,7110334090727522386,T4T6,0.24728
30,100000,process,,I2,37236,12469,12550,37745,2,1.0,4474481859130522564,T4T6,0.2451
30,100000,process,,I2,37089,12411,12581,37919,2,1.0,6796115933570636066,T4T6,0.24162
30,100000,process,,I2,37869,12488,12403,37240,2,1.0,367258225772558822,T4T6,0.2552
30,100000,process,,I2,37623,12388,12653,37336,2,1.0,11861683073477057058,T4T6,0.25328
30,100000,process,,I2,37530,12539,12475,37456,2,1.0,7175222789084564997,T4T6,0.25088
30,100000,process,,I2,37632,12359,12643,37366,2,1.0,15306446622861914652,T4T6,0.25268
30,100000,process,,I2,37457,12628,12437,37478,2,1.0,2101225936129919762,T4T6,0.25044
30,100000,process,,I2,37408,12563,12484,37545,2,1.0,15160800204677917694,T4T6,0.2491
30,100000,process,,I2,37766,12613,12230,37391,2,1.0,7822944913215959308,T4T6,0.25218
30,100000,process,,I2,37234,12486,12432,37848,2,1.0,16559223481699247264,T4T6,0.24304
30,100000,process,,I2,37280,12723,12426,37571,2,1.0,3304302305880284093,T4T6,0.24858
30,100000,process,,I2,37326,12542,12589,37543,2,1.0,15282495958258383111,T4T6,0.24914
30,100000,process,,I2,37367,12461,12565,37607,2,1.0,10577307456732166673,T4T6,0.24786
30,100000,process,,I2,37410,12599,12282,37709,2,1.0,11125107228877625391,T4T6,0.24582
30,100000,process,,I2,37665,12397,12507,37431,2,1.0,12976447908255335082,T4T6,0.25138
30,100000,process,,I2,37456,12478,12602,37464,2,1.0,12968186882343475148,T4T6,0.25072
30,100000,process,,I2,37696,12410,12365,37529,2,1.0,1617423497217809161,T4T6,0.24942
30,100000,process,,I2,37658,12471,12705,37166,2,1.0,10796496034268348145,T4T6,0.25668
30,100000,automaton,,I2,37326,12613,12523,37538,2,1.0,6987065591634916334,T4T6,0.24924
30,100000,automaton,,I2,37348,12499,12599,37554,2,1.0,16565211233707686774,T4T6,0.24892
30,100000,automaton,,I2,37412,12509,12567,37512,2,1.0,2216826539494594906,T4T6,0.24976
30,100000,automaton,,I2,37229,12476,12568,37727,2,1.0,7197245384188770624,T4T6,0.24546
30,100000,automaton,,I2,37463,12386,12385,37766,2,1.0,7396178644490708638,T4T6,0.24468
30,100000,automaton,,I2,37449,12521,12406,37624,2,1.0,10024839085311971245,T4T6,0.24752
30,100000,automaton,,I2,37596,12545,12375,37484,2,1.0,12051500247222406339,T4T6,0.25032
30,100000,automaton,,I2,37419,12570,12455,37556,2,1.0,11426235861747681506,T4T6,0.24888
30,100000,automaton,,I2,37576,12385,12581,37458,2,1.0,17514632422860112859,T4T6,0.25084
30,100000,automaton,,I2,37503,12581,12554,37362,2,1.0,9958645856442386550,T4T6,0.25276
30,100000,automaton,,I2,37586,12356,12335,37723,2,1.0,15991763158466994749,T4T6,0.24554
30,100000,automaton,,I2,37574,12359,12472,37595,2,1.0,5123591598235150463,T4T6,0.2481
30,100000,automaton,,I2,37475,12770,12437,37318,2,1.0,2623043167099389027,T4T6,0.25364
30,100000,automaton,,I2,37609,12330,12433,37628,2,1.0,5846359048661696978,T4T6,0.24744
30,100000,automaton,,I2,37526,12309,12590,37575,2,1.0,814051521329281530,T4T6,0.2485
30,100000,automaton,,I2,37779,12402,12533,37286,2,1.0,15588023159017679136,T4T6,0.25428
30,100000,automaton,,I2,37312,12464,12549,37675,2,1.0,8147756451649585458,T4T6,0.2465
30,100000,automaton,,I2,37479,12669,12549,37303,2,1.0,4467019341724074646,T4T6,0.25394
30,100000,automaton,,I2,37669,12611,12437,37283,2,1.0,15753278315693332076,T4T6,0.25434
30,100000,automaton,,I2,37588,12276,12643,37493,2,1.0,12358864829444767273,T4T6,0.25014
30,100000,surrogate,,I2,31291,18799,18783,31127,2,1.0,18317010897822031692,T4T6,0.37746
30,100000,surrogate,,I2,31218,18850,18751,31181,2,1.0,12443587177993305337,T4T6,0.37638
30,100000,surrogate,,I2,31131,18944,18534,31391,2,1.0,4828855710713136572,T4T6,0.37218
30,100000,surrogate,,I2,31199,18724,18808,31269,2,1.0,1610397282657269277,T4T6,0.37462
30,100000,surrogate,,I2,31229,18737,18665,31369,2,1.0,16993993939592423176,T4T6,0.37262
30,100000,surrogate,,I2,31432,18862,18565,31141,2,1.0,3286970200156368759,T4T6,0.37718
30,100000,surrogate,,I2,31178,18567,18681,31574,2,1.0,18280295419331470885,T4T6,0.36852
30,100000,surrogate,,I2,31542,18670,18646,31142,2,1.0,14163028839102059798,T4T6,0.37716
30,100000,surrogate,,I2,31319,18971,18759,30951,2,1.0,8020154982181941903,T4T6,0.38098
30,100000,surrogate,,I2,31338,18826,18554,31282,2,1.0,8346498978632976238,T4T6,0.37436
30,100000,surrogate,,I2,31203,18795,18660,31342,2,1.0,13758431059334466558,T4T6,0.37316
30,100000,surrogate,,I2,31165,19069,18641,31125,2,1.0,6791508998079579812,T4T6,0.3775
30,100000,surrogate,,I2,31344,18812,18647,31197,2,1.0,3107309607354749022,T4T6,0.37606
30,100000,surrogate,,I2,31447,18878,18609,31066,2,1.0,7149089200964556346,T4T6,0.37868
30,100000,surrogate,,I2,31533,18757,18634,31076,2,1.0,16755744791832527247,T4T6,0.37848
30,100000,surrogate,,I2,31090,18686,18735,31489,2,1.0,8141582254508611099,T4T6,0.37022
30,100000,surrogate,,I2,31149,18604,18796,31451,2,1.0,16769879754762396972,T4T6,0.37098
30,100000,surrogate,,I2,31368,18633,18517,31482,2,1.0,15678858191260765857,T4T6,0.37036
30,100000,surrogate,,I2,31324,18904,18634,31138,2,1.0,17529606928221583158,T4T6,0.37724
30,100000,surrogate,,I2,31297,18941,18601,31161,2,1.0,14192716742253991272,T4T6,0.37678
30,100000,process,0.60392,I3,46913,15857,9163,28067,2,1.0,10207986761301558598,T4T6,0.43866
30,100000,process,0.60066,I3,47110,15665,9321,27904,2,1.0,769396058088833364,T4T6,0.44192
30,100000,process,0.59978,I3,46719,15660,9379,28242,2,1.0,6092256281899113261,T4T6,0.43516
30,100000,process,0.59958,I3,46800,15755,9400,28045,2,1.0,9974908104408040881,T4T6,0.4391
30,100000,process,0.5953,I3,46959,15597,9390,28054,2,1.0,6481961692858619693,T4T6,0.43892
30,100000,process,0.59594,I3,46809,15661,9322,28208,2,1.0,10556013456406488371,T4T6,0.43584
30,100000,process,0.6023,I3,46870,15510,9382,28238,2,1.0,4434368302503263201,T4T6,0.43524
30,100000,process,0.59848,I3,46642,15699,9388,28271,2,1.0,18200590500151095088,T4T6,0.43458
30,100000,process,0.60252,I3,46823,15635,9397,28145,2,1.0,16665335637750136877,T4T6,0.4371
30,100000,process,0.60368,I3,46867,15624,9297,28212,2,1.0,3922704966599715775,T4T6,0.43576
30,100000,process,0.59432,I3,46808,15533,9272,28387,2,1.0,7921160056024019038,T4T6,0.43226
30,100000,process,0.60038,I3,46952,15635,9378,28035,2,1.0,14900794254999746156,T4T6,0.4393
30,100000,process,0.59826,I3,46793,15595,9328,28284,2,1.0,12879312711965819712,T4T6,0.43432
30,100000,process,0.60068,I3,47348,15356,9424,27872,2,1.0,12422577189668025808,T4T6,0.44256
30,100000,process,0.60118,I3,46989,15706,9355,27950,2,1.0,10732791397977304132,T4T6,0.441
30,100000,process,0.60146,I3,47180,15692,9239,27889,2,1.0,27278042947748105,T4T6,0.44222
30,100000,process,0.60376,I3,47014,15678,9389,27919,2,1.0,14040527638778699778,T4T6,0.44162
30,100000,process,0.60056,I3,46898,15724,9250,28128,2,1.0,11833527823782840926,T4T6,0.43744
30,100000,process,0.60168,I3,46739,15795,9381,28085,2,1.0,12154052634174477053,T4T6,0.4383
30,100000,process,0.59638,I3,46717,15500,9465,28318,2,1.0,11654288188510610538,T4T6,0.43364
30,100000,automaton,0.59952,I3,46708,15658,9483,28151,2,1.0,7642766968692702838,T4T6,0.43698
30,100000,automaton,0.60096,I3,46908,15687,9350,28055,2,1.0,10365182801645914525,T4T6,0.4389
30,100000,automaton,0.6044,I3,47041,15570,9471,27918,2,1.0,2713002284321320195,T4T6,0.44164
30,100000,automaton,0.60444,I3,47012,15706,9331,27951,2,1.0,15958524284036626248,T4T6,0.44098
30,100000,automaton,0.59864,I3,46928,15581,9424,28067,2,1.0,8321450627823898360,T4T6,0.43866
30,100000,automaton,0.5996,I3,46849,15507,9399,28245,2,1.0,3088798486558475120,T4T6,0.4351
30,100000,automaton,0.59896,I3,47094,15635,9311,27960,2,1.0,13715477245900319470,T4T6,0.4408
30,100000,automaton,0.59712,I3,47018,15511,9125,28346,2,1.0,4403585977367033813,T4T6,0.43308
30,100000,automaton,0.6001,I3,47045,15460,9407,28088,2,1.0,7831425482309178000,T4T6,0.43824
30,100000,automaton,0.59714,I3,46573,15801,9456,28170,2,1.0,922017840155823737,T4T6,0.4366
30,100000,automaton,0.60466,I3,47064,15336,9399,28201,2,1.0,2929651685243940950,T4T6,0.43598
30,100000,automaton,0.59848,I3,46968,15509,9378,28145,2,1.0,11717763743813684321,T4T6,0.4371
30,100000,automaton,0.6003,I3,46836,15668,9422,28074,2,1.0,393265207624805829,T4T6,0.43852
30,100000,automaton,0.59474,I3,47177,15509,9211,28103,2,1.0,10758159689241469270,T4T6,0.43794
30,100000,automaton,0.59766,I3,47117,15551,9213,28119,2,1.0,516153093564057531,T4T6,0.43762
30,100000,automaton,0.59896,I3,46826,15633,9420,28121,2,1.0,13071752651514358939,T4T6,0.43758
30,100000,automaton,0.6016,I3,46793,15844,9374,27989,2,1.0,12072584065861199664,T4T6,0.44022
30,100000,automaton,0.59888,I3,46843,15727,9381,28049,2,1.0,9788689179617427442,T4T6,0.43902
30,100000,automaton,0.6036,I3,46942,15732,9370,27956,2,1.0,15659953428130596759,T4T6,0.44088
30,100000,automaton,0.59796,I3,46733,15798,9362,28107,2,1.0,15446390647359170846,T4T6,0.43786
30,100000,surrogate,0.5955,I3,39043,23332,17237,20388,2,1.0,16408509010842866115,T4T6,0.59224
30,100000,surrogate,0.59932,I3,38985,23404,17276,20335,2,1.0,2064082886552275477,T4T6,0.5933
30,100000,surrogate,0.6039,I3,39154,23207,17370,20269,2,1.0,10433891312556105418,T4T6,0.59462
30,100000,surrogate,0.5992,I3,38928,23381,17193,20498,2,1.0,3367290885982142388,T4T6,0.59004
30,100000,surrogate,0.60118,I3,39006,23391,17240,20363,2,1.0,15015399087341674774,T4T6,0.59274
30,100000,surrogate,0.59352,I3,38949,23290,17431,20330,2,1.0,2352219841671150699,T4T6,0.5934
30,100000,surrogate,0.6068,I3,39074,23682,17131,20113,2,1.0,8225139696933335716,T4T6,0.59774
30,100000,surrogate,0.60022,I3,39324,23315,17162,20199,2,1.0,13494817298765691647,T4T6,0.59602
30,100000,surrogate,0.59978,I3,39224,23577,16956,20243,2,1.0,5186783676666363752,T4T6,0.59514
30,100000,surrogate,0.5991,I3,39051,23416,17232,20301,2,1.0,2273473778791270252,T4T6,0.59398
30,100000,surrogate,0.59672,I3,39047,23626,17111,20216,2,1.0,1828618126582995402,T4T6,0.59568
30,100000,surrogate,0.59696,I3,39125,23516,17030,20329,2,1.0,16781578133416471822,T4T6,0.59342
30,100000,surrogate,0.60124,I3,39071,23433,17132,20364,2,1.0,8262346790933997854,T4T6,0.59272
30,100000,surrogate,0.60154,I3,39293,23392,17225,20090,2,1.0,11041186559241318949,T4T6,0.5982
30,100000,surrogate,0.5991,I3,39051,23251,17133,20565,2,1.0,16840828304223347393,T4T6,0.5887
30,100000,surrogate,0.6039,I3,39197,23276,17102,20425,2,1.0,2990605021038887421,T4T6,0.5915
30,100000,surrogate,0.59882,I3,39105,23265,17211,20419,2,1.0,103943321703188503,T4T6,0.59162
30,100000,surrogate,0.60012,I3,38945,23410,17142,20503,2,1.0,34942593438060592,T4T6,0.58994
30,100000,surrogate,0.59678,I3,38990,23358,17235,20417,2,1.0,3058000654351562004,T4T6,0.59166
30,100000,surrogate,0.60162,I3,39051,23334,17109,20506,2,1.0,1885151024900367123,T4T6,0.58988
45,100000,process,,I1,49953,50047,0,0,1,1.0,3307792298681273713,T4T6,1.0
45,100000,process,,I1,50049,49951,0,0,1,1.0,9838151639055512037,T4T6,1.0
45,100000,process,,I1,49898,50102,0,0,1,1.0,12830137576147211344,T4T6,1.0
45,100000,process,,I1,50201,49799,0,0,1,1.0,4817832175883958755,T4T6,1.0
45,100000,process,,I1,50076,49924,0,0,1,1.0,505628760392476359,T4T6,1.0
45,100000,process,,I1,50054,49946,0,0,1,1.0,1308044088405890637,T4T6,1.0
45,100000,process,,I1,49963,50037,0,0,1,1.0,2674679523083373786,T4T6,1.0
45,100000,process,,I1,50630,49370,0,0,1,1.0,16695071714727874495,T4T6,1.0
45,100000,process,,I1,49947,50053,0,0,1,1.0,17030525165237519234,T4T6,1.0
45,100000,process,,I1,49971,50029,0,0,1,1.0,3469287630345805182,T4T6,1.0
45,100000,process,,I1,49815,50185,0,0,1,1.0,5336456968033781180,T4T6,1.0
45,100000,process,,I1,50007,49993,0,0,1,1.0,4314740864929816436,T4T6,1.0
45,100000,process,,I1,49916,50084,0,0,1,1.0,6075922518679646803,T4T6,1.0
45,100000,process,,I1,49772,50228,0,0,1,1.0,8885338874138786680,T4T6,1.0
45,100000,process,,I1,50101,49899,0,0,1,1.0,11009936085005763278,T4T6,1.0
45,100000,process,,I1,49931,50069,0,0,1,1.0,6044380119152548383,T4T6,1.0
45,100000,process,,I1,50127,49873,0,0,1,1.0,12544517969608212313,T4T6,1.0
45,100000,process,,I1,49852,50148,0,0,1,1.0,9627606787987096611,T4T6,1.0
45,100000,process,,I1,50038,49962,0,0,1,1.0,16446424925072387406,T4T6,1.0
45,100000,process,,I1,49839,50161,0,0,1,1.0,4632525528333220508,T4T6,1.0
45,100000,automaton,,I1,49704,50296,0,0,1,1.0,9382084723260095339,T4T6,1.0
45,100000,automaton,,I1,49971,50029,0,0,1,1.0,5715142128140016157,T4T6,1.0
45,100000,automaton,,I1,49958,50042,0,0,1,1.0,5598632304015418559,T4T6,1.0
45,100000,automaton,,I1,49814,50186,0,0,1,1.0,12993078088882625927,T4T6,1.0
45,100000,automaton,,I1,49910,50090,0,0,1,1.0,18028602620530169836,T4T6,1.0
45,100000,automaton,,I1,49859,50141,0,0,1,1.0,5290789364790449469,T4T6,1.0
45,100000,automaton,,I1,49895,50105,0,0,1,1.0,13768357000103831931,T4T6,1.0
45,100000,automaton,,I1,49940,50060,0,0,1,1.0,14129814572329665204,T4T6,1.0
45,100000,automaton,,I1,50126,49874,0,0,1,1.0,8084056426001857224,T4T6,1.0
45,100000,automaton,,I1,49731,50269,0,0,1,1.0,2744458561119534049,T4T6,1.0
45,100000,automaton,,I1,50077,49923,0,0,1,1.0,13588022544412225314,T4T6,1.0
45,100000,automaton,,I1,49946,50054,0,0,1,1.0,17286637951508952824,T4T6,1.0
45,100000,automaton,,I1,50039,49961,0,0,1,1.0,9372356162496006627,T4T6,1.0
45,100000,automaton,,I1,49997,50003,0,0,1,1.0,9528769397077864265,T4T6,1.0
45,100000,automaton,,I1,49912,50088,0,0,1,1.0,13800790814233172020,T4T6,1.0
45,100000,automaton,,I1,50101,49899,0,0,1,1.0,9734076413216262624,T4T6,1.0
45,100000,automaton,,I1,50094,49906,0,0,1,1.0,5522652792439035203,T4T6,1.0
45,100000,automaton,,I1,50172,49828,0,0,1,1.0,4294436887219298845,T4T6,1.0
45,100000,automaton,,I1,50099,49901,0,0,1,1.0,13788751906341518171,T4T6,1.0
45,100000,automaton,,I1,50333,49667,0,0,1,1.0,291335825843077924,T4T6,1.0
45,100000,surrogate,,I1,50071,49929,0,0,1,1.0,10733864094441494919,T4T6,1.0
45,100000,surrogate,,I1,50103,49897,0,0,1,1.0,11096309799167417092,T4T6,1.0
45,100000,surrogate,,I1,50235,49765,0,0,1,1.0,11893697642012988020,T4T6,1.0
45,100000,surrogate,,I1,49841,50159,0,0,1,1.0,14556242467143426812,T4T6,1.0
45,100000,surrogate,,I1,49742,50258,0,0,1,1.0,5703740451073237926,T4T6,1.0
45,100000,surrogate,,I1,49993,50007,0,0,1,1.0,8667974748142055823,T4T6,1.0
45,100000,surrogate,,I1,49917,50083,0,0,1,1.0,16537333643866206386,T4T6,1.0
45,100000,surrogate,,I1,49947,50053,0,0,1,1.0,15149561321700495595,T4T6,1.0
45,100000,surrogate,,I1,49886,50114,0,0,1,1.0,15231551938428929298,T4T6,1.0
45,100000,surrogate,,I1,50050,49950,0,0,1,1.0,68215248180990932,T4T6,1.0
45,100000,surrogate,,I1,50104,49896,0,0,1,1.0,18303178616552782041,T4T6,1.0
45,100000,surrogate,,I1,49822,50178,0,0,1,1.0,13064837229003793096,T4T6,1.0
45,100000,surrogate,,I1,49890,50110,0,0,1,1.0,5519243439397282547,T4T6,1.0
45,100000,surrogate,,I1,49669,50331,0,0,1,1.0,17962902453797756811,T4T6,1.0
45,100000,surrogate,,I1,49714,50286,0,0,1,1.0,1351014873596855667,T4T6,1.0
45,100000,surrogate,,I1,50013,49987,0,0,1,1.0,243077188919467160,T4T6,1.0
45,100000,surrogate,,I1,50074,49926,0,0,1,1.0,9412329063718718740,T4T6,1.0
45,100000,surrogate,,I1,50244,49756,0,0,1,1.0,17290800755114880788,T4T6,1.0
45,100000,surrogate,,I1,50021,49979,0,0,1,1.0,2261895154635092844,T4T6,1.0
45,100000,surrogate,,I1,49792,50208,0,0,1,1.0,13116672663568509154,T4T6,1.0
45,100000,process,,I2,25099,24997,24841,25063,1,1.0,11858565954499413994,T4T6,0.00192
45,100000,process,,I2,25106,24695,25221,24978,1,1.0,131663439767096121,T4T6,-0.00398
45,100000,process,,I2,24917,25098,24816,25169,1,1.0,7266468107094687319,T4T6,0.0003
45,100000,process,,I2,25129,24860,25088,24923,1,1.0,10372880822524393429,T4T6,-0.00022
45,100000,process,,I2,24984,24957,24917,25142,1,1.0,8914727019251954160,T4T6,-0.00118
45,100000,process,,I2,24917,24768,25043,25272,1,1.0,12897505958959549924,T4T6,-0.0063
45,100000,process,,I2,24860,25087,25061,24992,1,1.0,3952551574160553779,T4T6,-0.00106
45,100000,process,,I2,24884,25237,24952,24927,1,1.0,18131600464773281297,T4T6,0.00242
45,100000,process,,I2,24879,25047,25087,24987,1,1.0,9458024356578992311,T4T6,-0.00148
45,100000,process,,I2,25010,24951,25167,24872,1,1.0,9850401087111821622,T4T6,-0.00078
45,100000,process,,I2,25183,24805,24961,25051,1,1.0,7664947955047103384,T4T6,-0.00024
45,100000,process,,I2,24852,24952,25089,25107,1,1.0,4595632785595602447,T4T6,-0.00392
45,100000,process,,I2,25090,24727,25244,24939,1,1.0,8054790025930354268,T4T6,-0.00366
45,100000,process,,I2,24818,24913,25217,25052,1,1.0,5605133421513584795,T4T6,-0.00538
45,100000,process,,I2,25014,24989,25130,24867,1,1.0,11197302545302813255,T4T6,6e-05
45,100000,process,,I2,25068,25063,25154,24715,1,1.0,10479438099895054685,T4T6,0.00262
45,100000,process,,I2,25061,25138,24812,24989,1,1.0,7080560129226848321,T4T6,0.00398
45,100000,process,,I2,25046,25129,24827,24998,1,1.0,7689675910870780630,T4T6,0.0035
45,100000,process,,I2,25250,25001,24937,24812,1,1.0,14782778322089892183,T4T6,0.00502
45,100000,process,,I2,25205,24869,25012,24914,1,1.0,9641967934696736292,T4T6,0.00148
45,100000,automaton,,I2,24938,25072,24841,25149,1,1.0,13904498265012515416,T4T6,0.0002
45,100000,automaton,,I2,25002,24917,25184,24897,1,1.0,8822929247041851527,T4T6,-0.00162
45,100000,automaton,,I2,25002,25137,25084,24777,1,1.0,12371524299893608569,T4T6,0.00278
45,100000,automaton,,I2,25107,24961,24923,25009,1,1.0,11092484722862151824,T4T6,0.00136
45,100000,automaton,,I2,24904,24719,25117,25260,1,1.0,17543545276934386686,T4T6,-0.00754
45,100000,automaton,,I2,24985,24958,24942,25115,1,1.0,88523393277587283,T4T6,-0.00114
45,100000,automaton,,I2,25246,25099,24734,24921,1,1.0,11131940376735071489,T4T6,0.0069
45,100000,automaton,,I2,25018,24906,25165,24911,1,1.0,6882724631975983693,T4T6,-0.00152
45,100000,automaton,,I2,25039,25064,24979,24918,1,1.0,5345584447231013859,T4T6,0.00206
45,100000,automaton,,I2,24878,24898,25021,25203,1,1.0,15027190615550877793,T4T6,-0.00448
45,100000,automaton,,I2,25001,24702,25218,25079,1,1.0,12951160727393631103,T4T6,-0.00594
45,100000,automaton,,I2,25211,24530,25332,24927,1,1.0,1136447681295942363,T4T6,-0.00518
45,100000,automaton,,I2,24918,25208,24939,24935,1,1.0,13974173245070020715,T4T6,0.00252
45,100000,automaton,,I2,25142,25020,24972,24866,1,1.0,4405877549495081831,T4T6,0.00324
45,100000,automaton,,I2,24975,25128,24985,24912,1,1.0,2062416449649014420,T4T6,0.00206
45,100000,automaton,,I2,24923,25022,24953,25102,1,1.0,656228501949122655,T4T6,-0.0011
45,100000,automaton,,I2,24849,24962,25138,25051,1,1.0,17111478765722871886,T4T6,-0.00378
45,100000,automaton,,I2,24870,24865,24962,25303,1,1.0,15522801884333654904,T4T6,-0.0053
45,100000,automaton,,I2,25107,25042,24832,25019,1,1.0,6005258263320285092,T4T6,0.00298
45,100000,automaton,,I2,24936,24914,25088,25062,1,1.0,3971391484020659705,T4T6,-0.003
45,100000,surrogate,,I2,25013,25018,25055,24914,1,1.0,7215944237688828606,T4T6,0.00062
45,100000,surrogate,,I2,24869,24949,25128,25054,1,1.0,1043263572150994564,T4T6,-0.00364
45,100000,surrogate,,I2,24740,25136,25096,25028,1,1.0,6185085138240111336,T4T6,-0.00248
45,100000,surrogate,,I2,24982,25301,24876,24841,1,1.0,4262774843379864004,T4T6,0.00566
45,100000,surrogate,,I2,24643,25297,25172,24888,1,1.0,9379994372712024654,T4T6,-0.0012
45,100000,surrogate,,I2,25072,24918,25064,24946,1,1.0,6188246036242410377,T4T6,-0.0002
45,100000,surrogate,,I2,24952,24898,25131,25019,1,1.0,346986584269145261,T4T6,-0.003
45,100000,surrogate,,I2,24891,24990,25074,25045,1,1.0,16366802736515000210,T4T6,-0.00238
45,100000,surrogate,,I2,25257,24978,24791,24974,1,1.0,3132660006301642565,T4T6,0.0047
45,100000,surrogate,,I2,25028,24884,25048,25040,1,1.0,12565034375048359267,T4T6,-0.00176
45,100000,surrogate,,I2,24937,25242,24860,24961,1,1.0,17561316786735567698,T4T6,0.00358
45,100000,surrogate,,I2,25127,24700,25202,24971,1,1.0,5198428715226258780,T4T6,-0.00346
45,100000,surrogate,,I2,25150,24716,24969,25165,1,1.0,13283715107523560144,T4T6,-0.00268
45,100000,surrogate,,I2,24954,24779,25235,25032,1,1.0,15604668075826236286,T4T6,-0.00534
45,100000,surrogate,,I2,25035,24982,24787,25196,1,1.0,15463712136950712877,T4T6,0.00034
45,100000,surrogate,,I2,25183,24895,24864,25058,1,1.0,10895397528692792775,T4T6,0.00156
45,100000,surrogate,,I2,24984,25223,24826,24967,1,1.0,8650725872906159443,T4T6,0.00414
45,100000,surrogate,,I2,25125,24870,25097,24908,1,1.0,14031383955685286048,T4T6,-0.0001
45,100000,surrogate,,I2,24924,24887,25027,25162,1,1.0,3706322109659852025,T4T6,-0.00378
45,100000,surrogate,,I2,24934,24986,25148,24932,1,1.0,12726236629952749259,T4T6,-0.0016
45,100000,process,0.6034,I3,37691,37391,12487,12431,1,1.0,9235785490170033896,T4T6,0.50164
45,100000,process,0.60384,I3,37556,37652,12462,12330,1,1.0,18000881609546613387,T4T6,0.50416
45,100000,process,0.59534,I3,37469,37412,12737,12382,1,1.0,13114693992592508311,T4T6,0.49762
45,100000,process,0.60178,I3,37441,37608,12388,12563,1,1.0,13010530454544491000,T4T6,0.50098
45,100000,process,0.60052,I3,37670,37378,12577,12375,1,1.0,6431394987122707678,T4T6,0.50096
45,100000,process,0.60004,I3,37619,37346,12404,12631,1,1.0,8645775443226876080,T4T6,0.4993
45,100000,process,0.60006,I3,37650,37432,12417,12501,1,1.0,3422252253474931179,T4T6,0.50164
45,100000,process,0.60224,I3,37573,37526,12458,12443,1,1.0,9648586367959543370,T4T6,0.50198
45,100000,process,0.60034,I3,37315,37690,12404,12591,1,1.0,14240800106528064495,T4T6,0.5001
45,100000,process,0.60072,I3,37484,37603,12417,12496,1,1.0,18050409591151041139,T4T6,0.50174
45,100000,process,0.6021,I3,37565,37463,12544,12428,1,1.0,2139045309343109203,T4T6,0.50056
45,100000,process,0.59998,I3,37672,37297,12543,12488,1,1.0,6716661258632745605,T4T6,0.49938
45,100000,process,0.6038,I3,37630,37443,12448,12479,1,1.0,18241118390648833494,T4T6,0.50146
45,100000,process,0.59694,I3,37579,37227,12675,12519,1,1.0,1408325151014114096,T4T6,0.49612
45,100000,process,0.59868,I3,37418,37656,12449,12477,1,1.0,12193524679938237847,T4T6,0.50148
45,100000,process,0.59952,I3,37430,37747,12413,12410,1,1.0,12622904951561725641,T4T6,0.50354
45,100000,process,0.59914,I3,37425,37583,12498,12494,1,1.0,4408754047795459398,T4T6,0.50016
45,100000,process,0.59754,I3,37631,37245,12443,12681,1,1.0,16106019348420885178,T4T6,0.49752
45,100000,process,0.59776,I3,37430,37448,12517,12605,1,1.0,12271919750956784320,T4T6,0.49756
45,100000,process,0.5986,I3,37411,37559,12534,12496,1,1.0,7451515019329474346,T4T6,0.4994
45,100000,automaton,0.5996,I3,37446,37700,12369,12485,1,1.0,10290651278409383274,T4T6,0.50292
45,100000,automaton,0.59702,I3,37378,37427,12511,12684,1,1.0,642341449888686960,T4T6,0.4961
45,100000,automaton,0.60122,I3,37414,37563,12654,12369,1,1.0,15919165648854697742,T4T6,0.49954
45,100000,automaton,0.597,I3,37381,37515,12503,12601,1,1.0,2732780433524577951,T4T6,0.49792
45,100000,automaton,0.60294,I3,37777,37328,12385,12510,1,1.0,6173598132145304722,T4T6,0.5021
45,100000,automaton,0.59638,I3,37309,37581,12593,12517,1,1.0,17467295547000043312,T4T6,0.4978
45,100000,automaton,0.60084,I3,37393,37632,12513,12462,1,1.0,16035706731542686253,T4T6,0.5005
45,100000,automaton,0.60314,I3,37738,37458,12340,12464,1,1.0,3446328855605851283,T4T6,0.50392
45,100000,automaton,0.60132,I3,37668,37304,12459,12569,1,1.0,8702119899655129726,T4T6,0.49944
45,100000,automaton,0.59914,I3,37696,37243,12563,12498,1,1.0,2084770829449561209,T4T6,0.49878
45,100000,automaton,0.59886,I3,37412,37597,12510,12481,1,1.0,1500117817948912663,T4T6,0.50018
45,100000,automaton,0.60016,I3,37429,37599,12535,12437,1,1.0,6000028463343110030,T4T6,0.50056
45,100000,automaton,0.59918,I3,37521,37604,12368,12507,1,1.0,2714232581694543941,T4T6,0.5025
45,100000,automaton,0.60044,I3,37493,37497,12556,12454,1,1.0,11256602605801600697,T4T6,0.4998
45,100000,automaton,0.60564,I3,37521,37693,12532,12254,1,1.0,9329143299747741008,T4T6,0.50428
45,100000,automaton,0.6002,I3,37521,37572,12342,12565,1,1.0,17573227865086916929,T4T6,0.50186
45,100000,automaton,0.59452,I3,37388,37263,12665,12684,1,1.0,17248493588423924785,T4T6,0.49302
45,100000,automaton,0.60082,I3,37397,37702,12255,12646,1,1.0,16322177285699678795,T4T6,0.50198
45,100000,automaton,0.60072,I3,37724,37376,12374,12526,1,1.0,6529583380603837861,T4T6,0.502
45,100000,automaton,0.59832,I3,37406,37520,12609,12465,1,1.0,6969945743558879627,T4T6,0.49852
45,100000,surrogate,0.5975,I3,37362,37573,12697,12368,1,1.0,11641006188826861343,T4T6,0.4987
45,100000,surrogate,0.59678,I3,37294,37633,12479,12594,1,1.0,6107450683358955335,T4T6,0.49854
45,100000,surrogate,0.5974,I3,37407,37484,12497,12612,1,1.0,13054450731024276256,T4T6,0.49782
45,100000,surrogate,0.60188,I3,37401,37609,12468,12522,1,1.0,8270519318563999029,T4T6,0.5002
45,100000,surrogate,0.59782,I3,37390,37450,12458,12702,1,1.0,5057964650659714144,T4T6,0.4968
45,100000,surrogate,0.60516,I3,37374,37810,12423,12393,1,1.0,290301129315124915,T4T6,0.50368
45,100000,surrogate,0.59722,I3,37532,37353,12483,12632,1,1.0,6891324502229452654,T4T6,0.4977
45,100000,surrogate,0.59746,I3,37376,37614,12385,12625,1,1.0,5315997697586059206,T4T6,0.4998
45,100000,surrogate,0.59754,I3,37521,37366,12475,12638,1,1.0,2565990318195326136,T4T6,0.49774
45,100000,surrogate,0.60144,I3,37559,37495,12533,12413,1,1.0,7709989445215968107,T4T6,0.50108
45,100000,surrogate,0.59964,I3,37549,37424,12467,12560,1,1.0,6841962770056125805,T4T6,0.49946
45,100000,surrogate,0.5979,I3,37430,37411,12607,12552,1,1.0,12429903996654973764,T4T6,0.49682
45,100000,surrogate,0.59942,I3,37647,37377,12537,12439,1,1.0,1401612656486205005,T4T6,0.50048
45,100000,surrogate,0.59754,I3,37466,37508,12654,12372,1,1.0,4543682629722651633,T4T6,0.49948
45,100000,surrogate,0.59912,I3,37725,37168,12541,12566,1,1.0,15592070745246489148,T4T6,0.49786
45,100000,surrogate,0.6056,I3,37647,37592,12400,12361,1,1.0,1812922024378034833,T4T6,0.50478
45,100000,surrogate,0.6028,I3,37575,37558,12361,12506,1,1.0,14202024223080773729,T4T6,0.50266
45,100000,surrogate,0.59378,I3,37177,37494,12736,12593,1,1.0,14485230852300347887,T4T6,0.49342
45,100000,surrogate,0.60066,I3,37466,37401,12643,12490,1,1.0,13399175648802626466,T4T6,0.49734
45,100000,surrogate,0.59682,I3,37361,37568,12466,12605,1,1.0,7455933370269203679,T4T6,0.49858
45,100000,process,,I1,25023,24872,24935,25170,2,1.0,8466108205302513774,T4T6,-0.00084
45,100000,process,,I1,25058,24931,24906,25105,2,1.0,4072597382845364088,T4T6,-0.00072
45,100000,process,,I1,24975,24767,25018,25240,2,1.0,17764069892593453231,T4T6,-0.00014
45,100000,process,,I1,24908,24889,25188,25015,2,1.0,14823615980847212216,T4T6,0.00192
45,100000,process,,I1,25244,24885,25002,24869,2,1.0,6638878462869561361,T4T6,0.00492
45,100000,process,,I1,24817,25026,25240,24917,2,1.0,8255299612455704910,T4T6,0.00114
45,100000,process,,I1,24861,24882,25273,24984,2,1.0,15082897600684210400,T4T6,0.00268
45,100000,process,,I1,25041,25002,25069,24888,2,1.0,8335356240646740065,T4T6,0.0022
45,100000,process,,I1,25241,24745,25024,24990,2,1.0,15598980916099668740,T4T6,0.0053
45,100000,process,,I1,24955,25056,25188,24801,2,1.0,15528993419427029835,T4T6,0.00286
45,100000,process,,I1,24931,24801,25045,25223,2,1.0,8151232395906867433,T4T6,-0.00048
45,100000,process,,I1,25032,25083,25198,24687,2,1.0,16968711946757917634,T4T6,0.0046
45,100000,process,,I1,25032,24893,25049,25026,2,1.0,4311123521629466124,T4T6,0.00162
45,100000,process,,I1,24986,25164,24868,24982,2,1.0,14688676448127678070,T4T6,-0.00292
45,100000,process,,I1,25162,24811,25011,25016,2,1.0,12500279534515995739,T4T6,0.00346
45,100000,process,,I1,24884,24827,25204,25085,2,1.0,4721747124416933728,T4T6,0.00176
45,100000,process,,I1,24823,25136,24983,25058,2,1.0,8142459427674646602,T4T6,-0.00388
45,100000,process,,I1,25008,25039,24922,25031,2,1.0,3131577464245277272,T4T6,-0.0014
45,100000,process,,I1,24794,24906,25009,25291,2,1.0,9010037343988201864,T4T6,-0.00394
45,100000,process,,I1,24881,24977,25274,24868,2,1.0,619400516309167027,T4T6,0.0031
45,100000,automaton,,I1,25118,25134,24965,24783,2,1.0,3807859737798545170,T4T6,0.00166
45,100000,automaton,,I1,25157,24822,24950,25071,2,1.0,14912805662106553518,T4T6,0.00214
45,100000,automaton,,I1,25066,24984,25066,24884,2,1.0,9635363020547121104,T4T6,0.00264
45,100000,automaton,,I1,25153,25036,24823,24988,2,1.0,7006541127349682664,T4T6,-0.00048
45,100000,automaton,,I1,24878,24999,25044,25079,2,1.0,2655945751368480612,T4T6,-0.00156
45,100000,automaton,,I1,24866,25030,24825,25279,2,1.0,7599465667399233476,T4T6,-0.00618
45,100000,automaton,,I1,24903,24806,25229,25062,2,1.0,6050010634222171630,T4T6,0.00264
45,100000,automaton,,I1,24817,24933,25130,25120,2,1.0,545753635430879696,T4T6,-0.00106
45,100000,automaton,,I1,24894,25004,25041,25061,2,1.0,17963848097781697607,T4T6,-0.0013
45,100000,automaton,,I1,24893,25219,24860,25028,2,1.0,12858527773768088015,T4T6,-0.00494
45,100000,automaton,,I1,25013,25212,24882,24893,2,1.0,10548283868326364260,T4T6,-0.0021
45,100000,automaton,,I1,25100,25015,25031,24854,2,1.0,14785778017079813749,T4T6,0.00262
45,100000,automaton,,I1,25108,25133,24943,24816,2,1.0,16460838545498184776,T4T6,0.00102
45,100000,automaton,,I1,25109,24855,24977,25059,2,1.0,11466038246874953961,T4T6,0.00172
45,100000,automaton,,I1,24993,25386,24942,24679,2,1.0,12852354741660474402,T4T6,-0.0013
45,100000,automaton,,I1,24909,25101,25040,24950,2,1.0,2477657493543713850,T4T6,-0.00102
45,100000,automaton,,I1,25050,25081,25191,24678,2,1.0,12101806795987589433,T4T6,0.00482
45,100000,automaton,,I1,24869,24930,25088,25113,2,1.0,8035447887551615621,T4T6,-0.00086
45,100000,automaton,,I1,25010,24861,25153,24976,2,1.0,13352128006745339594,T4T6,0.00326
45,100000,automaton,,I1,25028,25043,24910,25019,2,1.0,7244499747839317345,T4T6,-0.00124
45,100000,surrogate,,I1,24948,25002,24710,25340,2,1.0,1115401488107552857,T4T6,-0.00684
45,100000,surrogate,,I1,25036,24959,24998,25007,2,1.0,5758284354579290659,T4T6,0.00068
45,100000,surrogate,,I1,25111,24969,24886,25034,2,1.0,2496341231083118433,T4T6,-6e-05
45,100000,surrogate,,I1,25122,24940,25123,24815,2,1.0,17844572566615519377,T4T6,0.0049
45,100000,surrogate,,I1,24853,24836,25261,25050,2,1.0,8958575967744922153,T4T6,0.00228
45,100000,surrogate,,I1,25103,24788,24988,25121,2,1.0,485386428265152157,T4T6,0.00182
45,100000,surrogate,,I1,25120,24965,24955,24960,2,1.0,762047277143190977,T4T6,0.0015
45,100000,surrogate,,I1,25172,25001,24843,24984,2,1.0,7467177769816070614,T4T6,0.0003
45,100000,surrogate,,I1,24940,25020,25127,24913,2,1.0,6648545048672492323,T4T6,0.00134
45,100000,surrogate,,I1,24899,24920,25043,25138,2,1.0,11743674807250594143,T4T6,-0.00116
45,100000,surrogate,,I1,24877,25046,24960,25117,2,1.0,2697312668425437500,T4T6,-0.00326
45,100000,surrogate,,I1,25076,24999,24903,25022,2,1.0,3549901014891426671,T4T6,-0.00042
45,100000,surrogate,,I1,25041,24882,25007,25070,2,1.0,8868084218598366039,T4T6,0.00096
45,100000,surrogate,,I1,24871,25038,25131,24960,2,1.0,14152089465734408283,T4T6,4e-05
45,100000,surrogate,,I1,25036,25234,25053,24677,2,1.0,8960325393717981087,T4T6,0.00178
45,100000,surrogate,,I1,25001,25009,24937,25053,2,1.0,5356918205967478804,T4T6,-0.00124
45,100000,surrogate,,I1,24956,25022,24875,25147,2,1.0,16770028674303188420,T4T6,-0.00338
45,100000,surrogate,,I1,24934,25167,24895,25004,2,1.0,1209090981236384500,T4T6,-0.00342
45,100000,surrogate,,I1,24926,24888,25241,24945,2,1.0,2851041188294720463,T4T6,0.00334
45,100000,surrogate,,I1,25015,25025,24922,25038,2,1.0,17902708957111189790,T4T6,-0.00126
45,100000,process,,I2,24902,24901,25169,25028,2,1.0,11534666285279717578,T4T6,0.00142
45,100000,process,,I2,24891,25182,25139,24788,2,1.0,6701308269834113756,T4T6,0.0006
45,100000,process,,I2,25043,24929,25234,24794,2,1.0,16844436219341708796,T4T6,0.00554
45,100000,process,,I2,25128,24909,24987,24976,2,1.0,3799878942677748239,T4T6,0.0023
45,100000,process,,I2,24811,25240,24853,25096,2,1.0,71165428807084060,T4T6,-0.00672
45,100000,process,,I2,25107,24832,25125,24936,2,1.0,7226156007002401135,T4T6,0.00464
45,100000,process,,I2,24804,25135,25112,24949,2,1.0,18019501429667011722,T4T6,-0.00168
45,100000,process,,I2,25053,24997,24860,25090,2,1.0,12587909795586314396,T4T6,-0.00174
45,100000,process,,I2,24859,24955,25177,25009,2,1.0,18379880227468646573,T4T6,0.00072
45,100000,process,,I2,25037,24991,25127,24845,2,1.0,17137890185865912589,T4T6,0.00328
45,100000,process,,I2,25035,24915,24922,25128,2,1.0,3537172483628456065,T4T6,-0.00086
45,100000,process,,I2,25253,24986,24786,24975,2,1.0,2492582774152616989,T4T6,0.00078
45,100000,process,,I2,25104,24810,25231,24855,2,1.0,13614109956979046060,T4T6,0.0067
45,100000,process,,I2,25078,25276,24831,24815,2,1.0,1086096145631157081,T4T6,-0.00182
45,100000,process,,I2,25148,24756,25091,25005,2,1.0,12282969610123349750,T4T6,0.00478
45,100000,process,,I2,24872,25268,25037,24823,2,1.0,15077739346288432325,T4T6,-0.00182
45,100000,process,,I2,24821,24915,25126,25138,2,1.0,345264214049089586,T4T6,-0.00106
45,100000,process,,I2,25013,25098,24947,24942,2,1.0,2845297461991528818,T4T6,-0.0008
45,100000,process,,I2,25215,24934,25029,24822,2,1.0,9471626371946993133,T4T6,0.00488
45,100000,process,,I2,25094,24916,24994,24996,2,1.0,15647385938173139838,T4T6,0.00176
45,100000,automaton,,I2,25419,24968,24819,24794,2,1.0,14760283712284066611,T4T6,0.00476
45,100000,automaton,,I2,25282,24788,24857,25073,2,1.0,16004523722735823390,T4T6,0.00278
45,100000,automaton,,I2,24839,24966,25169,25026,2,1.0,6726507474266221968,T4T6,0.00016
45,100000,automaton,,I2,25000,24923,25100,24977,2,1.0,6193896535068043126,T4T6,0.002
45,100000,automaton,,I2,25029,24895,24999,25077,2,1.0,11897401484962750925,T4T6,0.00056
45,100000,automaton,,I2,25053,25122,24914,24911,2,1.0,14750463036568533135,T4T6,-0.00066
45,100000,automaton,,I2,25001,24878,24978,25143,2,1.0,1295347035800222308,T4T6,-0.00042
45,100000,automaton,,I2,25009,24981,25045,24965,2,1.0,11045729461042755677,T4T6,0.00108
45,100000,automaton,,I2,24960,25085,25049,24906,2,1.0,3471376392048805345,T4T6,0.00018
45,100000,automaton,,I2,24814,25234,24966,24986,2,1.0,7713664275510489258,T4T6,-0.0044
45,100000,automaton,,I2,24944,24915,25006,25135,2,1.0,5196637397162618166,T4T6,-0.001
45,100000,automaton,,I2,25247,24913,24923,24917,2,1.0,12434028836064724625,T4T6,0.0034
45,100000,automaton,,I2,24855,25122,24772,25251,2,1.0,6794573447089661564,T4T6,-0.00746
45,100000,automaton,,I2,25171,25126,25021,24682,2,1.0,17597673400914791585,T4T6,0.00384
45,100000,automaton,,I2,24841,24963,25181,25015,2,1.0,6400996616752274980,T4T6,0.00044
45,100000,automaton,,I2,24682,25157,25086,25075,2,1.0,17646009110606657767,T4T6,-0.00464
45,100000,automaton,,I2,24907,25056,24966,25071,2,1.0,12165307519977604265,T4T6,-0.00254
45,100000,automaton,,I2,24931,25129,25011,24929,2,1.0,2731337178183540840,T4T6,-0.00116
45,100000,automaton,,I2,24938,24877,25162,25023,2,1.0,12760469478301487121,T4T6,0.002
45,100000,automaton,,I2,25090,24934,25123,24853,2,1.0,8940645130012576465,T4T6,0.00426
45,100000,surrogate,,I2,25235,24913,24798,25054,2,1.0,5772522640063181365,T4T6,0.00066
45,100000,surrogate,,I2,24921,25004,25028,25047,2,1.0,12513933683597818732,T4T6,-0.00102
45,100000,surrogate,,I2,24792,25250,25128,24830,2,1.0,14889459125598100793,T4T6,-0.0016
45,100000,surrogate,,I2,24966,24956,25067,25011,2,1.0,2057239962432548375,T4T6,0.00066
45,100000,surrogate,,I2,24788,25116,24950,25146,2,1.0,2324478613085217593,T4T6,-0.00524
45,100000,surrogate,,I2,24808,24877,25084,25231,2,1.0,2388300159365769545,T4T6,-0.00216
45,100000,surrogate,,I2,25086,25011,24977,24926,2,1.0,1628078731270956217,T4T6,0.00126
45,100000,surrogate,,I2,25098,24880,25121,24901,2,1.0,1198573169539829383,T4T6,0.00438
45,100000,surrogate,,I2,24745,25048,25248,24959,2,1.0,14557702358529769364,T4T6,-0.00014
45,100000,surrogate,,I2,25065,24972,24969,24994,2,1.0,2759429928996855440,T4T6,0.00068
45,100000,surrogate,,I2,24922,25111,25094,24873,2,1.0,7778944276302815907,T4T6,0.00032
45,100000,surrogate,,I2,24887,24940,25284,24889,2,1.0,13625205313493402776,T4T6,0.00342
45,100000,surrogate,,I2,25071,25037,24783,25109,2,1.0,1061087223845794751,T4T6,-0.00292
45,100000,surrogate,,I2,24920,24724,25036,25320,2,1.0,10931683154565760612,T4T6,-0.00088
45,100000,surrogate,,I2,25165,24846,24825,25164,2,1.0,2875665871076977785,T4T6,-0.0002
45,100000,surrogate,,I2,25101,24935,24786,25178,2,1.0,9038008188850122446,T4T6,-0.00226
45,100000,surrogate,,I2,24859,24908,25277,24956,2,1.0,10729787691773232297,T4T6,0.00272
45,100000,surrogate,,I2,25018,24825,25009,25148,2,1.0,3802777306432294360,T4T6,0.00054
45,100000,surrogate,,I2,24869,24894,25048,25189,2,1.0,11176332554889250770,T4T6,-0.00166
45,100000,surrogate,,I2,25189,25109,24833,24869,2,1.0,17803558436437879990,T4T6,0.00044
45,100000,process,0.6023,I3,25043,25030,25037,24890,2,1.0,8652312715507960289,T4T6,0.0016
45,100000,process,0.59492,I3,24893,25143,24962,25002,2,1.0,12768817773831356756,T4T6,-0.0029
45,100000,process,0.6021,I3,25119,24896,25173,24812,2,1.0,13404181221824309568,T4T6,0.00584
45,100000,process,0.6035,I3,24953,24741,25134,25172,2,1.0,12231389056122382178,T4T6,0.00174
45,100000,process,0.6002,I3,24898,25157,24965,24980,2,1.0,5900985318897290610,T4T6,-0.00274
45,100000,process,0.60152,I3,25266,24805,25026,24903,2,1.0,12197101750806043699,T4T6,0.00584
45,100000,process,0.59944,I3,24978,24984,25226,24812,2,1.0,17002556122130638804,T4T6,0.00408
45,100000,process,0.59446,I3,25036,24997,24831,25136,2,1.0,17294006760433108509,T4T6,-0.00266
45,100000,process,0.60094,I3,25067,24780,25101,25052,2,1.0,5827588576184467597,T4T6,0.00336
45,100000,process,0.6013,I3,25057,25086,24980,24877,2,1.0,14445806109956997656,T4T6,0.00074
45,100000,process,0.59714,I3,24909,24913,25052,25126,2,1.0,1860513835877676367,T4T6,-0.00078
45,100000,process,0.60162,I3,25011,25128,24955,24906,2,1.0,11913229926260757875,T4T6,-0.00068
45,100000,process,0.59658,I3,25067,24969,24859,25105,2,1.0,2790707326750866268,T4T6,-0.00148
45,100000,process,0.60028,I3,24894,25090,24968,25048,2,1.0,15210522753513990536,T4T6,-0.00276
45,100000,process,0.60012,I3,25019,25108,25017,24856,2,1.0,8474786020309231899,T4T6,0.00072
45,100000,process,0.60308,I3,25018,24996,25082,24904,2,1.0,8751741427126000574,T4T6,0.002
45,100000,process,0.59896,I3,24837,24773,25319,25071,2,1.0,14201942264620321109,T4T6,0.00312
45,100000,process,0.60276,I3,25052,24986,24843,25119,2,1.0,732224802295111934,T4T6,-0.0021
45,100000,process,0.59924,I3,24954,24897,25041,25108,2,1.0,3765052987503413011,T4T6,-0.0001
45,100000,process,0.60338,I3,25014,25276,24809,24901,2,1.0,3990912634732579214,T4T6,-0.00354
45,100000,automaton,0.5981,I3,24847,24869,25092,25192,2,1.0,11721960664244575353,T4T6,-0.00122
45,100000,automaton,0.59792,I3,25113,24932,24958,24997,2,1.0,13194025325758828085,T4T6,0.00142
45,100000,automaton,0.60126,I3,25246,24945,24979,24830,2,1.0,1171152546399385479,T4T6,0.0045
45,100000,automaton,0.59534,I3,24906,25113,24955,25026,2,1.0,11272841640082512225,T4T6,-0.00278
45,100000,automaton,0.60526,I3,24938,24952,25206,24904,2,1.0,983463314654488242,T4T6,0.00288
45,100000,automaton,0.59768,I3,25038,25126,24649,25187,2,1.0,1267563360140977367,T4T6,-0.00626
45,100000,automaton,0.59882,I3,24892,25265,24945,24898,2,1.0,17386692837212564148,T4T6,-0.00326
45,100000,automaton,0.60046,I3,24933,24833,25259,24975,2,1.0,16631424032011147028,T4T6,0.00384
45,100000,automaton,0.59898,I3,24999,25055,24902,25044,2,1.0,8179413840471722116,T4T6,-0.00198
45,100000,automaton,0.60254,I3,25354,24778,24807,25061,2,1.0,1893199089154543192,T4T6,0.00322
45,100000,automaton,0.60376,I3,24992,24903,25153,24952,2,1.0,2219098447441705732,T4T6,0.0029
45,100000,automaton,0.59588,I3,25035,25197,24915,24853,2,1.0,16031454284381451779,T4T6,-0.001
45,100000,automaton,0.6007,I3,24592,25141,25229,25038,2,1.0,14388888938706736767,T4T6,-0.00358
45,100000,automaton,0.60002,I3,25008,25017,25104,24871,2,1.0,5713021388115551270,T4T6,0.00224
45,100000,automaton,0.60182,I3,25169,24942,24869,25020,2,1.0,429427350552480647,T4T6,0.00076
45,100000,automaton,0.59528,I3,24815,25004,25128,25053,2,1.0,2169460592564119425,T4T6,-0.00114
45,100000,automaton,0.6,I3,25334,24730,24904,25032,2,1.0,10534916684874498521,T4T6,0.00476
45,100000,automaton,0.59546,I3,25024,25084,25011,24881,2,1.0,8781290351826678480,T4T6,0.0007
45,100000,automaton,0.60328,I3,25107,25239,24774,24880,2,1.0,725817845549626835,T4T6,-0.00238
45,100000,automaton,0.60108,I3,24920,25096,24834,25150,2,1.0,12504506093312936112,T4T6,-0.00492
45,100000,surrogate,0.59958,I3,24884,25064,25006,25046,2,1.0,9034653942567752171,T4T6,-0.0022
45,100000,surrogate,0.60202,I3,25038,24779,25037,25146,2,1.0,5780581644032364791,T4T6,0.0015
45,100000,surrogate,0.5988,I3,25094,24836,25124,24946,2,1.0,16080411882064339922,T4T6,0.00436
45,100000,surrogate,0.59744,I3,25079,25015,24918,24988,2,1.0,10852030172771655029,T4T6,-6e-05
45,100000,surrogate,0.60482,I3,24992,25115,24828,25065,2,1.0,5988768054221714972,T4T6,-0.0036
45,100000,surrogate,0.60028,I3,24977,25090,24974,24959,2,1.0,2452070759762826582,T4T6,-0.00098
45,100000,surrogate,0.59328,I3,25258,24920,24858,24964,2,1.0,1834528394525056711,T4T6,0.00232
45,100000,surrogate,0.60268,I3,25295,24882,24993,24830,2,1.0,10661629048222083605,T4T6,0.00576
45,100000,surrogate,0.59672,I3,25124,24773,25177,24926,2,1.0,18199478855525967781,T4T6,0.00602
45,100000,surrogate,0.59912,I3,25042,24788,24801,25369,2,1.0,13597845312752679700,T4T6,-0.00314
45,100000,surrogate,0.60124,I3,25346,24894,24839,24921,2,1.0,13202651789942647542,T4T6,0.0037
45,100000,surrogate,0.60184,I3,25102,25239,24945,24714,2,1.0,13863139782893317027,T4T6,0.00094
45,100000,surrogate,0.59896,I3,25048,24891,25001,25060,2,1.0,13591506403147050408,T4T6,0.00098
45,100000,surrogate,0.59882,I3,25107,24982,24798,25113,2,1.0,14678379058433411254,T4T6,-0.0019
45,100000,surrogate,0.60112,I3,25083,24889,24962,25066,2,1.0,9611292463300332447,T4T6,0.0009
45,100000,surrogate,0.598,I3,24972,24994,25016,25018,2,1.0,10477237181494584771,T4T6,-0.00024
45,100000,surrogate,0.59976,I3,24939,25131,24862,25068,2,1.0,16860817172002634549,T4T6,-0.00398
45,100000,surrogate,0.60156,I3,24941,24857,25118,25084,2,1.0,16689739769328308473,T4T6,0.00118
45,100000,surrogate,0.5994,I3,25035,24867,24986,25112,2,1.0,17218528279731468906,T4T6,0.00042
45,100000,surrogate,0.5996,I3,24973,24878,25005,25144,2,1.0,11179782585873685314,T4T6,-0.00044
60,100000,process,,I1,24917,75083,0,0,1,1.0,15063112331927339891,T4T6,1.0
60,100000,process,,I1,25212,74788,0,0,1,1.0,15427897134425443940,T4T6,1.0
60,100000,process,,I1,25213,74787,0,0,1,1.0,2359736645946721836,T4T6,1.0
60,100000,process,,I1,25037,74963,0,0,1,1.0,14358590435687007602,T4T6,1.0
60,100000,process,,I1,25197,74803,0,0,1,1.0,6513045355578525302,T4T6,1.0
60,100000,process,,I1,25132,74868,0,0,1,1.0,5339131888046011367,T4T6,1.0
60,100000,process,,I1,24975,75025,0,0,1,1.0,852751760386524846,T4T6,1.0
60,100000,process,,I1,24801,75199,0,0,1,1.0,1178622500935188720,T4T6,1.0
60,100000,process,,I1,24910,75090,0,0,1,1.0,9664243608149916963,T4T6,1.0
60,100000,process,,I1,24945,75055,0,0,1,1.0,8595377241676307603,T4T6,1.0
60,100000,process,,I1,24956,75044,0,0,1,1.0,16311135848258537938,T4T6,1.0
60,100000,process,,I1,25033,74967,0,0,1,1.0,17941602478022927439,T4T6,1.0
60,100000,process,,I1,24931,75069,0,0,1,1.0,3195326464707876328,T4T6,1.0
60,100000,process,,I1,25101,74899,0,0,1,1.0,16171058998829907234,T4T6,1.0
60,100000,process,,I1,25034,74966,0,0,1,1.0,13519965621923756584,T4T6,1.0
60,100000,process,,I1,24973,75027,0,0,1,1.0,1514023945174908641,T4T6,1.0
60,100000,process,,I1,25083,74917,0,0,1,1.0,1241100845279718593,T4T6,1.0
60,100000,process,,I1,25105,74895,0,0,1,1.0,18145172052162281515,T4T6,1.0
60,100000,process,,I1,24916,75084,0,0,1,1.0,5692563205226573643,T4T6,1.0
60,100000,process,,I1,24815,75185,0,0,1,1.0,9998456021436114197,T4T6,1.0
60,100000,automaton,,I1,25329,74671,0,0,1,1.0,17018552036387932655,T4T6,1.0
60,100000,automaton,,I1,25226,74774,0,0,1,1.0,13375897965886046736,T4T6,1.0
60,100000,automaton,,I1,24902,75098,0,0,1,1.0,3016249205947825177,T4T6,1.0
60,100000,automaton,,I1,24716,75284,0,0,1,1.0,18111751342475599564,T4T6,1.0
60,100000,automaton,,I1,24757,75243,0,0,1,1.0,16241913950359532981,T4T6,1.0
60,100000,automaton,,I1,25046,74954,0,0,1,1.0,7589298480791974601,T4T6,1.0
60,100000,automaton,,I1,25086,74914,0,0,1,1.0,2139688478239538682,T4T6,1.0
60,100000,automaton,,I1,24868,75132,0,0,1,1.0,5619413964668100038,T4T6,1.0
60,100000,automaton,,I1,24951,75049,0,0,1,1.0,15328487432243215963,T4T6,1.0
60,100000,automaton,,I1,24920,75080,0,0,1,1.0,11980138674310376552,T4T6,1.0
60,100000,automaton,,I1,24830,75170,0,0,1,1.0,17635952794982205287,T4T6,1.0
60,100000,automaton,,I1,24883,75117,0,0,1,1.0,9710013895847429890,T4T6,1.0
60,100000,automaton,,I1,24892,75108,0,0,1,1.0,14896025880167143907,T4T6,1.0
60,100000,automaton,,I1,24817,75183,0,0,1,1.0,6581314431376529040,T4T6,1.0
60,100000,automaton,,I1,25093,74907,0,0,1,1.0,15092501230632413601,T4T6,1.0
60,100000,automaton,,I1,25090,74910,0,0,1,1.0,17240707907122657628,T4T6,1.0
60,100000,automaton,,I1,24896,75104,0,0,1,1.0,4700335053284964308,T4T6,1.0
60,100000,automaton,,I1,24991,75009,0,0,1,1.0,1454712304310283789,T4T6,1.0
60,100000,automaton,,I1,25154,74846,0,0,1,1.0,15904542915618867392,T4T6,1.0
60,100000,automaton,,I1,25175,74825,0,0,1,1.0,14504529730476550913,T4T6,1.0
60,100000,surrogate,,I1,24975,75025,0,0,1,1.0,17485219543539843950,T4T6,1.0
60,100000,surrogate,,I1,25228,74772,0,0,1,1.0,11180778772792427092,T4T6,1.0
60,100000,surrogate,,I1,25101,74899,0,0,1,1.0,13466115716027172142,T4T6,1.0
60,100000,surrogate,,I1,24880,75120,0,0,1,1.0,15458295085974622996,T4T6,1.0
60,100000,surrogate,,I1,24981,75019,0,0,1,1.0,12313057035591047085,T4T6,1.0
60,100000,surrogate,,I1,25076,74924,0,0,1,1.0,6630243988992621548,T4T6,1.0
60,100000,surrogate,,I1,24883,75117,0,0,1,1.0,7133896239219477230,T4T6,1.0
60,100000,surrogate,,I1,25236,74764,0,0,1,1.0,486564861241931783,T4T6,1.0
60,100000,surrogate,,I1,24942,75058,0,0,1,1.0,17467274074993847525,T4T6,1.0
60,100000,surrogate,,I1,24778,75222,0,0,1,1.0,8586401935227621781,T4T6,1.0
60,100000,surrogate,,I1,25055,74945,0,0,1,1.0,11126129888033649507,T4T6,1.0
60,100000,surrogate,,I1,25165,74835,0,0,1,1.0,3057220679358701814,T4T6,1.0
60,100000,surrogate,,I1,25023,74977,0,0,1,1.0,15424237197014177518,T4T6,1.0
60,100000,surrogate,,I1,25109,74891,0,0,1,1.0,13402235559869808322,T4T6,1.0
60,100000,surrogate,,I1,24774,75226,0,0,1,1.0,16854309634044166953,T4T6,1.0
60,100000,surrogate,,I1,24856,75144,0,0,1,1.0,17785995524243911237,T4T6,1.0
60,100000,surrogate,,I1,24796,75204,0,0,1,1.0,13664011798207478155,T4T6,1.0
60,100000,surrogate,,I1,24749,75251,0,0,1,1.0,9499763154081361159,T4T6,1.0
60,100000,surrogate,,I1,25114,74886,0,0,1,1.0,2568633832653665349,T4T6,1.0
60,100000,surrogate,,I1,24974,75026,0,0,1,1.0,14079768814570749263,T4T6,1.0
60,100000,process,,I2,12413,37840,37234,12513,1,1.0,11512177491214971778,T4T6,0.00506
60,100000,process,,I2,12642,37358,37472,12528,1,1.0,8871822545189591290,T4T6,0.0
60,100000,process,,I2,12489,37491,37570,12450,1,1.0,4679257220865742761,T4T6,-0.0004
60,100000,process,,I2,12486,37291,37601,12622,1,1.0,13538058046305101841,T4T6,-0.00446
60,100000,process,,I2,12606,37542,37337,12515,1,1.0,13100388358888641781,T4T6,0.00296
60,100000,process,,I2,12636,37396,37423,12545,1,1.0,3229746241695854486,T4T6,0.00064
60,100000,process,,I2,12417,37528,37495,12560,1,1.0,2447359533264571169,T4T6,-0.0011
60,100000,process,,I2,12395,37558,37516,12531,1,1.0,11587503092577080848,T4T6,-0.00094
60,100000,process,,I2,12561,37420,37522,12497,1,1.0,8078274337342238002,T4T6,-0.00038
60,100000,process,,I2,12335,37695,37549,12421,1,1.0,12809823799680209494,T4T6,0.0006
60,100000,process,,I2,12464,37514,37582,12440,1,1.0,9597105774975771006,T4T6,-0.00044
60,100000,process,,I2,12542,37553,37413,12492,1,1.0,15218857135663544795,T4T6,0.0019
60,100000,process,,I2,12600,37674,37310,12416,1,1.0,1758988455009338441,T4T6,0.00548
60,100000,process,,I2,12619,37883,37147,12351,1,1.0,6825360599427872689,T4T6,0.01004
60,100000,process,,I2,12528,37426,37468,12578,1,1.0,15957090670678970469,T4T6,-0.00092
60,100000,process,,I2,12458,37824,37104,12614,1,1.0,1709340265585843066,T4T6,0.00564
60,100000,process,,I2,12424,37462,37667,12447,1,1.0,15316096334225479691,T4T6,-0.00228
60,100000,process,,I2,12400,37325,37600,12675,1,1.0,3261786181251777362,T4T6,-0.0055
60,100000,process,,I2,12734,37543,37161,12562,1,1.0,2374415510827879580,T4T6,0.00554
60,100000,process,,I2,12534,37402,37456,12608,1,1.0,7256962355846158659,T4T6,-0.00128
60,100000,automaton,,I2,12519,37691,37386,12404,1,1.0,10326006037039634030,T4T6,0.0042
60,100000,automaton,,I2,12313,37512,37556,12619,1,1.0,17934698326057641384,T4T6,-0.0035
60,100000,automaton,,I2,12291,37464,37766,12479,1,1.0,2469336394474913991,T4T6,-0.0049
60,100000,automaton,,I2,12442,37711,37349,12498,1,1.0,8022555373477404874,T4T6,0.00306
60,100000,automaton,,I2,12500,37624,37441,12435,1,1.0,15231563044441888483,T4T6,0.00248
60,100000,automaton,,I2,12564,37325,37504,12607,1,1.0,15101811265830644816,T4T6,-0.00222
60,100000,automaton,,I2,12546,37264,37557,12633,1,1.0,17640948495011405512,T4T6,-0.0038
60,100000,automaton,,I2,12600,37519,37354,12527,1,1.0,7040837273357647827,T4T6,0.00238
60,100000,automaton,,I2,12653,37122,37650,12575,1,1.0,12414368525598871574,T4T6,-0.0045
60,100000,automaton,,I2,12317,37743,37271,12669,1,1.0,17595084822333078047,T4T6,0.0012
60,100000,automaton,,I2,12484,37302,37693,12521,1,1.0,15679355945471759252,T4T6,-0.00428
60,100000,automaton,,I2,12520,37523,37456,12501,1,1.0,17651289836290263499,T4T6,0.00086
60,100000,automaton,,I2,12501,37407,37589,12503,1,1.0,14714862488648559297,T4T6,-0.00184
60,100000,automaton,,I2,12382,37450,37617,12551,1,1.0,8318962986413334547,T4T6,-0.00336
60,100000,automaton,,I2,12582,37255,37516,12647,1,1.0,14291954658853327318,T4T6,-0.00326
60,100000,automaton,,I2,12653,37369,37530,12448,1,1.0,6037812084684388878,T4T6,0.00044
60,100000,automaton,,I2,12397,37790,37194,12619,1,1.0,5355720469123138115,T4T6,0.00374
60,100000,automaton,,I2,12590,37519,37470,12421,1,1.0,15469143063621514055,T4T6,0.00218
60,100000,automaton,,I2,12424,37598,37420,12558,1,1.0,16408741974149103197,T4T6,0.00044
60,100000,automaton,,I2,12496,37139,37679,12686,1,1.0,12846003743244991396,T4T6,-0.0073
60,100000,surrogate,,I2,18782,31177,31455,18586,1,1.0,7523437401932368634,T4T6,-0.00082
60,100000,surrogate,,I2,18794,31359,31144,18703,1,1.0,3032434466854394104,T4T6,0.00306
60,100000,surrogate,,I2,18810,30938,31524,18728,1,1.0,15754697989943158876,T4T6,-0.00504
60,100000,surrogate,,I2,18575,31311,31030,19084,1,1.0,4636902831960138650,T4T6,-0.00228
60,100000,surrogate,,I2,18775,31376,31124,18725,1,1.0,6812113048688805254,T4T6,0.00302
60,100000,surrogate,,I2,18922,31276,31108,18694,1,1.0,14159588604493109459,T4T6,0.00396
60,100000,surrogate,,I2,18809,31102,31426,18663,1,1.0,2698805222297670901,T4T6,-0.00178
60,100000,surrogate,,I2,18757,31402,31191,18650,1,1.0,9917937483726870530,T4T6,0.00318
60,100000,surrogate,,I2,19108,31033,31065,18794,1,1.0,11011293000171234374,T4T6,0.00282
60,100000,surrogate,,I2,18748,30977,31644,18631,1,1.0,14063794285127753697,T4T6,-0.0055
60,100000,surrogate,,I2,18685,31178,31331,18806,1,1.0,5351106827265801580,T4T6,-0.00274
60,100000,surrogate,,I2,18739,31240,31355,18666,1,1.0,18082453682240760665,T4T6,-0.00042
60,100000,surrogate,,I2,18821,31490,30875,18814,1,1.0,8758077573340353729,T4T6,0.00622
60,100000,surrogate,,I2,18832,31347,31216,18605,1,1.0,1196348069803686808,T4T6,0.00358
60,100000,surrogate,,I2,18823,31129,31324,18724,1,1.0,17438499404415875400,T4T6,-0.00096
60,100000,surrogate,,I2,18439,31733,31044,18784,1,1.0,6715045355883495941,T4T6,0.00344
60,100000,surrogate,,I2,18926,31274,31201,18599,1,1.0,4346957432394175055,T4T6,0.004
60,100000,surrogate,,I2,18547,31336,31186,18931,1,1.0,13291474641325763706,T4T6,-0.00234
60,100000,surrogate,,I2,18890,31023,31305,18782,1,1.0,6660196173795020291,T4T6,-0.00174
60,100000,surrogate,,I2,18670,31573,31001,18756,1,1.0,11305959438854559637,T4T6,0.00486
60,100000,process,0.60456,I3,18727,56431,18808,6034,1,1.0,14343673537486943467,T4T6,0.50316
60,100000,process,0.60026,I3,18618,56436,18599,6347,1,1.0,2706078626687320731,T4T6,0.50108
60,100000,process,0.60234,I3,18885,56106,18757,6252,1,1.0,5837310549517103057,T4T6,0.49982
60,100000,process,0.60142,I3,18678,56440,18555,6327,1,1.0,2844484165250665016,T4T6,0.50236
60,100000,process,0.60184,I3,18767,56367,18655,6211,1,1.0,7617222705645516933,T4T6,0.50268
60,100000,process,0.60068,I3,18730,56360,18718,6192,1,1.0,13476232368592615989,T4T6,0.5018
60,100000,process,0.60198,I3,18810,56245,18776,6169,1,1.0,3438394614005931867,T4T6,0.5011
60,100000,process,0.60034,I3,18690,56230,18812,6268,1,1.0,5671656461560648239,T4T6,0.4984
60,100000,process,0.60096,I3,18954,56103,18820,6123,1,1.0,14032731640625997346,T4T6,0.50114
60,100000,process,0.60278,I3,18761,56388,18583,6268,1,1.0,12363682076277679265,T4T6,0.50298
60,100000,process,0.6023,I3,18870,56230,18672,6228,1,1.0,6928433047465634628,T4T6,0.502
60,100000,process,0.59908,I3,18799,56157,18825,6219,1,1.0,15398301407862262662,T4T6,0.49912
60,100000,process,0.6043,I3,18699,56515,18640,6146,1,1.0,3792630010726501114,T4T6,0.50428
60,100000,process,0.60374,I3,18769,56383,18679,6169,1,1.0,2101619630924798115,T4T6,0.50304
60,100000,process,0.60166,I3,18868,56011,18926,6195,1,1.0,18210127024207419696,T4T6,0.49758
60,100000,process,0.60194,I3,18604,56422,18654,6320,1,1.0,10785187129817277087,T4T6,0.50052
60,100000,process,0.59846,I3,18721,56210,18781,6288,1,1.0,10355210457236856162,T4T6,0.49862
60,100000,process,0.60318,I3,18817,56314,18647,6222,1,1.0,14394073723917263314,T4T6,0.50262
60,100000,process,0.59986,I3,18900,56135,18713,6252,1,1.0,4220847223004719877,T4T6,0.5007
60,100000,process,0.6035,I3,18800,56312,18688,6200,1,1.0,257216203147124805,T4T6,0.50224
60,100000,automaton,0.59894,I3,18856,56139,18722,6283,1,1.0,10019143949858864542,T4T6,0.4999
60,100000,automaton,0.59724,I3,18526,56389,18963,6122,1,1.0,10940825087178717991,T4T6,0.4983
60,100000,automaton,0.59906,I3,18563,56432,18752,6253,1,1.0,9804559859283102528,T4T6,0.4999
60,100000,automaton,0.59448,I3,18909,55814,18954,6323,1,1.0,3374027697507300299,T4T6,0.49446
60,100000,automaton,0.5995,I3,18789,56085,18852,6274,1,1.0,8821398552424653236,T4T6,0.49748
60,100000,automaton,0.59754,I3,18914,56039,18874,6173,1,1.0,9772042999898543001,T4T6,0.49906
60,100000,automaton,0.59766,I3,18800,56266,18783,6151,1,1.0,4213135613967786363,T4T6,0.50132
60,100000,automaton,0.59618,I3,18625,56177,18828,6370,1,1.0,11824174264313210859,T4T6,0.49604
60,100000,automaton,0.59778,I3,18893,55980,18823,6304,1,1.0,4852914751046413509,T4T6,0.49746
60,100000,automaton,0.60028,I3,18803,56185,18691,6321,1,1.0,12471504809932572113,T4T6,0.49976
60,100000,automaton,0.59976,I3,18738,56200,18704,6358,1,1.0,8896803567770024444,T4T6,0.49876
60,100000,automaton,0.60342,I3,18559,56459,18669,6313,1,1.0,6410469696385334459,T4T6,0.50036
60,100000,automaton,0.5984,I3,18736,56159,18857,6248,1,1.0,5465492320336067036,T4T6,0.4979
60,100000,automaton,0.59996,I3,18936,56071,18741,6252,1,1.0,2597423954377322885,T4T6,0.50014
60,100000,automaton,0.59852,I3,18577,56340,18866,6217,1,1.0,7933423448593903032,T4T6,0.49834
60,100000,automaton,0.60188,I3,18692,56432,18810,6066,1,1.0,11281087033597488863,T4T6,0.50248
60,100000,automaton,0.60036,I3,18775,56380,18573,6272,1,1.0,15108374874618620828,T4T6,0.5031
60,100000,automaton,0.60126,I3,18861,56232,18672,6235,1,1.0,14941592557940875984,T4T6,0.50186
60,100000,automaton,0.59914,I3,18491,56439,18787,6283,1,1.0,6652007482358871761,T4T6,0.4986
60,100000,automaton,0.60246,I3,18642,56534,18645,6179,1,1.0,5038554437512609430,T4T6,0.50352
60,100000,surrogate,0.60536,I3,21936,53239,15566,9259,1,1.0,17802081679245214137,T4T6,0.5035
60,100000,surrogate,0.60226,I3,22142,52924,15399,9535,1,1.0,14205630493563315565,T4T6,0.50132
60,100000,surrogate,0.59974,I3,22043,52858,15594,9505,1,1.0,4601772870588054052,T4T6,0.49802
60,100000,surrogate,0.59854,I3,21932,53057,15686,9325,1,1.0,16825325894528170797,T4T6,0.49978
60,100000,surrogate,0.59868,I3,22011,52883,15547,9559,1,1.0,24676767607098241,T4T6,0.49788
60,100000,surrogate,0.606,I3,21695,53380,15584,9341,1,1.0,18290695353208712599,T4T6,0.5015
60,100000,surrogate,0.59976,I3,21569,53417,15631,9383,1,1.0,13075814592089789498,T4T6,0.49972
60,100000,surrogate,0.60466,I3,21904,53287,15592,9217,1,1.0,6855759892619954562,T4T6,0.50382
60,100000,surrogate,0.5988,I3,22012,53008,15553,9427,1,1.0,17239329475939737653,T4T6,0.5004
60,100000,surrogate,0.60082,I3,21820,53086,15624,9470,1,1.0,17102865085578601416,T4T6,0.49812
60,100000,surrogate,0.60106,I3,21911,53291,15507,9291,1,1.0,2651741513631608332,T4T6,0.50404
60,100000,surrogate,0.59982,I3,21987,52920,15746,9347,1,1.0,7318582737959481726,T4T6,0.49814
60,100000,surrogate,0.6027,I3,21808,53296,15608,9288,1,1.0,11628083992474080130,T4T6,0.50208
60,100000,surrogate,0.6024,I3,21834,53268,15494,9404,1,1.0,3839491389374097378,T4T6,0.50204
60,100000,surrogate,0.60152,I3,21843,53193,15637,9327,1,1.0,5187321375002253455,T4T6,0.50072
60,100000,surrogate,0.59962,I3,21790,53165,15674,9371,1,1.0,16782584428206767757,T4T6,0.4991
60,100000,surrogate,0.59702,I3,21972,52993,15641,9394,1,1.0,17550462302279554785,T4T6,0.4993
60,100000,surrogate,0.60112,I3,21934,53064,15667,9335,1,1.0,1925647856639492413,T4T6,0.49996
60,100000,surrogate,0.59914,I3,21665,53178,15662,9495,1,1.0,18165410591965908636,T4T6,0.49686
60,100000,surrogate,0.5947,I3,21902,52988,15812,9298,1,1.0,14791506110613803985,T4T6,0.4978
60,100000,process,,I1,6348,18744,56191,18717,2,1.0,2046205697782524443,T4T6,0.25078
60,100000,process,,I1,6181,18897,56350,18572,2,1.0,10176753286801346413,T4T6,0.25062
60,100000,process,,I1,6199,18822,56445,18534,2,1.0,4250024841622738767,T4T6,0.25288
60,100000,process,,I1,6192,18685,56426,18697,2,1.0,17803753828423559328,T4T6,0.25236
60,100000,process,,I1,6132,18825,56186,18857,2,1.0,1161794806358725134,T4T6,0.24636
60,100000,process,,I1,6310,18792,56302,18596,2,1.0,9785172381129704622,T4T6,0.25224
60,100000,process,,I1,6158,18519,56477,18846,2,1.0,18435613898468125672,T4T6,0.2527
60,100000,process,,I1,6239,18806,56327,18628,2,1.0,11431307399616586568,T4T6,0.25132
60,100000,process,,I1,6206,18845,56166,18783,2,1.0,3348828034294860331,T4T6,0.24744
60,100000,process,,I1,6149,18764,56367,18720,2,1.0,11958073240171544235,T4T6,0.25032
60,100000,process,,I1,6325,18469,56389,18817,2,1.0,15639319214743914339,T4T6,0.25428
60,100000,process,,I1,6149,18743,56456,18652,2,1.0,6603035266635513789,T4T6,0.2521
60,100000,process,,I1,6230,18743,56301,18726,2,1.0,12041209462065357856,T4T6,0.25062
60,100000,process,,I1,6204,18728,56263,18805,2,1.0,1673056999976581142,T4T6,0.24934
60,100000,process,,I1,6201,19122,55856,18821,2,1.0,2271807467926093832,T4T6,0.24114
60,100000,process,,I1,6122,18738,56263,18877,2,1.0,2998412389647995020,T4T6,0.2477
60,100000,process,,I1,6249,18763,56200,18788,2,1.0,9652205786637061600,T4T6,0.24898
60,100000,process,,I1,6251,18732,56461,18556,2,1.0,9917085374851931687,T4T6,0.25424
60,100000,process,,I1,6279,18710,56412,18599,2,1.0,6856491556942072953,T4T6,0.25382
60,100000,process,,I1,6321,18771,56132,18776,2,1.0,3159034736848045258,T4T6,0.24906
60,100000,automaton,,I1,6327,18712,56174,18787,2,1.0,11675909386244211149,T4T6,0.25002
60,100000,automaton,,I1,6156,18609,56425,18810,2,1.0,6932091554821711725,T4T6,0.25162
60,100000,automaton,,I1,6199,18900,56158,18743,2,1.0,10210765188865705617,T4T6,0.24714
60,100000,automaton,,I1,6311,18679,56059,18951,2,1.0,13893790956283324613,T4T6,0.2474
60,100000,automaton,,I1,6354,18799,56193,18654,2,1.0,11516225923781050552,T4T6,0.25094
60,100000,automaton,,I1,6220,18759,56198,18823,2,1.0,11891731666413148126,T4T6,0.24836
60,100000,automaton,,I1,6164,18756,56458,18622,2,1.0,626723860293763586,T4T6,0.25244
60,100000,automaton,,I1,6242,18754,56322,18682,2,1.0,10552982117787544857,T4T6,0.25128
60,100000,automaton,,I1,6145,18946,55815,19094,2,1.0,17178259110473655478,T4T6,0.2392
60,100000,automaton,,I1,6310,18756,55897,19037,2,1.0,1175693311622595339,T4T6,0.24414
60,100000,automaton,,I1,6317,18803,56290,18590,2,1.0,13228265854688518179,T4T6,0.25214
60,100000,automaton,,I1,6205,18720,56349,18726,2,1.0,9124352033376963315,T4T6,0.25108
60,100000,automaton,,I1,6332,18691,56248,18729,2,1.0,8693847659938290264,T4T6,0.2516
60,100000,automaton,,I1,6184,18567,56489,18760,2,1.0,9048192986768396664,T4T6,0.25346
60,100000,automaton,,I1,6184,18477,56324,19015,2,1.0,16780074573179832998,T4T6,0.25016
60,100000,automaton,,I1,6220,18571,56448,18761,2,1.0,11359595896655152685,T4T6,0.25336
60,100000,automaton,,I1,6224,18425,56535,18816,2,1.0,17882990664495290146,T4T6,0.25518
60,100000,automaton,,I1,6219,18986,56314,18481,2,1.0,9080250847505046009,T4T6,0.25066
60,100000,automaton,,I1,6403,18477,56170,18950,2,1.0,2438823230724957350,T4T6,0.25146
60,100000,automaton,,I1,6368,18921,56239,18472,2,1.0,11776398827315124834,T4T6,0.25214
60,100000,surrogate,,I1,15523,9377,46981,28119,2,1.0,8917457483754195083,T4T6,0.25008
60,100000,surrogate,,I1,15646,9404,46742,28208,2,1.0,10138283231699235824,T4T6,0.24776
60,100000,surrogate,,I1,15551,9427,47162,27860,2,1.0,6044441147577862451,T4T6,0.25426
60,100000,surrogate,,I1,15669,9398,46504,28429,2,1.0,1820360309200934735,T4T6,0.24346
60,100000,surrogate,,I1,15548,9332,46941,28179,2,1.0,8657619143908116979,T4T6,0.24978
60,100000,surrogate,,I1,15603,9448,47051,27898,2,1.0,5270670890923562928,T4T6,0.25308
60,100000,surrogate,,I1,15680,9259,46869,28192,2,1.0,7410946429401382233,T4T6,0.25098
60,100000,surrogate,,I1,15676,9219,46869,28236,2,1.0,2997391455076450049,T4T6,0.2509
60,100000,surrogate,,I1,15253,9585,46996,28166,2,1.0,4477165785183612147,T4T6,0.24498
60,100000,surrogate,,I1,15837,9367,46982,27814,2,1.0,13724458880255091777,T4T6,0.25638
60,100000,surrogate,,I1,15532,9406,46942,28120,2,1.0,6663466505553240974,T4T6,0.24948
60,100000,surrogate,,I1,15474,9331,46898,28297,2,1.0,11419519336594870144,T4T6,0.24744
60,100000,surrogate,,I1,15745,9443,46721,28091,2,1.0,5722877399007357248,T4T6,0.24932
60,100000,surrogate,,I1,15816,9331,46919,27934,2,1.0,10456530760270112754,T4T6,0.2547
60,100000,surrogate,,I1,15726,9367,46792,28115,2,1.0,8879002024750001880,T4T6,0.25036
60,100000,surrogate,,I1,15823,9204,46878,28095,2,1.0,84575544916885371,T4T6,0.25402
60,100000,surrogate,,I1,15531,9296,47183,27990,2,1.0,15228375399731045874,T4T6,0.25428
60,100000,surrogate,,I1,15718,9326,46971,27985,2,1.0,10549936373707338958,T4T6,0.25378
60,100000,surrogate,,I1,15656,9590,46750,28004,2,1.0,4119163405130729626,T4T6,0.24812
60,100000,surrogate,,I1,15573,9425,46828,28174,2,1.0,2611013381341518370,T4T6,0.24802
60,100000,process,,I2,12636,37337,37528,12499,2,1.0,830355472839304978,T4T6,0.00328
60,100000,process,,I2,12452,37575,37611,12362,2,1.0,11521400741818697892,T4T6,0.00126
60,100000,process,,I2,12298,37437,37616,12649,2,1.0,9090941885307973800,T4T6,-0.00172
60,100000,process,,I2,12525,37305,37536,12634,2,1.0,10795061369987875077,T4T6,0.00122
60,100000,process,,I2,12417,37633,37343,12607,2,1.0,5139631621097217461,T4T6,-0.0048
60,100000,process,,I2,12387,37603,37422,12588,2,1.0,3041870826537968542,T4T6,-0.00382
60,100000,process,,I2,12462,37316,37669,12553,2,1.0,16119638929680560137,T4T6,0.00262
60,100000,process,,I2,12660,37383,37413,12544,2,1.0,1021251164511874018,T4T6,0.00146
60,100000,process,,I2,12579,37147,37892,12382,2,1.0,6701409185591795360,T4T6,0.00942
60,100000,process,,I2,12558,37613,37305,12524,2,1.0,1318264760011057512,T4T6,-0.00274
60,100000,process,,I2,12628,37565,37356,12451,2,1.0,14594938851629248767,T4T6,-0.00032
60,100000,process,,I2,12490,37519,37580,12411,2,1.0,5321124675445690933,T4T6,0.0014
60,100000,process,,I2,12475,37578,37312,12635,2,1.0,6473585502549576334,T4T6,-0.00426
60,100000,process,,I2,12460,37804,37410,12326,2,1.0,357767131252039413,T4T6,-0.0026
60,100000,process,,I2,12495,37520,37457,12528,2,1.0,10793210747158042836,T4T6,-0.00096
60,100000,process,,I2,12447,37642,37418,12493,2,1.0,88470052245097930,T4T6,-0.0027
60,100000,process,,I2,12464,37556,37509,12471,2,1.0,15137865349299689461,T4T6,-0.00054
60,100000,process,,I2,12446,37558,37500,12496,2,1.0,5474315530527056884,T4T6,-0.00108
60,100000,process,,I2,12293,37504,37608,12595,2,1.0,3248288658941597672,T4T6,-0.00198
60,100000,process,,I2,12502,37335,37616,12547,2,1.0,9938688640282907286,T4T6,0.00236
60,100000,automaton,,I2,12435,37697,37496,12372,2,1.0,10630528892885263957,T4T6,-0.00138
60,100000,automaton,,I2,12424,37441,37534,12601,2,1.0,9025546207633057771,T4T6,-0.00084
60,100000,automaton,,I2,12598,37336,37528,12538,2,1.0,8729049982754351237,T4T6,0.00252
60,100000,automaton,,I2,12582,37231,37725,12462,2,1.0,18192310775980454579,T4T6,0.00614
60,100000,automaton,,I2,12449,37623,37517,12411,2,1.0,1083871262141005339,T4T6,-0.00068
60,100000,automaton,,I2,12530,37563,37418,12489,2,1.0,16168179601415730115,T4T6,-0.00104
60,100000,automaton,,I2,12377,37430,37583,12610,2,1.0,12137587628749171448,T4T6,-0.0008
60,100000,automaton,,I2,12508,37436,37628,12428,2,1.0,13078803728808592937,T4T6,0.00272
60,100000,automaton,,I2,12438,37556,37456,12550,2,1.0,8817768519957933513,T4T6,-0.00212
60,100000,automaton,,I2,12496,37687,37253,12564,2,1.0,7256711552488826656,T4T6,-0.00502
60,100000,automaton,,I2,12531,37683,37229,12557,2,1.0,3984880649401293471,T4T6,-0.0048
60,100000,automaton,,I2,12615,37538,37384,12463,2,1.0,3808992440964413213,T4T6,-2e-05
60,100000,automaton,,I2,12522,37583,37399,12496,2,1.0,6394039662639167457,T4T6,-0.00158
60,100000,automaton,,I2,12553,37577,37333,12537,2,1.0,7092410476280967844,T4T6,-0.00228
60,100000,automaton,,I2,12573,37324,37664,12439,2,1.0,15715038415975365521,T4T6,0.00474
60,100000,automaton,,I2,12568,37565,37460,12407,2,1.0,18022785045242390591,T4T6,0.00056
60,100000,automaton,,I2,12484,37238,37835,12443,2,1.0,10733345928990996603,T4T6,0.00638
60,100000,automaton,,I2,12417,37485,37658,12440,2,1.0,16009423064648947381,T4T6,0.0015
60,100000,automaton,,I2,12570,37322,37638,12470,2,1.0,7664062333999070222,T4T6,0.00416
60,100000,automaton,,I2,12484,37362,37672,12482,2,1.0,2330126696921850918,T4T6,0.00312
60,100000,surrogate,,I2,18506,31218,31311,18965,2,1.0,243980686516569410,T4T6,-0.00366
60,100000,surrogate,,I2,18991,30768,31679,18562,2,1.0,5905159553367321130,T4T6,0.0134
60,100000,surrogate,,I2,19035,31004,31383,18578,2,1.0,10954735547955253373,T4T6,0.00836
60,100000,surrogate,,I2,18875,31095,31333,18697,2,1.0,18067569123734531694,T4T6,0.00416
60,100000,surrogate,,I2,18592,31558,31183,18667,2,1.0,11191193339882037867,T4T6,-0.0045
60,100000,surrogate,,I2,18909,31301,31060,18730,2,1.0,6270496138892441863,T4T6,-0.00062
60,100000,surrogate,,I2,18644,31185,31327,18844,2,1.0,16821962966200918775,T4T6,-0.00058
60,100000,surrogate,,I2,18737,31230,31362,18671,2,1.0,8253980288192409252,T4T6,0.00198
60,100000,surrogate,,I2,18643,31297,31137,18923,2,1.0,15409830523399546207,T4T6,-0.0044
60,100000,surrogate,,I2,18546,31547,30975,18932,2,1.0,1215157961912005124,T4T6,-0.00958
60,100000,surrogate,,I2,18830,31239,31307,18624,2,1.0,404934491970372571,T4T6,0.00274
60,100000,surrogate,,I2,18696,31328,31341,18635,2,1.0,13343620753453431218,T4T6,0.00074
60,100000,surrogate,,I2,18784,31134,31199,18883,2,1.0,18138637821336845970,T4T6,-0.00034
60,100000,surrogate,,I2,18762,31334,31145,18759,2,1.0,14624242413489510803,T4T6,-0.00186
60,100000,surrogate,,I2,18672,31112,31386,18830,2,1.0,17796050182626463475,T4T6,0.00116
60,100000,surrogate,,I2,18810,31172,31139,18879,2,1.0,390957242286676066,T4T6,-0.00102
60,100000,surrogate,,I2,18741,31258,31224,18777,2,1.0,2917566318077510900,T4T6,-0.0007
60,100000,surrogate,,I2,18749,31527,30997,18727,2,1.0,6035336394962379239,T4T6,-0.00508
60,100000,surrogate,,I2,18806,31052,31332,18810,2,1.0,12572604491535844495,T4T6,0.00276
60,100000,surrogate,,I2,18824,31230,31289,18657,2,1.0,8803879709884879645,T4T6,0.00226
60,100000,process,0.5999,I3,9197,28192,47114,15497,2,1.0,18168745311088289055,T4T6,0.12622
60,100000,process,0.60342,I3,9346,28139,46984,15531,2,1.0,6727895392307736014,T4T6,0.1266
60,100000,process,0.5975,I3,9227,28128,47027,15618,2,1.0,15469498103397714650,T4T6,0.12508
60,100000,process,0.60114,I3,9431,28033,46955,15581,2,1.0,5566150862020618544,T4T6,0.12772
60,100000,process,0.6049,I3,9293,27829,47149,15729,2,1.0,6206746021128709860,T4T6,0.12884
60,100000,process,0.59918,I3,9372,28093,47003,15532,2,1.0,17158028631957106859,T4T6,0.1275
60,100000,process,0.60134,I3,9275,27903,47276,15546,2,1.0,13235145972986689017,T4T6,0.13102
60,100000,process,0.59696,I3,9479,28141,46708,15672,2,1.0,8875623264584688245,T4T6,0.12374
60,100000,process,0.60024,I3,9472,28046,46924,15558,2,1.0,2947092070558072714,T4T6,0.12792
60,100000,process,0.60136,I3,9275,28249,46821,15655,2,1.0,13120372545152993651,T4T6,0.12192
60,100000,process,0.60164,I3,9188,28114,47001,15697,2,1.0,1181825055063937834,T4T6,0.12378
60,100000,process,0.59656,I3,9454,28252,46671,15623,2,1.0,4697829894291724092,T4T6,0.1225
60,100000,process,0.59868,I3,9336,28292,46699,15673,2,1.0,17607067350242399321,T4T6,0.1207
60,100000,process,0.59976,I3,9443,28195,46637,15725,2,1.0,6229516019650286313,T4T6,0.1216
60,100000,process,0.59708,I3,9228,28268,46767,15737,2,1.0,4326763467311853411,T4T6,0.1199
60,100000,process,0.59506,I3,9249,28164,47013,15574,2,1.0,12620262186314130316,T4T6,0.12524
60,100000,process,0.60036,I3,9318,28189,46744,15749,2,1.0,4024985526892946185,T4T6,0.12124
60,100000,process,0.59604,I3,9453,27969,46826,15752,2,1.0,8199331457387309749,T4T6,0.12558
60,100000,process,0.59796,I3,9214,28226,46830,15730,2,1.0,1811508266982434739,T4T6,0.12088
60,100000,process,0.6022,I3,9371,28187,46938,15504,2,1.0,14790949140666435887,T4T6,0.12618
60,100000,automaton,0.59782,I3,9553,28093,46713,15641,2,1.0,12927711270893993141,T4T6,0.12532
60,100000,automaton,0.5958,I3,9484,27989,47055,15472,2,1.0,9835580565939257116,T4T6,0.13078
60,100000,automaton,0.60132,I3,9372,28290,46789,15549,2,1.0,9713727779323407154,T4T6,0.12322
60,100000,automaton,0.59712,I3,9229,28186,46919,15666,2,1.0,8461041534397760855,T4T6,0.12296
60,100000,automaton,0.59992,I3,9406,28229,46778,15587,2,1.0,4370965303263874729,T4T6,0.12368
60,100000,automaton,0.59702,I3,9329,28119,46841,15711,2,1.0,14346031008987774635,T4T6,0.1234
60,100000,automaton,0.59668,I3,9254,27978,47101,15667,2,1.0,11940698711615176439,T4T6,0.1271
60,100000,automaton,0.60162,I3,9437,27863,47009,15691,2,1.0,7791478391980002786,T4T6,0.12892
60,100000,automaton,0.59672,I3,9445,28186,46801,15568,2,1.0,16263834132070756267,T4T6,0.12492
60,100000,automaton,0.59764,I3,9367,28075,46912,15646,2,1.0,1464200188192158098,T4T6,0.12558
60,100000,automaton,0.6018,I3,9422,27980,46823,15775,2,1.0,10613335725096871455,T4T6,0.1249
60,100000,automaton,0.60214,I3,9295,28110,47048,15547,2,1.0,4071806935620584373,T4T6,0.12686
60,100000,automaton,0.59736,I3,9435,28148,46853,15564,2,1.0,8337383334864777120,T4T6,0.12576
60,100000,automaton,0.59732,I3,9369,28207,46821,15603,2,1.0,11155837271000781160,T4T6,0.1238
60,100000,automaton,0.5998,I3,9554,28025,46806,15615,2,1.0,11963954267652126703,T4T6,0.1272
60,100000,automaton,0.60032,I3,9369,28025,46885,15721,2,1.0,10259227943308948443,T4T6,0.12508
60,100000,automaton,0.59904,I3,9495,28183,46641,15681,2,1.0,13780712141029870152,T4T6,0.12272
60,100000,automaton,0.59868,I3,9373,28269,46800,15558,2,1.0,10818129528289887707,T4T6,0.12346
60,100000,automaton,0.59936,I3,9353,28270,46911,15466,2,1.0,13038824034556194789,T4T6,0.12528
60,100000,automaton,0.59872,I3,9320,28035,46932,15713,2,1.0,2495011862855811828,T4T6,0.12504
60,100000,surrogate,0.59722,I3,17147,20367,39088,23398,2,1.0,2264587280980655875,T4T6,0.1247
60,100000,surrogate,0.60406,I3,17220,20046,39061,23673,2,1.0,7799521134992760955,T4T6,0.12562
60,100000,surrogate,0.59596,I3,17193,20346,39001,23460,2,1.0,15403006890809979821,T4T6,0.12388
60,100000,surrogate,0.6007,I3,17249,20224,38920,23607,2,1.0,18305564939386037345,T4T6,0.12338
60,100000,surrogate,0.60084,I3,17358,20323,38797,23522,2,1.0,13514656914935612286,T4T6,0.1231
60,100000,surrogate,0.59474,I3,17084,20488,39243,23185,2,1.0,11395454534581790339,T4T6,0.12654
60,100000,surrogate,0.60194,I3,17056,20353,38942,23649,2,1.0,6246584295049111549,T4T6,0.11996
60,100000,surrogate,0.60032,I3,17239,20265,39065,23431,2,1.0,9640827088918349001,T4T6,0.12608
60,100000,surrogate,0.59842,I3,17385,20190,39039,23386,2,1.0,7606110007744301528,T4T6,0.12848
60,100000,surrogate,0.60048,I3,17132,20248,39144,23476,2,1.0,13308215148817936455,T4T6,0.12552
60,100000,surrogate,0.60516,I3,17038,20342,39130,23490,2,1.0,17726971297244901485,T4T6,0.12336
60,100000,surrogate,0.60072,I3,16984,20277,39159,23580,2,1.0,8577310443442818425,T4T6,0.12286
60,100000,surrogate,0.6025,I3,17278,20138,38991,23593,2,1.0,5658214933126612266,T4T6,0.12538
60,100000,surrogate,0.60034,I3,17108,20225,39051,23616,2,1.0,168379118430175869,T4T6,0.12318
60,100000,surrogate,0.60096,I3,17303,20393,38535,23769,2,1.0,17639656904834297062,T4T6,0.11676
60,100000,surrogate,0.6009,I3,16971,20352,39284,23393,2,1.0,17777481193849667506,T4T6,0.1251
60,100000,surrogate,0.60118,I3,17264,20194,39047,23495,2,1.0,724827378125908100,T4T6,0.12622
60,100000,surrogate,0.59846,I3,17439,20108,39089,23364,2,1.0,84598631719036715,T4T6,0.13056
60,100000,surrogate,0.6036,I3,17071,20219,39290,23420,2,1.0,8085511522694826835,T4T6,0.12722
60,100000,surrogate,0.60158,I3,17318,20256,39245,23181,2,1.0,15661067753848709712,T4T6,0.13126
75,100000,process,,I1,6665,93335,0,0,1,1.0,7670327883816725087,T4T6,1.0
75,100000,process,,I1,6695,93305,0,0,1,1.0,990575954503716437,T4T6,1.0
75,100000,process,,I1,6526,93474,0,0,1,1.0,8672027005508581251,T4T6,1.0
75,100000,process,,I1,6739,93261,0,0,1,1.0,10847537039767299591,T4T6,1.0
75,100000,process,,I1,6637,93363,0,0,1,1.0,4418786999132907418,T4T6,1.0
75,100000,process,,I1,6804,93196,0,0,1,1.0,14342461271468893793,T4T6,1.0
75,100000,process,,I1,6834,93166,0,0,1,1.0,7675501660336391988,T4T6,1.0
75,100000,process,,I1,6673,93327,0,0,1,1.0,17389437841019755551,T4T6,1.0
75,100000,process,,I1,6549,93451,0,0,1,1.0,7719117681898765960,T4T6,1.0
75,100000,process,,I1,6734,93266,0,0,1,1.0,18047734194340932586,T4T6,1.0
75,100000,process,,I1,6728,93272,0,0,1,1.0,7258145776936066007,T4T6,1.0
75,100000,process,,I1,6646,93354,0,0,1,1.0,12406154342072275111,T4T6,1.0
75,100000,process,,I1,6787,93213,0,0,1,1.0,18235859821552031998,T4T6,1.0
75,100000,process,,I1,6844,93156,0,0,1,1.0,10375437590972993354,T4T6,1.0
75,100000,process,,I1,6549,93451,0,0,1,1.0,18270213714413466062,T4T6,1.0
75,100000,process,,I1,6655,93345,0,0,1,1.0,12381581063508545203,T4T6,1.0
75,100000,process,,I1,6741,93259,0,0,1,1.0,14455187323587215601,T4T6,1.0
75,100000,process,,I1,6691,93309,0,0,1,1.0,4468200551782739479,T4T6,1.0
75,100000,process,,I1,6766,93234,0,0,1,1.0,6272684383591652849,T4T6,1.0
75,100000,process,,I1,6685,93315,0,0,1,1.0,5067961734832612489,T4T6,1.0
75,100000,automaton,,I1,6640,93360,0,0,1,1.0,744931061943567887,T4T6,1.0
75,100000,automaton,,I1,6597,93403,0,0,1,1.0,2964766612041563372,T4T6,1.0
75,100000,automaton,,I1,6740,93260,0,0,1,1.0,13876422284818362841,T4T6,1.0
75,100000,automaton,,I1,6652,93348,0,0,1,1.0,11701671804330107988,T4T6,1.0
75,100000,automaton,,I1,6672,93328,0,0,1,1.0,154599561846582241,T4T6,1.0
75,100000,automaton,,I1,6707,93293,0,0,1,1.0,16143828586093339782,T4T6,1.0
75,100000,automaton,,I1,6726,93274,0,0,1,1.0,3451724325374675347,T4T6,1.0
75,100000,automaton,,I1,6765,93235,0,0,1,1.0,11027685208673030486,T4T6,1.0
75,100000,automaton,,I1,6611,93389,0,0,1,1.0,14587400057063813755,T4T6,1.0
75,100000,automaton,,I1,6564,93436,0,0,1,1.0,17090758540865205824,T4T6,1.0
75,100000,automaton,,I1,6725,93275,0,0,1,1.0,7962055660930488698,T4T6,1.0
75,100000,automaton,,I1,6767,93233,0,0,1,1.0,6706121284401420343,T4T6,1.0
75,100000,automaton,,I1,6670,93330,0,0,1,1.0,14014723410875167401,T4T6,1.0
75,100000,automaton,,I1,6535,93465,0,0,1,1.0,7164556720492330298,T4T6,1.0
75,100000,automaton,,I1,6724,93276,0,0,1,1.0,3595423512438777246,T4T6,1.0
75,100000,automaton,,I1,6695,93305,0,0,1,1.0,16950881168859382144,T4T6,1.0
75,100000,automaton,,I1,6705,93295,0,0,1,1.0,10946429490736922883,T4T6,1.0
75,100000,automaton,,I1,6770,93230,0,0,1,1.0,7970112784792244000,T4T6,1.0
75,100000,automaton,,I1,6820,93180,0,0,1,1.0,14839236818879710933,T4T6,1.0
75,100000,automaton,,I1,6675,93325,0,0,1,1.0,17863800294367315756,T4T6,1.0
75,100000,surrogate,,I1,6725,93275,0,0,1,1.0,5056985870753798730,T4T6,1.0
75,100000,surrogate,,I1,6708,93292,0,0,1,1.0,17459739562385604780,T4T6,1.0
75,100000,surrogate,,I1,6720,93280,0,0,1,1.0,6615601625112773821,T4T6,1.0
75,100000,surrogate,,I1,6735,93265,0,0,1,1.0,4737495102262353125,T4T6,1.0
75,100000,surrogate,,I1,6833,93167,0,0,1,1.0,4899151723522533548,T4T6,1.0
75,100000,surrogate,,I1,6694,93306,0,0,1,1.0,4477920537350248109,T4T6,1.0
75,100000,surrogate,,I1,6726,93274,0,0,1,1.0,3406277575511695417,T4T6,1.0
75,100000,surrogate,,I1,6752,93248,0,0,1,1.0,3662956239500985306,T4T6,1.0
75,100000,surrogate,,I1,6752,93248,0,0,1,1.0,15609183861804726496,T4T6,1.0
75,100000,surrogate,,I1,6707,93293,0,0,1,1.0,1559805782556856383,T4T6,1.0
75,100000,surrogate,,I1,6619,93381,0,0,1,1.0,1625728140897656646,T4T6,1.0
75,100000,surrogate,,I1,6590,93410,0,0,1,1.0,6848261766848702878,T4T6,1.0
75,100000,surrogate,,I1,6706,93294,0,0,1,1.0,16400334898184476759,T4T6,1.0
75,100000,surrogate,,I1,6665,93335,0,0,1,1.0,9096946068954057934,T4T6,1.0
75,100000,surrogate,,I1,6833,93167,0,0,1,1.0,13494263939877896304,T4T6,1.0
75,100000,surrogate,,I1,6779,93221,0,0,1,1.0,14092628392817269923,T4T6,1.0
75,100000,surrogate,,I1,6738,93262,0,0,1,1.0,372745261349294033,T4T6,1.0
75,100000,surrogate,,I1,6603,93397,0,0,1,1.0,2071407194792912307,T4T6,1.0
75,100000,surrogate,,I1,6689,93311,0,0,1,1.0,15197611701151739693,T4T6,1.0
75,100000,surrogate,,I1,6696,93304,0,0,1,1.0,14539164495628350382,T4T6,1.0
75,100000,process,,I2,3317,46687,46752,3244,1,1.0,1257605109067574741,T4T6,8e-05
75,100000,process,,I2,3377,46624,46624,3375,1,1.0,12232782331781501199,T4T6,2e-05
75,100000,process,,I2,3266,46781,46570,3383,1,1.0,12550701005211015495,T4T6,0.00094
75,100000,process,,I2,3390,46684,46560,3366,1,1.0,15429211594082675501,T4T6,0.00148
75,100000,process,,I2,3290,46729,46614,3367,1,1.0,14702427417756718150,T4T6,0.00038
75,100000,process,,I2,3398,46367,46894,3341,1,1.0,1745186394375439771,T4T6,-0.0047
75,100000,process,,I2,3456,46639,46439,3466,1,1.0,11768984013912799119,T4T6,0.0019
75,100000,process,,I2,3317,47081,46308,3294,1,1.0,1449209258930973586,T4T6,0.00796
75,100000,process,,I2,3371,46732,46573,3324,1,1.0,8724532185650679503,T4T6,0.00206
75,100000,process,,I2,3297,46429,46855,3419,1,1.0,7699938166791060556,T4T6,-0.00548
75,100000,process,,I2,3359,46717,46654,3270,1,1.0,1350365096638420393,T4T6,0.00152
75,100000,process,,I2,3374,46675,46610,3341,1,1.0,15671251452556749404,T4T6,0.00098
75,100000,process,,I2,3282,46686,46726,3306,1,1.0,15627145109525617663,T4T6,-0.00064
75,100000,process,,I2,3437,46790,46496,3277,1,1.0,15459329596064588064,T4T6,0.00454
75,100000,process,,I2,3455,46741,46502,3302,1,1.0,15763606632627195095,T4T6,0.00392
75,100000,process,,I2,3269,46765,46581,3385,1,1.0,12214430064513508511,T4T6,0.00068
75,100000,process,,I2,3324,46742,46600,3334,1,1.0,3878401488838313818,T4T6,0.00132
75,100000,process,,I2,3320,46438,46849,3393,1,1.0,15623291932013725750,T4T6,-0.00484
75,100000,process,,I2,3332,46416,46977,3275,1,1.0,7665647335920276810,T4T6,-0.00504
75,100000,process,,I2,3389,46526,46704,3381,1,1.0,7756914491028356834,T4T6,-0.0017
75,100000,automaton,,I2,3374,46672,46625,3329,1,1.0,13653622520042004994,T4T6,0.00092
75,100000,automaton,,I2,3418,46477,46778,3327,1,1.0,13301974212022359527,T4T6,-0.0021
75,100000,automaton,,I2,3356,46371,47023,3250,1,1.0,14916140111938267460,T4T6,-0.00546
75,100000,automaton,,I2,3320,46686,46646,3348,1,1.0,8579159084177189024,T4T6,0.00012
75,100000,automaton,,I2,3400,46650,46547,3403,1,1.0,1575921605092670152,T4T6,0.001
75,100000,automaton,,I2,3325,46752,46593,3330,1,1.0,17454962079404243915,T4T6,0.00154
75,100000,automaton,,I2,3250,46608,46728,3414,1,1.0,13864098683593999176,T4T6,-0.00284
75,100000,automaton,,I2,3420,46588,46715,3277,1,1.0,8438492319925566816,T4T6,0.00016
75,100000,automaton,,I2,3351,46715,46645,3289,1,1.0,11701793334800745516,T4T6,0.00132
75,100000,automaton,,I2,3327,46565,46744,3364,1,1.0,13759726658769749436,T4T6,-0.00216
75,100000,automaton,,I2,3398,46845,46408,3349,1,1.0,5340478026496433663,T4T6,0.00486
75,100000,automaton,,I2,3367,46613,46711,3309,1,1.0,7695892737001299437,T4T6,-0.0004
75,100000,automaton,,I2,3283,46697,46640,3380,1,1.0,12291785054983515349,T4T6,-0.0004
75,100000,automaton,,I2,3305,46780,46494,3421,1,1.0,2429284734984341684,T4T6,0.0017
75,100000,automaton,,I2,3281,46730,46666,3323,1,1.0,3972024670900635843,T4T6,0.00022
75,100000,automaton,,I2,3490,46551,46606,3353,1,1.0,4394749528172943223,T4T6,0.00082
75,100000,automaton,,I2,3431,46303,46937,3329,1,1.0,7137226057863401498,T4T6,-0.00532
75,100000,automaton,,I2,3386,46626,46649,3339,1,1.0,12384338336933055440,T4T6,0.00024
75,100000,automaton,,I2,3321,46523,46829,3327,1,1.0,12892169809937745313,T4T6,-0.00312
75,100000,automaton,,I2,3304,46683,46662,3351,1,1.0,2976629535065826313,T4T6,-0.00026
75,100000,surrogate,,I2,14078,35760,35988,14174,1,1.0,3190538269030357234,T4T6,-0.00324
75,100000,surrogate,,I2,14358,35736,35867,14039,1,1.0,7346734226157974573,T4T6,0.00188
75,100000,surrogate,,I2,14242,35974,35627,14157,1,1.0,12515414041692144266,T4T6,0.00432
75,100000,surrogate,,I2,14221,35863,35699,14217,1,1.0,15594688527497296143,T4T6,0.00168
75,100000,surrogate,,I2,14219,36081,35614,14086,1,1.0,15930054071268952232,T4T6,0.006
75,100000,surrogate,,I2,14227,35577,35863,14333,1,1.0,5865057752598837167,T4T6,-0.00392
75,100000,surrogate,,I2,14011,36015,35857,14117,1,1.0,14012862562919699211,T4T6,0.00052
75,100000,surrogate,,I2,14059,35569,36046,14326,1,1.0,5810139499589703788,T4T6,-0.00744
75,100000,surrogate,,I2,14262,35889,35638,14211,1,1.0,8970571787842266816,T4T6,0.00302
75,100000,surrogate,,I2,13970,35749,36128,14153,1,1.0,5065746283258003039,T4T6,-0.00562
75,100000,surrogate,,I2,14430,35936,35541,14093,1,1.0,4430465006022151556,T4T6,0.00732
75,100000,surrogate,,I2,14235,35707,35884,14174,1,1.0,2809017129719057871,T4T6,-0.00116
75,100000,surrogate,,I2,14058,36014,35847,14081,1,1.0,2927080332989884782,T4T6,0.00144
75,100000,surrogate,,I2,14000,35702,36014,14284,1,1.0,4865928181569806255,T4T6,-0.00596
75,100000,surrogate,,I2,14202,36243,35603,13952,1,1.0,18320899887289113336,T4T6,0.0089
75,100000,surrogate,,I2,14172,35780,35826,14222,1,1.0,1706527688786657059,T4T6,-0.00096
75,100000,surrogate,,I2,14331,35873,35672,14124,1,1.0,685506354529930518,T4T6,0.00408
75,100000,surrogate,,I2,14329,35486,35862,14323,1,1.0,11467570628651281026,T4T6,-0.0037
75,100000,surrogate,,I2,14197,35759,35924,14120,1,1.0,10559558068921728951,T4T6,-0.00088
75,100000,surrogate,,I2,14501,35590,35848,14061,1,1.0,13973736411751484357,T4T6,0.00182
75,100000,process,0.60324,I3,5111,69967,23257,1665,1,1.0,14146127935014024469,T4T6,0.50156
75,100000,process,0.60234,I3,4978,70097,23244,1681,1,1.0,13969887465387379307,T4T6,0.5015
75,100000,process,0.60426,I3,4996,70123,23330,1551,1,1.0,17877519488413705219,T4T6,0.50238
75,100000,process,0.60668,I3,5032,70206,23098,1664,1,1.0,9331202825247127990,T4T6,0.50476
75,100000,process,0.6014,I3,5093,69946,23257,1704,1,1.0,2773582406978838629,T4T6,0.50078
75,100000,process,0.59982,I3,5070,70015,23202,1713,1,1.0,6451292112056961302,T4T6,0.5017
75,100000,process,0.60188,I3,5081,69969,23246,1704,1,1.0,12070592166413112844,T4T6,0.501
75,100000,process,0.60332,I3,5016,70042,23271,1671,1,1.0,8997471317971986742,T4T6,0.50116
75,100000,process,0.5968,I3,4985,69967,23321,1727,1,1.0,13033129139748834514,T4T6,0.49904
75,100000,process,0.5976,I3,5099,69876,23372,1653,1,1.0,10418194718185266921,T4T6,0.4995
75,100000,process,0.59798,I3,5025,69840,23451,1684,1,1.0,15599177598301800877,T4T6,0.4973
75,100000,process,0.60222,I3,4973,70095,23237,1695,1,1.0,10596215992534386531,T4T6,0.50136
75,100000,process,0.60076,I3,5049,70151,23189,1611,1,1.0,15110985156847325389,T4T6,0.504
75,100000,process,0.59792,I3,5049,69870,23395,1686,1,1.0,10068936034942636628,T4T6,0.49838
75,100000,process,0.60098,I3,5124,69889,23348,1639,1,1.0,1287150445479051841,T4T6,0.50026
75,100000,process,0.59904,I3,5094,69775,23470,1661,1,1.0,4023197099341639305,T4T6,0.49738
75,100000,process,0.59972,I3,4951,69864,23449,1736,1,1.0,8162072545164558385,T4T6,0.4963
75,100000,process,0.59942,I3,5000,69971,23309,1720,1,1.0,12327036792979103690,T4T6,0.49942
75,100000,process,0.59848,I3,4929,69913,23443,1715,1,1.0,12062856584998289932,T4T6,0.49684
75,100000,process,0.59892,I3,5060,69906,23398,1636,1,1.0,16496470526798159155,T4T6,0.49932
75,100000,automaton,0.59902,I3,4985,70087,23222,1706,1,1.0,14411190795217044483,T4T6,0.50144
75,100000,automaton,0.59618,I3,5039,69748,23521,1692,1,1.0,17407108872647289115,T4T6,0.49574
75,100000,automaton,0.60172,I3,5042,70145,23255,1558,1,1.0,17170601306043929493,T4T6,0.50374
75,100000,automaton,0.59782,I3,5017,69962,23414,1607,1,1.0,4896075402866628200,T4T6,0.49958
75,100000,automaton,0.59934,I3,4959,69970,23406,1665,1,1.0,8213661761702859247,T4T6,0.49858
75,100000,automaton,0.60398,I3,5023,70185,23216,1576,1,1.0,14724981313622836928,T4T6,0.50416
75,100000,automaton,0.59704,I3,4959,69935,23371,1735,1,1.0,10104477478964654561,T4T6,0.49788
75,100000,automaton,0.60088,I3,5190,69797,23387,1626,1,1.0,5591531007061040198,T4T6,0.49974
75,100000,automaton,0.59932,I3,5120,69902,23346,1632,1,1.0,8599858603641544530,T4T6,0.50044
75,100000,automaton,0.6006,I3,5046,69958,23297,1699,1,1.0,5482069879731428803,T4T6,0.50008
75,100000,automaton,0.60214,I3,5049,70109,23092,1750,1,1.0,13356946077182731796,T4T6,0.50316
75,100000,automaton,0.60072,I3,4971,70207,23177,1645,1,1.0,12146508310290147294,T4T6,0.50356
75,100000,automaton,0.60488,I3,5085,69966,23282,1667,1,1.0,2792489762940492600,T4T6,0.50102
75,100000,automaton,0.6036,I3,4992,70079,23242,1687,1,1.0,10356595192285445745,T4T6,0.50142
75,100000,automaton,0.59736,I3,5008,69919,23362,1711,1,1.0,14455734380055731458,T4T6,0.49854
75,100000,automaton,0.60276,I3,5003,70074,23249,1674,1,1.0,16713173173764622053,T4T6,0.50154
75,100000,automaton,0.59998,I3,5081,69877,23374,1668,1,1.0,10935875146383073572,T4T6,0.49916
75,100000,automaton,0.60016,I3,5049,70064,23254,1633,1,1.0,4082330952400087152,T4T6,0.50226
75,100000,automaton,0.59838,I3,5059,69906,23328,1707,1,1.0,9443403923766935302,T4T6,0.4993
75,100000,automaton,0.60178,I3,5153,69925,23222,1700,1,1.0,10147223677932102689,T4T6,0.50156
75,100000,surrogate,0.59864,I3,10228,64587,18008,7177,1,1.0,16206882010334999789,T4T6,0.4963
75,100000,surrogate,0.60354,I3,10562,64636,17809,6993,1,1.0,16448474410033533367,T4T6,0.50396
75,100000,surrogate,0.59834,I3,10381,64371,18102,7146,1,1.0,4306969036029055375,T4T6,0.49504
75,100000,surrogate,0.6011,I3,10511,64420,17888,7181,1,1.0,318659782872880008,T4T6,0.49862
75,100000,surrogate,0.59762,I3,10356,64601,17978,7065,1,1.0,16299990670935698067,T4T6,0.49914
75,100000,surrogate,0.60142,I3,10364,64754,17861,7021,1,1.0,5585621773795420180,T4T6,0.50236
75,100000,surrogate,0.60094,I3,10333,64663,17806,7198,1,1.0,5459974543733544680,T4T6,0.49992
75,100000,surrogate,0.6008,I3,10400,64669,17858,7073,1,1.0,15901207027626994453,T4T6,0.50138
75,100000,surrogate,0.59608,I3,10550,64335,18061,7054,1,1.0,17724331805622104794,T4T6,0.4977
75,100000,surrogate,0.6014,I3,10543,64612,17797,7048,1,1.0,15402115754134205657,T4T6,0.5031
75,100000,surrogate,0.60244,I3,10298,64863,17836,7003,1,1.0,13575501784634210785,T4T6,0.50322
75,100000,surrogate,0.60184,I3,10498,64507,17830,7165,1,1.0,9090166949007685134,T4T6,0.5001
75,100000,surrogate,0.59992,I3,10545,64499,17969,6987,1,1.0,8312085363922713986,T4T6,0.50088
75,100000,surrogate,0.59508,I3,10507,64336,18117,7040,1,1.0,4968272521728424173,T4T6,0.49686
75,100000,surrogate,0.59822,I3,10428,64686,17942,6944,1,1.0,4402057266786654423,T4T6,0.50228
75,100000,surrogate,0.6016,I3,10346,64661,17958,7035,1,1.0,15838855851804840082,T4T6,0.50014
75,100000,surrogate,0.60476,I3,10379,64879,17656,7086,1,1.0,16258695450817698711,T4T6,0.50516
75,100000,surrogate,0.6006,I3,10442,64503,18077,6978,1,1.0,14675416132599287130,T4T6,0.4989
75,100000,surrogate,0.6045,I3,10363,64819,17748,7070,1,1.0,8236668394897932053,T4T6,0.50364
75,100000,surrogate,0.59582,I3,10305,64541,18161,6993,1,1.0,12561628522300367531,T4T6,0.49692
75,100000,process,,I1,438,6180,87055,6327,2,1.0,12615036226135217133,T4T6,0.74986
75,100000,process,,I1,437,6291,87093,6179,2,1.0,11114182708040315832,T4T6,0.7506
75,100000,process,,I1,443,6328,86974,6255,2,1.0,15515433139039331599,T4T6,0.74834
75,100000,process,,I1,495,6126,87018,6361,2,1.0,7737187000629444600,T4T6,0.75026
75,100000,process,,I1,466,6298,86986,6250,2,1.0,8989888069429468635,T4T6,0.74904
75,100000,process,,I1,463,6269,86949,6319,2,1.0,4051944016712824957,T4T6,0.74824
75,100000,process,,I1,436,6336,86929,6299,2,1.0,9674715540785074250,T4T6,0.7473
75,100000,process,,I1,433,6321,87059,6187,2,1.0,10278936580274957161,T4T6,0.74984
75,100000,process,,I1,470,6259,87079,6192,2,1.0,6822328668420894610,T4T6,0.75098
75,100000,process,,I1,460,6062,87122,6356,2,1.0,1664333980475713666,T4T6,0.75164
75,100000,process,,I1,461,6278,86890,6371,2,1.0,11127913123041381735,T4T6,0.74702
75,100000,process,,I1,453,6211,87068,6268,2,1.0,1993711972963615493,T4T6,0.75042
75,100000,process,,I1,458,6301,87021,6220,2,1.0,2891657394170816310,T4T6,0.74958
75,100000,process,,I1,453,6232,87038,6277,2,1.0,1474132272812088196,T4T6,0.74982
75,100000,process,,I1,484,6197,87214,6105,2,1.0,1706587270320762030,T4T6,0.75396
75,100000,process,,I1,483,6258,86868,6391,2,1.0,15367639690238015149,T4T6,0.74702
75,100000,process,,I1,447,6326,86932,6295,2,1.0,11196043694745005135,T4T6,0.74758
75,100000,process,,I1,506,6247,87036,6211,2,1.0,7124572035578870908,T4T6,0.75084
75,100000,process,,I1,427,6411,86859,6303,2,1.0,14995799024084496041,T4T6,0.74572
75,100000,process,,I1,441,6111,87351,6097,2,1.0,4728256144457939481,T4T6,0.75584
75,100000,automaton,,I1,469,6224,87110,6197,2,1.0,901674556386104128,T4T6,0.75158
75,100000,automaton,,I1,465,6262,86972,6301,2,1.0,17376236702475651023,T4T6,0.74874
75,100000,automaton,,I1,433,6384,86973,6210,2,1.0,7161748299328604849,T4T6,0.74812
75,100000,automaton,,I1,473,6219,87015,6293,2,1.0,13190090742882055576,T4T6,0.74976
75,100000,automaton,,I1,451,6320,86944,6285,2,1.0,18370723609288711499,T4T6,0.7479
75,100000,automaton,,I1,452,6228,87150,6170,2,1.0,7167906014131467658,T4T6,0.75204
75,100000,automaton,,I1,445,6365,86874,6316,2,1.0,14667619757395207248,T4T6,0.74638
75,100000,automaton,,I1,452,6290,86918,6340,2,1.0,6388399121230786991,T4T6,0.7474
75,100000,automaton,,I1,450,6181,87160,6209,2,1.0,10914229752572398987,T4T6,0.7522
75,100000,automaton,,I1,449,6102,87071,6378,2,1.0,16704898612158613995,T4T6,0.7504
75,100000,automaton,,I1,443,6139,87056,6362,2,1.0,6338677327248116623,T4T6,0.74998
75,100000,automaton,,I1,449,6346,86914,6291,2,1.0,13741973906748538600,T4T6,0.74726
75,100000,automaton,,I1,445,6227,87026,6302,2,1.0,1834612586968765435,T4T6,0.74942
75,100000,automaton,,I1,479,6196,86963,6362,2,1.0,7129932720677541188,T4T6,0.74884
75,100000,automaton,,I1,458,6164,87215,6163,2,1.0,1785501121554879578,T4T6,0.75346
75,100000,automaton,,I1,479,6275,86913,6333,2,1.0,15941174645356761660,T4T6,0.74784
75,100000,automaton,,I1,460,6221,87158,6161,2,1.0,6271971477486194508,T4T6,0.75236
75,100000,automaton,,I1,441,6274,87073,6212,2,1.0,14490287077572065501,T4T6,0.75028
75,100000,automaton,,I1,441,6143,87147,6269,2,1.0,17781470808233620524,T4T6,0.75176
75,100000,automaton,,I1,443,6304,87144,6109,2,1.0,4378192037751236660,T4T6,0.75174
75,100000,surrogate,,I1,5859,819,81533,11789,2,1.0,10536778560688603479,T4T6,0.74784
75,100000,surrogate,,I1,5972,857,81381,11790,2,1.0,5599622986262487795,T4T6,0.74706
75,100000,surrogate,,I1,5924,793,81454,11829,2,1.0,10772244525988093077,T4T6,0.74756
75,100000,surrogate,,I1,5814,863,81673,11650,2,1.0,2064962010311530922,T4T6,0.74974
75,100000,surrogate,,I1,5831,854,81393,11922,2,1.0,3210342279543561730,T4T6,0.74448
75,100000,surrogate,,I1,5896,837,81579,11688,2,1.0,13211408540278603395,T4T6,0.7495
75,100000,surrogate,,I1,5698,787,81819,11696,2,1.0,3593939766470098240,T4T6,0.75034
75,100000,surrogate,,I1,5817,845,81503,11835,2,1.0,11786749501499843221,T4T6,0.7464
75,100000,surrogate,,I1,5988,791,81480,11741,2,1.0,2765591881843515411,T4T6,0.74936
75,100000,surrogate,,I1,5748,816,81817,11619,2,1.0,3495410169992105913,T4T6,0.7513
75,100000,surrogate,,I1,5756,858,81781,11605,2,1.0,208342320558011007,T4T6,0.75074
75,100000,surrogate,,I1,5781,825,81620,11774,2,1.0,5164743604222829862,T4T6,0.74802
75,100000,surrogate,,I1,5852,795,81718,11635,2,1.0,17638682572659068325,T4T6,0.7514
75,100000,surrogate,,I1,5971,833,81561,11635,2,1.0,9443279078612989230,T4T6,0.75064
75,100000,surrogate,,I1,5937,823,81648,11592,2,1.0,13632032768026941836,T4T6,0.7517
75,100000,surrogate,,I1,5839,852,81666,11643,2,1.0,4139612586760845081,T4T6,0.7501
75,100000,surrogate,,I1,5840,830,81624,11706,2,1.0,13602187719835871195,T4T6,0.74928
75,100000,surrogate,,I1,5816,810,81707,11667,2,1.0,2940350980871758392,T4T6,0.75046
75,100000,surrogate,,I1,6024,822,81595,11559,2,1.0,409451326883046910,T4T6,0.75238
75,100000,surrogate,,I1,5888,841,81587,11684,2,1.0,17513453473290328778,T4T6,0.7495
75,100000,process,,I2,3380,46587,46626,3407,2,1.0,16157166587356543701,T4T6,0.00012
75,100000,process,,I2,3423,46577,46679,3321,2,1.0,7299914739821464469,T4T6,0.00204
75,100000,process,,I2,3405,46806,46397,3392,2,1.0,258094008511064388,T4T6,-0.00396
75,100000,process,,I2,3294,46677,46653,3376,2,1.0,9836786946934836298,T4T6,-0.00106
75,100000,process,,I2,3346,46610,46774,3270,2,1.0,12332569375276576640,T4T6,0.0024
75,100000,process,,I2,3347,46636,46619,3398,2,1.0,9687279610796177177,T4T6,-0.00068
75,100000,process,,I2,3301,46463,46913,3323,2,1.0,12720807050185997443,T4T6,0.00428
75,100000,process,,I2,3262,46638,46680,3420,2,1.0,14737335407096246257,T4T6,-0.00116
75,100000,process,,I2,3400,46514,46758,3328,2,1.0,4085318100031256664,T4T6,0.00316
75,100000,process,,I2,3340,46702,46638,3320,2,1.0,11322241647591821473,T4T6,-0.00044
75,100000,process,,I2,3368,46476,46830,3326,2,1.0,3227508578214452122,T4T6,0.00396
75,100000,process,,I2,3330,46426,46858,3386,2,1.0,4958047360589416944,T4T6,0.00376
75,100000,process,,I2,3333,46600,46762,3305,2,1.0,7541421305985787756,T4T6,0.0019
75,100000,process,,I2,3341,46321,46958,3380,2,1.0,8510284826731622517,T4T6,0.00598
75,100000,process,,I2,3323,46602,46649,3426,2,1.0,9003810972098083483,T4T6,-0.00056
75,100000,process,,I2,3238,46704,46620,3438,2,1.0,7512479898712924677,T4T6,-0.00284
75,100000,process,,I2,3462,46682,46425,3431,2,1.0,14531019415600182685,T4T6,-0.00226
75,100000,process,,I2,3312,46580,46865,3243,2,1.0,16918875026700846828,T4T6,0.00354
75,100000,process,,I2,3396,46500,46747,3357,2,1.0,15235869534680902858,T4T6,0.00286
75,100000,process,,I2,3228,46620,46778,3374,2,1.0,10079304040924142152,T4T6,0.00012
75,100000,automaton,,I2,3278,47027,46372,3323,2,1.0,12553208512673118541,T4T6,-0.007
75,100000,automaton,,I2,3256,46842,46521,3381,2,1.0,3753629772447149723,T4T6,-0.00446
75,100000,automaton,,I2,3304,46548,46879,3269,2,1.0,1476676021963098374,T4T6,0.00366
75,100000,automaton,,I2,3287,46719,46640,3354,2,1.0,13203761737716523608,T4T6,-0.00146
75,100000,automaton,,I2,3261,46814,46621,3304,2,1.0,4498699317988397325,T4T6,-0.00236
75,100000,automaton,,I2,3181,46675,46863,3281,2,1.0,8588782863525531059,T4T6,0.00088
75,100000,automaton,,I2,3336,46743,46564,3357,2,1.0,9784918513296052443,T4T6,-0.002
75,100000,automaton,,I2,3325,46830,46550,3295,2,1.0,11806319872519190306,T4T6,-0.0025
75,100000,automaton,,I2,3314,46984,46303,3399,2,1.0,15749873442909511491,T4T6,-0.00766
75,100000,automaton,,I2,3320,46434,46902,3344,2,1.0,14053466679851713461,T4T6,0.00444
75,100000,automaton,,I2,3342,46755,46561,3342,2,1.0,7196939729020805300,T4T6,-0.00194
75,100000,automaton,,I2,3376,46381,46828,3415,2,1.0,7695750222750133604,T4T6,0.00408
75,100000,automaton,,I2,3312,46614,46748,3326,2,1.0,17358880218843079337,T4T6,0.0012
75,100000,automaton,,I2,3296,46869,46493,3342,2,1.0,15535434653470633519,T4T6,-0.00422
75,100000,automaton,,I2,3339,46434,46843,3384,2,1.0,832970357141244101,T4T6,0.00364
75,100000,automaton,,I2,3349,46786,46592,3273,2,1.0,13201988573486099330,T4T6,-0.00118
75,100000,automaton,,I2,3361,46903,46381,3355,2,1.0,2131893578615965742,T4T6,-0.00516
75,100000,automaton,,I2,3370,46748,46648,3234,2,1.0,10103788140875668837,T4T6,0.00036
75,100000,automaton,,I2,3446,46650,46532,3372,2,1.0,11530206034027848516,T4T6,-0.00044
75,100000,automaton,,I2,3254,46692,46699,3355,2,1.0,16129465636082897259,T4T6,-0.00094
75,100000,surrogate,,I2,14265,35688,35866,14181,2,1.0,5827033317524542097,T4T6,0.00262
75,100000,surrogate,,I2,14358,35743,35674,14225,2,1.0,7341271856938908160,T4T6,0.00064
75,100000,surrogate,,I2,14336,35599,35715,14350,2,1.0,6629792387352596195,T4T6,0.00102
75,100000,surrogate,,I2,14078,35973,35906,14043,2,1.0,14614517842542917006,T4T6,-0.00032
75,100000,surrogate,,I2,14264,35752,35704,14280,2,1.0,13154454759068007893,T4T6,-0.00064
75,100000,surrogate,,I2,14155,36038,35832,13975,2,1.0,5620687890409854437,T4T6,-0.00026
75,100000,surrogate,,I2,14074,35736,35790,14400,2,1.0,7472050047241775679,T4T6,-0.00272
75,100000,surrogate,,I2,14163,36218,35695,13924,2,1.0,4826978885487729504,T4T6,-0.00284
75,100000,surrogate,,I2,14135,35765,36045,14055,2,1.0,8078766742686942994,T4T6,0.0036
75,100000,surrogate,,I2,14065,35758,35867,14310,2,1.0,4282393448372114285,T4T6,-0.00136
75,100000,surrogate,,I2,14136,35826,36000,14038,2,1.0,5046977319035102533,T4T6,0.00272
75,100000,surrogate,,I2,14303,35841,35651,14205,2,1.0,12383236176419642660,T4T6,-0.00092
75,100000,surrogate,,I2,14240,35707,35748,14305,2,1.0,9031646091435098903,T4T6,-0.00024
75,100000,surrogate,,I2,14284,35751,35833,14132,2,1.0,11609953588402321014,T4T6,0.00234
75,100000,surrogate,,I2,14147,35793,35904,14156,2,1.0,12077410356596421974,T4T6,0.00102
75,100000,surrogate,,I2,14182,35877,35720,14221,2,1.0,12369609337537093675,T4T6,-0.00196
75,100000,surrogate,,I2,14303,35426,36112,14159,2,1.0,3607072626968157763,T4T6,0.0083
75,100000,surrogate,,I2,14164,35977,35781,14078,2,1.0,8215970881741775722,T4T6,-0.0011
75,100000,surrogate,,I2,14233,35971,35538,14258,2,1.0,553358104656697782,T4T6,-0.00458
75,100000,surrogate,,I2,14320,35772,35729,14179,2,1.0,15318247769937874608,T4T6,0.00098
75,100000,process,0.6026,I3,1898,26270,66875,4957,2,1.0,8887922271083565057,T4T6,0.37546
75,100000,process,0.6021,I3,1848,26522,66742,4888,2,1.0,7235686637878330579,T4T6,0.3718
75,100000,process,0.59946,I3,1920,26708,66577,4795,2,1.0,7762988893927227313,T4T6,0.36994
75,100000,process,0.5987,I3,1867,26460,66997,4676,2,1.0,3939982136246774770,T4T6,0.37728
75,100000,process,0.60106,I3,1931,26390,66766,4913,2,1.0,16995192275737639271,T4T6,0.37394
75,100000,process,0.6,I3,1925,26401,66790,4884,2,1.0,77691968097639041,T4T6,0.3743
75,100000,process,0.60274,I3,1926,26323,67031,4720,2,1.0,13113490434203970774,T4T6,0.37914
75,100000,process,0.59878,I3,1840,26552,66718,4890,2,1.0,7711451227895793751,T4T6,0.37116
75,100000,process,0.59738,I3,1964,26486,66897,4653,2,1.0,4129835637137519622,T4T6,0.37722
75,100000,process,0.60202,I3,1942,26275,66952,4831,2,1.0,4658046362247942660,T4T6,0.37788
75,100000,process,0.59862,I3,1940,26481,66770,4809,2,1.0,9680160047060395847,T4T6,0.3742
75,100000,process,0.5952,I3,1915,26677,66657,4751,2,1.0,5486335889640507521,T4T6,0.37144
75,100000,process,0.60008,I3,1914,26645,66605,4836,2,1.0,3879728099109727331,T4T6,0.37038
75,100000,process,0.59894,I3,1910,26470,66789,4831,2,1.0,3741329589943354386,T4T6,0.37398
75,100000,process,0.59884,I3,1875,26288,66969,4868,2,1.0,7609489874077066914,T4T6,0.37688
75,100000,process,0.59628,I3,1892,26701,66689,4718,2,1.0,16448618432907420861,T4T6,0.37162
75,100000,process,0.603,I3,1905,26508,66798,4789,2,1.0,7215388678400034079,T4T6,0.37406
75,100000,process,0.60026,I3,1933,26571,66621,4875,2,1.0,11060898921315223498,T4T6,0.37108
75,100000,process,0.60012,I3,1917,26271,67072,4740,2,1.0,17035339161472862047,T4T6,0.37978
75,100000,process,0.60266,I3,1825,26311,67040,4824,2,1.0,11618293460326607728,T4T6,0.3773
75,100000,automaton,0.60002,I3,1874,26479,66742,4905,2,1.0,16243220260919581678,T4T6,0.37232
75,100000,automaton,0.59892,I3,1891,26567,66809,4733,2,1.0,1040936151189309118,T4T6,0.374
75,100000,automaton,0.59956,I3,1867,26560,66667,4906,2,1.0,4463222297636495958,T4T6,0.37068
75,100000,automaton,0.60236,I3,1982,26327,66892,4799,2,1.0,12324230347626286289,T4T6,0.37748
75,100000,automaton,0.59774,I3,1927,26602,66652,4819,2,1.0,8956168742964231969,T4T6,0.37158
75,100000,automaton,0.5979,I3,1858,26360,66908,4874,2,1.0,17232902252211405441,T4T6,0.37532
75,100000,automaton,0.5999,I3,1895,26382,66820,4903,2,1.0,16849538148918456987,T4T6,0.3743
75,100000,automaton,0.59848,I3,1944,26406,66828,4822,2,1.0,8163475292861257586,T4T6,0.37544
75,100000,automaton,0.6007,I3,1838,26447,66840,4875,2,1.0,3575911156206269416,T4T6,0.37356
75,100000,automaton,0.60072,I3,1939,26394,66898,4769,2,1.0,14607975257953174629,T4T6,0.37674
75,100000,automaton,0.60278,I3,1879,26259,66901,4961,2,1.0,6433848687084490414,T4T6,0.3756
75,100000,automaton,0.60074,I3,1898,26247,67026,4829,2,1.0,1384710907123723218,T4T6,0.37848
75,100000,automaton,0.60178,I3,1959,26415,66764,4862,2,1.0,939378150977930769,T4T6,0.37446
75,100000,automaton,0.5984,I3,1893,26446,66914,4747,2,1.0,10181412021984351359,T4T6,0.37614
75,100000,automaton,0.6035,I3,1901,26433,66896,4770,2,1.0,13530020411277877233,T4T6,0.37594
75,100000,automaton,0.59928,I3,1993,26257,66937,4813,2,1.0,18266415952674128064,T4T6,0.3786
75,100000,automaton,0.59976,I3,1913,26304,67082,4701,2,1.0,6273777015479329490,T4T6,0.3799
75,100000,automaton,0.5973,I3,1869,26799,66549,4783,2,1.0,5213347025793861215,T4T6,0.36836
75,100000,automaton,0.604,I3,1929,26310,66978,4783,2,1.0,852338303417624326,T4T6,0.37814
75,100000,automaton,0.60116,I3,1815,26526,66847,4812,2,1.0,16257301829215757894,T4T6,0.37324
75,100000,surrogate,0.59944,I3,10039,18500,58680,12781,2,1.0,1723194962942989262,T4T6,0.37438
75,100000,surrogate,0.60078,I3,10352,18362,58527,12759,2,1.0,16500436252674839979,T4T6,0.37758
75,100000,surrogate,0.59632,I3,9829,18542,58839,12790,2,1.0,4099360953296993922,T4T6,0.37336
75,100000,surrogate,0.60542,I3,9927,18194,58898,12981,2,1.0,9967906197122309793,T4T6,0.3765
75,100000,surrogate,0.59714,I3,10022,18416,58753,12809,2,1.0,3304629003184557341,T4T6,0.3755
75,100000,surrogate,0.59632,I3,10049,18405,58638,12908,2,1.0,6013931568890852823,T4T6,0.37374
75,100000,surrogate,0.5979,I3,10009,18370,58744,12877,2,1.0,12377042457114938270,T4T6,0.37506
75,100000,surrogate,0.60034,I3,9900,18506,58732,12862,2,1.0,9794891441007432199,T4T6,0.37264
75,100000,surrogate,0.59848,I3,10130,18491,58651,12728,2,1.0,8147333536333172878,T4T6,0.37562
75,100000,surrogate,0.59578,I3,10123,18466,58480,12931,2,1.0,17553727086754373557,T4T6,0.37206
75,100000,surrogate,0.6001,I3,10023,18314,58768,12895,2,1.0,9415536455040250484,T4T6,0.37582
75,100000,surrogate,0.60124,I3,9909,18449,58791,12851,2,1.0,8575979240927928261,T4T6,0.374
75,100000,surrogate,0.60236,I3,10113,18253,58806,12828,2,1.0,13370673170989462873,T4T6,0.37838
75,100000,surrogate,0.60474,I3,9984,18220,58906,12890,2,1.0,15375266619564982400,T4T6,0.3778
75,100000,surrogate,0.59844,I3,9930,18191,58680,13199,2,1.0,16767855448786686527,T4T6,0.3722
75,100000,surrogate,0.60068,I3,10091,18243,58606,13060,2,1.0,17045477660891813513,T4T6,0.37394
75,100000,surrogate,0.6017,I3,9970,18292,58709,13029,2,1.0,9330579382898752177,T4T6,0.37358
75,100000,surrogate,0.59488,I3,9993,18599,58597,12811,2,1.0,9539652675356493831,T4T6,0.3718
75,100000,surrogate,0.60006,I3,10054,18330,58841,12775,2,1.0,10873826767861996639,T4T6,0.3779
75,100000,surrogate,0.60126,I3,10047,18220,58831,12902,2,1.0,4095052139473138391,T4T6,0.37756
