N,Z,Z1_live,Z_frac,lam,n_activated_by_campaign,n_gen1,n_gen2,order,outbreak,rep,seed,t_final,tau0,test,x_pre
100000,1,0,1e-05,1.0,0,0,0,"(40, 50, 140)",0,0,16279120246578928740,50.0,10.0,P1-outbreak,-0.0007
100000,1,0,1e-05,1.0,0,0,0,"(40, 50, 140)",0,1,4520491315931029006,50.0,10.0,P1-outbreak,-0.0066
100000,1,0,1e-05,1.0,0,0,0,"(40, 50, 140)",0,2,12283678000857151199,50.0,10.0,P1-outbreak,-0.0028
100000,4,1,4e-05,1.0,0,1,1,"(40, 50, 140)",0,3,554525824325756609,50.0,10.0,P1-outbreak,0.00106
100000,1,0,1e-05,1.0,0,0,0,"(40, 50, 140)",0,4,8541708942307325268,50.0,10.0,P1-outbreak,0.00418
100000,1,0,1e-05,1.0,0,0,0,"(40, 50, 140)",0,5,5229312337154240030,50.0,10.0,P1-outbreak,-0.00116
100000,3,1,3e-05,1.0,0,1,1,"(40, 50, 140)",0,6,12824611348667011677,50.0,10.0,P1-outbreak,0.0028
100000,1,0,1e-05,1.0,0,0,0,"(40, 50, 140)",0,7,10645111634855933065,50.0,10.0,P1-outbreak,-0.0005
100000,2,1,2e-05,1.0,0,1,0,"(40, 50, 140)",0,8,3804247119622464745,50.0,10.0,P1-outbreak,-0.00388
100000,2,1,2e-05,1.0,0,1,0,"(40, 50, 140)",0,9,7905424373038963568,50.0,10.0,P1-outbreak,0.00188
100000,1,0,1e-05,1.0,0,0,0,"(40, 50, 140)",0,10,15242991987602596943,50.0,10.0,P1-outbreak,0.00028
100000,1,0,1e-05,1.0,0,0,0,"(40, 50, 140)",0,11,13774359964665682589,50.0,10.0,P1-outbreak,-0.00436
100000,2,1,2e-05,1.0,0,1,0,"(40, 50, 140)",0,12,8040094070091796561,50.0,10.0,P1-outbreak,0.00046
100000,1,0,1e-05,1.0,0,0,0,"(40, 50, 140)",0,13,12887872588159308205,50.0,10.0,P1-outbreak,-0.00038
100000,2,1,2e-05,1.0,0,1,0,"(40, 50, 140)",0,14,16952040109610132049,50.0,10.0,P1-outbreak,0.00266
100000,2,1,2e-05,1.0,0,1,0,"(40, 50, 140)",0,15,17846155377693553321,50.0,10.0,P1-outbreak,-0.00256
100000,4,1,4e-05,1.0,0,1,1,"(40, 50, 140)",0,16,13805512497198529828,50.0,10.0,P1-outbreak,0.00076
100000,2,1,2e-05,1.0,0,1,0,"(40, 50, 140)",0,17,16121987395497347782,50.0,10.0,P1-outbreak,0.0017
100000,5,3,5e-05,1.0,0,3,1,"(40, 50, 140)",0,18,6891454657563630646,50.0,10.0,P1-outbreak,0.00092
100000,1,0,1e-05,1.0,0,0,0,"(40, 50, 140)",0,19,6741551131872405142,50.0,10.0,P1-outbreak,-0.00202
100000,3,2,3e-05,1.0,0,2,0,"(40, 50, 140)",0,20,9626484393636120601,50.0,10.0,P1-outbreak,0.00078
100000,2,1,2e-05,1.0,0,1,0,"(40, 50, 140)",0,21,14344649136049199237,50.0,10.0,P1-outbreak,-0.00276
100000,2,1,2e-05,1.0,0,1,0,"(40, 50, 140)",0,22,4571666846002582074,50.0,10.0,P1-outbreak,-0.0048
100000,1,0,1e-05,1.0,0,0,0,"(40, 50, 140)",0,23,14505988914284707506,50.0,10.0,P1-outbreak,0.00012
100000,1,0,1e-05,1.0,0,0,0,"(40, 50, 140)",0,24,554915690659160621,50.0,10.0,P1-outbreak,-0.00278
100000,1,0,1e-05,1.0,0,0,0,"(40, 50, 140)",0,25,15176657149748338617,50.0,10.0,P1-outbreak,0.00772
100000,1,0,1e-05,1.0,0,0,0,"(40, 50, 140)",0,26,17081039321190974744,50.0,10.0,P1-outbreak,0.0022
100000,1,0,1e-05,1.0,0,0,0,"(40, 50, 140)",0,27,11699797858196468770,50.0,10.0,P1-outbreak,-0.00374
100000,1,0,1e-05,1.0,0,0,0,"(40, 50, 140)",0,28,6390140935498403016,50.0,10.0,P1-outbreak,-0.00182
100000,5,2,5e-05,1.0,0,2,2,"(40, 50, 140)",0,29,15398666909539213932,50.0,10.0,P1-outbreak,0.00236
100000,1,0,1e-05,1.0,0,0,0,"(40, 50, 140)",0,30,12006920182832485068,50.0,10.0,P1-outbreak,0.00402
100000,1,0,1e-05,1.0,0,0,0,"(40, 50, 140)",0,31,15901951232619452574,50.0,10.0,P1-outbreak,-0.00446
100000,1,0,1e-05,1.0,0,0,0,"(40, 50, 140)",0,32,15409969341292183037,50.0,10.0,P1-outbreak,0.00012
100000,1,0,1e-05,1.0,0,0,0,"(40, 50, 140)",0,33,18434080470097817592,50.0,10.0,P1-outbreak,0.00206
100000,3,2,3e-05,1.0,0,2,0,"(40, 50, 140)",0,34,4154955696664799422,50.0,10.0,P1-outbreak,0.00158
100000,4,2,4e-05,1.0,0,2,1,"(40, 50, 140)",0,35,173532582510390573,50.0,10.0,P1-outbreak,-0.00528
100000,1,0,1e-05,1.0,0,0,0,"(40, 50, 140)",0,36,7004118396464059714,50.0,10.0,P1-outbreak,0.00346
100000,1,0,1e-05,1.0,0,0,0,"(40, 50, 140)",0,37,8907053660206196902,50.0,10.0,P1-outbreak,-0.0046
100000,1,0,1e-05,1.0,0,0,0,"(40, 50, 140)",0,38,18263161606965050367,50.0,10.0,P1-outbreak,-2e-05
100000,1,0,1e-05,1.0,0,0,0,"(40, 50, 140)",0,39,11389370604533894999,50.0,10.0,P1-outbreak,0.00348
100000,2,1,2e-05,1.0,0,1,0,"(40, 50, 140)",0,40,2804374867903249166,50.0,10.0,P1-outbreak,-0.00172
100000,1,0,1e-05,1.0,0,0,0,"(40, 50, 140)",0,41,17377716373899356703,50.0,10.0,P1-outbreak,-0.00154
100000,1,0,1e-05,1.0,0,0,0,"(40, 50, 140)",0,42,15113228440251865765,50.0,10.0,P1-outbreak,-0.00218
100000,1,0,1e-05,1.0,0,0,0,"(40, 50, 140)",0,43,15175932154567921853,50.0,10.0,P1-outbreak,-0.00598
100000,3,1,3e-05,1.0,0,1,1,"(40, 50, 140)",0,44,3930267724290722482,50.0,10.0,P1-outbreak,-0.00058
100000,1,0,1e-05,1.0,0,0,0,"(40, 50, 140)",0,45,5864965926683829372,50.0,10.0,P1-outbreak,-0.00462
100000,3,1,3e-05,1.0,0,1,1,"(40, 50, 140)",0,46,9326854255756455036,50.0,10.0,P1-outbreak,-0.00152
100000,1,0,1e-05,1.0,0,0,0,"(40, 50, 140)",0,47,12315241494867237425,50.0,10.0,P1-outbreak,0.00234
100000,1,0,1e-05,1.0,0,0,0,"(40, 50, 140)",0,48,10300650661080377222,50.0,10.0,P1-outbreak,-0.0018
100000,1,0,1e-05,1.0,0,0,0,"(40, 50, 140)",0,49,18267966188906275283,50.0,10.0,P1-outbreak,-0.0027
100000,3,1,3e-05,1.0,0,1,1,"(40, 140, 50)",0,0,5363176790840620105,50.0,10.0,P1-outbreak,0.96976
100000,1,0,1e-05,1.0,0,0,0,"(40, 140, 50)",0,1,7699130370144450260,50.0,10.0,P1-outbreak,0.97014
100000,1,0,1e-05,1.0,0,0,0,"(40, 140, 50)",0,2,16265337790565807997,50.0,10.0,P1-outbreak,0.96934
100000,4,1,4e-05,1.0,0,1,1,"(40, 140, 50)",0,3,11540864644881560580,50.0,10.0,P1-outbreak,0.9688
100000,1,0,1e-05,1.0,0,0,0,"(40, 140, 50)",0,4,7540901015131296809,50.0,10.0,P1-outbreak,0.96994
100000,4,2,4e-05,1.0,0,2,1,"(40, 140, 50)",0,5,18192921445567625331,50.0,10.0,P1-outbreak,0.97088
100000,1,0,1e-05,1.0,0,0,0,"(40, 140, 50)",0,6,9566682448590865918,50.0,10.0,P1-outbreak,0.96958
100000,1,0,1e-05,1.0,0,0,0,"(40, 140, 50)",0,7,12448561383105556437,50.0,10.0,P1-outbreak,0.96984
100000,3,1,3e-05,1.0,0,1,1,"(40, 140, 50)",0,8,16929311725363999471,50.0,10.0,P1-outbreak,0.97042
100000,1,0,1e-05,1.0,0,0,0,"(40, 140, 50)",0,9,15482000703436051715,50.0,10.0,P1-outbreak,0.96876
100000,1,0,1e-05,1.0,0,0,0,"(40, 140, 50)",0,10,9308228334812424410,50.0,10.0,P1-outbreak,0.97018
100000,1,0,1e-05,1.0,0,0,0,"(40, 140, 50)",0,11,8177861745706115124,50.0,10.0,P1-outbreak,0.96996
100000,9,1,9e-05,1.0,0,1,2,"(40, 140, 50)",0,12,13472590493935224845,50.0,10.0,P1-outbreak,0.96904
100000,1,0,1e-05,1.0,0,0,0,"(40, 140, 50)",0,13,16172885611915828170,50.0,10.0,P1-outbreak,0.96974
100000,1,0,1e-05,1.0,0,0,0,"(40, 140, 50)",0,14,7521154201698085394,50.0,10.0,P1-outbreak,0.97106
100000,1,0,1e-05,1.0,0,0,0,"(40, 140, 50)",0,15,10612133684379067852,50.0,10.0,P1-outbreak,0.96952
100000,5,2,5e-05,1.0,0,2,2,"(40, 140, 50)",0,16,9620822048169222161,50.0,10.0,P1-outbreak,0.9688
100000,2,1,2e-05,1.0,0,1,0,"(40, 140, 50)",0,17,9949591998193606051,50.0,10.0,P1-outbreak,0.97086
100000,4,1,4e-05,1.0,0,1,1,"(40, 140, 50)",0,18,8758143113641792730,50.0,10.0,P1-outbreak,0.96898
100000,1,0,1e-05,1.0,0,0,0,"(40, 140, 50)",0,19,6129568785198015371,50.0,10.0,P1-outbreak,0.97074
100000,1,0,1e-05,1.0,0,0,0,"(40, 140, 50)",0,20,14576257074018151434,50.0,10.0,P1-outbreak,0.97066
100000,12,2,0.00012,1.0,0,2,3,"(40, 140, 50)",0,21,3871374708059605162,50.0,10.0,P1-outbreak,0.96998
100000,2,1,2e-05,1.0,0,1,0,"(40, 140, 50)",0,22,1668520760254060815,50.0,10.0,P1-outbreak,0.969
100000,16,2,0.00016,1.0,0,2,1,"(40, 140, 50)",0,23,247113727647997585,50.0,10.0,P1-outbreak,0.97136
100000,6,2,6e-05,1.0,0,2,3,"(40, 140, 50)",0,24,14667975232144533250,50.0,10.0,P1-outbreak,0.97132
100000,1,0,1e-05,1.0,0,0,0,"(40, 140, 50)",0,25,1959117767601586182,50.0,10.0,P1-outbreak,0.9692
100000,1,0,1e-05,1.0,0,0,0,"(40, 140, 50)",0,26,7691024838722712970,50.0,10.0,P1-outbreak,0.97102
100000,4,2,4e-05,1.0,0,2,1,"(40, 140, 50)",0,27,4961612465451937588,50.0,10.0,P1-outbreak,0.96996
100000,2,1,2e-05,1.0,0,1,0,"(40, 140, 50)",0,28,10541758312925904485,50.0,10.0,P1-outbreak,0.96962
100000,2,1,2e-05,1.0,0,1,0,"(40, 140, 50)",0,29,2615591326817840794,50.0,10.0,P1-outbreak,0.96966
100000,1,0,1e-05,1.0,0,0,0,"(40, 140, 50)",0,30,2836075766747871241,50.0,10.0,P1-outbreak,0.97062
100000,1,0,1e-05,1.0,0,0,0,"(40, 140, 50)",0,31,876517959102267583,50.0,10.0,P1-outbreak,0.96982
100000,1,0,1e-05,1.0,0,0,0,"(40, 140, 50)",0,32,8905262797700811979,50.0,10.0,P1-outbreak,0.9691
100000,3,2,3e-05,1.0,0,2,0,"(40, 140, 50)",0,33,12543423184464025222,50.0,10.0,P1-outbreak,0.9696
100000,7,2,7e-05,1.0,0,2,3,"(40, 140, 50)",0,34,14387627376290916238,50.0,10.0,P1-outbreak,0.97022
100000,2,1,2e-05,1.0,0,1,0,"(40, 140, 50)",0,35,15300286056354080199,50.0,10.0,P1-outbreak,0.96788
100000,1,0,1e-05,1.0,0,0,0,"(40, 140, 50)",0,36,14634770306452771048,50.0,10.0,P1-outbreak,0.9705
100000,1,0,1e-05,1.0,0,0,0,"(40, 140, 50)",0,37,1092029004510649097,50.0,10.0,P1-outbreak,0.96944
100000,2,1,2e-05,1.0,0,1,0,"(40, 140, 50)",0,38,343844139458169308,50.0,10.0,P1-outbreak,0.97114
100000,1,0,1e-05,1.0,0,0,0,"(40, 140, 50)",0,39,13340630413162835883,50.0,10.0,P1-outbreak,0.96946
100000,36,1,0.00036,1.0,0,1,1,"(40, 140, 50)",0,40,7678303777394961782,50.0,10.0,P1-outbreak,0.96844
100000,1,0,1e-05,1.0,0,0,0,"(40, 140, 50)",0,41,8039554021162848929,50.0,10.0,P1-outbreak,0.9691
100000,1,0,1e-05,1.0,0,0,0,"(40, 140, 50)",0,42,13318569362931941179,50.0,10.0,P1-outbreak,0.96914
100000,11,1,0.00011,1.0,0,1,1,"(40, 140, 50)",0,43,358329791744515822,50.0,10.0,P1-outbreak,0.9693
100000,1,0,1e-05,1.0,0,0,0,"(40, 140, 50)",0,44,8561547498298638159,50.0,10.0,P1-outbreak,0.96822
100000,1,0,1e-05,1.0,0,0,0,"(40, 140, 50)",0,45,12361128423437042060,50.0,10.0,P1-outbreak,0.97042
100000,3,1,3e-05,1.0,0,1,1,"(40, 140, 50)",0,46,16791090386371332343,50.0,10.0,P1-outbreak,0.96906
100000,2,1,2e-05,1.0,0,1,0,"(40, 140, 50)",0,47,18361144117985835950,50.0,10.0,P1-outbreak,0.96962
100000,1,0,1e-05,1.0,0,0,0,"(40, 140, 50)",0,48,8971252022535872400,50.0,10.0,P1-outbreak,0.96898
100000,1,0,1e-05,1.0,0,0,0,"(40, 140, 50)",0,49,9226928772003569552,50.0,10.0,P1-outbreak,0.96988
100000,2,1,2e-05,2.0,0,1,0,"(40, 50, 140)",0,0,2643307151636654523,50.0,10.0,P1-outbreak,0.0009
100000,1,0,1e-05,2.0,0,0,0,"(40, 50, 140)",0,1,10528254137523006567,50.0,10.0,P1-outbreak,0.0014
100000,1,0,1e-05,2.0,0,0,0,"(40, 50, 140)",0,2,2250848313692468344,50.0,10.0,P1-outbreak,-0.0054
100000,1,0,1e-05,2.0,0,0,0,"(40, 50, 140)",0,3,16178235661281634280,50.0,10.0,P1-outbreak,-0.00032
100000,1,0,1e-05,2.0,0,0,0,"(40, 50, 140)",0,4,3519713613023870500,50.0,10.0,P1-outbreak,-0.00306
100000,5,1,5e-05,2.0,0,1,1,"(40, 50, 140)",0,5,8100587706136325982,50.0,10.0,P1-outbreak,0.0034
100000,1,0,1e-05,2.0,0,0,0,"(40, 50, 140)",0,6,13757729892099843492,50.0,10.0,P1-outbreak,-0.0017
100000,4,2,4e-05,2.0,0,2,1,"(40, 50, 140)",0,7,6924965395462034360,50.0,10.0,P1-outbreak,-0.00166
100000,1,0,1e-05,2.0,0,0,0,"(40, 50, 140)",0,8,15586781285691404456,50.0,10.0,P1-outbreak,0.00438
100000,2,1,2e-05,2.0,0,1,0,"(40, 50, 140)",0,9,13103616786918175942,50.0,10.0,P1-outbreak,0.00164
100000,1,0,1e-05,2.0,0,0,0,"(40, 50, 140)",0,10,11324032324548241309,50.0,10.0,P1-outbreak,0.00158
100000,1,0,1e-05,2.0,0,0,0,"(40, 50, 140)",0,11,11634111797429361898,50.0,10.0,P1-outbreak,0.0023
100000,1,0,1e-05,2.0,0,0,0,"(40, 50, 140)",0,12,5613434942939735738,50.0,10.0,P1-outbreak,-0.00254
100000,2,1,2e-05,2.0,0,1,0,"(40, 50, 140)",0,13,15212610831485683988,50.0,10.0,P1-outbreak,-0.0011
100000,3,2,3e-05,2.0,0,2,0,"(40, 50, 140)",0,14,4068387762856775955,50.0,10.0,P1-outbreak,0.00168
100000,3,2,3e-05,2.0,0,2,0,"(40, 50, 140)",0,15,1851099089414038921,50.0,10.0,P1-outbreak,-0.00482
100000,2,1,2e-05,2.0,0,1,0,"(40, 50, 140)",0,16,8128657808508090524,50.0,10.0,P1-outbreak,0.0
100000,1,0,1e-05,2.0,0,0,0,"(40, 50, 140)",0,17,12927012883182194377,50.0,10.0,P1-outbreak,4e-05
100000,1,0,1e-05,2.0,0,0,0,"(40, 50, 140)",0,18,9885432287077259909,50.0,10.0,P1-outbreak,-6e-05
100000,4,1,4e-05,2.0,0,1,1,"(40, 50, 140)",0,19,12917129714117365448,50.0,10.0,P1-outbreak,0.0037
100000,3,1,3e-05,2.0,0,1,1,"(40, 50, 140)",0,20,2550315652569300464,50.0,10.0,P1-outbreak,0.00258
100000,7,1,7e-05,2.0,0,1,1,"(40, 50, 140)",0,21,16136927703693651795,50.0,10.0,P1-outbreak,-0.00248
100000,1,0,1e-05,2.0,0,0,0,"(40, 50, 140)",0,22,4740151948866453778,50.0,10.0,P1-outbreak,0.00668
100000,2,1,2e-05,2.0,0,1,0,"(40, 50, 140)",0,23,14813173095916472684,50.0,10.0,P1-outbreak,0.00206
100000,1,0,1e-05,2.0,0,0,0,"(40, 50, 140)",0,24,1086267577766558969,50.0,10.0,P1-outbreak,-0.00124
100000,2,1,2e-05,2.0,0,1,0,"(40, 50, 140)",0,25,15802435811320165597,50.0,10.0,P1-outbreak,0.0044
100000,1,0,1e-05,2.0,0,0,0,"(40, 50, 140)",0,26,9489894236233021755,50.0,10.0,P1-outbreak,-0.00028
100000,1,0,1e-05,2.0,0,0,0,"(40, 50, 140)",0,27,5471739104061757566,50.0,10.0,P1-outbreak,-0.00142
100000,2,1,2e-05,2.0,0,1,0,"(40, 50, 140)",0,28,13394851358873489710,50.0,10.0,P1-outbreak,-0.00408
100000,1,0,1e-05,2.0,0,0,0,"(40, 50, 140)",0,29,12826360189106796201,50.0,10.0,P1-outbreak,0.00248
100000,2,1,2e-05,2.0,0,1,0,"(40, 50, 140)",0,30,17025084636091407691,50.0,10.0,P1-outbreak,-0.00054
100000,1,0,1e-05,2.0,0,0,0,"(40, 50, 140)",0,31,6101600588137071460,50.0,10.0,P1-outbreak,0.00262
100000,1,0,1e-05,2.0,0,0,0,"(40, 50, 140)",0,32,4855416405662546791,50.0,10.0,P1-outbreak,0.00584
100000,1,0,1e-05,2.0,0,0,0,"(40, 50, 140)",0,33,3211596438402948091,50.0,10.0,P1-outbreak,-0.00178
100000,15,2,0.00015,2.0,0,2,3,"(40, 50, 140)",0,34,17648948385626587864,50.0,10.0,P1-outbreak,-0.00358
100000,1,0,1e-05,2.0,0,0,0,"(40, 50, 140)",0,35,5293497879398926963,50.0,10.0,P1-outbreak,-4e-05
100000,2,1,2e-05,2.0,0,1,0,"(40, 50, 140)",0,36,15725078906831084377,50.0,10.0,P1-outbreak,-0.00512
100000,5,2,5e-05,2.0,0,2,1,"(40, 50, 140)",0,37,14648257677645657298,50.0,10.0,P1-outbreak,-0.00194
100000,31,2,0.00031,2.0,0,2,2,"(40, 50, 140)",0,38,12967824574726924680,50.0,10.0,P1-outbreak,0.00072
100000,1,0,1e-05,2.0,0,0,0,"(40, 50, 140)",0,39,8828742416153796513,50.0,10.0,P1-outbreak,0.00194
100000,1,0,1e-05,2.0,0,0,0,"(40, 50, 140)",0,40,534127580701540775,50.0,10.0,P1-outbreak,-0.00312
100000,7,2,7e-05,2.0,0,2,3,"(40, 50, 140)",0,41,16027475238480801051,50.0,10.0,P1-outbreak,-0.0032
100000,1,0,1e-05,2.0,0,0,0,"(40, 50, 140)",0,42,12657025736676068246,50.0,10.0,P1-outbreak,0.00234
100000,19,1,0.00019,2.0,0,1,3,"(40, 50, 140)",0,43,9605381971335295256,50.0,10.0,P1-outbreak,-0.00708
100000,1,0,1e-05,2.0,0,0,0,"(40, 50, 140)",0,44,14394549569669239818,50.0,10.0,P1-outbreak,-0.00674
100000,2,1,2e-05,2.0,0,1,0,"(40, 50, 140)",0,45,15775593435882596602,50.0,10.0,P1-outbreak,-0.00066
100000,1,0,1e-05,2.0,0,0,0,"(40, 50, 140)",0,46,7482039029733190179,50.0,10.0,P1-outbreak,0.00552
100000,5,2,5e-05,2.0,0,2,2,"(40, 50, 140)",0,47,9608250494774828496,50.0,10.0,P1-outbreak,-0.00584
100000,3,1,3e-05,2.0,0,1,1,"(40, 50, 140)",0,48,9790759445493288720,50.0,10.0,P1-outbreak,-0.00438
100000,4,1,4e-05,2.0,0,1,1,"(40, 50, 140)",0,49,6305512540104690725,50.0,10.0,P1-outbreak,0.00198
100000,1,0,1e-05,2.0,0,0,0,"(40, 140, 50)",0,0,12825865055014077514,50.0,10.0,P1-outbreak,0.9688
100000,1,0,1e-05,2.0,0,0,0,"(40, 140, 50)",0,1,7591322201826130379,50.0,10.0,P1-outbreak,0.97008
100000,3,1,3e-05,2.0,0,1,1,"(40, 140, 50)",0,2,11358175255159410621,50.0,10.0,P1-outbreak,0.96958
100000,4,1,4e-05,2.0,0,1,1,"(40, 140, 50)",0,3,12654325397175809569,50.0,10.0,P1-outbreak,0.97062
100000,68195,1,0.68195,2.0,0,0,2,"(40, 140, 50)",1,4,718827153507892557,50.0,10.0,P1-outbreak,0.96844
100000,1,0,1e-05,2.0,0,0,0,"(40, 140, 50)",0,5,12198054629158406481,50.0,10.0,P1-outbreak,0.96976
100000,3,2,3e-05,2.0,0,2,0,"(40, 140, 50)",0,6,12638799071132912743,50.0,10.0,P1-outbreak,0.97016
100000,2,1,2e-05,2.0,0,1,0,"(40, 140, 50)",0,7,14032472614058826276,50.0,10.0,P1-outbreak,0.96986
100000,68748,1,0.68748,2.0,0,1,1,"(40, 140, 50)",1,8,4158933968811177562,50.0,10.0,P1-outbreak,0.96976
100000,2,1,2e-05,2.0,0,1,0,"(40, 140, 50)",0,9,2057833589804447807,50.0,10.0,P1-outbreak,0.96942
100000,1,0,1e-05,2.0,0,0,0,"(40, 140, 50)",0,10,6286225960194313984,50.0,10.0,P1-outbreak,0.96934
100000,68233,2,0.68233,2.0,0,0,0,"(40, 140, 50)",1,11,6227113737724419347,50.0,10.0,P1-outbreak,0.9685
100000,1,0,1e-05,2.0,0,0,0,"(40, 140, 50)",0,12,11095658094020902133,50.0,10.0,P1-outbreak,0.97066
100000,18,1,0.00018,2.0,0,1,4,"(40, 140, 50)",0,13,10757523692811568042,50.0,10.0,P1-outbreak,0.96904
100000,10,2,0.0001,2.0,0,2,1,"(40, 140, 50)",0,14,5998330425444826106,50.0,10.0,P1-outbreak,0.97016
100000,69403,3,0.69403,2.0,0,0,2,"(40, 140, 50)",1,15,9843458978728297693,50.0,10.0,P1-outbreak,0.97074
100000,68553,1,0.68553,2.0,0,1,0,"(40, 140, 50)",1,16,16855064094404168010,50.0,10.0,P1-outbreak,0.96954
100000,69250,1,0.6925,2.0,0,0,1,"(40, 140, 50)",1,17,11911882542589169632,50.0,10.0,P1-outbreak,0.96914
100000,69489,1,0.69489,2.0,0,0,1,"(40, 140, 50)",1,18,464033854163129254,50.0,10.0,P1-outbreak,0.97188
100000,1,0,1e-05,2.0,0,0,0,"(40, 140, 50)",0,19,18005887525653983933,50.0,10.0,P1-outbreak,0.96954
100000,69437,7,0.69437,2.0,0,1,0,"(40, 140, 50)",1,20,13500240677994568095,50.0,10.0,P1-outbreak,0.9692
100000,1,0,1e-05,2.0,0,0,0,"(40, 140, 50)",0,21,8767753879403310323,50.0,10.0,P1-outbreak,0.96994
100000,68023,2,0.68023,2.0,0,1,1,"(40, 140, 50)",1,22,2207151777370097976,50.0,10.0,P1-outbreak,0.96952
100000,4,2,4e-05,2.0,0,2,1,"(40, 140, 50)",0,23,189164294830868728,50.0,10.0,P1-outbreak,0.96994
100000,68130,2,0.6813,2.0,0,2,0,"(40, 140, 50)",1,24,10295065949268338473,50.0,10.0,P1-outbreak,0.9707
100000,1,0,1e-05,2.0,0,0,0,"(40, 140, 50)",0,25,100094994880068153,50.0,10.0,P1-outbreak,0.97002
100000,2,1,2e-05,2.0,0,1,0,"(40, 140, 50)",0,26,12662147336135056330,50.0,10.0,P1-outbreak,0.9698
100000,1,0,1e-05,2.0,0,0,0,"(40, 140, 50)",0,27,13146668287014287996,50.0,10.0,P1-outbreak,0.96918
100000,2,1,2e-05,2.0,0,1,0,"(40, 140, 50)",0,28,6433702875368589972,50.0,10.0,P1-outbreak,0.97066
100000,68497,3,0.68497,2.0,0,0,2,"(40, 140, 50)",1,29,16921368226460362253,50.0,10.0,P1-outbreak,0.97034
100000,2,1,2e-05,2.0,0,1,0,"(40, 140, 50)",0,30,11378117769222608236,50.0,10.0,P1-outbreak,0.97054
100000,2,1,2e-05,2.0,0,1,0,"(40, 140, 50)",0,31,3920801782754916961,50.0,10.0,P1-outbreak,0.9698
100000,1,0,1e-05,2.0,0,0,0,"(40, 140, 50)",0,32,3233986960534452229,50.0,10.0,P1-outbreak,0.97106
100000,68083,2,0.68083,2.0,0,1,0,"(40, 140, 50)",1,33,8220736315317524324,50.0,10.0,P1-outbreak,0.96942
100000,1,0,1e-05,2.0,0,0,0,"(40, 140, 50)",0,34,590198682923150579,50.0,10.0,P1-outbreak,0.96968
100000,10,2,0.0001,2.0,0,2,1,"(40, 140, 50)",0,35,17668737242090706515,50.0,10.0,P1-outbreak,0.97032
100000,2,1,2e-05,2.0,0,1,0,"(40, 140, 50)",0,36,17137957026782067367,50.0,10.0,P1-outbreak,0.97052
100000,3,1,3e-05,2.0,0,1,1,"(40, 140, 50)",0,37,1841601966470974206,50.0,10.0,P1-outbreak,0.97034
100000,69138,2,0.69138,2.0,0,0,2,"(40, 140, 50)",1,38,12785668937181321038,50.0,10.0,P1-outbreak,0.97066
100000,69192,4,0.69192,2.0,0,0,2,"(40, 140, 50)",1,39,7899622366315947948,50.0,10.0,P1-outbreak,0.97014
100000,2,1,2e-05,2.0,0,1,0,"(40, 140, 50)",0,40,15092318620479056683,50.0,10.0,P1-outbreak,0.96982
100000,1,0,1e-05,2.0,0,0,0,"(40, 140, 50)",0,41,12294914117695912011,50.0,10.0,P1-outbreak,0.96774
100000,69004,1,0.69004,2.0,0,0,0,"(40, 140, 50)",1,42,5963147593340637820,50.0,10.0,P1-outbreak,0.96994
100000,68375,3,0.68375,2.0,0,1,2,"(40, 140, 50)",1,43,5489954469042997427,50.0,10.0,P1-outbreak,0.96952
100000,1,0,1e-05,2.0,0,0,0,"(40, 140, 50)",0,44,14951363375227818261,50.0,10.0,P1-outbreak,0.97058
100000,68585,3,0.68585,2.0,0,1,2,"(40, 140, 50)",1,45,16892226291952388574,50.0,10.0,P1-outbreak,0.96988
100000,6,1,6e-05,2.0,0,1,2,"(40, 140, 50)",0,46,17029840257028191534,50.0,10.0,P1-outbreak,0.96954
100000,2,1,2e-05,2.0,0,1,0,"(40, 140, 50)",0,47,2941878547539332707,50.0,10.0,P1-outbreak,0.97072
100000,1,0,1e-05,2.0,0,0,0,"(40, 140, 50)",0,48,1870309677134855522,50.0,10.0,P1-outbreak,0.9694
100000,4,2,4e-05,2.0,0,2,1,"(40, 140, 50)",0,49,6148222655668118292,50.0,10.0,P1-outbreak,0.96762
100000,2,1,2e-05,2.0,0,1,0,"(40, 140, 50)",0,50,127532938058664899,50.0,10.0,P1-outbreak,0.96934
100000,1,0,1e-05,2.0,0,0,0,"(40, 140, 50)",0,51,603432180081105556,50.0,10.0,P1-outbreak,0.9677
100000,68766,2,0.68766,2.0,0,1,1,"(40, 140, 50)",1,52,8425627144986729203,50.0,10.0,P1-outbreak,0.97042
100000,67569,6,0.67569,2.0,0,1,3,"(40, 140, 50)",1,53,3600476591198195172,50.0,10.0,P1-outbreak,0.9697
100000,68225,3,0.68225,2.0,0,1,2,"(40, 140, 50)",1,54,1093686649123481075,50.0,10.0,P1-outbreak,0.96964
100000,2,1,2e-05,2.0,0,1,0,"(40, 140, 50)",0,55,3177211949195396166,50.0,10.0,P1-outbreak,0.97106
100000,2,1,2e-05,2.0,0,1,0,"(40, 140, 50)",0,56,1955843195094480354,50.0,10.0,P1-outbreak,0.97042
100000,68307,5,0.68307,2.0,0,1,2,"(40, 140, 50)",1,57,12171446857519637670,50.0,10.0,P1-outbreak,0.96992
100000,68612,2,0.68612,2.0,0,0,1,"(40, 140, 50)",1,58,14842347238408554782,50.0,10.0,P1-outbreak,0.97124
100000,1,0,1e-05,2.0,0,0,0,"(40, 140, 50)",0,59,8813108764142266649,50.0,10.0,P1-outbreak,0.97068
100000,68346,4,0.68346,2.0,0,0,0,"(40, 140, 50)",1,60,17417048290752178050,50.0,10.0,P1-outbreak,0.96974
100000,69651,4,0.69651,2.0,0,0,0,"(40, 140, 50)",1,61,7549229473124520138,50.0,10.0,P1-outbreak,0.9701
100000,69398,2,0.69398,2.0,0,1,0,"(40, 140, 50)",1,62,6000559545667112837,50.0,10.0,P1-outbreak,0.97024
100000,1,0,1e-05,2.0,0,0,0,"(40, 140, 50)",0,63,10244463173436061424,50.0,10.0,P1-outbreak,0.96964
100000,67955,4,0.67955,2.0,0,0,1,"(40, 140, 50)",1,64,10333428231213820043,50.0,10.0,P1-outbreak,0.96854
100000,68770,3,0.6877,2.0,0,0,2,"(40, 140, 50)",1,65,9789739694875186911,50.0,10.0,P1-outbreak,0.97008
100000,1,0,1e-05,2.0,0,0,0,"(40, 140, 50)",0,66,11078076553105295402,50.0,10.0,P1-outbreak,0.96966
100000,1,0,1e-05,2.0,0,0,0,"(40, 140, 50)",0,67,6473352098009352951,50.0,10.0,P1-outbreak,0.9707
100000,1,0,1e-05,2.0,0,0,0,"(40, 140, 50)",0,68,2416860202095023749,50.0,10.0,P1-outbreak,0.97094
100000,69607,3,0.69607,2.0,0,0,0,"(40, 140, 50)",1,69,15668216337780038284,50.0,10.0,P1-outbreak,0.96964
100000,15,2,0.00015,2.0,0,2,2,"(40, 140, 50)",0,70,17705732347538474038,50.0,10.0,P1-outbreak,0.96822
100000,69442,4,0.69442,2.0,0,1,1,"(40, 140, 50)",1,71,8550425378791838684,50.0,10.0,P1-outbreak,0.9695
100000,67907,1,0.67907,2.0,0,0,2,"(40, 140, 50)",1,72,4628258230609294993,50.0,10.0,P1-outbreak,0.97084
100000,69174,4,0.69174,2.0,0,0,2,"(40, 140, 50)",1,73,18377339565528528224,50.0,10.0,P1-outbreak,0.97058
100000,68588,3,0.68588,2.0,0,1,0,"(40, 140, 50)",1,74,4088345380267361010,50.0,10.0,P1-outbreak,0.96808
100000,69266,3,0.69266,2.0,0,0,2,"(40, 140, 50)",1,75,7015708497454399028,50.0,10.0,P1-outbreak,0.96982
100000,2,1,2e-05,2.0,0,1,0,"(40, 140, 50)",0,76,18152424590142534683,50.0,10.0,P1-outbreak,0.97016
100000,68664,2,0.68664,2.0,0,1,0,"(40, 140, 50)",1,77,4988694518011262924,50.0,10.0,P1-outbreak,0.97058
100000,4,1,4e-05,2.0,0,1,2,"(40, 140, 50)",0,78,11364892934258470722,50.0,10.0,P1-outbreak,0.9703
100000,67645,3,0.67645,2.0,0,1,1,"(40, 140, 50)",1,79,486999501561682091,50.0,10.0,P1-outbreak,0.97088
100000,67684,4,0.67684,2.0,0,0,1,"(40, 140, 50)",1,80,10435036800197061996,50.0,10.0,P1-outbreak,0.9709
100000,68482,3,0.68482,2.0,0,1,0,"(40, 140, 50)",1,81,4436142499625230406,50.0,10.0,P1-outbreak,0.96928
100000,1,0,1e-05,2.0,0,0,0,"(40, 140, 50)",0,82,11118462161425459238,50.0,10.0,P1-outbreak,0.97012
100000,3,2,3e-05,2.0,0,2,0,"(40, 140, 50)",0,83,4822037223837866445,50.0,10.0,P1-outbreak,0.97096
100000,8,1,8e-05,2.0,0,1,4,"(40, 140, 50)",0,84,10927891271750785244,50.0,10.0,P1-outbreak,0.97036
100000,69226,6,0.69226,2.0,0,2,4,"(40, 140, 50)",1,85,8154074188430752847,50.0,10.0,P1-outbreak,0.9691
100000,1,0,1e-05,2.0,0,0,0,"(40, 140, 50)",0,86,11744608127634285975,50.0,10.0,P1-outbreak,0.97036
100000,69483,2,0.69483,2.0,0,0,1,"(40, 140, 50)",1,87,13225783329822056415,50.0,10.0,P1-outbreak,0.97066
100000,68579,5,0.68579,2.0,0,0,2,"(40, 140, 50)",1,88,17610620456272920683,50.0,10.0,P1-outbreak,0.96836
100000,4,1,4e-05,2.0,0,1,1,"(40, 140, 50)",0,89,18338597959359963303,50.0,10.0,P1-outbreak,0.96994
100000,1,0,1e-05,2.0,0,0,0,"(40, 140, 50)",0,90,11305812327783736328,50.0,10.0,P1-outbreak,0.97026
100000,68483,3,0.68483,2.0,0,1,1,"(40, 140, 50)",1,91,5924603783937037669,50.0,10.0,P1-outbreak,0.9698
100000,1,0,1e-05,2.0,0,0,0,"(40, 140, 50)",0,92,8768905212699516539,50.0,10.0,P1-outbreak,0.96968
100000,69064,4,0.69064,2.0,0,2,1,"(40, 140, 50)",1,93,12795177677647073122,50.0,10.0,P1-outbreak,0.9709
100000,68710,5,0.6871,2.0,0,1,2,"(40, 140, 50)",1,94,17029116635386058272,50.0,10.0,P1-outbreak,0.96986
100000,1,0,1e-05,2.0,0,0,0,"(40, 140, 50)",0,95,4497227031474607958,50.0,10.0,P1-outbreak,0.96928
100000,69342,4,0.69342,2.0,0,1,2,"(40, 140, 50)",1,96,17302606979018275757,50.0,10.0,P1-outbreak,0.9694
100000,2,1,2e-05,2.0,0,1,0,"(40, 140, 50)",0,97,15900437313204990451,50.0,10.0,P1-outbreak,0.9693
100000,4,1,4e-05,2.0,0,1,2,"(40, 140, 50)",0,98,17398702017755914644,50.0,10.0,P1-outbreak,0.96924
100000,69353,4,0.69353,2.0,0,1,1,"(40, 140, 50)",1,99,7851751213183121962,50.0,10.0,P1-outbreak,0.96996
100000,67867,2,0.67867,2.0,0,0,0,"(40, 140, 50)",1,100,11309006858296735072,50.0,10.0,P1-outbreak,0.97058
100000,1,0,1e-05,2.0,0,0,0,"(40, 140, 50)",0,101,14204538871881679054,50.0,10.0,P1-outbreak,0.9681
100000,68338,1,0.68338,2.0,0,1,1,"(40, 140, 50)",1,102,1901545534090176008,50.0,10.0,P1-outbreak,0.96854
100000,69150,3,0.6915,2.0,0,0,0,"(40, 140, 50)",1,103,6057463910018532863,50.0,10.0,P1-outbreak,0.97022
100000,1,0,1e-05,2.0,0,0,0,"(40, 140, 50)",0,104,11613240156747214737,50.0,10.0,P1-outbreak,0.96996
100000,68353,2,0.68353,2.0,0,1,1,"(40, 140, 50)",1,105,17686610489281803290,50.0,10.0,P1-outbreak,0.96932
100000,69246,3,0.69246,2.0,0,0,2,"(40, 140, 50)",1,106,14663025521348043854,50.0,10.0,P1-outbreak,0.96882
100000,1,0,1e-05,2.0,0,0,0,"(40, 140, 50)",0,107,487427897047906445,50.0,10.0,P1-outbreak,0.97042
100000,3,1,3e-05,2.0,0,1,1,"(40, 140, 50)",0,108,3045887227540875169,50.0,10.0,P1-outbreak,0.97016
100000,69743,4,0.69743,2.0,0,0,1,"(40, 140, 50)",1,109,1473314433165781801,50.0,10.0,P1-outbreak,0.97042
100000,5,2,5e-05,2.0,0,2,1,"(40, 140, 50)",0,110,6809348183399466177,50.0,10.0,P1-outbreak,0.97022
100000,68489,3,0.68489,2.0,0,0,0,"(40, 140, 50)",1,111,346750725101131483,50.0,10.0,P1-outbreak,0.96914
100000,68122,1,0.68122,2.0,0,0,1,"(40, 140, 50)",1,112,15054875067341136482,50.0,10.0,P1-outbreak,0.97078
100000,68401,3,0.68401,2.0,0,0,0,"(40, 140, 50)",1,113,3578387825270576736,50.0,10.0,P1-outbreak,0.97056
100000,2,1,2e-05,2.0,0,1,0,"(40, 140, 50)",0,114,16683277327072304209,50.0,10.0,P1-outbreak,0.96988
100000,1,0,1e-05,2.0,0,0,0,"(40, 140, 50)",0,115,7357198340068139404,50.0,10.0,P1-outbreak,0.97106
100000,1,0,1e-05,2.0,0,0,0,"(40, 140, 50)",0,116,2421109954803449439,50.0,10.0,P1-outbreak,0.96968
100000,1,0,1e-05,2.0,0,0,0,"(40, 140, 50)",0,117,16126151795306596565,50.0,10.0,P1-outbreak,0.9706
100000,68181,1,0.68181,2.0,0,0,1,"(40, 140, 50)",1,118,13956657411654886550,50.0,10.0,P1-outbreak,0.97022
100000,7,2,7e-05,2.0,0,2,3,"(40, 140, 50)",0,119,5841196824299043465,50.0,10.0,P1-outbreak,0.9711
100000,68298,3,0.68298,2.0,0,0,0,"(40, 140, 50)",1,120,5983995561486841906,50.0,10.0,P1-outbreak,0.96982
100000,67488,2,0.67488,2.0,0,2,2,"(40, 140, 50)",1,121,12436549797060333642,50.0,10.0,P1-outbreak,0.96816
100000,68348,3,0.68348,2.0,0,0,0,"(40, 140, 50)",1,122,16223904813053564501,50.0,10.0,P1-outbreak,0.9713
100000,68678,8,0.68678,2.0,0,1,4,"(40, 140, 50)",1,123,11468133110765395380,50.0,10.0,P1-outbreak,0.96944
100000,69432,3,0.69432,2.0,0,0,1,"(40, 140, 50)",1,124,16525024293863201908,50.0,10.0,P1-outbreak,0.96992
100000,2,1,2e-05,2.0,0,1,0,"(40, 140, 50)",0,125,10144113739906015288,50.0,10.0,P1-outbreak,0.97014
100000,1,0,1e-05,2.0,0,0,0,"(40, 140, 50)",0,126,3336637827316745821,50.0,10.0,P1-outbreak,0.96998
100000,4,1,4e-05,2.0,0,1,2,"(40, 140, 50)",0,127,7764727345617763739,50.0,10.0,P1-outbreak,0.9695
100000,7,3,7e-05,2.0,0,3,1,"(40, 140, 50)",0,128,10833438549443467825,50.0,10.0,P1-outbreak,0.9687
100000,67360,1,0.6736,2.0,0,0,3,"(40, 140, 50)",1,129,18336391773467105457,50.0,10.0,P1-outbreak,0.96974
100000,7,1,7e-05,2.0,0,1,3,"(40, 140, 50)",0,130,16238320642187555462,50.0,10.0,P1-outbreak,0.96976
100000,68665,3,0.68665,2.0,0,1,5,"(40, 140, 50)",1,131,4645038545059501008,50.0,10.0,P1-outbreak,0.96892
100000,1,0,1e-05,2.0,0,0,0,"(40, 140, 50)",0,132,1572452367479382985,50.0,10.0,P1-outbreak,0.97084
100000,1,0,1e-05,2.0,0,0,0,"(40, 140, 50)",0,133,13622985130632038311,50.0,10.0,P1-outbreak,0.96986
100000,69424,4,0.69424,2.0,0,1,0,"(40, 140, 50)",1,134,3064550302621943084,50.0,10.0,P1-outbreak,0.97084
100000,68128,6,0.68128,2.0,0,1,1,"(40, 140, 50)",1,135,7521530411054746669,50.0,10.0,P1-outbreak,0.9696
100000,1,0,1e-05,2.0,0,0,0,"(40, 140, 50)",0,136,14461920728851381635,50.0,10.0,P1-outbreak,0.9705
100000,2,1,2e-05,2.0,0,1,0,"(40, 140, 50)",0,137,7145240765209385662,50.0,10.0,P1-outbreak,0.9692
100000,1,0,1e-05,2.0,0,0,0,"(40, 140, 50)",0,138,17244663689383750752,50.0,10.0,P1-outbreak,0.97048
100000,68608,1,0.68608,2.0,0,0,0,"(40, 140, 50)",1,139,9271322119212952412,50.0,10.0,P1-outbreak,0.9705
100000,68443,1,0.68443,2.0,0,0,1,"(40, 140, 50)",1,140,9611469398859206983,50.0,10.0,P1-outbreak,0.96948
100000,3,1,3e-05,2.0,0,1,1,"(40, 140, 50)",0,141,2936620793661637844,50.0,10.0,P1-outbreak,0.96998
100000,1,0,1e-05,2.0,0,0,0,"(40, 140, 50)",0,142,17796438541632800745,50.0,10.0,P1-outbreak,0.97128
100000,5,2,5e-05,2.0,0,2,1,"(40, 140, 50)",0,143,13788449878119329895,50.0,10.0,P1-outbreak,0.96972
100000,69699,2,0.69699,2.0,0,1,0,"(40, 140, 50)",1,144,13118836027544379852,50.0,10.0,P1-outbreak,0.97088
100000,68189,3,0.68189,2.0,0,1,0,"(40, 140, 50)",1,145,16404002139425617136,50.0,10.0,P1-outbreak,0.97002
100000,2,1,2e-05,2.0,0,1,0,"(40, 140, 50)",0,146,3557749770810290643,50.0,10.0,P1-outbreak,0.96986
100000,2,1,2e-05,2.0,0,1,0,"(40, 140, 50)",0,147,3739161345627368545,50.0,10.0,P1-outbreak,0.96906
100000,1,0,1e-05,2.0,0,0,0,"(40, 140, 50)",0,148,11247376678162609784,50.0,10.0,P1-outbreak,0.9706
100000,68816,3,0.68816,2.0,0,1,1,"(40, 140, 50)",1,149,11766862844304213729,50.0,10.0,P1-outbreak,0.97022
100000,68608,2,0.68608,2.0,0,1,4,"(40, 140, 50)",1,150,3137439651898965315,50.0,10.0,P1-outbreak,0.97092
100000,2,1,2e-05,2.0,0,1,0,"(40, 140, 50)",0,151,11640080535930130967,50.0,10.0,P1-outbreak,0.96982
100000,1,0,1e-05,2.0,0,0,0,"(40, 140, 50)",0,152,5237859969322195823,50.0,10.0,P1-outbreak,0.97036
100000,16,1,0.00016,2.0,0,1,2,"(40, 140, 50)",0,153,8568464964506029789,50.0,10.0,P1-outbreak,0.969
100000,68238,3,0.68238,2.0,0,1,3,"(40, 140, 50)",1,154,9801786777672296903,50.0,10.0,P1-outbreak,0.97084
100000,1,0,1e-05,2.0,0,0,0,"(40, 140, 50)",0,155,88901345329070050,50.0,10.0,P1-outbreak,0.96974
100000,10,3,0.0001,2.0,0,3,3,"(40, 140, 50)",0,156,6010259514000554332,50.0,10.0,P1-outbreak,0.9703
100000,20,1,0.0002,2.0,0,1,2,"(40, 140, 50)",0,157,9514631873862952178,50.0,10.0,P1-outbreak,0.97082
100000,69600,4,0.696,2.0,0,0,0,"(40, 140, 50)",1,158,10135729404761034693,50.0,10.0,P1-outbreak,0.97002
100000,68693,2,0.68693,2.0,0,0,2,"(40, 140, 50)",1,159,5796509861065008715,50.0,10.0,P1-outbreak,0.97024
100000,1,0,1e-05,2.0,0,0,0,"(40, 140, 50)",0,160,3298643210308763095,50.0,10.0,P1-outbreak,0.96868
100000,1,0,1e-05,2.0,0,0,0,"(40, 140, 50)",0,161,7304552431329978106,50.0,10.0,P1-outbreak,0.9684
100000,68727,3,0.68727,2.0,0,0,0,"(40, 140, 50)",1,162,12308964849124470205,50.0,10.0,P1-outbreak,0.96952
100000,67951,3,0.67951,2.0,0,1,3,"(40, 140, 50)",1,163,11976905270544582660,50.0,10.0,P1-outbreak,0.96906
100000,1,0,1e-05,2.0,0,0,0,"(40, 140, 50)",0,164,1939363760140090626,50.0,10.0,P1-outbreak,0.97048
100000,1,0,1e-05,2.0,0,0,0,"(40, 140, 50)",0,165,14289604404639228225,50.0,10.0,P1-outbreak,0.97016
100000,68470,1,0.6847,2.0,0,0,1,"(40, 140, 50)",1,166,3767247731301667846,50.0,10.0,P1-outbreak,0.97144
100000,68211,1,0.68211,2.0,0,0,0,"(40, 140, 50)",1,167,1908738571073014393,50.0,10.0,P1-outbreak,0.96872
100000,6,4,6e-05,2.0,0,4,1,"(40, 140, 50)",0,168,11470415527224956819,50.0,10.0,P1-outbreak,0.97034
100000,69006,5,0.69006,2.0,0,2,3,"(40, 140, 50)",1,169,2908426020341034635,50.0,10.0,P1-outbreak,0.9694
100000,1,0,1e-05,2.0,0,0,0,"(40, 140, 50)",0,170,3339020417701744373,50.0,10.0,P1-outbreak,0.96974
100000,2,1,2e-05,2.0,0,1,0,"(40, 140, 50)",0,171,1712573982148730029,50.0,10.0,P1-outbreak,0.9693
100000,1,0,1e-05,2.0,0,0,0,"(40, 140, 50)",0,172,17572962735590288406,50.0,10.0,P1-outbreak,0.96896
100000,6,2,6e-05,2.0,0,2,1,"(40, 140, 50)",0,173,17718415642888495752,50.0,10.0,P1-outbreak,0.96952
100000,69490,3,0.6949,2.0,0,0,0,"(40, 140, 50)",1,174,7172168693575107743,50.0,10.0,P1-outbreak,0.96914
100000,68742,3,0.68742,2.0,0,1,0,"(40, 140, 50)",1,175,16166077124981765069,50.0,10.0,P1-outbreak,0.97008
100000,2,1,2e-05,2.0,0,1,0,"(40, 140, 50)",0,176,8284506455312844843,50.0,10.0,P1-outbreak,0.97058
100000,1,0,1e-05,2.0,0,0,0,"(40, 140, 50)",0,177,6838652831333103812,50.0,10.0,P1-outbreak,0.96986
100000,1,0,1e-05,2.0,0,0,0,"(40, 140, 50)",0,178,819877887174958518,50.0,10.0,P1-outbreak,0.97004
100000,69015,3,0.69015,2.0,0,0,1,"(40, 140, 50)",1,179,6322480190100181764,50.0,10.0,P1-outbreak,0.96928
100000,68800,6,0.688,2.0,0,1,3,"(40, 140, 50)",1,180,6203616733443086466,50.0,10.0,P1-outbreak,0.97018
100000,1,0,1e-05,2.0,0,0,0,"(40, 140, 50)",0,181,3518657402454412388,50.0,10.0,P1-outbreak,0.96946
100000,68886,2,0.68886,2.0,0,0,1,"(40, 140, 50)",1,182,2074620167066668778,50.0,10.0,P1-outbreak,0.96928
100000,69019,2,0.69019,2.0,0,1,0,"(40, 140, 50)",1,183,9970202884234432869,50.0,10.0,P1-outbreak,0.96968
100000,68605,1,0.68605,2.0,0,0,0,"(40, 140, 50)",1,184,5054320068458859447,50.0,10.0,P1-outbreak,0.96952
100000,1,0,1e-05,2.0,0,0,0,"(40, 140, 50)",0,185,2752377537632061341,50.0,10.0,P1-outbreak,0.97012
100000,67459,3,0.67459,2.0,0,1,3,"(40, 140, 50)",1,186,13826942145173876697,50.0,10.0,P1-outbreak,0.96954
100000,68346,5,0.68346,2.0,0,1,0,"(40, 140, 50)",1,187,4878980512165865907,50.0,10.0,P1-outbreak,0.97088
100000,69282,3,0.69282,2.0,0,0,1,"(40, 140, 50)",1,188,12790947624944247228,50.0,10.0,P1-outbreak,0.9697
100000,69355,3,0.69355,2.0,0,1,3,"(40, 140, 50)",1,189,12332431349582425172,50.0,10.0,P1-outbreak,0.96962
100000,2,1,2e-05,2.0,0,1,0,"(40, 140, 50)",0,190,8603774143969701450,50.0,10.0,P1-outbreak,0.97022
100000,2,1,2e-05,2.0,0,1,0,"(40, 140, 50)",0,191,4466687968601189996,50.0,10.0,P1-outbreak,0.96966
100000,3,1,3e-05,2.0,0,1,1,"(40, 140, 50)",0,192,3907715037215823240,50.0,10.0,P1-outbreak,0.96834
100000,1,0,1e-05,2.0,0,0,0,"(40, 140, 50)",0,193,3196048865146409759,50.0,10.0,P1-outbreak,0.97086
100000,67378,6,0.67378,2.0,0,0,1,"(40, 140, 50)",1,194,6649232004647914128,50.0,10.0,P1-outbreak,0.9705
100000,69568,6,0.69568,2.0,0,1,2,"(40, 140, 50)",1,195,12208773613445366442,50.0,10.0,P1-outbreak,0.96942
100000,6,2,6e-05,2.0,0,2,2,"(40, 140, 50)",0,196,12698514431276941463,50.0,10.0,P1-outbreak,0.96974
100000,2,1,2e-05,2.0,0,1,0,"(40, 140, 50)",0,197,11886538826739522212,50.0,10.0,P1-outbreak,0.97014
100000,1,0,1e-05,2.0,0,0,0,"(40, 140, 50)",0,198,3392362709981987915,50.0,10.0,P1-outbreak,0.96926
100000,1,0,1e-05,2.0,0,0,0,"(40, 140, 50)",0,199,13650178121205132019,50.0,10.0,P1-outbreak,0.9679
100000,4,1,4e-05,2.0,0,1,1,"(40, 140, 50)",0,200,11980104968798285158,50.0,10.0,P1-outbreak,0.97042
100000,1,0,1e-05,2.0,0,0,0,"(40, 140, 50)",0,201,7365825582870163331,50.0,10.0,P1-outbreak,0.9708
100000,1,0,1e-05,2.0,0,0,0,"(40, 140, 50)",0,202,13186380945641525248,50.0,10.0,P1-outbreak,0.96994
100000,1,0,1e-05,2.0,0,0,0,"(40, 140, 50)",0,203,15323219887438919624,50.0,10.0,P1-outbreak,0.96914
100000,2,1,2e-05,2.0,0,1,0,"(40, 140, 50)",0,204,365172678605254403,50.0,10.0,P1-outbreak,0.96984
100000,68575,3,0.68575,2.0,0,1,2,"(40, 140, 50)",1,205,7145979392794213882,50.0,10.0,P1-outbreak,0.97028
100000,68736,4,0.68736,2.0,0,1,2,"(40, 140, 50)",1,206,11260159196873821624,50.0,10.0,P1-outbreak,0.97
100000,68994,4,0.68994,2.0,0,0,3,"(40, 140, 50)",1,207,5557071765489792622,50.0,10.0,P1-outbreak,0.96946
100000,69206,1,0.69206,2.0,0,1,0,"(40, 140, 50)",1,208,5089153309247663685,50.0,10.0,P1-outbreak,0.97072
100000,2,1,2e-05,2.0,0,1,0,"(40, 140, 50)",0,209,13481092710731103589,50.0,10.0,P1-outbreak,0.9694
100000,68495,4,0.68495,2.0,0,1,1,"(40, 140, 50)",1,210,13520215665834043768,50.0,10.0,P1-outbreak,0.96964
100000,67735,2,0.67735,2.0,0,0,3,"(40, 140, 50)",1,211,9756684738895454554,50.0,10.0,P1-outbreak,0.96996
100000,1,0,1e-05,2.0,0,0,0,"(40, 140, 50)",0,212,12878126932151545016,50.0,10.0,P1-outbreak,0.96914
100000,3,2,3e-05,2.0,0,2,0,"(40, 140, 50)",0,213,1809825174206620763,50.0,10.0,P1-outbreak,0.96902
100000,68898,3,0.68898,2.0,0,0,1,"(40, 140, 50)",1,214,4583637468438178932,50.0,10.0,P1-outbreak,0.96984
100000,1,0,1e-05,2.0,0,0,0,"(40, 140, 50)",0,215,16371402436828305433,50.0,10.0,P1-outbreak,0.97138
100000,69047,2,0.69047,2.0,0,1,1,"(40, 140, 50)",1,216,11288105924697586171,50.0,10.0,P1-outbreak,0.96888
100000,1,0,1e-05,2.0,0,0,0,"(40, 140, 50)",0,217,3091097672202703524,50.0,10.0,P1-outbreak,0.96996
100000,1,0,1e-05,2.0,0,0,0,"(40, 140, 50)",0,218,14021139714104645131,50.0,10.0,P1-outbreak,0.97002
100000,68474,4,0.68474,2.0,0,0,1,"(40, 140, 50)",1,219,15873177193720055767,50.0,10.0,P1-outbreak,0.97006
100000,68782,2,0.68782,2.0,0,0,3,"(40, 140, 50)",1,220,14687534919999453575,50.0,10.0,P1-outbreak,0.9696
100000,69312,2,0.69312,2.0,0,0,1,"(40, 140, 50)",1,221,15497645176674575462,50.0,10.0,P1-outbreak,0.97066
100000,3,2,3e-05,2.0,0,2,0,"(40, 140, 50)",0,222,17585943773768535220,50.0,10.0,P1-outbreak,0.97024
100000,2,1,2e-05,2.0,0,1,0,"(40, 140, 50)",0,223,12216392567624782446,50.0,10.0,P1-outbreak,0.96968
100000,1,0,1e-05,2.0,0,0,0,"(40, 140, 50)",0,224,3397616660961829544,50.0,10.0,P1-outbreak,0.96988
100000,68894,1,0.68894,2.0,0,0,0,"(40, 140, 50)",1,225,3368455736521564102,50.0,10.0,P1-outbreak,0.96982
100000,1,0,1e-05,2.0,0,0,0,"(40, 140, 50)",0,226,10137351505546422307,50.0,10.0,P1-outbreak,0.97064
100000,68987,3,0.68987,2.0,0,0,0,"(40, 140, 50)",1,227,4980218890638115731,50.0,10.0,P1-outbreak,0.97086
100000,68913,3,0.68913,2.0,0,1,0,"(40, 140, 50)",1,228,4949261526073476020,50.0,10.0,P1-outbreak,0.96964
100000,68372,2,0.68372,2.0,0,1,2,"(40, 140, 50)",1,229,13391420403578313494,50.0,10.0,P1-outbreak,0.97006
100000,5,2,5e-05,2.0,0,2,1,"(40, 140, 50)",0,230,15150359977018103766,50.0,10.0,P1-outbreak,0.96908
100000,1,0,1e-05,2.0,0,0,0,"(40, 140, 50)",0,231,543550053387442167,50.0,10.0,P1-outbreak,0.96992
100000,1,0,1e-05,2.0,0,0,0,"(40, 140, 50)",0,232,11508748121225604623,50.0,10.0,P1-outbreak,0.9692
100000,1,0,1e-05,2.0,0,0,0,"(40, 140, 50)",0,233,9085997458197684455,50.0,10.0,P1-outbreak,0.96976
100000,9,2,9e-05,2.0,0,2,4,"(40, 140, 50)",0,234,17097520543884485217,50.0,10.0,P1-outbreak,0.96944
100000,1,0,1e-05,2.0,0,0,0,"(40, 140, 50)",0,235,1390020334730071203,50.0,10.0,P1-outbreak,0.96952
100000,1,0,1e-05,2.0,0,0,0,"(40, 140, 50)",0,236,18379229113098266496,50.0,10.0,P1-outbreak,0.97002
100000,69284,2,0.69284,2.0,0,1,2,"(40, 140, 50)",1,237,6394725786706954301,50.0,10.0,P1-outbreak,0.96824
100000,69325,5,0.69325,2.0,0,1,2,"(40, 140, 50)",1,238,8305832844256300908,50.0,10.0,P1-outbreak,0.97084
100000,68847,2,0.68847,2.0,0,1,1,"(40, 140, 50)",1,239,1767477806703691532,50.0,10.0,P1-outbreak,0.97058
100000,69024,6,0.69024,2.0,0,1,0,"(40, 140, 50)",1,240,17808469685976062256,50.0,10.0,P1-outbreak,0.96944
100000,3,2,3e-05,2.0,0,2,0,"(40, 140, 50)",0,241,3695228325240674708,50.0,10.0,P1-outbreak,0.97078
100000,1,0,1e-05,2.0,0,0,0,"(40, 140, 50)",0,242,356916734911515791,50.0,10.0,P1-outbreak,0.97042
100000,2,1,2e-05,2.0,0,1,0,"(40, 140, 50)",0,243,17256449694489266597,50.0,10.0,P1-outbreak,0.97016
100000,2,1,2e-05,2.0,0,1,0,"(40, 140, 50)",0,244,12730933301213156758,50.0,10.0,P1-outbreak,0.9688
100000,1,0,1e-05,2.0,0,0,0,"(40, 140, 50)",0,245,2294862456516112414,50.0,10.0,P1-outbreak,0.97114
100000,1,0,1e-05,2.0,0,0,0,"(40, 140, 50)",0,246,9319249254924004940,50.0,10.0,P1-outbreak,0.96902
100000,68386,5,0.68386,2.0,0,0,3,"(40, 140, 50)",1,247,10620692288749344827,50.0,10.0,P1-outbreak,0.9696
100000,68487,2,0.68487,2.0,0,0,1,"(40, 140, 50)",1,248,16215995908745107824,50.0,10.0,P1-outbreak,0.97074
100000,1,0,1e-05,2.0,0,0,0,"(40, 140, 50)",0,249,16071965962244673413,50.0,10.0,P1-outbreak,0.9701
100000,5,1,5e-05,2.0,0,1,2,"(40, 140, 50)",0,250,680070656535319661,50.0,10.0,P1-outbreak,0.9702
100000,2,1,2e-05,2.0,0,1,0,"(40, 140, 50)",0,251,7132325007477382012,50.0,10.0,P1-outbreak,0.96926
100000,68537,2,0.68537,2.0,0,0,0,"(40, 140, 50)",1,252,7938427888228358870,50.0,10.0,P1-outbreak,0.96896
100000,23,1,0.00023,2.0,0,1,1,"(40, 140, 50)",0,253,15950127125928002790,50.0,10.0,P1-outbreak,0.96944
100000,1,0,1e-05,2.0,0,0,0,"(40, 140, 50)",0,254,12155329112183797882,50.0,10.0,P1-outbreak,0.96992
100000,1,0,1e-05,2.0,0,0,0,"(40, 140, 50)",0,255,17269769548853555385,50.0,10.0,P1-outbreak,0.96942
100000,68603,5,0.68603,2.0,0,1,1,"(40, 140, 50)",1,256,2529625214180836143,50.0,10.0,P1-outbreak,0.9697
100000,68780,2,0.6878,2.0,0,0,1,"(40, 140, 50)",1,257,14259719551440070206,50.0,10.0,P1-outbreak,0.96882
100000,68691,1,0.68691,2.0,0,0,1,"(40, 140, 50)",1,258,5678207815615394607,50.0,10.0,P1-outbreak,0.96962
100000,67333,3,0.67333,2.0,0,1,2,"(40, 140, 50)",1,259,729565959413730825,50.0,10.0,P1-outbreak,0.96924
100000,2,1,2e-05,2.0,0,1,0,"(40, 140, 50)",0,260,335633930733771601,50.0,10.0,P1-outbreak,0.96958
100000,69113,3,0.69113,2.0,0,0,1,"(40, 140, 50)",1,261,1378137315476667267,50.0,10.0,P1-outbreak,0.9705
100000,68736,7,0.68736,2.0,0,1,2,"(40, 140, 50)",1,262,1854223790019586490,50.0,10.0,P1-outbreak,0.9706
100000,5,1,5e-05,2.0,0,1,2,"(40, 140, 50)",0,263,15851446173810845007,50.0,10.0,P1-outbreak,0.97156
100000,2,1,2e-05,2.0,0,1,0,"(40, 140, 50)",0,264,1740744502079230477,50.0,10.0,P1-outbreak,0.96962
100000,13,1,0.00013,2.0,0,1,3,"(40, 140, 50)",0,265,15016015123083842885,50.0,10.0,P1-outbreak,0.96942
100000,68496,4,0.68496,2.0,0,0,0,"(40, 140, 50)",1,266,13510362098363765874,50.0,10.0,P1-outbreak,0.97074
100000,4,1,4e-05,2.0,0,1,1,"(40, 140, 50)",0,267,14601806913940227919,50.0,10.0,P1-outbreak,0.97028
100000,4,2,4e-05,2.0,0,2,1,"(40, 140, 50)",0,268,6432866011000815167,50.0,10.0,P1-outbreak,0.96896
100000,68314,3,0.68314,2.0,0,1,2,"(40, 140, 50)",1,269,11557534606902140799,50.0,10.0,P1-outbreak,0.96914
100000,1,0,1e-05,2.0,0,0,0,"(40, 140, 50)",0,270,4963834957355011360,50.0,10.0,P1-outbreak,0.96976
100000,1,0,1e-05,2.0,0,0,0,"(40, 140, 50)",0,271,16992991205492854111,50.0,10.0,P1-outbreak,0.96866
100000,1,0,1e-05,2.0,0,0,0,"(40, 140, 50)",0,272,8755943467555639290,50.0,10.0,P1-outbreak,0.96942
100000,70626,2,0.70626,2.0,0,0,1,"(40, 140, 50)",1,273,17275581667406899157,50.0,10.0,P1-outbreak,0.96998
100000,68989,1,0.68989,2.0,0,0,2,"(40, 140, 50)",1,274,15882181390621806129,50.0,10.0,P1-outbreak,0.96994
100000,7,1,7e-05,2.0,0,1,1,"(40, 140, 50)",0,275,8076554021527903139,50.0,10.0,P1-outbreak,0.96866
100000,67675,4,0.67675,2.0,0,2,2,"(40, 140, 50)",1,276,11980317964310124222,50.0,10.0,P1-outbreak,0.9712
100000,69053,1,0.69053,2.0,0,0,2,"(40, 140, 50)",1,277,17286397323495091810,50.0,10.0,P1-outbreak,0.97014
100000,1,0,1e-05,2.0,0,0,0,"(40, 140, 50)",0,278,15161925155343420861,50.0,10.0,P1-outbreak,0.96976
100000,29,1,0.00029,2.0,0,1,2,"(40, 140, 50)",0,279,5313733844666242789,50.0,10.0,P1-outbreak,0.96992
100000,69228,1,0.69228,2.0,0,0,0,"(40, 140, 50)",1,280,57588490359108597,50.0,10.0,P1-outbreak,0.97044
100000,1,0,1e-05,2.0,0,0,0,"(40, 140, 50)",0,281,7365391183333176995,50.0,10.0,P1-outbreak,0.97032
100000,1,0,1e-05,2.0,0,0,0,"(40, 140, 50)",0,282,16059646258810888225,50.0,10.0,P1-outbreak,0.97044
100000,1,0,1e-05,2.0,0,0,0,"(40, 140, 50)",0,283,12508388797368881901,50.0,10.0,P1-outbreak,0.97054
100000,1,0,1e-05,2.0,0,0,0,"(40, 140, 50)",0,284,10912365706114446841,50.0,10.0,P1-outbreak,0.97002
100000,1,0,1e-05,2.0,0,0,0,"(40, 140, 50)",0,285,13178339187950993494,50.0,10.0,P1-outbreak,0.96994
100000,2,1,2e-05,2.0,0,1,0,"(40, 140, 50)",0,286,4687606771004975127,50.0,10.0,P1-outbreak,0.97074
100000,67868,4,0.67868,2.0,0,1,0,"(40, 140, 50)",1,287,5163531253970459451,50.0,10.0,P1-outbreak,0.96972
100000,8,1,8e-05,2.0,0,1,2,"(40, 140, 50)",0,288,4450826873365770763,50.0,10.0,P1-outbreak,0.9701
100000,67999,1,0.67999,2.0,0,0,0,"(40, 140, 50)",1,289,16328077571350214609,50.0,10.0,P1-outbreak,0.96936
100000,69045,2,0.69045,2.0,0,0,0,"(40, 140, 50)",1,290,1182444278359699854,50.0,10.0,P1-outbreak,0.9704
100000,1,0,1e-05,2.0,0,0,0,"(40, 140, 50)",0,291,10538027750281867262,50.0,10.0,P1-outbreak,0.97022
100000,68563,6,0.68563,2.0,0,1,0,"(40, 140, 50)",1,292,14866477165257821587,50.0,10.0,P1-outbreak,0.97056
100000,2,1,2e-05,2.0,0,1,0,"(40, 140, 50)",0,293,11555156603551884149,50.0,10.0,P1-outbreak,0.96922
100000,1,0,1e-05,2.0,0,0,0,"(40, 140, 50)",0,294,13587039635739995425,50.0,10.0,P1-outbreak,0.97178
100000,68250,5,0.6825,2.0,0,0,1,"(40, 140, 50)",1,295,9179205304371134713,50.0,10.0,P1-outbreak,0.96872
100000,68438,3,0.68438,2.0,0,1,1,"(40, 140, 50)",1,296,17576159612287278601,50.0,10.0,P1-outbreak,0.9697
100000,68806,2,0.68806,2.0,0,1,1,"(40, 140, 50)",1,297,18014061839686920255,50.0,10.0,P1-outbreak,0.97078
100000,68023,3,0.68023,2.0,0,0,1,"(40, 140, 50)",1,298,13857062798592205074,50.0,10.0,P1-outbreak,0.96966
100000,1,0,1e-05,2.0,0,0,0,"(40, 140, 50)",0,299,17257375462112138783,50.0,10.0,P1-outbreak,0.96944
100000,2,1,2e-05,2.0,0,1,0,"(40, 140, 50)",0,300,1578721672181403305,50.0,10.0,P1-outbreak,0.9693
100000,8,1,8e-05,2.0,0,1,1,"(40, 140, 50)",0,301,17285148153781283427,50.0,10.0,P1-outbreak,0.96826
100000,69541,3,0.69541,2.0,0,0,2,"(40, 140, 50)",1,302,2232797160720110612,50.0,10.0,P1-outbreak,0.9699
100000,5,1,5e-05,2.0,0,1,1,"(40, 140, 50)",0,303,5888456211454331667,50.0,10.0,P1-outbreak,0.97026
100000,68961,6,0.68961,2.0,0,2,2,"(40, 140, 50)",1,304,18000360920645813304,50.0,10.0,P1-outbreak,0.9693
100000,4,1,4e-05,2.0,0,1,1,"(40, 140, 50)",0,305,17192893871753206141,50.0,10.0,P1-outbreak,0.9699
100000,1,0,1e-05,2.0,0,0,0,"(40, 140, 50)",0,306,12516258275178904317,50.0,10.0,P1-outbreak,0.96928
100000,68321,2,0.68321,2.0,0,0,2,"(40, 140, 50)",1,307,11597019158207813896,50.0,10.0,P1-outbreak,0.96964
100000,1,0,1e-05,2.0,0,0,0,"(40, 140, 50)",0,308,4930803830448171399,50.0,10.0,P1-outbreak,0.97016
100000,69152,3,0.69152,2.0,0,2,1,"(40, 140, 50)",1,309,1142095222971586870,50.0,10.0,P1-outbreak,0.97024
100000,68483,4,0.68483,2.0,0,3,1,"(40, 140, 50)",1,310,6255312839653274305,50.0,10.0,P1-outbreak,0.97032
100000,5,1,5e-05,2.0,0,1,2,"(40, 140, 50)",0,311,4267924016030976523,50.0,10.0,P1-outbreak,0.9704
100000,69152,1,0.69152,2.0,0,1,0,"(40, 140, 50)",1,312,4745527136488877772,50.0,10.0,P1-outbreak,0.97016
100000,69558,4,0.69558,2.0,0,0,1,"(40, 140, 50)",1,313,8714029615761249323,50.0,10.0,P1-outbreak,0.96998
100000,2,1,2e-05,2.0,0,1,0,"(40, 140, 50)",0,314,16329530523837293984,50.0,10.0,P1-outbreak,0.9707
100000,1,0,1e-05,2.0,0,0,0,"(40, 140, 50)",0,315,17439082540992608409,50.0,10.0,P1-outbreak,0.9695
100000,68325,4,0.68325,2.0,0,2,1,"(40, 140, 50)",1,316,7265276820448014544,50.0,10.0,P1-outbreak,0.9701
100000,69714,2,0.69714,2.0,0,0,1,"(40, 140, 50)",1,317,10583188595778493090,50.0,10.0,P1-outbreak,0.97106
100000,68093,1,0.68093,2.0,0,1,1,"(40, 140, 50)",1,318,9983576187811535115,50.0,10.0,P1-outbreak,0.96896
100000,69233,7,0.69233,2.0,0,2,1,"(40, 140, 50)",1,319,18353275612588172949,50.0,10.0,P1-outbreak,0.96858
100000,68819,7,0.68819,2.0,0,2,1,"(40, 140, 50)",1,320,11223157177008816033,50.0,10.0,P1-outbreak,0.97082
100000,8,1,8e-05,2.0,0,1,2,"(40, 140, 50)",0,321,10456832970485972172,50.0,10.0,P1-outbreak,0.96952
100000,68061,2,0.68061,2.0,0,1,4,"(40, 140, 50)",1,322,7617039312555576725,50.0,10.0,P1-outbreak,0.97086
100000,68685,2,0.68685,2.0,0,1,2,"(40, 140, 50)",1,323,18104443375133921834,50.0,10.0,P1-outbreak,0.96986
100000,68078,8,0.68078,2.0,0,2,2,"(40, 140, 50)",1,324,8861597973137684732,50.0,10.0,P1-outbreak,0.96938
100000,67718,5,0.67718,2.0,0,0,2,"(40, 140, 50)",1,325,6735221685093797118,50.0,10.0,P1-outbreak,0.96928
100000,69223,3,0.69223,2.0,0,1,0,"(40, 140, 50)",1,326,2933173334352688684,50.0,10.0,P1-outbreak,0.9703
100000,68908,6,0.68908,2.0,0,2,2,"(40, 140, 50)",1,327,8782301390680191983,50.0,10.0,P1-outbreak,0.97034
100000,1,0,1e-05,2.0,0,0,0,"(40, 140, 50)",0,328,347444811506221451,50.0,10.0,P1-outbreak,0.96888
100000,67729,1,0.67729,2.0,0,1,1,"(40, 140, 50)",1,329,16527961241328209156,50.0,10.0,P1-outbreak,0.96938
100000,1,0,1e-05,2.0,0,0,0,"(40, 140, 50)",0,330,15862377290970917510,50.0,10.0,P1-outbreak,0.96892
100000,1,0,1e-05,2.0,0,0,0,"(40, 140, 50)",0,331,11479478445563519621,50.0,10.0,P1-outbreak,0.9713
100000,2,1,2e-05,2.0,0,1,0,"(40, 140, 50)",0,332,9484810122059295766,50.0,10.0,P1-outbreak,0.97068
100000,12,2,0.00012,2.0,0,2,3,"(40, 140, 50)",0,333,13278378742923212919,50.0,10.0,P1-outbreak,0.97034
100000,68556,3,0.68556,2.0,0,2,0,"(40, 140, 50)",1,334,15964416581934712149,50.0,10.0,P1-outbreak,0.97038
100000,68563,3,0.68563,2.0,0,0,1,"(40, 140, 50)",1,335,17800814902475770059,50.0,10.0,P1-outbreak,0.96958
100000,3,2,3e-05,2.0,0,2,0,"(40, 140, 50)",0,336,17752273277805341440,50.0,10.0,P1-outbreak,0.97036
100000,67755,4,0.67755,2.0,0,1,0,"(40, 140, 50)",1,337,7935474734695410799,50.0,10.0,P1-outbreak,0.96882
100000,68368,1,0.68368,2.0,0,0,0,"(40, 140, 50)",1,338,14255900168574097123,50.0,10.0,P1-outbreak,0.96966
100000,4,1,4e-05,2.0,0,1,1,"(40, 140, 50)",0,339,222577479382094132,50.0,10.0,P1-outbreak,0.9696
100000,1,0,1e-05,2.0,0,0,0,"(40, 140, 50)",0,340,2364771504095183762,50.0,10.0,P1-outbreak,0.97054
100000,1,0,1e-05,2.0,0,0,0,"(40, 140, 50)",0,341,9979421847716617493,50.0,10.0,P1-outbreak,0.96998
100000,68849,1,0.68849,2.0,0,0,0,"(40, 140, 50)",1,342,9821509549820569352,50.0,10.0,P1-outbreak,0.96992
100000,68680,2,0.6868,2.0,0,0,0,"(40, 140, 50)",1,343,6175732975262524636,50.0,10.0,P1-outbreak,0.96994
100000,1,0,1e-05,2.0,0,0,0,"(40, 140, 50)",0,344,8328216266332058545,50.0,10.0,P1-outbreak,0.97038
100000,68934,3,0.68934,2.0,0,0,0,"(40, 140, 50)",1,345,7031026757836980937,50.0,10.0,P1-outbreak,0.97074
100000,1,0,1e-05,2.0,0,0,0,"(40, 140, 50)",0,346,45643579308654545,50.0,10.0,P1-outbreak,0.97008
100000,69102,4,0.69102,2.0,0,2,1,"(40, 140, 50)",1,347,12671079341332490907,50.0,10.0,P1-outbreak,0.97052
100000,69029,1,0.69029,2.0,0,0,4,"(40, 140, 50)",1,348,11929744116186762290,50.0,10.0,P1-outbreak,0.97068
100000,4,2,4e-05,2.0,0,2,1,"(40, 140, 50)",0,349,8598489114134556634,50.0,10.0,P1-outbreak,0.96942
100000,4,1,4e-05,2.0,0,1,2,"(40, 140, 50)",0,350,6157298070689512851,50.0,10.0,P1-outbreak,0.96888
100000,1,0,1e-05,2.0,0,0,0,"(40, 140, 50)",0,351,8868742408864184852,50.0,10.0,P1-outbreak,0.96876
100000,3,1,3e-05,2.0,0,1,1,"(40, 140, 50)",0,352,17201220311944683939,50.0,10.0,P1-outbreak,0.96994
100000,2,1,2e-05,2.0,0,1,0,"(40, 140, 50)",0,353,6267812949320724433,50.0,10.0,P1-outbreak,0.9705
100000,1,0,1e-05,2.0,0,0,0,"(40, 140, 50)",0,354,10973591731420321279,50.0,10.0,P1-outbreak,0.96988
100000,1,0,1e-05,2.0,0,0,0,"(40, 140, 50)",0,355,12264689712401189073,50.0,10.0,P1-outbreak,0.96974
100000,5,1,5e-05,2.0,0,1,2,"(40, 140, 50)",0,356,4187320011053368965,50.0,10.0,P1-outbreak,0.96884
100000,2,1,2e-05,2.0,0,1,0,"(40, 140, 50)",0,357,5309095168041343841,50.0,10.0,P1-outbreak,0.96872
100000,69149,3,0.69149,2.0,0,1,0,"(40, 140, 50)",1,358,12441173570537872147,50.0,10.0,P1-outbreak,0.96946
100000,68239,4,0.68239,2.0,0,1,2,"(40, 140, 50)",1,359,304850840538035213,50.0,10.0,P1-outbreak,0.97024
100000,2,1,2e-05,2.0,0,1,0,"(40, 140, 50)",0,360,11392198982927925771,50.0,10.0,P1-outbreak,0.96876
100000,69193,1,0.69193,2.0,0,0,0,"(40, 140, 50)",1,361,10422771815519581906,50.0,10.0,P1-outbreak,0.96872
100000,1,0,1e-05,2.0,0,0,0,"(40, 140, 50)",0,362,2547572184128873942,50.0,10.0,P1-outbreak,0.97006
100000,3,2,3e-05,2.0,0,2,0,"(40, 140, 50)",0,363,12412150180226523656,50.0,10.0,P1-outbreak,0.96964
100000,1,0,1e-05,2.0,0,0,0,"(40, 140, 50)",0,364,13931696716148036008,50.0,10.0,P1-outbreak,0.9705
100000,68251,2,0.68251,2.0,0,0,0,"(40, 140, 50)",1,365,8108462178822176193,50.0,10.0,P1-outbreak,0.96924
100000,68126,7,0.68126,2.0,0,1,2,"(40, 140, 50)",1,366,12746393873951116994,50.0,10.0,P1-outbreak,0.96928
100000,68187,3,0.68187,2.0,0,0,0,"(40, 140, 50)",1,367,14738114928214160325,50.0,10.0,P1-outbreak,0.96842
100000,1,0,1e-05,2.0,0,0,0,"(40, 140, 50)",0,368,2781328842015024800,50.0,10.0,P1-outbreak,0.96938
100000,1,0,1e-05,2.0,0,0,0,"(40, 140, 50)",0,369,6614990921437546103,50.0,10.0,P1-outbreak,0.96938
100000,16,3,0.00016,2.0,0,3,2,"(40, 140, 50)",0,370,13410548083564692461,50.0,10.0,P1-outbreak,0.97078
100000,67438,3,0.67438,2.0,0,1,2,"(40, 140, 50)",1,371,5874940661463281642,50.0,10.0,P1-outbreak,0.97104
100000,67736,2,0.67736,2.0,0,1,1,"(40, 140, 50)",1,372,4160739934806047177,50.0,10.0,P1-outbreak,0.9692
100000,3,2,3e-05,2.0,0,2,0,"(40, 140, 50)",0,373,2346003075934088626,50.0,10.0,P1-outbreak,0.9695
100000,68646,5,0.68646,2.0,0,0,2,"(40, 140, 50)",1,374,11456592949071059649,50.0,10.0,P1-outbreak,0.9699
100000,1,0,1e-05,2.0,0,0,0,"(40, 140, 50)",0,375,11848728671621219449,50.0,10.0,P1-outbreak,0.96852
100000,69822,1,0.69822,2.0,0,0,0,"(40, 140, 50)",1,376,58202882589718168,50.0,10.0,P1-outbreak,0.97004
100000,1,0,1e-05,2.0,0,0,0,"(40, 140, 50)",0,377,4555917476462818926,50.0,10.0,P1-outbreak,0.97014
100000,69118,2,0.69118,2.0,0,0,1,"(40, 140, 50)",1,378,2736135693498464724,50.0,10.0,P1-outbreak,0.97024
100000,69363,3,0.69363,2.0,0,0,0,"(40, 140, 50)",1,379,17493381170068180200,50.0,10.0,P1-outbreak,0.97058
100000,67960,3,0.6796,2.0,0,0,0,"(40, 140, 50)",1,380,9054424608466042830,50.0,10.0,P1-outbreak,0.96936
100000,69021,3,0.69021,2.0,0,1,2,"(40, 140, 50)",1,381,2558439466146588013,50.0,10.0,P1-outbreak,0.97038
100000,2,1,2e-05,2.0,0,1,0,"(40, 140, 50)",0,382,3244247614534312948,50.0,10.0,P1-outbreak,0.97142
100000,68737,5,0.68737,2.0,0,2,2,"(40, 140, 50)",1,383,8371196685273501849,50.0,10.0,P1-outbreak,0.97008
100000,2,1,2e-05,2.0,0,1,0,"(40, 140, 50)",0,384,14891571866864260773,50.0,10.0,P1-outbreak,0.9702
100000,68577,3,0.68577,2.0,0,0,1,"(40, 140, 50)",1,385,11885655553619810168,50.0,10.0,P1-outbreak,0.9685
100000,1,0,1e-05,2.0,0,0,0,"(40, 140, 50)",0,386,7598410597836706438,50.0,10.0,P1-outbreak,0.96998
100000,1,0,1e-05,2.0,0,0,0,"(40, 140, 50)",0,387,7529719102927992758,50.0,10.0,P1-outbreak,0.97172
100000,33,2,0.00033,2.0,0,2,2,"(40, 140, 50)",0,388,5795263378398729696,50.0,10.0,P1-outbreak,0.97008
100000,1,0,1e-05,2.0,0,0,0,"(40, 140, 50)",0,389,9677976559926094611,50.0,10.0,P1-outbreak,0.97046
100000,1,0,1e-05,2.0,0,0,0,"(40, 140, 50)",0,390,12542569335829255495,50.0,10.0,P1-outbreak,0.97076
100000,8,2,8e-05,2.0,0,2,4,"(40, 140, 50)",0,391,6832335960897191900,50.0,10.0,P1-outbreak,0.96986
100000,1,0,1e-05,2.0,0,0,0,"(40, 140, 50)",0,392,11830087118886837081,50.0,10.0,P1-outbreak,0.96848
100000,68320,2,0.6832,2.0,0,0,0,"(40, 140, 50)",1,393,10589607470356017147,50.0,10.0,P1-outbreak,0.97048
100000,68336,1,0.68336,2.0,0,0,0,"(40, 140, 50)",1,394,11017551501795730957,50.0,10.0,P1-outbreak,0.9704
100000,67746,4,0.67746,2.0,0,0,1,"(40, 140, 50)",1,395,1807384370129170215,50.0,10.0,P1-outbreak,0.9696
100000,1,0,1e-05,2.0,0,0,0,"(40, 140, 50)",0,396,12571899321680352491,50.0,10.0,P1-outbreak,0.97024
100000,2,1,2e-05,2.0,0,1,0,"(40, 140, 50)",0,397,598242308240815435,50.0,10.0,P1-outbreak,0.972
100000,69298,5,0.69298,2.0,0,0,1,"(40, 140, 50)",1,398,9761994685645338057,50.0,10.0,P1-outbreak,0.97052
100000,69075,6,0.69075,2.0,0,2,4,"(40, 140, 50)",1,399,6596661091468607547,50.0,10.0,P1-outbreak,0.97032
100000,67640,2,0.6764,2.0,0,0,0,"(40, 140, 50)",1,400,9745944373249236862,50.0,10.0,P1-outbreak,0.97002
100000,1,0,1e-05,2.0,0,0,0,"(40, 140, 50)",0,401,2252544408240977133,50.0,10.0,P1-outbreak,0.9689
100000,1,0,1e-05,2.0,0,0,0,"(40, 140, 50)",0,402,14228658851474233736,50.0,10.0,P1-outbreak,0.96906
100000,1,0,1e-05,2.0,0,0,0,"(40, 140, 50)",0,403,1865616657933253653,50.0,10.0,P1-outbreak,0.96898
100000,69349,1,0.69349,2.0,0,1,0,"(40, 140, 50)",1,404,7798193033391448280,50.0,10.0,P1-outbreak,0.96994
100000,69353,2,0.69353,2.0,0,0,2,"(40, 140, 50)",1,405,15346142961410450508,50.0,10.0,P1-outbreak,0.96878
100000,2,1,2e-05,2.0,0,1,0,"(40, 140, 50)",0,406,2902081231685110180,50.0,10.0,P1-outbreak,0.96972
100000,68527,1,0.68527,2.0,0,0,1,"(40, 140, 50)",1,407,5798308087867256773,50.0,10.0,P1-outbreak,0.96862
100000,67930,4,0.6793,2.0,0,0,2,"(40, 140, 50)",1,408,2250898411566984335,50.0,10.0,P1-outbreak,0.96986
100000,69281,3,0.69281,2.0,0,1,2,"(40, 140, 50)",1,409,4182714440123521715,50.0,10.0,P1-outbreak,0.97018
100000,1,0,1e-05,2.0,0,0,0,"(40, 140, 50)",0,410,11873534714066201881,50.0,10.0,P1-outbreak,0.969
100000,2,1,2e-05,2.0,0,1,0,"(40, 140, 50)",0,411,17371905306469258242,50.0,10.0,P1-outbreak,0.96964
100000,68293,4,0.68293,2.0,0,2,1,"(40, 140, 50)",1,412,737098953997623221,50.0,10.0,P1-outbreak,0.96858
100000,69362,1,0.69362,2.0,0,0,0,"(40, 140, 50)",1,413,14650965061275938793,50.0,10.0,P1-outbreak,0.9693
100000,68366,2,0.68366,2.0,0,0,0,"(40, 140, 50)",1,414,13989480314354252261,50.0,10.0,P1-outbreak,0.97114
100000,69323,1,0.69323,2.0,0,1,1,"(40, 140, 50)",1,415,13722437341025878236,50.0,10.0,P1-outbreak,0.97062
100000,67824,4,0.67824,2.0,0,0,0,"(40, 140, 50)",1,416,1812434424144336110,50.0,10.0,P1-outbreak,0.9686
100000,68652,4,0.68652,2.0,0,2,1,"(40, 140, 50)",1,417,8696323047320177281,50.0,10.0,P1-outbreak,0.97008
100000,2,1,2e-05,2.0,0,1,0,"(40, 140, 50)",0,418,17475637262365963675,50.0,10.0,P1-outbreak,0.97008
100000,69010,3,0.6901,2.0,0,1,1,"(40, 140, 50)",1,419,487887908883351695,50.0,10.0,P1-outbreak,0.97162
100000,68482,1,0.68482,2.0,0,0,1,"(40, 140, 50)",1,420,474449141050786167,50.0,10.0,P1-outbreak,0.96952
100000,1,0,1e-05,2.0,0,0,0,"(40, 140, 50)",0,421,8120950711228866191,50.0,10.0,P1-outbreak,0.96842
100000,2,1,2e-05,2.0,0,1,0,"(40, 140, 50)",0,422,12046129536977760136,50.0,10.0,P1-outbreak,0.9697
100000,68798,1,0.68798,2.0,0,1,2,"(40, 140, 50)",1,423,11800247616926959104,50.0,10.0,P1-outbreak,0.97084
100000,68540,5,0.6854,2.0,0,2,1,"(40, 140, 50)",1,424,16062131071103950380,50.0,10.0,P1-outbreak,0.96958
100000,69153,2,0.69153,2.0,0,1,0,"(40, 140, 50)",1,425,16395685862389231854,50.0,10.0,P1-outbreak,0.96992
100000,1,0,1e-05,2.0,0,0,0,"(40, 140, 50)",0,426,2937383371646217464,50.0,10.0,P1-outbreak,0.97064
100000,69658,1,0.69658,2.0,0,0,1,"(40, 140, 50)",1,427,3193199004581106176,50.0,10.0,P1-outbreak,0.96988
100000,69878,4,0.69878,2.0,0,0,1,"(40, 140, 50)",1,428,13668542159586748853,50.0,10.0,P1-outbreak,0.97028
100000,1,0,1e-05,2.0,0,0,0,"(40, 140, 50)",0,429,13540804551176827160,50.0,10.0,P1-outbreak,0.97034
100000,1,0,1e-05,2.0,0,0,0,"(40, 140, 50)",0,430,2967779971262435784,50.0,10.0,P1-outbreak,0.97058
100000,1,0,1e-05,2.0,0,0,0,"(40, 140, 50)",0,431,18055393461929302689,50.0,10.0,P1-outbreak,0.97006
100000,68252,4,0.68252,2.0,0,0,1,"(40, 140, 50)",1,432,2571361303545092989,50.0,10.0,P1-outbreak,0.96918
100000,1,0,1e-05,2.0,0,0,0,"(40, 140, 50)",0,433,3743599480793748201,50.0,10.0,P1-outbreak,0.97018
100000,3,1,3e-05,2.0,0,1,1,"(40, 140, 50)",0,434,15526411794045265515,50.0,10.0,P1-outbreak,0.96898
100000,3,1,3e-05,2.0,0,1,1,"(40, 140, 50)",0,435,9290864542696067299,50.0,10.0,P1-outbreak,0.96956
100000,68463,3,0.68463,2.0,0,2,3,"(40, 140, 50)",1,436,14522351683985068983,50.0,10.0,P1-outbreak,0.9697
100000,68973,5,0.68973,2.0,0,1,2,"(40, 140, 50)",1,437,8714787614305533261,50.0,10.0,P1-outbreak,0.97034
100000,4,1,4e-05,2.0,0,1,1,"(40, 140, 50)",0,438,14516295816346627088,50.0,10.0,P1-outbreak,0.96852
100000,68325,4,0.68325,2.0,0,1,1,"(40, 140, 50)",1,439,3761191590402660586,50.0,10.0,P1-outbreak,0.97076
100000,1,0,1e-05,2.0,0,0,0,"(40, 140, 50)",0,440,3334772165149359255,50.0,10.0,P1-outbreak,0.96894
100000,1,0,1e-05,2.0,0,0,0,"(40, 140, 50)",0,441,17073028134327664145,50.0,10.0,P1-outbreak,0.97078
100000,1,0,1e-05,2.0,0,0,0,"(40, 140, 50)",0,442,18279444876054154933,50.0,10.0,P1-outbreak,0.96978
100000,68959,2,0.68959,2.0,0,0,0,"(40, 140, 50)",1,443,8123618184085797430,50.0,10.0,P1-outbreak,0.96976
100000,68825,5,0.68825,2.0,0,1,1,"(40, 140, 50)",1,444,17007252651506205013,50.0,10.0,P1-outbreak,0.97042
100000,1,0,1e-05,2.0,0,0,0,"(40, 140, 50)",0,445,17837046049366296126,50.0,10.0,P1-outbreak,0.97016
100000,69443,2,0.69443,2.0,0,1,1,"(40, 140, 50)",1,446,8827298772111891653,50.0,10.0,P1-outbreak,0.9708
100000,2,1,2e-05,2.0,0,1,0,"(40, 140, 50)",0,447,3456878884253567288,50.0,10.0,P1-outbreak,0.97032
100000,1,0,1e-05,2.0,0,0,0,"(40, 140, 50)",0,448,11593572390361680429,50.0,10.0,P1-outbreak,0.97054
100000,7,1,7e-05,2.0,0,1,2,"(40, 140, 50)",0,449,2322759578033424554,50.0,10.0,P1-outbreak,0.97146
100000,68416,4,0.68416,2.0,0,1,4,"(40, 140, 50)",1,450,5425620741020911957,50.0,10.0,P1-outbreak,0.96972
100000,1,0,1e-05,2.0,0,0,0,"(40, 140, 50)",0,451,6639734246359129511,50.0,10.0,P1-outbreak,0.96878
100000,69093,3,0.69093,2.0,0,1,2,"(40, 140, 50)",1,452,1116725665659335501,50.0,10.0,P1-outbreak,0.9695
100000,67844,1,0.67844,2.0,0,0,0,"(40, 140, 50)",1,453,16436631100947142697,50.0,10.0,P1-outbreak,0.96948
100000,67535,1,0.67535,2.0,0,0,0,"(40, 140, 50)",1,454,16105210522888723261,50.0,10.0,P1-outbreak,0.96944
100000,2,1,2e-05,2.0,0,1,0,"(40, 140, 50)",0,455,2040456566800633690,50.0,10.0,P1-outbreak,0.96954
100000,5,2,5e-05,2.0,0,2,1,"(40, 140, 50)",0,456,5206279913460676213,50.0,10.0,P1-outbreak,0.9709
100000,5,1,5e-05,2.0,0,1,1,"(40, 140, 50)",0,457,12643304261926722616,50.0,10.0,P1-outbreak,0.96948
100000,67994,2,0.67994,2.0,0,0,1,"(40, 140, 50)",1,458,9401793112667041120,50.0,10.0,P1-outbreak,0.96978
100000,68163,4,0.68163,2.0,0,1,3,"(40, 140, 50)",1,459,7358781568848321076,50.0,10.0,P1-outbreak,0.97026
100000,68161,3,0.68161,2.0,0,0,2,"(40, 140, 50)",1,460,3103607658355184725,50.0,10.0,P1-outbreak,0.97056
100000,3,2,3e-05,2.0,0,2,0,"(40, 140, 50)",0,461,907108899947432080,50.0,10.0,P1-outbreak,0.96872
100000,1,0,1e-05,2.0,0,0,0,"(40, 140, 50)",0,462,14352328041726027645,50.0,10.0,P1-outbreak,0.96974
100000,3,1,3e-05,2.0,0,1,1,"(40, 140, 50)",0,463,12082490560559904333,50.0,10.0,P1-outbreak,0.96942
100000,69310,2,0.6931,2.0,0,0,2,"(40, 140, 50)",1,464,5966522937709251268,50.0,10.0,P1-outbreak,0.96976
100000,2,1,2e-05,2.0,0,1,0,"(40, 140, 50)",0,465,7144314048648163996,50.0,10.0,P1-outbreak,0.97054
100000,1,0,1e-05,2.0,0,0,0,"(40, 140, 50)",0,466,10653428874216243466,50.0,10.0,P1-outbreak,0.96972
100000,66650,1,0.6665,2.0,0,0,2,"(40, 140, 50)",1,467,4251913128420078717,50.0,10.0,P1-outbreak,0.9705
100000,1,0,1e-05,2.0,0,0,0,"(40, 140, 50)",0,468,13636643144129842562,50.0,10.0,P1-outbreak,0.96912
100000,68146,2,0.68146,2.0,0,1,1,"(40, 140, 50)",1,469,14320838805798367083,50.0,10.0,P1-outbreak,0.97024
100000,3,1,3e-05,2.0,0,1,1,"(40, 140, 50)",0,470,16096252306055703283,50.0,10.0,P1-outbreak,0.97128
100000,1,0,1e-05,2.0,0,0,0,"(40, 140, 50)",0,471,15489935880933429787,50.0,10.0,P1-outbreak,0.97044
100000,67305,4,0.67305,2.0,0,0,1,"(40, 140, 50)",1,472,3269782748764526044,50.0,10.0,P1-outbreak,0.96936
100000,1,0,1e-05,2.0,0,0,0,"(40, 140, 50)",0,473,5537678138261373123,50.0,10.0,P1-outbreak,0.96998
100000,1,0,1e-05,2.0,0,0,0,"(40, 140, 50)",0,474,13237048104929097802,50.0,10.0,P1-outbreak,0.96924
100000,70565,2,0.70565,2.0,0,1,2,"(40, 140, 50)",1,475,9606711068142610913,50.0,10.0,P1-outbreak,0.96976
100000,67975,2,0.67975,2.0,0,0,0,"(40, 140, 50)",1,476,12512946788110478134,50.0,10.0,P1-outbreak,0.97092
100000,1,0,1e-05,2.0,0,0,0,"(40, 140, 50)",0,477,4401520592142525376,50.0,10.0,P1-outbreak,0.96914
100000,68590,2,0.6859,2.0,0,0,3,"(40, 140, 50)",1,478,12363899565002165700,50.0,10.0,P1-outbreak,0.97022
100000,68621,3,0.68621,2.0,0,0,1,"(40, 140, 50)",1,479,4824581970979543114,50.0,10.0,P1-outbreak,0.9702
100000,2,1,2e-05,2.0,0,1,0,"(40, 140, 50)",0,480,14171030440198454093,50.0,10.0,P1-outbreak,0.9696
100000,68401,2,0.68401,2.0,0,0,1,"(40, 140, 50)",1,481,12505214328910176918,50.0,10.0,P1-outbreak,0.96972
100000,13,2,0.00013,2.0,0,2,1,"(40, 140, 50)",0,482,16453514369641726276,50.0,10.0,P1-outbreak,0.96966
100000,1,0,1e-05,2.0,0,0,0,"(40, 140, 50)",0,483,13267386742584907868,50.0,10.0,P1-outbreak,0.97028
100000,2,1,2e-05,2.0,0,1,0,"(40, 140, 50)",0,484,6368052886819619807,50.0,10.0,P1-outbreak,0.97064
100000,6,2,6e-05,2.0,0,2,2,"(40, 140, 50)",0,485,8550388274548454043,50.0,10.0,P1-outbreak,0.96996
100000,68573,1,0.68573,2.0,0,1,2,"(40, 140, 50)",1,486,15991513113145965072,50.0,10.0,P1-outbreak,0.9706
100000,5,1,5e-05,2.0,0,1,1,"(40, 140, 50)",0,487,7412479974517063284,50.0,10.0,P1-outbreak,0.96832
100000,11,1,0.00011,2.0,0,1,4,"(40, 140, 50)",0,488,287724727913806170,50.0,10.0,P1-outbreak,0.96992
100000,1,0,1e-05,2.0,0,0,0,"(40, 140, 50)",0,489,17128476828277788592,50.0,10.0,P1-outbreak,0.97086
100000,4,2,4e-05,2.0,0,2,1,"(40, 140, 50)",0,490,17276671416889306089,50.0,10.0,P1-outbreak,0.97096
100000,1,0,1e-05,2.0,0,0,0,"(40, 140, 50)",0,491,3415983225998839232,50.0,10.0,P1-outbreak,0.96896
100000,4,2,4e-05,2.0,0,2,1,"(40, 140, 50)",0,492,17336423807000515292,50.0,10.0,P1-outbreak,0.96992
100000,20,1,0.0002,2.0,0,1,1,"(40, 140, 50)",0,493,7936510677051180890,50.0,10.0,P1-outbreak,0.97116
100000,1,0,1e-05,2.0,0,0,0,"(40, 140, 50)",0,494,15851663383931903556,50.0,10.0,P1-outbreak,0.96948
100000,2,1,2e-05,2.0,0,1,0,"(40, 140, 50)",0,495,2648204817614092002,50.0,10.0,P1-outbreak,0.97004
100000,69062,2,0.69062,2.0,0,0,1,"(40, 140, 50)",1,496,13513038286358902080,50.0,10.0,P1-outbreak,0.9701
100000,69251,5,0.69251,2.0,0,2,1,"(40, 140, 50)",1,497,14151957008180094085,50.0,10.0,P1-outbreak,0.97028
100000,68863,6,0.68863,2.0,0,1,0,"(40, 140, 50)",1,498,10071716723219484936,50.0,10.0,P1-outbreak,0.96948
100000,68810,2,0.6881,2.0,0,2,0,"(40, 140, 50)",1,499,13506563594804778846,50.0,10.0,P1-outbreak,0.96982
100000,68295,4,0.68295,2.0,0,2,0,"(40, 140, 50)",1,500,13161553246897533336,50.0,10.0,P1-outbreak,0.96978
100000,1,0,1e-05,2.0,0,0,0,"(40, 140, 50)",0,501,1838318418106467995,50.0,10.0,P1-outbreak,0.96926
100000,1,0,1e-05,2.0,0,0,0,"(40, 140, 50)",0,502,608122809463781375,50.0,10.0,P1-outbreak,0.97036
100000,1,0,1e-05,2.0,0,0,0,"(40, 140, 50)",0,503,17416335808778298291,50.0,10.0,P1-outbreak,0.9692
100000,5,2,5e-05,2.0,0,2,2,"(40, 140, 50)",0,504,5278149747655820171,50.0,10.0,P1-outbreak,0.97028
100000,3,1,3e-05,2.0,0,1,1,"(40, 140, 50)",0,505,7500744335558368959,50.0,10.0,P1-outbreak,0.96836
100000,69041,2,0.69041,2.0,0,1,1,"(40, 140, 50)",1,506,8010765015903507610,50.0,10.0,P1-outbreak,0.96996
100000,1,0,1e-05,2.0,0,0,0,"(40, 140, 50)",0,507,6023444902105888451,50.0,10.0,P1-outbreak,0.9693
100000,1,0,1e-05,2.0,0,0,0,"(40, 140, 50)",0,508,17047332424962306230,50.0,10.0,P1-outbreak,0.96968
100000,67892,5,0.67892,2.0,0,1,0,"(40, 140, 50)",1,509,744838485696926381,50.0,10.0,P1-outbreak,0.97
100000,6,1,6e-05,2.0,0,1,1,"(40, 140, 50)",0,510,16658772728565256827,50.0,10.0,P1-outbreak,0.97058
100000,69101,6,0.69101,2.0,0,1,3,"(40, 140, 50)",1,511,14811341902712104097,50.0,10.0,P1-outbreak,0.9693
100000,68059,4,0.68059,2.0,0,1,0,"(40, 140, 50)",1,512,12017057135200046162,50.0,10.0,P1-outbreak,0.97046
100000,69339,7,0.69339,2.0,0,1,3,"(40, 140, 50)",1,513,14906671725570431089,50.0,10.0,P1-outbreak,0.96976
100000,1,0,1e-05,2.0,0,0,0,"(40, 140, 50)",0,514,16036918226861002754,50.0,10.0,P1-outbreak,0.9694
100000,1,0,1e-05,2.0,0,0,0,"(40, 140, 50)",0,515,5834223109884572613,50.0,10.0,P1-outbreak,0.96986
100000,69779,3,0.69779,2.0,0,0,3,"(40, 140, 50)",1,516,7865679845824841764,50.0,10.0,P1-outbreak,0.97004
100000,1,0,1e-05,2.0,0,0,0,"(40, 140, 50)",0,517,5517753977254255484,50.0,10.0,P1-outbreak,0.9708
100000,68392,3,0.68392,2.0,0,1,1,"(40, 140, 50)",1,518,3911030212306649585,50.0,10.0,P1-outbreak,0.97
100000,1,0,1e-05,2.0,0,0,0,"(40, 140, 50)",0,519,2315159322913689447,50.0,10.0,P1-outbreak,0.97024
100000,67957,1,0.67957,2.0,0,0,1,"(40, 140, 50)",1,520,2824524253942067710,50.0,10.0,P1-outbreak,0.97078
100000,2,1,2e-05,2.0,0,1,0,"(40, 140, 50)",0,521,8974767006184038558,50.0,10.0,P1-outbreak,0.97028
100000,1,0,1e-05,2.0,0,0,0,"(40, 140, 50)",0,522,11215838309512396445,50.0,10.0,P1-outbreak,0.9698
100000,1,0,1e-05,2.0,0,0,0,"(40, 140, 50)",0,523,1597747218999051517,50.0,10.0,P1-outbreak,0.96898
100000,69190,1,0.6919,2.0,0,1,1,"(40, 140, 50)",1,524,5008731887165412496,50.0,10.0,P1-outbreak,0.9709
100000,67818,4,0.67818,2.0,0,1,0,"(40, 140, 50)",1,525,375037087635933784,50.0,10.0,P1-outbreak,0.9705
100000,67692,1,0.67692,2.0,0,1,0,"(40, 140, 50)",1,526,17640900366002829851,50.0,10.0,P1-outbreak,0.96904
100000,3,1,3e-05,2.0,0,1,1,"(40, 140, 50)",0,527,16913876712045784192,50.0,10.0,P1-outbreak,0.971
100000,3,1,3e-05,2.0,0,1,1,"(40, 140, 50)",0,528,2987348852563478741,50.0,10.0,P1-outbreak,0.97116
100000,1,0,1e-05,2.0,0,0,0,"(40, 140, 50)",0,529,18119445464738872314,50.0,10.0,P1-outbreak,0.97178
100000,14,2,0.00014,2.0,0,2,3,"(40, 140, 50)",0,530,8165578907236941142,50.0,10.0,P1-outbreak,0.96884
100000,6,1,6e-05,2.0,0,1,2,"(40, 140, 50)",0,531,12363288574484815340,50.0,10.0,P1-outbreak,0.97024
100000,69549,2,0.69549,2.0,0,0,0,"(40, 140, 50)",1,532,12085250429307840449,50.0,10.0,P1-outbreak,0.96974
100000,67913,2,0.67913,2.0,0,1,2,"(40, 140, 50)",1,533,7608956115105110220,50.0,10.0,P1-outbreak,0.9697
100000,3,1,3e-05,2.0,0,1,1,"(40, 140, 50)",0,534,1905882248569295021,50.0,10.0,P1-outbreak,0.96926
100000,67979,1,0.67979,2.0,0,0,1,"(40, 140, 50)",1,535,2771213110104041478,50.0,10.0,P1-outbreak,0.96896
100000,1,0,1e-05,2.0,0,0,0,"(40, 140, 50)",0,536,15588683394860460528,50.0,10.0,P1-outbreak,0.97038
100000,1,0,1e-05,2.0,0,0,0,"(40, 140, 50)",0,537,6443601430091363621,50.0,10.0,P1-outbreak,0.97002
100000,1,0,1e-05,2.0,0,0,0,"(40, 140, 50)",0,538,4483253811907795649,50.0,10.0,P1-outbreak,0.9709
100000,68641,3,0.68641,2.0,0,2,0,"(40, 140, 50)",1,539,17444897027541704704,50.0,10.0,P1-outbreak,0.96986
100000,69273,2,0.69273,2.0,0,0,0,"(40, 140, 50)",1,540,12384335433114908436,50.0,10.0,P1-outbreak,0.96952
100000,2,1,2e-05,2.0,0,1,0,"(40, 140, 50)",0,541,247316849671195323,50.0,10.0,P1-outbreak,0.96864
100000,11,2,0.00011,2.0,0,2,3,"(40, 140, 50)",0,542,1535697328377225070,50.0,10.0,P1-outbreak,0.9702
100000,1,0,1e-05,2.0,0,0,0,"(40, 140, 50)",0,543,13748162754655759709,50.0,10.0,P1-outbreak,0.96882
100000,67725,4,0.67725,2.0,0,2,2,"(40, 140, 50)",1,544,15198377537340646483,50.0,10.0,P1-outbreak,0.96994
100000,1,0,1e-05,2.0,0,0,0,"(40, 140, 50)",0,545,7138746715497861951,50.0,10.0,P1-outbreak,0.96982
100000,1,0,1e-05,2.0,0,0,0,"(40, 140, 50)",0,546,15415941072299517173,50.0,10.0,P1-outbreak,0.9711
100000,68062,2,0.68062,2.0,0,0,1,"(40, 140, 50)",1,547,13837125959566793488,50.0,10.0,P1-outbreak,0.96892
100000,2,1,2e-05,2.0,0,1,0,"(40, 140, 50)",0,548,7594197078455408526,50.0,10.0,P1-outbreak,0.96918
100000,67937,6,0.67937,2.0,0,0,1,"(40, 140, 50)",1,549,1014298450080859866,50.0,10.0,P1-outbreak,0.96982
100000,68054,5,0.68054,2.0,0,1,0,"(40, 140, 50)",1,550,3342821481460913752,50.0,10.0,P1-outbreak,0.96982
100000,68744,3,0.68744,2.0,0,0,1,"(40, 140, 50)",1,551,4027859336430841038,50.0,10.0,P1-outbreak,0.9711
100000,1,0,1e-05,2.0,0,0,0,"(40, 140, 50)",0,552,5131261275156389020,50.0,10.0,P1-outbreak,0.96924
100000,69,2,0.00069,2.0,0,2,1,"(40, 140, 50)",0,553,2621187151860215045,50.0,10.0,P1-outbreak,0.97024
100000,1,0,1e-05,2.0,0,0,0,"(40, 140, 50)",0,554,8173982238745589890,50.0,10.0,P1-outbreak,0.96888
100000,1,0,1e-05,2.0,0,0,0,"(40, 140, 50)",0,555,17183347285539027737,50.0,10.0,P1-outbreak,0.96928
100000,2,1,2e-05,2.0,0,1,0,"(40, 140, 50)",0,556,7631604036141997465,50.0,10.0,P1-outbreak,0.9682
100000,4,1,4e-05,2.0,0,1,1,"(40, 140, 50)",0,557,4299780618776193514,50.0,10.0,P1-outbreak,0.9703
100000,67914,4,0.67914,2.0,0,0,1,"(40, 140, 50)",1,558,8500202204696959961,50.0,10.0,P1-outbreak,0.97024
100000,7,2,7e-05,2.0,0,2,1,"(40, 140, 50)",0,559,1654932371860936602,50.0,10.0,P1-outbreak,0.97052
100000,14,1,0.00014,2.0,0,1,2,"(40, 140, 50)",0,560,8758152611360531621,50.0,10.0,P1-outbreak,0.96964
100000,68743,3,0.68743,2.0,0,1,0,"(40, 140, 50)",1,561,13776943194978563963,50.0,10.0,P1-outbreak,0.96946
100000,2,1,2e-05,2.0,0,1,0,"(40, 140, 50)",0,562,9310054783174810287,50.0,10.0,P1-outbreak,0.97004
100000,4,2,4e-05,2.0,0,2,1,"(40, 140, 50)",0,563,2183645115733455360,50.0,10.0,P1-outbreak,0.96904
100000,68500,2,0.685,2.0,0,0,0,"(40, 140, 50)",1,564,2721498131602618851,50.0,10.0,P1-outbreak,0.96954
100000,1,0,1e-05,2.0,0,0,0,"(40, 140, 50)",0,565,2860609410152005801,50.0,10.0,P1-outbreak,0.97018
100000,1,0,1e-05,2.0,0,0,0,"(40, 140, 50)",0,566,630682716859790390,50.0,10.0,P1-outbreak,0.96964
100000,69891,2,0.69891,2.0,0,1,1,"(40, 140, 50)",1,567,2105681044953467176,50.0,10.0,P1-outbreak,0.97018
100000,68253,1,0.68253,2.0,0,1,0,"(40, 140, 50)",1,568,14550141892775276883,50.0,10.0,P1-outbreak,0.9702
100000,1,0,1e-05,2.0,0,0,0,"(40, 140, 50)",0,569,11870124084920930178,50.0,10.0,P1-outbreak,0.96936
100000,1,0,1e-05,2.0,0,0,0,"(40, 140, 50)",0,570,10302864026286383679,50.0,10.0,P1-outbreak,0.97018
100000,68601,4,0.68601,2.0,0,1,0,"(40, 140, 50)",1,571,7922696369725569705,50.0,10.0,P1-outbreak,0.96954
100000,4,1,4e-05,2.0,0,1,2,"(40, 140, 50)",0,572,5377123278565935789,50.0,10.0,P1-outbreak,0.96952
100000,69029,2,0.69029,2.0,0,1,3,"(40, 140, 50)",1,573,10245236244806585594,50.0,10.0,P1-outbreak,0.97042
100000,1,0,1e-05,2.0,0,0,0,"(40, 140, 50)",0,574,2567132194725659842,50.0,10.0,P1-outbreak,0.9691
100000,11,2,0.00011,2.0,0,2,1,"(40, 140, 50)",0,575,17052829438080312011,50.0,10.0,P1-outbreak,0.97072
100000,68587,1,0.68587,2.0,0,0,0,"(40, 140, 50)",1,576,16847405972591976188,50.0,10.0,P1-outbreak,0.96988
100000,5,2,5e-05,2.0,0,2,1,"(40, 140, 50)",0,577,13188545413611940913,50.0,10.0,P1-outbreak,0.97068
100000,1,0,1e-05,2.0,0,0,0,"(40, 140, 50)",0,578,3383382455987065572,50.0,10.0,P1-outbreak,0.97038
100000,69204,4,0.69204,2.0,0,2,1,"(40, 140, 50)",1,579,15014703467065593390,50.0,10.0,P1-outbreak,0.96986
100000,3,2,3e-05,2.0,0,2,0,"(40, 140, 50)",0,580,11494022788329830341,50.0,10.0,P1-outbreak,0.97014
100000,68561,6,0.68561,2.0,0,2,0,"(40, 140, 50)",1,581,5995421295198611524,50.0,10.0,P1-outbreak,0.97008
100000,3,2,3e-05,2.0,0,2,0,"(40, 140, 50)",0,582,17295708341442366121,50.0,10.0,P1-outbreak,0.96918
100000,68512,4,0.68512,2.0,0,1,2,"(40, 140, 50)",1,583,9110651436922510367,50.0,10.0,P1-outbreak,0.96886
100000,1,0,1e-05,2.0,0,0,0,"(40, 140, 50)",0,584,13362376616295787043,50.0,10.0,P1-outbreak,0.96966
100000,4,1,4e-05,2.0,0,1,2,"(40, 140, 50)",0,585,7392010001989698636,50.0,10.0,P1-outbreak,0.9704
100000,68572,2,0.68572,2.0,0,0,1,"(40, 140, 50)",1,586,7696457895185946677,50.0,10.0,P1-outbreak,0.97014
100000,1,0,1e-05,2.0,0,0,0,"(40, 140, 50)",0,587,13653914484738065596,50.0,10.0,P1-outbreak,0.97092
100000,1,0,1e-05,2.0,0,0,0,"(40, 140, 50)",0,588,1106112215357314062,50.0,10.0,P1-outbreak,0.96988
100000,67837,5,0.67837,2.0,0,1,0,"(40, 140, 50)",1,589,16184472115074492099,50.0,10.0,P1-outbreak,0.97082
100000,68725,2,0.68725,2.0,0,0,1,"(40, 140, 50)",1,590,17852299892548561776,50.0,10.0,P1-outbreak,0.96984
100000,68587,2,0.68587,2.0,0,2,3,"(40, 140, 50)",1,591,2114538418072691864,50.0,10.0,P1-outbreak,0.97086
100000,1,0,1e-05,2.0,0,0,0,"(40, 140, 50)",0,592,13983056658592039650,50.0,10.0,P1-outbreak,0.96932
100000,1,0,1e-05,2.0,0,0,0,"(40, 140, 50)",0,593,8901671565231131339,50.0,10.0,P1-outbreak,0.96888
100000,68172,2,0.68172,2.0,0,1,0,"(40, 140, 50)",1,594,234855639792775411,50.0,10.0,P1-outbreak,0.96938
100000,70018,3,0.70018,2.0,0,1,1,"(40, 140, 50)",1,595,81678848357427542,50.0,10.0,P1-outbreak,0.97064
100000,67812,2,0.67812,2.0,0,0,1,"(40, 140, 50)",1,596,9728767522472378427,50.0,10.0,P1-outbreak,0.97054
100000,68926,5,0.68926,2.0,0,0,1,"(40, 140, 50)",1,597,17233350159828711723,50.0,10.0,P1-outbreak,0.97008
100000,2,1,2e-05,2.0,0,1,0,"(40, 140, 50)",0,598,12319259762606980335,50.0,10.0,P1-outbreak,0.96942
100000,1,0,1e-05,2.0,0,0,0,"(40, 140, 50)",0,599,13695597271121631285,50.0,10.0,P1-outbreak,0.97026
100000,1,0,1e-05,2.0,0,0,0,"(40, 140, 50)",0,600,18008997825385791858,50.0,10.0,P1-outbreak,0.96868
100000,1,0,1e-05,2.0,0,0,0,"(40, 140, 50)",0,601,5346324578804760115,50.0,10.0,P1-outbreak,0.9691
100000,68334,3,0.68334,2.0,0,0,2,"(40, 140, 50)",1,602,4675087975584583965,50.0,10.0,P1-outbreak,0.96898
100000,1,0,1e-05,2.0,0,0,0,"(40, 140, 50)",0,603,15305240049079192365,50.0,10.0,P1-outbreak,0.9697
100000,4,1,4e-05,2.0,0,1,1,"(40, 140, 50)",0,604,6988307919846799726,50.0,10.0,P1-outbreak,0.9696
100000,69230,2,0.6923,2.0,0,0,1,"(40, 140, 50)",1,605,12421661277458911353,50.0,10.0,P1-outbreak,0.96916
100000,69545,5,0.69545,2.0,0,1,1,"(40, 140, 50)",1,606,4207651917662727621,50.0,10.0,P1-outbreak,0.9685
100000,68807,3,0.68807,2.0,0,0,1,"(40, 140, 50)",1,607,1308430911165120381,50.0,10.0,P1-outbreak,0.96862
100000,2,1,2e-05,2.0,0,1,0,"(40, 140, 50)",0,608,17449443777430055310,50.0,10.0,P1-outbreak,0.96988
100000,68704,4,0.68704,2.0,0,0,0,"(40, 140, 50)",1,609,17774382614852358607,50.0,10.0,P1-outbreak,0.96996
100000,5,1,5e-05,2.0,0,1,1,"(40, 140, 50)",0,610,13697550632348984808,50.0,10.0,P1-outbreak,0.96988
100000,1,0,1e-05,2.0,0,0,0,"(40, 140, 50)",0,611,8041262837168345088,50.0,10.0,P1-outbreak,0.96956
100000,2,1,2e-05,2.0,0,1,0,"(40, 140, 50)",0,612,18226766115262338818,50.0,10.0,P1-outbreak,0.96928
100000,68717,3,0.68717,2.0,0,0,0,"(40, 140, 50)",1,613,5772775978799726709,50.0,10.0,P1-outbreak,0.96904
100000,2,1,2e-05,2.0,0,1,0,"(40, 140, 50)",0,614,9288039799046297724,50.0,10.0,P1-outbreak,0.97172
100000,67221,6,0.67221,2.0,0,0,2,"(40, 140, 50)",1,615,4791162545817120186,50.0,10.0,P1-outbreak,0.9699
100000,1,0,1e-05,2.0,0,0,0,"(40, 140, 50)",0,616,17719753638976822996,50.0,10.0,P1-outbreak,0.96978
100000,1,0,1e-05,2.0,0,0,0,"(40, 140, 50)",0,617,2156560209827798980,50.0,10.0,P1-outbreak,0.96898
100000,67649,2,0.67649,2.0,0,0,0,"(40, 140, 50)",1,618,2218645708118411514,50.0,10.0,P1-outbreak,0.96948
100000,68492,6,0.68492,2.0,0,2,3,"(40, 140, 50)",1,619,6415568432289928334,50.0,10.0,P1-outbreak,0.96968
100000,2,1,2e-05,2.0,0,1,0,"(40, 140, 50)",0,620,145494333198384481,50.0,10.0,P1-outbreak,0.96996
100000,5,1,5e-05,2.0,0,1,1,"(40, 140, 50)",0,621,4093732970371622827,50.0,10.0,P1-outbreak,0.96904
100000,68726,2,0.68726,2.0,0,0,0,"(40, 140, 50)",1,622,7983864368042175126,50.0,10.0,P1-outbreak,0.96982
100000,3,2,3e-05,2.0,0,2,0,"(40, 140, 50)",0,623,10045690130433138109,50.0,10.0,P1-outbreak,0.96908
100000,6,2,6e-05,2.0,0,2,2,"(40, 140, 50)",0,624,4138660580077233056,50.0,10.0,P1-outbreak,0.9703
100000,2,1,2e-05,2.0,0,1,0,"(40, 140, 50)",0,625,7903180910315462970,50.0,10.0,P1-outbreak,0.969
100000,68868,2,0.68868,2.0,0,1,1,"(40, 140, 50)",1,626,17207687547532026913,50.0,10.0,P1-outbreak,0.9694
100000,3,1,3e-05,2.0,0,1,1,"(40, 140, 50)",0,627,15790084606948848274,50.0,10.0,P1-outbreak,0.9698
100000,1,0,1e-05,2.0,0,0,0,"(40, 140, 50)",0,628,10743890976289610432,50.0,10.0,P1-outbreak,0.97082
100000,3,1,3e-05,2.0,0,1,1,"(40, 140, 50)",0,629,5036121344984213041,50.0,10.0,P1-outbreak,0.97
100000,1,0,1e-05,2.0,0,0,0,"(40, 140, 50)",0,630,6918584615851498757,50.0,10.0,P1-outbreak,0.96942
100000,68521,3,0.68521,2.0,0,1,0,"(40, 140, 50)",1,631,7882977423685043808,50.0,10.0,P1-outbreak,0.96888
100000,68713,5,0.68713,2.0,0,1,0,"(40, 140, 50)",1,632,10091526589432903372,50.0,10.0,P1-outbreak,0.96984
100000,5,2,5e-05,2.0,0,2,1,"(40, 140, 50)",0,633,15558305939356106395,50.0,10.0,P1-outbreak,0.96986
100000,1,0,1e-05,2.0,0,0,0,"(40, 140, 50)",0,634,8645682344456998100,50.0,10.0,P1-outbreak,0.96972
100000,67715,3,0.67715,2.0,0,0,0,"(40, 140, 50)",1,635,7458496386536459043,50.0,10.0,P1-outbreak,0.96886
100000,68511,5,0.68511,2.0,0,0,1,"(40, 140, 50)",1,636,4565748608404155239,50.0,10.0,P1-outbreak,0.97052
100000,2,1,2e-05,2.0,0,1,0,"(40, 140, 50)",0,637,675631164772666548,50.0,10.0,P1-outbreak,0.96888
100000,69138,5,0.69138,2.0,0,1,2,"(40, 140, 50)",1,638,12894404647168172950,50.0,10.0,P1-outbreak,0.96948
100000,18,3,0.00018,2.0,0,3,4,"(40, 140, 50)",0,639,16222218410551250012,50.0,10.0,P1-outbreak,0.9694
100000,2,1,2e-05,2.0,0,1,0,"(40, 140, 50)",0,640,12355509528697629309,50.0,10.0,P1-outbreak,0.96912
100000,2,1,2e-05,2.0,0,1,0,"(40, 140, 50)",0,641,13194935994993209461,50.0,10.0,P1-outbreak,0.96936
100000,1,0,1e-05,2.0,0,0,0,"(40, 140, 50)",0,642,6162408858413140786,50.0,10.0,P1-outbreak,0.96988
100000,2,1,2e-05,2.0,0,1,0,"(40, 140, 50)",0,643,18364150475631220226,50.0,10.0,P1-outbreak,0.9689
100000,68615,1,0.68615,2.0,0,0,1,"(40, 140, 50)",1,644,15240440512411432650,50.0,10.0,P1-outbreak,0.97132
100000,69691,3,0.69691,2.0,0,1,0,"(40, 140, 50)",1,645,6653991618908197184,50.0,10.0,P1-outbreak,0.96976
100000,1,0,1e-05,2.0,0,0,0,"(40, 140, 50)",0,646,8165662535592731603,50.0,10.0,P1-outbreak,0.96988
100000,3,2,3e-05,2.0,0,2,0,"(40, 140, 50)",0,647,12899158536147469857,50.0,10.0,P1-outbreak,0.96972
100000,68450,3,0.6845,2.0,0,1,0,"(40, 140, 50)",1,648,15453742180463375440,50.0,10.0,P1-outbreak,0.96944
100000,6,1,6e-05,2.0,0,1,1,"(40, 140, 50)",0,649,12689293455884078741,50.0,10.0,P1-outbreak,0.97042
100000,69171,1,0.69171,2.0,0,0,0,"(40, 140, 50)",1,650,8958586517406665654,50.0,10.0,P1-outbreak,0.9695
100000,21,1,0.00021,2.0,0,1,1,"(40, 140, 50)",0,651,14294942984017215484,50.0,10.0,P1-outbreak,0.9686
100000,3,2,3e-05,2.0,0,2,0,"(40, 140, 50)",0,652,1946921889971333054,50.0,10.0,P1-outbreak,0.9697
100000,2,1,2e-05,2.0,0,1,0,"(40, 140, 50)",0,653,12381124260360101062,50.0,10.0,P1-outbreak,0.97136
100000,1,0,1e-05,2.0,0,0,0,"(40, 140, 50)",0,654,5780676754826458267,50.0,10.0,P1-outbreak,0.96818
100000,68163,4,0.68163,2.0,0,0,2,"(40, 140, 50)",1,655,1874229544802200744,50.0,10.0,P1-outbreak,0.96814
100000,68287,1,0.68287,2.0,0,1,0,"(40, 140, 50)",1,656,14502561215900831806,50.0,10.0,P1-outbreak,0.97042
100000,2,1,2e-05,2.0,0,1,0,"(40, 140, 50)",0,657,17554471091758422383,50.0,10.0,P1-outbreak,0.97058
100000,68648,3,0.68648,2.0,0,1,0,"(40, 140, 50)",1,658,14753856748697179694,50.0,10.0,P1-outbreak,0.97002
100000,68540,3,0.6854,2.0,0,1,0,"(40, 140, 50)",1,659,10443066256424652788,50.0,10.0,P1-outbreak,0.9704
100000,68270,3,0.6827,2.0,0,1,0,"(40, 140, 50)",1,660,16452569031460947494,50.0,10.0,P1-outbreak,0.97036
100000,2,1,2e-05,2.0,0,1,0,"(40, 140, 50)",0,661,13539016873307313610,50.0,10.0,P1-outbreak,0.97162
100000,68860,3,0.6886,2.0,0,1,4,"(40, 140, 50)",1,662,17763024057525260265,50.0,10.0,P1-outbreak,0.97134
100000,4,1,4e-05,2.0,0,1,2,"(40, 140, 50)",0,663,6732320584205118414,50.0,10.0,P1-outbreak,0.97072
100000,5,2,5e-05,2.0,0,2,2,"(40, 140, 50)",0,664,7775307841050260211,50.0,10.0,P1-outbreak,0.96952
100000,67388,4,0.67388,2.0,0,0,2,"(40, 140, 50)",1,665,12497444381729383630,50.0,10.0,P1-outbreak,0.96964
100000,69255,4,0.69255,2.0,0,0,2,"(40, 140, 50)",1,666,4265591331771569738,50.0,10.0,P1-outbreak,0.97048
100000,68101,2,0.68101,2.0,0,1,1,"(40, 140, 50)",1,667,203835699245724403,50.0,10.0,P1-outbreak,0.9702
100000,9,2,9e-05,2.0,0,2,2,"(40, 140, 50)",0,668,6798342372859063571,50.0,10.0,P1-outbreak,0.97012
100000,68826,5,0.68826,2.0,0,0,2,"(40, 140, 50)",1,669,4901518811899148216,50.0,10.0,P1-outbreak,0.97064
100000,4,2,4e-05,2.0,0,2,1,"(40, 140, 50)",0,670,16835257125001216261,50.0,10.0,P1-outbreak,0.96884
100000,1,0,1e-05,2.0,0,0,0,"(40, 140, 50)",0,671,7320478363093525736,50.0,10.0,P1-outbreak,0.96918
100000,1,0,1e-05,2.0,0,0,0,"(40, 140, 50)",0,672,18362395699379090890,50.0,10.0,P1-outbreak,0.97046
100000,68178,1,0.68178,2.0,0,0,0,"(40, 140, 50)",1,673,7088000712705011162,50.0,10.0,P1-outbreak,0.9705
100000,67761,2,0.67761,2.0,0,1,0,"(40, 140, 50)",1,674,11482669495341193366,50.0,10.0,P1-outbreak,0.96856
100000,69261,6,0.69261,2.0,0,3,2,"(40, 140, 50)",1,675,11560585983278646249,50.0,10.0,P1-outbreak,0.96892
100000,1,0,1e-05,2.0,0,0,0,"(40, 140, 50)",0,676,15922386063311300571,50.0,10.0,P1-outbreak,0.97022
100000,8,3,8e-05,2.0,0,3,3,"(40, 140, 50)",0,677,9159108296439572192,50.0,10.0,P1-outbreak,0.97014
100000,69337,4,0.69337,2.0,0,2,1,"(40, 140, 50)",1,678,13987112063792825175,50.0,10.0,P1-outbreak,0.97086
100000,68453,4,0.68453,2.0,0,2,0,"(40, 140, 50)",1,679,14732299105079574923,50.0,10.0,P1-outbreak,0.96956
100000,68246,1,0.68246,2.0,0,0,0,"(40, 140, 50)",1,680,8917309007169600284,50.0,10.0,P1-outbreak,0.96952
100000,69133,2,0.69133,2.0,0,1,0,"(40, 140, 50)",1,681,18191005307252611592,50.0,10.0,P1-outbreak,0.96962
100000,1,0,1e-05,2.0,0,0,0,"(40, 140, 50)",0,682,12540514114322781831,50.0,10.0,P1-outbreak,0.96942
100000,1,0,1e-05,2.0,0,0,0,"(40, 140, 50)",0,683,12555336521049701910,50.0,10.0,P1-outbreak,0.9706
100000,5,2,5e-05,2.0,0,2,1,"(40, 140, 50)",0,684,438284792691094698,50.0,10.0,P1-outbreak,0.97004
100000,69144,3,0.69144,2.0,0,0,2,"(40, 140, 50)",1,685,12734604181906915028,50.0,10.0,P1-outbreak,0.97028
100000,68529,5,0.68529,2.0,0,2,2,"(40, 140, 50)",1,686,15910317202111503696,50.0,10.0,P1-outbreak,0.97008
100000,1,0,1e-05,2.0,0,0,0,"(40, 140, 50)",0,687,13127166506151425656,50.0,10.0,P1-outbreak,0.96786
100000,67571,1,0.67571,2.0,0,0,1,"(40, 140, 50)",1,688,2824010161929960613,50.0,10.0,P1-outbreak,0.96844
100000,68213,4,0.68213,2.0,0,1,1,"(40, 140, 50)",1,689,11225065534551363510,50.0,10.0,P1-outbreak,0.97098
100000,3,1,3e-05,2.0,0,1,1,"(40, 140, 50)",0,690,578464945386414372,50.0,10.0,P1-outbreak,0.96942
100000,3,1,3e-05,2.0,0,1,1,"(40, 140, 50)",0,691,7611908415037552988,50.0,10.0,P1-outbreak,0.9688
100000,68594,1,0.68594,2.0,0,0,1,"(40, 140, 50)",1,692,269779120602630676,50.0,10.0,P1-outbreak,0.96902
100000,3,2,3e-05,2.0,0,2,0,"(40, 140, 50)",0,693,9016389539286968646,50.0,10.0,P1-outbreak,0.96912
100000,4,1,4e-05,2.0,0,1,1,"(40, 140, 50)",0,694,2241141077972123979,50.0,10.0,P1-outbreak,0.96896
100000,69877,4,0.69877,2.0,0,1,2,"(40, 140, 50)",1,695,14524413285356462372,50.0,10.0,P1-outbreak,0.9692
100000,68394,2,0.68394,2.0,0,0,1,"(40, 140, 50)",1,696,12625281173782816452,50.0,10.0,P1-outbreak,0.96992
100000,50,1,0.0005,2.0,0,1,1,"(40, 140, 50)",0,697,333237239016893588,50.0,10.0,P1-outbreak,0.96982
100000,68371,3,0.68371,2.0,0,0,1,"(40, 140, 50)",1,698,3208868282234829784,50.0,10.0,P1-outbreak,0.9705
100000,68689,3,0.68689,2.0,0,1,1,"(40, 140, 50)",1,699,1997057659647770204,50.0,10.0,P1-outbreak,0.9691
100000,2,1,2e-05,2.0,0,1,0,"(40, 140, 50)",0,700,4456480709792955279,50.0,10.0,P1-outbreak,0.96908
100000,1,0,1e-05,2.0,0,0,0,"(40, 140, 50)",0,701,13588723515808256400,50.0,10.0,P1-outbreak,0.97148
100000,67588,3,0.67588,2.0,0,0,1,"(40, 140, 50)",1,702,6729272197648505453,50.0,10.0,P1-outbreak,0.96924
100000,69441,2,0.69441,2.0,0,0,0,"(40, 140, 50)",1,703,18211503145841298210,50.0,10.0,P1-outbreak,0.96984
100000,1,0,1e-05,2.0,0,0,0,"(40, 140, 50)",0,704,11547634930864775784,50.0,10.0,P1-outbreak,0.97014
100000,2,1,2e-05,2.0,0,1,0,"(40, 140, 50)",0,705,10013267142753057836,50.0,10.0,P1-outbreak,0.96912
100000,2,1,2e-05,2.0,0,1,0,"(40, 140, 50)",0,706,15405460137455510651,50.0,10.0,P1-outbreak,0.96964
100000,68110,6,0.6811,2.0,0,2,2,"(40, 140, 50)",1,707,13418852686085238689,50.0,10.0,P1-outbreak,0.97
100000,28,2,0.00028,2.0,0,2,3,"(40, 140, 50)",0,708,4656053574900387145,50.0,10.0,P1-outbreak,0.96926
100000,68566,5,0.68566,2.0,0,1,2,"(40, 140, 50)",1,709,17474890386345676754,50.0,10.0,P1-outbreak,0.97008
100000,68966,4,0.68966,2.0,0,2,1,"(40, 140, 50)",1,710,9105732261640776051,50.0,10.0,P1-outbreak,0.97042
100000,2,1,2e-05,2.0,0,1,0,"(40, 140, 50)",0,711,4514793821106878892,50.0,10.0,P1-outbreak,0.96978
100000,1,0,1e-05,2.0,0,0,0,"(40, 140, 50)",0,712,13775693498881123500,50.0,10.0,P1-outbreak,0.9702
100000,18,2,0.00018,2.0,0,2,2,"(40, 140, 50)",0,713,418841083860536204,50.0,10.0,P1-outbreak,0.97004
100000,68852,2,0.68852,2.0,0,0,3,"(40, 140, 50)",1,714,1549871880334428160,50.0,10.0,P1-outbreak,0.96912
100000,1,0,1e-05,2.0,0,0,0,"(40, 140, 50)",0,715,11646918780085216977,50.0,10.0,P1-outbreak,0.96946
100000,68027,2,0.68027,2.0,0,0,0,"(40, 140, 50)",1,716,3776160134384148848,50.0,10.0,P1-outbreak,0.96946
100000,69419,2,0.69419,2.0,0,0,0,"(40, 140, 50)",1,717,17720519489634206491,50.0,10.0,P1-outbreak,0.96994
100000,2,1,2e-05,2.0,0,1,0,"(40, 140, 50)",0,718,7972248527345975060,50.0,10.0,P1-outbreak,0.9698
100000,1,0,1e-05,2.0,0,0,0,"(40, 140, 50)",0,719,8832353163184317704,50.0,10.0,P1-outbreak,0.96956
100000,1,0,1e-05,2.0,0,0,0,"(40, 140, 50)",0,720,12866876760087018655,50.0,10.0,P1-outbreak,0.96912
100000,3,1,3e-05,2.0,0,1,1,"(40, 140, 50)",0,721,6580651958214188835,50.0,10.0,P1-outbreak,0.97108
100000,68431,6,0.68431,2.0,0,2,1,"(40, 140, 50)",1,722,14763899609561926408,50.0,10.0,P1-outbreak,0.96964
100000,1,0,1e-05,2.0,0,0,0,"(40, 140, 50)",0,723,84024696750496087,50.0,10.0,P1-outbreak,0.96978
100000,3,1,3e-05,2.0,0,1,1,"(40, 140, 50)",0,724,14920678848339396643,50.0,10.0,P1-outbreak,0.96912
100000,1,0,1e-05,2.0,0,0,0,"(40, 140, 50)",0,725,15299522080604834473,50.0,10.0,P1-outbreak,0.9703
100000,68364,3,0.68364,2.0,0,1,1,"(40, 140, 50)",1,726,9655680471156994094,50.0,10.0,P1-outbreak,0.96998
100000,68686,4,0.68686,2.0,0,1,2,"(40, 140, 50)",1,727,4356504605324518581,50.0,10.0,P1-outbreak,0.9706
100000,69106,5,0.69106,2.0,0,0,2,"(40, 140, 50)",1,728,3288033319007844998,50.0,10.0,P1-outbreak,0.9693
100000,1,0,1e-05,2.0,0,0,0,"(40, 140, 50)",0,729,16521277187841736181,50.0,10.0,P1-outbreak,0.9701
100000,68168,3,0.68168,2.0,0,1,1,"(40, 140, 50)",1,730,13645401906899439885,50.0,10.0,P1-outbreak,0.972
100000,69642,3,0.69642,2.0,0,1,0,"(40, 140, 50)",1,731,5632022834590877364,50.0,10.0,P1-outbreak,0.96892
100000,68538,3,0.68538,2.0,0,1,0,"(40, 140, 50)",1,732,14667960921189834984,50.0,10.0,P1-outbreak,0.9703
100000,68589,3,0.68589,2.0,0,3,0,"(40, 140, 50)",1,733,11432056827396193782,50.0,10.0,P1-outbreak,0.96858
100000,69141,2,0.69141,2.0,0,1,1,"(40, 140, 50)",1,734,6256264660261815087,50.0,10.0,P1-outbreak,0.96892
100000,68310,2,0.6831,2.0,0,1,1,"(40, 140, 50)",1,735,10255293926510046806,50.0,10.0,P1-outbreak,0.96886
100000,69120,6,0.6912,2.0,0,2,0,"(40, 140, 50)",1,736,17838801935480919073,50.0,10.0,P1-outbreak,0.97044
100000,1,0,1e-05,2.0,0,0,0,"(40, 140, 50)",0,737,10396517204953273716,50.0,10.0,P1-outbreak,0.96972
100000,5,1,5e-05,2.0,0,1,2,"(40, 140, 50)",0,738,17557617177155115197,50.0,10.0,P1-outbreak,0.96838
100000,67570,2,0.6757,2.0,0,2,2,"(40, 140, 50)",1,739,8309827641085601568,50.0,10.0,P1-outbreak,0.96982
100000,1,0,1e-05,2.0,0,0,0,"(40, 140, 50)",0,740,14081227702948552598,50.0,10.0,P1-outbreak,0.97156
100000,67130,5,0.6713,2.0,0,0,5,"(40, 140, 50)",1,741,16793471082269066391,50.0,10.0,P1-outbreak,0.96996
100000,1,0,1e-05,2.0,0,0,0,"(40, 140, 50)",0,742,10456062026252704222,50.0,10.0,P1-outbreak,0.97054
100000,68523,4,0.68523,2.0,0,1,0,"(40, 140, 50)",1,743,7828649518691048412,50.0,10.0,P1-outbreak,0.96882
100000,2,1,2e-05,2.0,0,1,0,"(40, 140, 50)",0,744,4941755328237339652,50.0,10.0,P1-outbreak,0.96974
100000,1,0,1e-05,2.0,0,0,0,"(40, 140, 50)",0,745,2092953704441929137,50.0,10.0,P1-outbreak,0.9695
100000,1,0,1e-05,2.0,0,0,0,"(40, 140, 50)",0,746,17563298672594879485,50.0,10.0,P1-outbreak,0.9703
100000,67200,6,0.672,2.0,0,2,1,"(40, 140, 50)",1,747,28470554811644916,50.0,10.0,P1-outbreak,0.97102
100000,2,1,2e-05,2.0,0,1,0,"(40, 140, 50)",0,748,18297278288294549388,50.0,10.0,P1-outbreak,0.96954
100000,68355,5,0.68355,2.0,0,0,2,"(40, 140, 50)",1,749,9171941198681103131,50.0,10.0,P1-outbreak,0.9705
100000,69373,3,0.69373,2.0,0,3,1,"(40, 140, 50)",1,750,8053891070447877484,50.0,10.0,P1-outbreak,0.96964
100000,1,0,1e-05,2.0,0,0,0,"(40, 140, 50)",0,751,12600400629160743131,50.0,10.0,P1-outbreak,0.96824
100000,1,0,1e-05,2.0,0,0,0,"(40, 140, 50)",0,752,3254694182689129647,50.0,10.0,P1-outbreak,0.96978
100000,9,2,9e-05,2.0,0,2,2,"(40, 140, 50)",0,753,1136303503630894403,50.0,10.0,P1-outbreak,0.96912
100000,67989,1,0.67989,2.0,0,0,0,"(40, 140, 50)",1,754,11688376489499038884,50.0,10.0,P1-outbreak,0.97034
100000,68561,2,0.68561,2.0,0,0,0,"(40, 140, 50)",1,755,15613349036802071510,50.0,10.0,P1-outbreak,0.9704
100000,67633,1,0.67633,2.0,0,0,1,"(40, 140, 50)",1,756,8428109993236274629,50.0,10.0,P1-outbreak,0.96852
100000,69088,3,0.69088,2.0,0,0,2,"(40, 140, 50)",1,757,14714469390259510673,50.0,10.0,P1-outbreak,0.96856
100000,4,1,4e-05,2.0,0,1,1,"(40, 140, 50)",0,758,4728897986612283156,50.0,10.0,P1-outbreak,0.9706
100000,68763,4,0.68763,2.0,0,1,0,"(40, 140, 50)",1,759,2375156581413181380,50.0,10.0,P1-outbreak,0.97066
100000,1,0,1e-05,2.0,0,0,0,"(40, 140, 50)",0,760,8571441287406808437,50.0,10.0,P1-outbreak,0.97018
100000,69099,6,0.69099,2.0,0,1,3,"(40, 140, 50)",1,761,15175983382593548292,50.0,10.0,P1-outbreak,0.97008
100000,5,1,5e-05,2.0,0,1,2,"(40, 140, 50)",0,762,10662727520162534089,50.0,10.0,P1-outbreak,0.9695
100000,2,1,2e-05,2.0,0,1,0,"(40, 140, 50)",0,763,5919043454659463479,50.0,10.0,P1-outbreak,0.97038
100000,69458,5,0.69458,2.0,0,0,0,"(40, 140, 50)",1,764,16252246398571612228,50.0,10.0,P1-outbreak,0.97012
100000,1,0,1e-05,2.0,0,0,0,"(40, 140, 50)",0,765,9082176383084921235,50.0,10.0,P1-outbreak,0.96988
100000,1,0,1e-05,2.0,0,0,0,"(40, 140, 50)",0,766,1294549117265142482,50.0,10.0,P1-outbreak,0.97036
100000,68440,3,0.6844,2.0,0,0,2,"(40, 140, 50)",1,767,11484957538373679302,50.0,10.0,P1-outbreak,0.97158
100000,67656,4,0.67656,2.0,0,0,0,"(40, 140, 50)",1,768,12586162333404276527,50.0,10.0,P1-outbreak,0.9695
100000,6,2,6e-05,2.0,0,2,1,"(40, 140, 50)",0,769,8804608689200016394,50.0,10.0,P1-outbreak,0.969
100000,7,2,7e-05,2.0,0,2,1,"(40, 140, 50)",0,770,9090117637583550141,50.0,10.0,P1-outbreak,0.97004
100000,68223,1,0.68223,2.0,0,0,1,"(40, 140, 50)",1,771,3805718263972621219,50.0,10.0,P1-outbreak,0.96952
100000,68816,3,0.68816,2.0,0,1,3,"(40, 140, 50)",1,772,10811676479408984381,50.0,10.0,P1-outbreak,0.96934
100000,67834,2,0.67834,2.0,0,0,1,"(40, 140, 50)",1,773,16666243271623755010,50.0,10.0,P1-outbreak,0.97084
100000,1,0,1e-05,2.0,0,0,0,"(40, 140, 50)",0,774,13231208229121238502,50.0,10.0,P1-outbreak,0.9708
100000,68611,2,0.68611,2.0,0,2,1,"(40, 140, 50)",1,775,7783525976111044958,50.0,10.0,P1-outbreak,0.96888
100000,2,1,2e-05,2.0,0,1,0,"(40, 140, 50)",0,776,3918521569344268660,50.0,10.0,P1-outbreak,0.9702
100000,2,1,2e-05,2.0,0,1,0,"(40, 140, 50)",0,777,12223072063005748762,50.0,10.0,P1-outbreak,0.97092
100000,2,1,2e-05,2.0,0,1,0,"(40, 140, 50)",0,778,1856249161764327456,50.0,10.0,P1-outbreak,0.96984
100000,68176,2,0.68176,2.0,0,0,2,"(40, 140, 50)",1,779,10198689982042967975,50.0,10.0,P1-outbreak,0.96902
100000,2,1,2e-05,2.0,0,1,0,"(40, 140, 50)",0,780,16286597374106676493,50.0,10.0,P1-outbreak,0.97026
100000,67897,2,0.67897,2.0,0,0,0,"(40, 140, 50)",1,781,1505903767094530712,50.0,10.0,P1-outbreak,0.97056
100000,68239,1,0.68239,2.0,0,0,0,"(40, 140, 50)",1,782,4411543691724854822,50.0,10.0,P1-outbreak,0.9697
100000,67681,1,0.67681,2.0,0,0,0,"(40, 140, 50)",1,783,11034176483435148990,50.0,10.0,P1-outbreak,0.97056
100000,1,0,1e-05,2.0,0,0,0,"(40, 140, 50)",0,784,12201690665601494409,50.0,10.0,P1-outbreak,0.96934
100000,5,1,5e-05,2.0,0,1,2,"(40, 140, 50)",0,785,5650967319963502632,50.0,10.0,P1-outbreak,0.97104
100000,68821,2,0.68821,2.0,0,0,0,"(40, 140, 50)",1,786,12203589507507110472,50.0,10.0,P1-outbreak,0.969
100000,9,1,9e-05,2.0,0,1,2,"(40, 140, 50)",0,787,6591707679704664409,50.0,10.0,P1-outbreak,0.97038
100000,2,1,2e-05,2.0,0,1,0,"(40, 140, 50)",0,788,6242094562578852035,50.0,10.0,P1-outbreak,0.9711
100000,9,2,9e-05,2.0,0,2,3,"(40, 140, 50)",0,789,5075757945805145091,50.0,10.0,P1-outbreak,0.96924
100000,1,0,1e-05,2.0,0,0,0,"(40, 140, 50)",0,790,9986662244484757099,50.0,10.0,P1-outbreak,0.97062
100000,8,2,8e-05,2.0,0,2,2,"(40, 140, 50)",0,791,13758679597835428859,50.0,10.0,P1-outbreak,0.96932
100000,68884,1,0.68884,2.0,0,1,1,"(40, 140, 50)",1,792,13213894900574568912,50.0,10.0,P1-outbreak,0.97036
100000,1,0,1e-05,2.0,0,0,0,"(40, 140, 50)",0,793,2400609559754903890,50.0,10.0,P1-outbreak,0.96916
100000,1,0,1e-05,2.0,0,0,0,"(40, 140, 50)",0,794,16544013832585701391,50.0,10.0,P1-outbreak,0.97026
100000,69150,3,0.6915,2.0,0,1,1,"(40, 140, 50)",1,795,5937226125779917977,50.0,10.0,P1-outbreak,0.96996
100000,1,0,1e-05,2.0,0,0,0,"(40, 140, 50)",0,796,11326066549158354566,50.0,10.0,P1-outbreak,0.96948
100000,1,0,1e-05,2.0,0,0,0,"(40, 140, 50)",0,797,13687781178094566999,50.0,10.0,P1-outbreak,0.97094
100000,68328,3,0.68328,2.0,0,1,0,"(40, 140, 50)",1,798,8703386927717777701,50.0,10.0,P1-outbreak,0.9691
100000,1,0,1e-05,2.0,0,0,0,"(40, 140, 50)",0,799,11815273091726074089,50.0,10.0,P1-outbreak,0.97142
100000,13,2,0.00013,2.0,0,2,2,"(40, 140, 50)",0,800,1058935437552462414,50.0,10.0,P1-outbreak,0.97036
100000,3,1,3e-05,2.0,0,1,1,"(40, 140, 50)",0,801,4074448137446001031,50.0,10.0,P1-outbreak,0.96978
100000,1,0,1e-05,2.0,0,0,0,"(40, 140, 50)",0,802,2517074275410876066,50.0,10.0,P1-outbreak,0.97006
100000,2,1,2e-05,2.0,0,1,0,"(40, 140, 50)",0,803,3459553855422472467,50.0,10.0,P1-outbreak,0.96978
100000,2,1,2e-05,2.0,0,1,0,"(40, 140, 50)",0,804,10810900416743156227,50.0,10.0,P1-outbreak,0.96964
100000,1,0,1e-05,2.0,0,0,0,"(40, 140, 50)",0,805,3924708964894791826,50.0,10.0,P1-outbreak,0.97044
100000,68835,3,0.68835,2.0,0,0,0,"(40, 140, 50)",1,806,12835824900091950556,50.0,10.0,P1-outbreak,0.97086
100000,9,1,9e-05,2.0,0,1,4,"(40, 140, 50)",0,807,16102256135608653830,50.0,10.0,P1-outbreak,0.96822
100000,67861,2,0.67861,2.0,0,0,3,"(40, 140, 50)",1,808,1648777799882584516,50.0,10.0,P1-outbreak,0.97046
100000,2,1,2e-05,2.0,0,1,0,"(40, 140, 50)",0,809,15794550971937316050,50.0,10.0,P1-outbreak,0.96922
100000,3,1,3e-05,2.0,0,1,1,"(40, 140, 50)",0,810,7393368171169184982,50.0,10.0,P1-outbreak,0.97046
100000,10,1,0.0001,2.0,0,1,2,"(40, 140, 50)",0,811,16874774647623189916,50.0,10.0,P1-outbreak,0.97034
100000,9,2,9e-05,2.0,0,2,1,"(40, 140, 50)",0,812,15292528419810278886,50.0,10.0,P1-outbreak,0.97002
100000,5,2,5e-05,2.0,0,2,2,"(40, 140, 50)",0,813,18304004510581868855,50.0,10.0,P1-outbreak,0.96968
100000,4,2,4e-05,2.0,0,2,1,"(40, 140, 50)",0,814,12048983019645930383,50.0,10.0,P1-outbreak,0.97022
100000,2,1,2e-05,2.0,0,1,0,"(40, 140, 50)",0,815,1749765571341390667,50.0,10.0,P1-outbreak,0.96964
100000,68235,2,0.68235,2.0,0,0,0,"(40, 140, 50)",1,816,13257020077375711906,50.0,10.0,P1-outbreak,0.96946
100000,1,0,1e-05,2.0,0,0,0,"(40, 140, 50)",0,817,160797152724588389,50.0,10.0,P1-outbreak,0.96988
100000,68283,3,0.68283,2.0,0,0,1,"(40, 140, 50)",1,818,9204893091797592885,50.0,10.0,P1-outbreak,0.96942
100000,68079,2,0.68079,2.0,0,0,3,"(40, 140, 50)",1,819,16404372913173306614,50.0,10.0,P1-outbreak,0.96986
100000,1,0,1e-05,2.0,0,0,0,"(40, 140, 50)",0,820,7725766584649181858,50.0,10.0,P1-outbreak,0.97114
100000,1,0,1e-05,2.0,0,0,0,"(40, 140, 50)",0,821,11885475490898029311,50.0,10.0,P1-outbreak,0.97008
100000,69096,7,0.69096,2.0,0,3,2,"(40, 140, 50)",1,822,18168261152331569080,50.0,10.0,P1-outbreak,0.97082
100000,1,0,1e-05,2.0,0,0,0,"(40, 140, 50)",0,823,12594982675712390246,50.0,10.0,P1-outbreak,0.96926
100000,68826,5,0.68826,2.0,0,2,1,"(40, 140, 50)",1,824,6485294545851289122,50.0,10.0,P1-outbreak,0.96958
100000,68961,5,0.68961,2.0,0,0,1,"(40, 140, 50)",1,825,3027835399916915479,50.0,10.0,P1-outbreak,0.96894
100000,67772,3,0.67772,2.0,0,1,0,"(40, 140, 50)",1,826,8094018255710608118,50.0,10.0,P1-outbreak,0.97022
100000,1,0,1e-05,2.0,0,0,0,"(40, 140, 50)",0,827,13361930723117583031,50.0,10.0,P1-outbreak,0.96966
100000,3,1,3e-05,2.0,0,1,1,"(40, 140, 50)",0,828,18259951380857584468,50.0,10.0,P1-outbreak,0.97122
100000,1,0,1e-05,2.0,0,0,0,"(40, 140, 50)",0,829,973303950309527300,50.0,10.0,P1-outbreak,0.96984
100000,69340,4,0.6934,2.0,0,0,1,"(40, 140, 50)",1,830,8727861804916471281,50.0,10.0,P1-outbreak,0.9712
100000,68496,4,0.68496,2.0,0,1,0,"(40, 140, 50)",1,831,10464107632648881534,50.0,10.0,P1-outbreak,0.96986
100000,69221,2,0.69221,2.0,0,0,0,"(40, 140, 50)",1,832,17197546351745296981,50.0,10.0,P1-outbreak,0.96984
100000,68583,3,0.68583,2.0,0,1,0,"(40, 140, 50)",1,833,7320998900406098557,50.0,10.0,P1-outbreak,0.97014
100000,1,0,1e-05,2.0,0,0,0,"(40, 140, 50)",0,834,3959355271521325834,50.0,10.0,P1-outbreak,0.96984
100000,68499,5,0.68499,2.0,0,1,2,"(40, 140, 50)",1,835,3587573181292913966,50.0,10.0,P1-outbreak,0.96844
100000,68134,1,0.68134,2.0,0,0,1,"(40, 140, 50)",1,836,4645032039287422007,50.0,10.0,P1-outbreak,0.97
100000,69163,3,0.69163,2.0,0,2,0,"(40, 140, 50)",1,837,16714419385388451031,50.0,10.0,P1-outbreak,0.96904
100000,68207,2,0.68207,2.0,0,1,2,"(40, 140, 50)",1,838,2530837129554419041,50.0,10.0,P1-outbreak,0.97076
100000,68807,2,0.68807,2.0,0,0,0,"(40, 140, 50)",1,839,6662912957709985365,50.0,10.0,P1-outbreak,0.96998
100000,1,0,1e-05,2.0,0,0,0,"(40, 140, 50)",0,840,546069064685286980,50.0,10.0,P1-outbreak,0.97064
100000,70380,2,0.7038,2.0,0,0,1,"(40, 140, 50)",1,841,54399110864389213,50.0,10.0,P1-outbreak,0.96956
100000,69305,4,0.69305,2.0,0,0,1,"(40, 140, 50)",1,842,4594867187035469000,50.0,10.0,P1-outbreak,0.96884
100000,67454,3,0.67454,2.0,0,0,1,"(40, 140, 50)",1,843,7653624119637565464,50.0,10.0,P1-outbreak,0.97016
100000,68589,1,0.68589,2.0,0,0,0,"(40, 140, 50)",1,844,17261457046953142878,50.0,10.0,P1-outbreak,0.96922
100000,1,0,1e-05,2.0,0,0,0,"(40, 140, 50)",0,845,1805043493185323225,50.0,10.0,P1-outbreak,0.97116
100000,67081,7,0.67081,2.0,0,2,1,"(40, 140, 50)",1,846,7309693419553039879,50.0,10.0,P1-outbreak,0.96982
100000,68997,4,0.68997,2.0,0,1,0,"(40, 140, 50)",1,847,1874025827394570538,50.0,10.0,P1-outbreak,0.96798
100000,7,2,7e-05,2.0,0,2,2,"(40, 140, 50)",0,848,14167451227862623519,50.0,10.0,P1-outbreak,0.969
100000,1,0,1e-05,2.0,0,0,0,"(40, 140, 50)",0,849,8900934800813083507,50.0,10.0,P1-outbreak,0.96954
100000,68026,8,0.68026,2.0,0,0,1,"(40, 140, 50)",1,850,13089477780741424948,50.0,10.0,P1-outbreak,0.97042
100000,68606,4,0.68606,2.0,0,0,1,"(40, 140, 50)",1,851,7004232319130659381,50.0,10.0,P1-outbreak,0.97038
100000,68508,1,0.68508,2.0,0,0,3,"(40, 140, 50)",1,852,13287160256500120664,50.0,10.0,P1-outbreak,0.96946
100000,1,0,1e-05,2.0,0,0,0,"(40, 140, 50)",0,853,3681954665981240798,50.0,10.0,P1-outbreak,0.97042
100000,1,0,1e-05,2.0,0,0,0,"(40, 140, 50)",0,854,12086251418040792908,50.0,10.0,P1-outbreak,0.9703
100000,68852,1,0.68852,2.0,0,0,0,"(40, 140, 50)",1,855,1029937363242103729,50.0,10.0,P1-outbreak,0.96852
100000,69260,5,0.6926,2.0,0,1,1,"(40, 140, 50)",1,856,16254327088405355968,50.0,10.0,P1-outbreak,0.97016
100000,67905,6,0.67905,2.0,0,0,1,"(40, 140, 50)",1,857,11357622493419261748,50.0,10.0,P1-outbreak,0.96832
100000,5,1,5e-05,2.0,0,1,2,"(40, 140, 50)",0,858,16852949844038276475,50.0,10.0,P1-outbreak,0.9684
100000,2,1,2e-05,2.0,0,1,0,"(40, 140, 50)",0,859,4658624611174570112,50.0,10.0,P1-outbreak,0.97094
100000,68178,1,0.68178,2.0,0,0,1,"(40, 140, 50)",1,860,13241526988391869651,50.0,10.0,P1-outbreak,0.9691
100000,68125,1,0.68125,2.0,0,0,0,"(40, 140, 50)",1,861,4063207190357334810,50.0,10.0,P1-outbreak,0.968
100000,2,1,2e-05,2.0,0,1,0,"(40, 140, 50)",0,862,3997129992457301885,50.0,10.0,P1-outbreak,0.97002
100000,18,1,0.00018,2.0,0,1,3,"(40, 140, 50)",0,863,9674230524496689475,50.0,10.0,P1-outbreak,0.96982
100000,1,0,1e-05,2.0,0,0,0,"(40, 140, 50)",0,864,13397011586369949044,50.0,10.0,P1-outbreak,0.97098
100000,69198,4,0.69198,2.0,0,0,3,"(40, 140, 50)",1,865,16507531902213474868,50.0,10.0,P1-outbreak,0.96988
100000,68793,5,0.68793,2.0,0,1,2,"(40, 140, 50)",1,866,9046874344567121173,50.0,10.0,P1-outbreak,0.96996
100000,68176,4,0.68176,2.0,0,1,0,"(40, 140, 50)",1,867,14977390696173451337,50.0,10.0,P1-outbreak,0.96918
100000,69452,8,0.69452,2.0,0,1,3,"(40, 140, 50)",1,868,6352375095403313679,50.0,10.0,P1-outbreak,0.96988
100000,2,1,2e-05,2.0,0,1,0,"(40, 140, 50)",0,869,15312822051207071197,50.0,10.0,P1-outbreak,0.97036
100000,1,0,1e-05,2.0,0,0,0,"(40, 140, 50)",0,870,9586818779490141775,50.0,10.0,P1-outbreak,0.97042
100000,5,2,5e-05,2.0,0,2,2,"(40, 140, 50)",0,871,7619631605306381062,50.0,10.0,P1-outbreak,0.9699
100000,68925,2,0.68925,2.0,0,1,1,"(40, 140, 50)",1,872,1327280845391191977,50.0,10.0,P1-outbreak,0.97022
100000,8,3,8e-05,2.0,0,3,2,"(40, 140, 50)",0,873,10357132076347636464,50.0,10.0,P1-outbreak,0.96916
100000,1,0,1e-05,2.0,0,0,0,"(40, 140, 50)",0,874,12863398341752438245,50.0,10.0,P1-outbreak,0.97078
100000,1,0,1e-05,2.0,0,0,0,"(40, 140, 50)",0,875,13829712776975354623,50.0,10.0,P1-outbreak,0.96914
100000,69111,2,0.69111,2.0,0,1,1,"(40, 140, 50)",1,876,10139680391748863109,50.0,10.0,P1-outbreak,0.96988
100000,68246,1,0.68246,2.0,0,1,1,"(40, 140, 50)",1,877,1303191284653559798,50.0,10.0,P1-outbreak,0.9703
100000,1,0,1e-05,2.0,0,0,0,"(40, 140, 50)",0,878,17151404323283960127,50.0,10.0,P1-outbreak,0.96936
100000,68379,2,0.68379,2.0,0,0,2,"(40, 140, 50)",1,879,161526546755276519,50.0,10.0,P1-outbreak,0.9693
100000,69242,3,0.69242,2.0,0,0,1,"(40, 140, 50)",1,880,14025986521423660422,50.0,10.0,P1-outbreak,0.97044
100000,39,1,0.00039,2.0,0,1,2,"(40, 140, 50)",0,881,14840015724387146971,50.0,10.0,P1-outbreak,0.97052
100000,68558,3,0.68558,2.0,0,0,2,"(40, 140, 50)",1,882,13980992579760295154,50.0,10.0,P1-outbreak,0.97044
100000,1,0,1e-05,2.0,0,0,0,"(40, 140, 50)",0,883,12087503710256216519,50.0,10.0,P1-outbreak,0.96896
100000,70449,1,0.70449,2.0,0,0,0,"(40, 140, 50)",1,884,11027161751749141588,50.0,10.0,P1-outbreak,0.97006
100000,67529,4,0.67529,2.0,0,0,0,"(40, 140, 50)",1,885,12407830041259061441,50.0,10.0,P1-outbreak,0.96804
100000,1,0,1e-05,2.0,0,0,0,"(40, 140, 50)",0,886,2551194194638342487,50.0,10.0,P1-outbreak,0.96894
100000,3,2,3e-05,2.0,0,2,0,"(40, 140, 50)",0,887,14883944353598230287,50.0,10.0,P1-outbreak,0.96826
100000,22,1,0.00022,2.0,0,1,2,"(40, 140, 50)",0,888,1460311420414429431,50.0,10.0,P1-outbreak,0.97058
100000,1,0,1e-05,2.0,0,0,0,"(40, 140, 50)",0,889,14097553965725046277,50.0,10.0,P1-outbreak,0.96878
100000,1,0,1e-05,2.0,0,0,0,"(40, 140, 50)",0,890,11134213394856387897,50.0,10.0,P1-outbreak,0.96968
100000,1,0,1e-05,2.0,0,0,0,"(40, 140, 50)",0,891,11630077965913042395,50.0,10.0,P1-outbreak,0.96946
100000,69196,4,0.69196,2.0,0,1,0,"(40, 140, 50)",1,892,1654911311774784515,50.0,10.0,P1-outbreak,0.96936
100000,68841,1,0.68841,2.0,0,0,0,"(40, 140, 50)",1,893,657756610480583055,50.0,10.0,P1-outbreak,0.97072
100000,68891,2,0.68891,2.0,0,0,0,"(40, 140, 50)",1,894,9286903085258890401,50.0,10.0,P1-outbreak,0.96992
100000,4,1,4e-05,2.0,0,1,2,"(40, 140, 50)",0,895,106139729960422407,50.0,10.0,P1-outbreak,0.97024
100000,3,1,3e-05,2.0,0,1,1,"(40, 140, 50)",0,896,6174604056905899959,50.0,10.0,P1-outbreak,0.9686
100000,69429,4,0.69429,2.0,0,1,0,"(40, 140, 50)",1,897,1983099635263357006,50.0,10.0,P1-outbreak,0.96866
100000,2,1,2e-05,2.0,0,1,0,"(40, 140, 50)",0,898,11143219908159185657,50.0,10.0,P1-outbreak,0.97014
100000,2,1,2e-05,2.0,0,1,0,"(40, 140, 50)",0,899,9027781060010291520,50.0,10.0,P1-outbreak,0.97
100000,69355,2,0.69355,2.0,0,0,0,"(40, 140, 50)",1,900,7824944783925250932,50.0,10.0,P1-outbreak,0.9707
100000,2,1,2e-05,2.0,0,1,0,"(40, 140, 50)",0,901,17946124506808063548,50.0,10.0,P1-outbreak,0.96972
100000,68492,8,0.68492,2.0,0,1,2,"(40, 140, 50)",1,902,14418545530531130704,50.0,10.0,P1-outbreak,0.97052
100000,67664,1,0.67664,2.0,0,0,2,"(40, 140, 50)",1,903,2906427027811048895,50.0,10.0,P1-outbreak,0.96988
100000,69104,3,0.69104,2.0,0,1,1,"(40, 140, 50)",1,904,12414902636487354422,50.0,10.0,P1-outbreak,0.97118
100000,1,0,1e-05,2.0,0,0,0,"(40, 140, 50)",0,905,6320525932172674077,50.0,10.0,P1-outbreak,0.96978
100000,69238,3,0.69238,2.0,0,0,1,"(40, 140, 50)",1,906,18155471723949760102,50.0,10.0,P1-outbreak,0.97014
100000,68624,3,0.68624,2.0,0,0,1,"(40, 140, 50)",1,907,18184051709227190543,50.0,10.0,P1-outbreak,0.97002
100000,2,1,2e-05,2.0,0,1,0,"(40, 140, 50)",0,908,3606151053951306802,50.0,10.0,P1-outbreak,0.9692
100000,14,2,0.00014,2.0,0,2,2,"(40, 140, 50)",0,909,11499234146591535789,50.0,10.0,P1-outbreak,0.97036
100000,6,3,6e-05,2.0,0,3,2,"(40, 140, 50)",0,910,18297865858361330381,50.0,10.0,P1-outbreak,0.9698
100000,1,0,1e-05,2.0,0,0,0,"(40, 140, 50)",0,911,1961098885207228178,50.0,10.0,P1-outbreak,0.97046
100000,1,0,1e-05,2.0,0,0,0,"(40, 140, 50)",0,912,17593816328773763009,50.0,10.0,P1-outbreak,0.96978
100000,1,0,1e-05,2.0,0,0,0,"(40, 140, 50)",0,913,9650507431409649290,50.0,10.0,P1-outbreak,0.97006
100000,3,1,3e-05,2.0,0,1,1,"(40, 140, 50)",0,914,14584173184016685595,50.0,10.0,P1-outbreak,0.96946
100000,1,0,1e-05,2.0,0,0,0,"(40, 140, 50)",0,915,5330445885996775021,50.0,10.0,P1-outbreak,0.96932
100000,4,2,4e-05,2.0,0,2,1,"(40, 140, 50)",0,916,18078374584154699072,50.0,10.0,P1-outbreak,0.969
100000,1,0,1e-05,2.0,0,0,0,"(40, 140, 50)",0,917,7302366746759512058,50.0,10.0,P1-outbreak,0.9693
100000,69076,1,0.69076,2.0,0,1,1,"(40, 140, 50)",1,918,13195114811566967564,50.0,10.0,P1-outbreak,0.96988
100000,68247,3,0.68247,2.0,0,0,1,"(40, 140, 50)",1,919,16092035422177993620,50.0,10.0,P1-outbreak,0.96984
100000,68082,2,0.68082,2.0,0,0,1,"(40, 140, 50)",1,920,10879369092862721438,50.0,10.0,P1-outbreak,0.96946
100000,68229,6,0.68229,2.0,0,0,0,"(40, 140, 50)",1,921,16729649199252176544,50.0,10.0,P1-outbreak,0.96912
100000,67809,2,0.67809,2.0,0,0,1,"(40, 140, 50)",1,922,8808468371382885915,50.0,10.0,P1-outbreak,0.9701
100000,1,0,1e-05,2.0,0,0,0,"(40, 140, 50)",0,923,6820722154964891700,50.0,10.0,P1-outbreak,0.97
100000,68584,6,0.68584,2.0,0,2,2,"(40, 140, 50)",1,924,146730360209844520,50.0,10.0,P1-outbreak,0.96904
100000,68436,3,0.68436,2.0,0,0,0,"(40, 140, 50)",1,925,11190522313644922723,50.0,10.0,P1-outbreak,0.9701
100000,68089,2,0.68089,2.0,0,0,1,"(40, 140, 50)",1,926,8859625128845337041,50.0,10.0,P1-outbreak,0.97024
100000,68414,8,0.68414,2.0,0,1,2,"(40, 140, 50)",1,927,9920336542353236062,50.0,10.0,P1-outbreak,0.97028
100000,69596,1,0.69596,2.0,0,0,1,"(40, 140, 50)",1,928,15385670149451056419,50.0,10.0,P1-outbreak,0.96978
100000,67049,5,0.67049,2.0,0,1,3,"(40, 140, 50)",1,929,5573543095608821236,50.0,10.0,P1-outbreak,0.97066
100000,3,2,3e-05,2.0,0,2,0,"(40, 140, 50)",0,930,9760670306772584147,50.0,10.0,P1-outbreak,0.97008
100000,68857,3,0.68857,2.0,0,2,0,"(40, 140, 50)",1,931,16903057365984463216,50.0,10.0,P1-outbreak,0.96974
100000,68792,1,0.68792,2.0,0,0,1,"(40, 140, 50)",1,932,8263140791978828709,50.0,10.0,P1-outbreak,0.97038
100000,5,3,5e-05,2.0,0,3,1,"(40, 140, 50)",0,933,12015178398480979800,50.0,10.0,P1-outbreak,0.97008
100000,11,3,0.00011,2.0,0,3,1,"(40, 140, 50)",0,934,5479743890574288195,50.0,10.0,P1-outbreak,0.96954
100000,69347,4,0.69347,2.0,0,1,2,"(40, 140, 50)",1,935,16778742174072609441,50.0,10.0,P1-outbreak,0.97132
100000,1,0,1e-05,2.0,0,0,0,"(40, 140, 50)",0,936,16133169964106205061,50.0,10.0,P1-outbreak,0.96956
100000,2,1,2e-05,2.0,0,1,0,"(40, 140, 50)",0,937,8854052871717298263,50.0,10.0,P1-outbreak,0.97038
100000,68114,3,0.68114,2.0,0,0,1,"(40, 140, 50)",1,938,6361995534124297176,50.0,10.0,P1-outbreak,0.97048
100000,2,1,2e-05,2.0,0,1,0,"(40, 140, 50)",0,939,5485583065389347792,50.0,10.0,P1-outbreak,0.96964
100000,67546,4,0.67546,2.0,0,1,3,"(40, 140, 50)",1,940,9929206186105167688,50.0,10.0,P1-outbreak,0.97076
100000,69129,2,0.69129,2.0,0,0,1,"(40, 140, 50)",1,941,13995095410796713092,50.0,10.0,P1-outbreak,0.9694
100000,69076,2,0.69076,2.0,0,1,1,"(40, 140, 50)",1,942,8647231899696169322,50.0,10.0,P1-outbreak,0.96898
100000,69277,7,0.69277,2.0,0,0,4,"(40, 140, 50)",1,943,8991114440876674733,50.0,10.0,P1-outbreak,0.97042
100000,1,0,1e-05,2.0,0,0,0,"(40, 140, 50)",0,944,16977589380539499925,50.0,10.0,P1-outbreak,0.96902
100000,1,0,1e-05,2.0,0,0,0,"(40, 140, 50)",0,945,7600744916440612979,50.0,10.0,P1-outbreak,0.97046
100000,11,1,0.00011,2.0,0,1,1,"(40, 140, 50)",0,946,17123109147501837114,50.0,10.0,P1-outbreak,0.9704
100000,19,1,0.00019,2.0,0,1,1,"(40, 140, 50)",0,947,6758793454051617030,50.0,10.0,P1-outbreak,0.97052
100000,1,0,1e-05,2.0,0,0,0,"(40, 140, 50)",0,948,17335584295271560579,50.0,10.0,P1-outbreak,0.96928
100000,68325,4,0.68325,2.0,0,0,0,"(40, 140, 50)",1,949,12940377602122081872,50.0,10.0,P1-outbreak,0.97022
100000,2,1,2e-05,2.0,0,1,0,"(40, 140, 50)",0,950,3642013637244352406,50.0,10.0,P1-outbreak,0.97
100000,2,1,2e-05,2.0,0,1,0,"(40, 140, 50)",0,951,4760886672365666017,50.0,10.0,P1-outbreak,0.96868
100000,67904,2,0.67904,2.0,0,1,1,"(40, 140, 50)",1,952,1257071772560198607,50.0,10.0,P1-outbreak,0.96978
100000,68715,6,0.68715,2.0,0,1,2,"(40, 140, 50)",1,953,12732817675669312773,50.0,10.0,P1-outbreak,0.97034
100000,7,1,7e-05,2.0,0,1,3,"(40, 140, 50)",0,954,11508394805363736954,50.0,10.0,P1-outbreak,0.9694
100000,1,0,1e-05,2.0,0,0,0,"(40, 140, 50)",0,955,11185902478623159717,50.0,10.0,P1-outbreak,0.96932
100000,1,0,1e-05,2.0,0,0,0,"(40, 140, 50)",0,956,7734458380237879554,50.0,10.0,P1-outbreak,0.9703
100000,69145,3,0.69145,2.0,0,1,0,"(40, 140, 50)",1,957,542766641432585591,50.0,10.0,P1-outbreak,0.96904
100000,1,0,1e-05,3.5,0,0,0,"(40, 50, 140)",0,0,8502344846182564661,50.0,10.0,P1-outbreak,0.00026
100000,21940,2,0.2194,3.5,0,1,4,"(40, 50, 140)",1,1,4362429364478343823,50.0,10.0,P1-outbreak,-0.00276
100000,21422,2,0.21422,3.5,0,1,0,"(40, 50, 140)",1,2,8698044271104737149,50.0,10.0,P1-outbreak,0.00088
100000,22451,1,0.22451,3.5,0,0,1,"(40, 50, 140)",1,3,18259603766897857250,50.0,10.0,P1-outbreak,0.003
100000,1,0,1e-05,3.5,0,0,0,"(40, 50, 140)",0,4,10950002640475227803,50.0,10.0,P1-outbreak,-0.00166
100000,22643,2,0.22643,3.5,0,1,3,"(40, 50, 140)",1,5,2377086000684145227,50.0,10.0,P1-outbreak,0.00424
100000,24959,4,0.24959,3.5,0,2,0,"(40, 50, 140)",1,6,198043503505555573,50.0,10.0,P1-outbreak,0.00448
100000,13,2,0.00013,3.5,0,2,3,"(40, 50, 140)",0,7,9828161296173661974,50.0,10.0,P1-outbreak,-0.00126
100000,52,5,0.00052,3.5,0,5,8,"(40, 50, 140)",0,8,7059287615030872031,50.0,10.0,P1-outbreak,-0.00072
100000,23271,3,0.23271,3.5,0,0,1,"(40, 50, 140)",1,9,17469259949790161567,50.0,10.0,P1-outbreak,0.00834
100000,1,0,1e-05,3.5,0,0,0,"(40, 50, 140)",0,10,13308163101141821174,50.0,10.0,P1-outbreak,-0.00478
100000,1,0,1e-05,3.5,0,0,0,"(40, 50, 140)",0,11,6745054295198091566,50.0,10.0,P1-outbreak,0.00322
100000,6,1,6e-05,3.5,0,1,2,"(40, 50, 140)",0,12,12894308513610764449,50.0,10.0,P1-outbreak,-0.00222
100000,4,1,4e-05,3.5,0,1,2,"(40, 50, 140)",0,13,25079377152496057,50.0,10.0,P1-outbreak,-0.00274
100000,1,0,1e-05,3.5,0,0,0,"(40, 50, 140)",0,14,17336155051105355976,50.0,10.0,P1-outbreak,0.00178
100000,21471,2,0.21471,3.5,0,1,1,"(40, 50, 140)",1,15,11488991029393679663,50.0,10.0,P1-outbreak,-0.00112
100000,23496,4,0.23496,3.5,0,3,4,"(40, 50, 140)",1,16,11298117034276352663,50.0,10.0,P1-outbreak,-0.00048
100000,20940,1,0.2094,3.5,0,0,1,"(40, 50, 140)",1,17,14288423014887698471,50.0,10.0,P1-outbreak,-0.00116
100000,21929,2,0.21929,3.5,0,0,1,"(40, 50, 140)",1,18,11607695592579681882,50.0,10.0,P1-outbreak,0.00232
100000,3,1,3e-05,3.5,0,1,1,"(40, 50, 140)",0,19,17377455974635861189,50.0,10.0,P1-outbreak,0.00156
100000,1,0,1e-05,3.5,0,0,0,"(40, 50, 140)",0,20,8889659570838915102,50.0,10.0,P1-outbreak,-0.00664
100000,5,1,5e-05,3.5,0,1,2,"(40, 50, 140)",0,21,16460442869232433654,50.0,10.0,P1-outbreak,0.0031
100000,21989,4,0.21989,3.5,0,2,2,"(40, 50, 140)",1,22,6755591901642375130,50.0,10.0,P1-outbreak,0.00168
100000,23310,2,0.2331,3.5,0,1,2,"(40, 50, 140)",1,23,289305342394136920,50.0,10.0,P1-outbreak,0.00444
100000,1,0,1e-05,3.5,0,0,0,"(40, 50, 140)",0,24,430686451226266500,50.0,10.0,P1-outbreak,-0.00416
100000,1,0,1e-05,3.5,0,0,0,"(40, 50, 140)",0,25,14908004218480639105,50.0,10.0,P1-outbreak,-0.00298
100000,11,2,0.00011,3.5,0,2,3,"(40, 50, 140)",0,26,67124870936838763,50.0,10.0,P1-outbreak,-0.00128
100000,67,3,0.00067,3.5,0,3,2,"(40, 50, 140)",0,27,4579018645078485063,50.0,10.0,P1-outbreak,0.00566
100000,1,0,1e-05,3.5,0,0,0,"(40, 50, 140)",0,28,5801012143809811166,50.0,10.0,P1-outbreak,0.001
100000,20351,4,0.20351,3.5,0,2,2,"(40, 50, 140)",1,29,1428908270345227543,50.0,10.0,P1-outbreak,-0.0044
100000,2,1,2e-05,3.5,0,1,0,"(40, 50, 140)",0,30,10442623631243310247,50.0,10.0,P1-outbreak,-0.00258
100000,4,2,4e-05,3.5,0,2,1,"(40, 50, 140)",0,31,7133617442219047230,50.0,10.0,P1-outbreak,-0.0015
100000,2,1,2e-05,3.5,0,1,0,"(40, 50, 140)",0,32,8653941342618836494,50.0,10.0,P1-outbreak,-0.00714
100000,9,2,9e-05,3.5,0,2,2,"(40, 50, 140)",0,33,1076079425685032747,50.0,10.0,P1-outbreak,-0.00326
100000,1,0,1e-05,3.5,0,0,0,"(40, 50, 140)",0,34,1392821747412910809,50.0,10.0,P1-outbreak,-0.00668
100000,1,0,1e-05,3.5,0,0,0,"(40, 50, 140)",0,35,15691199499841114919,50.0,10.0,P1-outbreak,0.00214
100000,1,0,1e-05,3.5,0,0,0,"(40, 50, 140)",0,36,15429518801483007593,50.0,10.0,P1-outbreak,-0.00284
100000,20653,3,0.20653,3.5,0,1,1,"(40, 50, 140)",1,37,11423658733807007504,50.0,10.0,P1-outbreak,-0.0019
100000,2,1,2e-05,3.5,0,1,0,"(40, 50, 140)",0,38,16028769158470905417,50.0,10.0,P1-outbreak,0.0021
100000,23183,4,0.23183,3.5,0,4,5,"(40, 50, 140)",1,39,6911351065663167908,50.0,10.0,P1-outbreak,0.0072
100000,12,2,0.00012,3.5,0,2,1,"(40, 50, 140)",0,40,12343725162150932892,50.0,10.0,P1-outbreak,-0.00022
100000,1,0,1e-05,3.5,0,0,0,"(40, 50, 140)",0,41,11718370779440354724,50.0,10.0,P1-outbreak,-0.00188
100000,1,0,1e-05,3.5,0,0,0,"(40, 50, 140)",0,42,4460088164664082731,50.0,10.0,P1-outbreak,-0.00084
100000,24032,2,0.24032,3.5,0,2,3,"(40, 50, 140)",1,43,11900086539457739086,50.0,10.0,P1-outbreak,-0.00068
100000,21966,1,0.21966,3.5,0,0,1,"(40, 50, 140)",1,44,6521063106803475172,50.0,10.0,P1-outbreak,0.00184
100000,8,1,8e-05,3.5,0,1,1,"(40, 50, 140)",0,45,7306383095565935187,50.0,10.0,P1-outbreak,0.00576
100000,22227,2,0.22227,3.5,0,1,2,"(40, 50, 140)",1,46,3017956979800198347,50.0,10.0,P1-outbreak,-0.00076
100000,2,1,2e-05,3.5,0,1,0,"(40, 50, 140)",0,47,2226288391746322248,50.0,10.0,P1-outbreak,-8e-05
100000,22968,1,0.22968,3.5,0,0,1,"(40, 50, 140)",1,48,17382564693267283122,50.0,10.0,P1-outbreak,0.00046
100000,68,3,0.00068,3.5,0,3,4,"(40, 50, 140)",0,49,3849142630759685042,50.0,10.0,P1-outbreak,0.00016
100000,22190,3,0.2219,3.5,0,1,2,"(40, 50, 140)",1,50,4324401443430732592,50.0,10.0,P1-outbreak,0.00236
100000,2,1,2e-05,3.5,0,1,0,"(40, 50, 140)",0,51,15494640822488430697,50.0,10.0,P1-outbreak,0.00152
100000,2,1,2e-05,3.5,0,1,0,"(40, 50, 140)",0,52,4973865276206145055,50.0,10.0,P1-outbreak,0.00014
100000,1,0,1e-05,3.5,0,0,0,"(40, 50, 140)",0,53,4474276526522707576,50.0,10.0,P1-outbreak,-0.00046
100000,1,0,1e-05,3.5,0,0,0,"(40, 50, 140)",0,54,8999887338486502175,50.0,10.0,P1-outbreak,-0.0002
100000,20679,2,0.20679,3.5,0,1,3,"(40, 50, 140)",1,55,5669005566688170592,50.0,10.0,P1-outbreak,-0.0034
100000,1,0,1e-05,3.5,0,0,0,"(40, 50, 140)",0,56,1243126488087122017,50.0,10.0,P1-outbreak,-0.00432
100000,3,1,3e-05,3.5,0,1,1,"(40, 50, 140)",0,57,2542039475015081682,50.0,10.0,P1-outbreak,0.00382
100000,22778,2,0.22778,3.5,0,1,5,"(40, 50, 140)",1,58,11315731509191303920,50.0,10.0,P1-outbreak,0.00242
100000,22727,2,0.22727,3.5,0,2,2,"(40, 50, 140)",1,59,192363056001584200,50.0,10.0,P1-outbreak,-0.00312
100000,3,2,3e-05,3.5,0,2,0,"(40, 50, 140)",0,60,5135338258754774199,50.0,10.0,P1-outbreak,-0.00598
100000,1,0,1e-05,3.5,0,0,0,"(40, 50, 140)",0,61,5094361177119716311,50.0,10.0,P1-outbreak,-0.00186
100000,1,0,1e-05,3.5,0,0,0,"(40, 50, 140)",0,62,17644045160531130136,50.0,10.0,P1-outbreak,-0.0005
100000,25,1,0.00025,3.5,0,1,2,"(40, 50, 140)",0,63,2578359653629684696,50.0,10.0,P1-outbreak,-0.00222
100000,2,1,2e-05,3.5,0,1,0,"(40, 50, 140)",0,64,337101948590518337,50.0,10.0,P1-outbreak,-0.00388
100000,1,0,1e-05,3.5,0,0,0,"(40, 50, 140)",0,65,4204983450281251956,50.0,10.0,P1-outbreak,0.00146
100000,5,1,5e-05,3.5,0,1,2,"(40, 50, 140)",0,66,11739180430985175617,50.0,10.0,P1-outbreak,-0.00392
100000,22549,3,0.22549,3.5,0,1,3,"(40, 50, 140)",1,67,4743535979743090583,50.0,10.0,P1-outbreak,0.00138
100000,3,1,3e-05,3.5,0,1,1,"(40, 50, 140)",0,68,17101062947944656779,50.0,10.0,P1-outbreak,-0.0053
100000,21203,4,0.21203,3.5,0,0,3,"(40, 50, 140)",1,69,15440687748321591342,50.0,10.0,P1-outbreak,-0.00266
100000,1,0,1e-05,3.5,0,0,0,"(40, 50, 140)",0,70,5340744752667184281,50.0,10.0,P1-outbreak,-0.00402
100000,21100,6,0.211,3.5,0,0,3,"(40, 50, 140)",1,71,15226991765816923373,50.0,10.0,P1-outbreak,-0.00472
100000,24090,5,0.2409,3.5,0,2,1,"(40, 50, 140)",1,72,9121639757841678215,50.0,10.0,P1-outbreak,0.00042
100000,5,1,5e-05,3.5,0,1,1,"(40, 50, 140)",0,73,15134282429490431023,50.0,10.0,P1-outbreak,0.0054
100000,4,3,4e-05,3.5,0,3,0,"(40, 50, 140)",0,74,4233640485124327945,50.0,10.0,P1-outbreak,0.00452
100000,20404,4,0.20404,3.5,0,2,3,"(40, 50, 140)",1,75,17504088880779717011,50.0,10.0,P1-outbreak,-0.00012
100000,4,1,4e-05,3.5,0,1,1,"(40, 50, 140)",0,76,6471882812099097133,50.0,10.0,P1-outbreak,-0.00686
100000,1,0,1e-05,3.5,0,0,0,"(40, 50, 140)",0,77,10429270115229171990,50.0,10.0,P1-outbreak,-0.0017
100000,3,2,3e-05,3.5,0,2,0,"(40, 50, 140)",0,78,6274396328221010274,50.0,10.0,P1-outbreak,2e-05
100000,11,2,0.00011,3.5,0,2,2,"(40, 50, 140)",0,79,7040130723993778857,50.0,10.0,P1-outbreak,-0.00024
100000,1,0,1e-05,3.5,0,0,0,"(40, 50, 140)",0,80,12019215857544275434,50.0,10.0,P1-outbreak,-0.00216
100000,5,1,5e-05,3.5,0,1,1,"(40, 50, 140)",0,81,4232008251045553429,50.0,10.0,P1-outbreak,-0.0035
100000,1,0,1e-05,3.5,0,0,0,"(40, 50, 140)",0,82,11391168991555505687,50.0,10.0,P1-outbreak,0.00216
100000,1,0,1e-05,3.5,0,0,0,"(40, 50, 140)",0,83,16813865274964901077,50.0,10.0,P1-outbreak,0.00584
100000,1,0,1e-05,3.5,0,0,0,"(40, 50, 140)",0,84,17434052867258333680,50.0,10.0,P1-outbreak,0.00474
100000,23726,3,0.23726,3.5,0,1,2,"(40, 50, 140)",1,85,11696642570924018701,50.0,10.0,P1-outbreak,0.00144
100000,22962,2,0.22962,3.5,0,1,2,"(40, 50, 140)",1,86,12806652973354752322,50.0,10.0,P1-outbreak,-0.00234
100000,2,1,2e-05,3.5,0,1,0,"(40, 50, 140)",0,87,810936641732734752,50.0,10.0,P1-outbreak,0.00134
100000,21406,2,0.21406,3.5,0,0,1,"(40, 50, 140)",1,88,8883559431068763055,50.0,10.0,P1-outbreak,-0.0004
100000,1,0,1e-05,3.5,0,0,0,"(40, 50, 140)",0,89,8199878078747740061,50.0,10.0,P1-outbreak,0.00266
100000,2,1,2e-05,3.5,0,1,0,"(40, 50, 140)",0,90,15694152211984183265,50.0,10.0,P1-outbreak,0.0026
100000,24964,2,0.24964,3.5,0,0,1,"(40, 50, 140)",1,91,16402380573654138603,50.0,10.0,P1-outbreak,0.00512
100000,21462,1,0.21462,3.5,0,1,1,"(40, 50, 140)",1,92,574483432934848264,50.0,10.0,P1-outbreak,-0.00284
100000,13,3,0.00013,3.5,0,3,6,"(40, 50, 140)",0,93,8400645844904631943,50.0,10.0,P1-outbreak,0.00684
100000,1,0,1e-05,3.5,0,0,0,"(40, 50, 140)",0,94,7398602480724739021,50.0,10.0,P1-outbreak,0.00438
100000,22424,2,0.22424,3.5,0,2,4,"(40, 50, 140)",1,95,1609828370351049697,50.0,10.0,P1-outbreak,-0.0035
100000,22534,2,0.22534,3.5,0,2,3,"(40, 50, 140)",1,96,1242518384477005720,50.0,10.0,P1-outbreak,0.00082
100000,21661,4,0.21661,3.5,0,3,2,"(40, 50, 140)",1,97,8735618689194975172,50.0,10.0,P1-outbreak,-0.00746
100000,8,1,8e-05,3.5,0,1,2,"(40, 50, 140)",0,98,3613238887256618807,50.0,10.0,P1-outbreak,0.00118
100000,1,0,1e-05,3.5,0,0,0,"(40, 50, 140)",0,99,2238945649786691604,50.0,10.0,P1-outbreak,-0.00172
100000,5,1,5e-05,3.5,0,1,2,"(40, 50, 140)",0,100,10783356651750064623,50.0,10.0,P1-outbreak,0.00094
100000,2,1,2e-05,3.5,0,1,0,"(40, 50, 140)",0,101,5880365574122086618,50.0,10.0,P1-outbreak,-0.00124
100000,4,1,4e-05,3.5,0,1,1,"(40, 50, 140)",0,102,10155379828088887502,50.0,10.0,P1-outbreak,0.00122
100000,4,1,4e-05,3.5,0,1,1,"(40, 50, 140)",0,103,2215737325195756816,50.0,10.0,P1-outbreak,-0.00158
100000,1,0,1e-05,3.5,0,0,0,"(40, 50, 140)",0,104,369798603189172697,50.0,10.0,P1-outbreak,0.00032
100000,22512,2,0.22512,3.5,0,1,1,"(40, 50, 140)",1,105,913249720845376878,50.0,10.0,P1-outbreak,-0.00054
100000,2,1,2e-05,3.5,0,1,0,"(40, 50, 140)",0,106,7195838795860719788,50.0,10.0,P1-outbreak,-0.00068
100000,1,0,1e-05,3.5,0,0,0,"(40, 50, 140)",0,107,6104868807949727253,50.0,10.0,P1-outbreak,-0.00352
100000,22053,2,0.22053,3.5,0,1,1,"(40, 50, 140)",1,108,9283770723076436215,50.0,10.0,P1-outbreak,-0.00044
100000,2,1,2e-05,3.5,0,1,0,"(40, 50, 140)",0,109,14733921199587045994,50.0,10.0,P1-outbreak,0.00034
100000,22345,2,0.22345,3.5,0,2,2,"(40, 50, 140)",1,110,17266169442269048854,50.0,10.0,P1-outbreak,-0.00282
100000,1,0,1e-05,3.5,0,0,0,"(40, 50, 140)",0,111,3795235005437252508,50.0,10.0,P1-outbreak,0.00038
100000,5,1,5e-05,3.5,0,1,1,"(40, 50, 140)",0,112,4536119058030744212,50.0,10.0,P1-outbreak,-0.00184
100000,5,2,5e-05,3.5,0,2,1,"(40, 50, 140)",0,113,9065805444939316843,50.0,10.0,P1-outbreak,0.0027
100000,1,0,1e-05,3.5,0,0,0,"(40, 50, 140)",0,114,5228209228428745002,50.0,10.0,P1-outbreak,0.00474
100000,23265,3,0.23265,3.5,0,1,3,"(40, 50, 140)",1,115,15299413981185922272,50.0,10.0,P1-outbreak,2e-05
100000,1,0,1e-05,3.5,0,0,0,"(40, 50, 140)",0,116,8477419157274104849,50.0,10.0,P1-outbreak,0.00052
100000,1,0,1e-05,3.5,0,0,0,"(40, 50, 140)",0,117,4208854527115592082,50.0,10.0,P1-outbreak,0.00564
100000,1,0,1e-05,3.5,0,0,0,"(40, 50, 140)",0,118,943285948284276089,50.0,10.0,P1-outbreak,-0.00234
100000,2,1,2e-05,3.5,0,1,0,"(40, 50, 140)",0,119,6910672516479109644,50.0,10.0,P1-outbreak,-0.0001
100000,2,1,2e-05,3.5,0,1,0,"(40, 50, 140)",0,120,6160688085888566683,50.0,10.0,P1-outbreak,0.00834
100000,2,1,2e-05,3.5,0,1,0,"(40, 50, 140)",0,121,1844473391165031933,50.0,10.0,P1-outbreak,0.00084
100000,21064,3,0.21064,3.5,0,0,2,"(40, 50, 140)",1,122,8394768173708286283,50.0,10.0,P1-outbreak,-0.00216
100000,22362,3,0.22362,3.5,0,2,2,"(40, 50, 140)",1,123,13953757676944944331,50.0,10.0,P1-outbreak,-0.00148
100000,5,1,5e-05,3.5,0,1,3,"(40, 50, 140)",0,124,16088204675324788969,50.0,10.0,P1-outbreak,-0.00256
100000,21900,3,0.219,3.5,0,3,2,"(40, 50, 140)",1,125,13328715268755784723,50.0,10.0,P1-outbreak,0.0016
100000,22055,5,0.22055,3.5,0,1,2,"(40, 50, 140)",1,126,4024573922479657058,50.0,10.0,P1-outbreak,-0.00098
100000,21654,5,0.21654,3.5,0,2,2,"(40, 50, 140)",1,127,978546335435166309,50.0,10.0,P1-outbreak,0.00098
100000,1,0,1e-05,3.5,0,0,0,"(40, 50, 140)",0,128,11797120375474218895,50.0,10.0,P1-outbreak,0.0
100000,1,0,1e-05,3.5,0,0,0,"(40, 50, 140)",0,129,10074940854081421118,50.0,10.0,P1-outbreak,0.00204
100000,21630,2,0.2163,3.5,0,1,1,"(40, 50, 140)",1,130,508804794568724915,50.0,10.0,P1-outbreak,-0.0051
100000,20212,3,0.20212,3.5,0,1,0,"(40, 50, 140)",1,131,6280401414351603740,50.0,10.0,P1-outbreak,-0.00344
100000,28,2,0.00028,3.5,0,2,1,"(40, 50, 140)",0,132,9131630552192573017,50.0,10.0,P1-outbreak,0.00022
100000,1,0,1e-05,3.5,0,0,0,"(40, 50, 140)",0,133,1351209021030654559,50.0,10.0,P1-outbreak,0.00254
100000,6,1,6e-05,3.5,0,1,1,"(40, 50, 140)",0,134,3346650438963432910,50.0,10.0,P1-outbreak,-0.00668
100000,21263,2,0.21263,3.5,0,2,2,"(40, 50, 140)",1,135,14227861408343124671,50.0,10.0,P1-outbreak,-0.00024
100000,1,0,1e-05,3.5,0,0,0,"(40, 50, 140)",0,136,18264753309508683876,50.0,10.0,P1-outbreak,0.0037
100000,1,0,1e-05,3.5,0,0,0,"(40, 50, 140)",0,137,1413496223845975948,50.0,10.0,P1-outbreak,0.0049
100000,21638,3,0.21638,3.5,0,0,2,"(40, 50, 140)",1,138,13466992978836496341,50.0,10.0,P1-outbreak,0.00732
100000,8,1,8e-05,3.5,0,1,1,"(40, 50, 140)",0,139,7776319951287960086,50.0,10.0,P1-outbreak,0.00224
100000,1,0,1e-05,3.5,0,0,0,"(40, 50, 140)",0,140,13082971014454526081,50.0,10.0,P1-outbreak,-0.00294
100000,7,2,7e-05,3.5,0,2,2,"(40, 50, 140)",0,141,18113058268783923649,50.0,10.0,P1-outbreak,0.00434
100000,5,1,5e-05,3.5,0,1,1,"(40, 50, 140)",0,142,5781942430526127463,50.0,10.0,P1-outbreak,0.00818
100000,21627,1,0.21627,3.5,0,1,0,"(40, 50, 140)",1,143,7209141204679725233,50.0,10.0,P1-outbreak,0.00348
100000,21810,2,0.2181,3.5,0,0,3,"(40, 50, 140)",1,144,6236254521858439817,50.0,10.0,P1-outbreak,-0.00236
100000,1,0,1e-05,3.5,0,0,0,"(40, 50, 140)",0,145,784191216674346717,50.0,10.0,P1-outbreak,0.00048
100000,22004,3,0.22004,3.5,0,1,2,"(40, 50, 140)",1,146,16324961948862797297,50.0,10.0,P1-outbreak,-0.00028
100000,1,0,1e-05,3.5,0,0,0,"(40, 50, 140)",0,147,12166865090543876738,50.0,10.0,P1-outbreak,0.00374
100000,9,2,9e-05,3.5,0,2,3,"(40, 50, 140)",0,148,6154029645931521293,50.0,10.0,P1-outbreak,0.00404
100000,22922,2,0.22922,3.5,0,1,2,"(40, 50, 140)",1,149,11734104542987750458,50.0,10.0,P1-outbreak,-0.00058
100000,21724,1,0.21724,3.5,0,1,1,"(40, 50, 140)",1,150,18337937887499213245,50.0,10.0,P1-outbreak,0.00168
100000,2,1,2e-05,3.5,0,1,0,"(40, 50, 140)",0,151,2147542133692263853,50.0,10.0,P1-outbreak,0.00432
100000,7,2,7e-05,3.5,0,2,2,"(40, 50, 140)",0,152,15575041287719089489,50.0,10.0,P1-outbreak,0.00382
100000,21329,1,0.21329,3.5,0,0,3,"(40, 50, 140)",1,153,13453157710740054473,50.0,10.0,P1-outbreak,0.00152
100000,22457,2,0.22457,3.5,0,0,3,"(40, 50, 140)",1,154,14187361287663932609,50.0,10.0,P1-outbreak,0.00014
100000,7,2,7e-05,3.5,0,2,2,"(40, 50, 140)",0,155,4992358390514194636,50.0,10.0,P1-outbreak,0.0024
100000,21210,1,0.2121,3.5,0,1,2,"(40, 50, 140)",1,156,15612173669199029292,50.0,10.0,P1-outbreak,-0.00374
100000,2,1,2e-05,3.5,0,1,0,"(40, 50, 140)",0,157,11090744234196686964,50.0,10.0,P1-outbreak,-0.00232
100000,22791,2,0.22791,3.5,0,1,4,"(40, 50, 140)",1,158,14941646435090185467,50.0,10.0,P1-outbreak,0.00256
100000,5,3,5e-05,3.5,0,3,1,"(40, 50, 140)",0,159,4965225876190313789,50.0,10.0,P1-outbreak,-0.00236
100000,1,0,1e-05,3.5,0,0,0,"(40, 50, 140)",0,160,3102317473836476544,50.0,10.0,P1-outbreak,0.00018
100000,1,0,1e-05,3.5,0,0,0,"(40, 50, 140)",0,161,4836618869361619607,50.0,10.0,P1-outbreak,-0.00016
100000,23934,4,0.23934,3.5,0,1,2,"(40, 50, 140)",1,162,16791421491425345108,50.0,10.0,P1-outbreak,0.00108
100000,2,1,2e-05,3.5,0,1,0,"(40, 50, 140)",0,163,12273432196271567619,50.0,10.0,P1-outbreak,-0.00368
100000,2,1,2e-05,3.5,0,1,0,"(40, 50, 140)",0,164,2248842895880289658,50.0,10.0,P1-outbreak,-0.0022
100000,20180,1,0.2018,3.5,0,1,1,"(40, 50, 140)",1,165,6345705528653318103,50.0,10.0,P1-outbreak,-0.00298
100000,6,4,6e-05,3.5,0,4,1,"(40, 50, 140)",0,166,9017246774105517681,50.0,10.0,P1-outbreak,0.00162
100000,21377,1,0.21377,3.5,0,0,1,"(40, 50, 140)",1,167,12163874062658799797,50.0,10.0,P1-outbreak,-0.00312
100000,1,0,1e-05,3.5,0,0,0,"(40, 50, 140)",0,168,4084612425331583983,50.0,10.0,P1-outbreak,-0.0021
100000,7,1,7e-05,3.5,0,1,1,"(40, 50, 140)",0,169,12341102845526183593,50.0,10.0,P1-outbreak,-0.0055
100000,22068,2,0.22068,3.5,0,1,2,"(40, 50, 140)",1,170,12183579739319021613,50.0,10.0,P1-outbreak,-0.0003
100000,5,1,5e-05,3.5,0,1,2,"(40, 50, 140)",0,171,18249014448501983873,50.0,10.0,P1-outbreak,-0.0038
100000,1,0,1e-05,3.5,0,0,0,"(40, 50, 140)",0,172,4200777307535321721,50.0,10.0,P1-outbreak,0.00104
100000,21,1,0.00021,3.5,0,1,2,"(40, 50, 140)",0,173,13086730657108910767,50.0,10.0,P1-outbreak,0.00208
100000,4,1,4e-05,3.5,0,1,2,"(40, 50, 140)",0,174,16995647389238278682,50.0,10.0,P1-outbreak,0.00214
100000,3,1,3e-05,3.5,0,1,1,"(40, 50, 140)",0,175,29040606160668818,50.0,10.0,P1-outbreak,0.00276
100000,23221,3,0.23221,3.5,0,0,1,"(40, 50, 140)",1,176,3689990463320165143,50.0,10.0,P1-outbreak,0.0025
100000,1,0,1e-05,3.5,0,0,0,"(40, 50, 140)",0,177,14737716941086211548,50.0,10.0,P1-outbreak,0.00674
100000,22579,2,0.22579,3.5,0,0,3,"(40, 50, 140)",1,178,12091286385123249592,50.0,10.0,P1-outbreak,-0.00068
100000,22090,3,0.2209,3.5,0,1,0,"(40, 50, 140)",1,179,15681898747308993425,50.0,10.0,P1-outbreak,0.0017
100000,21421,2,0.21421,3.5,0,1,2,"(40, 50, 140)",1,180,4958850743738378682,50.0,10.0,P1-outbreak,-0.00118
100000,22774,2,0.22774,3.5,0,1,1,"(40, 50, 140)",1,181,6774411367681615082,50.0,10.0,P1-outbreak,0.00452
100000,1,0,1e-05,3.5,0,0,0,"(40, 50, 140)",0,182,10305058500025074305,50.0,10.0,P1-outbreak,-0.0016
100000,22241,1,0.22241,3.5,0,1,3,"(40, 50, 140)",1,183,817540473294660662,50.0,10.0,P1-outbreak,-0.00062
100000,3,2,3e-05,3.5,0,2,0,"(40, 50, 140)",0,184,13504541183809946949,50.0,10.0,P1-outbreak,-0.00146
100000,20459,1,0.20459,3.5,0,1,1,"(40, 50, 140)",1,185,12725657478207267807,50.0,10.0,P1-outbreak,-0.00242
100000,1,0,1e-05,3.5,0,0,0,"(40, 50, 140)",0,186,7898609379652318189,50.0,10.0,P1-outbreak,-0.0015
100000,3,2,3e-05,3.5,0,2,0,"(40, 50, 140)",0,187,9638711260999563532,50.0,10.0,P1-outbreak,0.00092
100000,1,0,1e-05,3.5,0,0,0,"(40, 50, 140)",0,188,16831941193114387026,50.0,10.0,P1-outbreak,-0.00176
100000,3,1,3e-05,3.5,0,1,1,"(40, 50, 140)",0,189,17708673865724343433,50.0,10.0,P1-outbreak,-0.00264
100000,22208,5,0.22208,3.5,0,4,2,"(40, 50, 140)",1,190,5998306082867493412,50.0,10.0,P1-outbreak,0.00118
100000,22314,2,0.22314,3.5,0,1,0,"(40, 50, 140)",1,191,1329848362133172106,50.0,10.0,P1-outbreak,-0.00466
100000,1,0,1e-05,3.5,0,0,0,"(40, 50, 140)",0,192,17194758903275754997,50.0,10.0,P1-outbreak,0.0012
100000,8,2,8e-05,3.5,0,2,2,"(40, 50, 140)",0,193,3247131764882543636,50.0,10.0,P1-outbreak,0.00038
100000,22036,2,0.22036,3.5,0,1,4,"(40, 50, 140)",1,194,1374480564866660156,50.0,10.0,P1-outbreak,0.00274
100000,2,1,2e-05,3.5,0,1,0,"(40, 50, 140)",0,195,4237031890245242429,50.0,10.0,P1-outbreak,0.00104
100000,3,2,3e-05,3.5,0,2,0,"(40, 50, 140)",0,196,17633845606223118729,50.0,10.0,P1-outbreak,-0.00018
100000,23601,4,0.23601,3.5,0,3,5,"(40, 50, 140)",1,197,3886876540938372373,50.0,10.0,P1-outbreak,0.00184
100000,21054,3,0.21054,3.5,0,1,1,"(40, 50, 140)",1,198,6549352604392314928,50.0,10.0,P1-outbreak,-8e-05
100000,11,1,0.00011,3.5,0,1,2,"(40, 50, 140)",0,199,7092871012275881439,50.0,10.0,P1-outbreak,-0.00314
100000,1,0,1e-05,3.5,0,0,0,"(40, 50, 140)",0,200,12300147879277408168,50.0,10.0,P1-outbreak,0.0025
100000,22157,3,0.22157,3.5,0,0,6,"(40, 50, 140)",1,201,7376061926705338930,50.0,10.0,P1-outbreak,-0.0027
100000,16,1,0.00016,3.5,0,1,2,"(40, 50, 140)",0,202,16098489791676893037,50.0,10.0,P1-outbreak,0.00198
100000,21928,3,0.21928,3.5,0,3,1,"(40, 50, 140)",1,203,538612140988157064,50.0,10.0,P1-outbreak,0.00184
100000,22046,1,0.22046,3.5,0,0,1,"(40, 50, 140)",1,204,7183441348934006324,50.0,10.0,P1-outbreak,-0.00518
100000,22228,2,0.22228,3.5,0,1,2,"(40, 50, 140)",1,205,3185639524199817256,50.0,10.0,P1-outbreak,0.00128
100000,1,0,1e-05,3.5,0,0,0,"(40, 50, 140)",0,206,10655416600784440573,50.0,10.0,P1-outbreak,-0.00306
100000,22891,3,0.22891,3.5,0,1,0,"(40, 50, 140)",1,207,3552332807934116431,50.0,10.0,P1-outbreak,0.00258
100000,22312,1,0.22312,3.5,0,0,2,"(40, 50, 140)",1,208,10479140809865436405,50.0,10.0,P1-outbreak,0.00236
100000,6,2,6e-05,3.5,0,2,1,"(40, 50, 140)",0,209,14932804102147334896,50.0,10.0,P1-outbreak,-2e-05
100000,2,1,2e-05,3.5,0,1,0,"(40, 50, 140)",0,210,16164713966754334914,50.0,10.0,P1-outbreak,-0.00278
100000,2,1,2e-05,3.5,0,1,0,"(40, 50, 140)",0,211,10801008539547434659,50.0,10.0,P1-outbreak,-0.00142
100000,1,0,1e-05,3.5,0,0,0,"(40, 50, 140)",0,212,13204319841891937754,50.0,10.0,P1-outbreak,-0.00204
100000,6,1,6e-05,3.5,0,1,2,"(40, 50, 140)",0,213,14892634934445268067,50.0,10.0,P1-outbreak,-0.0006
100000,23878,3,0.23878,3.5,0,2,1,"(40, 50, 140)",1,214,15864679007000278065,50.0,10.0,P1-outbreak,-0.00096
100000,13,1,0.00013,3.5,0,1,1,"(40, 50, 140)",0,215,16283870315417251780,50.0,10.0,P1-outbreak,0.00272
100000,4,1,4e-05,3.5,0,1,1,"(40, 50, 140)",0,216,13315496355805385382,50.0,10.0,P1-outbreak,-0.00258
100000,10,2,0.0001,3.5,0,2,2,"(40, 50, 140)",0,217,4154173469409994762,50.0,10.0,P1-outbreak,-0.00048
100000,22584,2,0.22584,3.5,0,1,2,"(40, 50, 140)",1,218,5944722845082582029,50.0,10.0,P1-outbreak,-0.00068
100000,2,1,2e-05,3.5,0,1,0,"(40, 50, 140)",0,219,9744170095213112929,50.0,10.0,P1-outbreak,0.00934
100000,1,0,1e-05,3.5,0,0,0,"(40, 50, 140)",0,220,743000606810795931,50.0,10.0,P1-outbreak,0.00556
100000,1,0,1e-05,3.5,0,0,0,"(40, 50, 140)",0,221,6664744236876031951,50.0,10.0,P1-outbreak,-0.00324
100000,21742,1,0.21742,3.5,0,1,2,"(40, 50, 140)",1,222,17732583661140254314,50.0,10.0,P1-outbreak,-0.0007
100000,21903,1,0.21903,3.5,0,1,0,"(40, 50, 140)",1,223,6039659859720158029,50.0,10.0,P1-outbreak,0.00064
100000,22486,3,0.22486,3.5,0,0,2,"(40, 50, 140)",1,224,12308500775906891574,50.0,10.0,P1-outbreak,0.00244
100000,1,0,1e-05,3.5,0,0,0,"(40, 50, 140)",0,225,4655766884111403475,50.0,10.0,P1-outbreak,0.00256
100000,5,1,5e-05,3.5,0,1,2,"(40, 50, 140)",0,226,14438611367815106738,50.0,10.0,P1-outbreak,-0.0003
100000,4,2,4e-05,3.5,0,2,1,"(40, 50, 140)",0,227,4259328345557593033,50.0,10.0,P1-outbreak,-0.00262
100000,12,1,0.00012,3.5,0,1,1,"(40, 50, 140)",0,228,14984086369053237218,50.0,10.0,P1-outbreak,-0.0009
100000,1,0,1e-05,3.5,0,0,0,"(40, 50, 140)",0,229,10395761015794567517,50.0,10.0,P1-outbreak,0.0001
100000,1,0,1e-05,3.5,0,0,0,"(40, 50, 140)",0,230,1335081770354613925,50.0,10.0,P1-outbreak,-0.00076
100000,1,0,1e-05,3.5,0,0,0,"(40, 50, 140)",0,231,12754696299301586792,50.0,10.0,P1-outbreak,0.0014
100000,3,1,3e-05,3.5,0,1,1,"(40, 50, 140)",0,232,18171806819095492812,50.0,10.0,P1-outbreak,0.00178
100000,21079,3,0.21079,3.5,0,0,2,"(40, 50, 140)",1,233,14885555894082324059,50.0,10.0,P1-outbreak,-0.00386
100000,23032,2,0.23032,3.5,0,1,0,"(40, 50, 140)",1,234,4159370982033255466,50.0,10.0,P1-outbreak,0.0042
100000,5,2,5e-05,3.5,0,2,1,"(40, 50, 140)",0,235,3210603015844160850,50.0,10.0,P1-outbreak,0.00016
100000,1,0,1e-05,3.5,0,0,0,"(40, 50, 140)",0,236,7043425890395564322,50.0,10.0,P1-outbreak,0.00272
100000,2,1,2e-05,3.5,0,1,0,"(40, 50, 140)",0,237,5533189052843288471,50.0,10.0,P1-outbreak,0.00232
100000,1,0,1e-05,3.5,0,0,0,"(40, 50, 140)",0,238,1041282021168778317,50.0,10.0,P1-outbreak,0.00666
100000,21435,3,0.21435,3.5,0,1,0,"(40, 50, 140)",1,239,2786652800458836716,50.0,10.0,P1-outbreak,-0.00244
100000,23584,1,0.23584,3.5,0,1,1,"(40, 50, 140)",1,240,1018321639042496062,50.0,10.0,P1-outbreak,0.00182
100000,1,0,1e-05,3.5,0,0,0,"(40, 50, 140)",0,241,7680181132457766558,50.0,10.0,P1-outbreak,0.00218
100000,22795,4,0.22795,3.5,0,4,3,"(40, 50, 140)",1,242,11687035127341836429,50.0,10.0,P1-outbreak,-0.00242
100000,22906,5,0.22906,3.5,0,0,1,"(40, 50, 140)",1,243,8483930789039641895,50.0,10.0,P1-outbreak,0.00616
100000,1,0,1e-05,3.5,0,0,0,"(40, 50, 140)",0,244,562192207008153008,50.0,10.0,P1-outbreak,0.00282
100000,11,2,0.00011,3.5,0,2,5,"(40, 50, 140)",0,245,12329481381626209370,50.0,10.0,P1-outbreak,-0.00248
100000,3,1,3e-05,3.5,0,1,1,"(40, 50, 140)",0,246,4081310201452353135,50.0,10.0,P1-outbreak,-0.00072
100000,11,2,0.00011,3.5,0,2,3,"(40, 50, 140)",0,247,12804680994003161256,50.0,10.0,P1-outbreak,-0.00382
100000,5,2,5e-05,3.5,0,2,2,"(40, 50, 140)",0,248,4166189042804765940,50.0,10.0,P1-outbreak,-0.00324
100000,1,0,1e-05,3.5,0,0,0,"(40, 50, 140)",0,249,16665216552357080462,50.0,10.0,P1-outbreak,-0.00268
100000,1,0,1e-05,3.5,0,0,0,"(40, 50, 140)",0,250,14450202804278456217,50.0,10.0,P1-outbreak,0.00636
100000,1,0,1e-05,3.5,0,0,0,"(40, 50, 140)",0,251,3579051340288030454,50.0,10.0,P1-outbreak,-0.0007
100000,23279,2,0.23279,3.5,0,1,1,"(40, 50, 140)",1,252,4694010752022693209,50.0,10.0,P1-outbreak,0.00078
100000,21543,1,0.21543,3.5,0,1,1,"(40, 50, 140)",1,253,9677545394399490571,50.0,10.0,P1-outbreak,-0.00288
100000,1,0,1e-05,3.5,0,0,0,"(40, 50, 140)",0,254,6997825494702726049,50.0,10.0,P1-outbreak,0.00214
100000,1,0,1e-05,3.5,0,0,0,"(40, 50, 140)",0,255,12628677098662461135,50.0,10.0,P1-outbreak,-0.0042
100000,23179,1,0.23179,3.5,0,1,1,"(40, 50, 140)",1,256,10802863312103014396,50.0,10.0,P1-outbreak,0.0028
100000,20867,2,0.20867,3.5,0,2,5,"(40, 50, 140)",1,257,16940437100586334243,50.0,10.0,P1-outbreak,-0.00168
100000,1,0,1e-05,3.5,0,0,0,"(40, 50, 140)",0,258,12033691004777881270,50.0,10.0,P1-outbreak,-0.00112
100000,51,3,0.00051,3.5,0,3,2,"(40, 50, 140)",0,259,14618870736053012749,50.0,10.0,P1-outbreak,0.0005
100000,22122,1,0.22122,3.5,0,0,2,"(40, 50, 140)",1,260,14368092414144328286,50.0,10.0,P1-outbreak,-0.00222
100000,22183,1,0.22183,3.5,0,0,4,"(40, 50, 140)",1,261,970981327601152792,50.0,10.0,P1-outbreak,-0.00054
100000,21033,1,0.21033,3.5,0,0,1,"(40, 50, 140)",1,262,10136385222345601895,50.0,10.0,P1-outbreak,-0.0018
100000,3,1,3e-05,3.5,0,1,1,"(40, 50, 140)",0,263,3759069563009775533,50.0,10.0,P1-outbreak,0.0002
100000,1,0,1e-05,3.5,0,0,0,"(40, 50, 140)",0,264,5654594709120406754,50.0,10.0,P1-outbreak,-0.00674
100000,22323,2,0.22323,3.5,0,0,4,"(40, 50, 140)",1,265,3404958742103192563,50.0,10.0,P1-outbreak,0.00126
100000,6,2,6e-05,3.5,0,2,1,"(40, 50, 140)",0,266,13790247483784033041,50.0,10.0,P1-outbreak,0.00282
100000,5,2,5e-05,3.5,0,2,2,"(40, 50, 140)",0,267,3268088301484416647,50.0,10.0,P1-outbreak,0.00024
100000,6,2,6e-05,3.5,0,2,2,"(40, 50, 140)",0,268,11905894544504324907,50.0,10.0,P1-outbreak,0.00158
100000,6,2,6e-05,3.5,0,2,2,"(40, 50, 140)",0,269,5761383836682134834,50.0,10.0,P1-outbreak,-0.0043
100000,12,3,0.00012,3.5,0,3,4,"(40, 50, 140)",0,270,17342516378439544994,50.0,10.0,P1-outbreak,-0.00216
100000,33,1,0.00033,3.5,0,1,2,"(40, 50, 140)",0,271,17968855771533556580,50.0,10.0,P1-outbreak,0.00754
100000,3,2,3e-05,3.5,0,2,0,"(40, 50, 140)",0,272,11899066093380190479,50.0,10.0,P1-outbreak,-0.0023
100000,9,1,9e-05,3.5,0,1,2,"(40, 50, 140)",0,273,4282457063877278946,50.0,10.0,P1-outbreak,-0.00218
100000,15,3,0.00015,3.5,0,3,3,"(40, 50, 140)",0,274,4787132603923270408,50.0,10.0,P1-outbreak,0.00142
100000,1,0,1e-05,3.5,0,0,0,"(40, 50, 140)",0,275,17538965634381058884,50.0,10.0,P1-outbreak,-0.00126
100000,1,0,1e-05,3.5,0,0,0,"(40, 50, 140)",0,276,3452181902143162990,50.0,10.0,P1-outbreak,0.00528
100000,19963,1,0.19963,3.5,0,1,0,"(40, 50, 140)",1,277,13761223924344763930,50.0,10.0,P1-outbreak,-0.00738
100000,1,0,1e-05,3.5,0,0,0,"(40, 50, 140)",0,278,3745929491777382506,50.0,10.0,P1-outbreak,-0.00072
100000,1,0,1e-05,3.5,0,0,0,"(40, 50, 140)",0,279,9184590073660304763,50.0,10.0,P1-outbreak,0.00424
100000,4,1,4e-05,3.5,0,1,1,"(40, 50, 140)",0,280,12207861546270280645,50.0,10.0,P1-outbreak,0.003
100000,20911,1,0.20911,3.5,0,1,2,"(40, 50, 140)",1,281,16777242372958335432,50.0,10.0,P1-outbreak,0.00186
100000,20641,1,0.20641,3.5,0,1,3,"(40, 50, 140)",1,282,1298731862488703084,50.0,10.0,P1-outbreak,0.00212
100000,21950,1,0.2195,3.5,0,0,1,"(40, 50, 140)",1,283,9733517213799461795,50.0,10.0,P1-outbreak,0.00432
100000,7,3,7e-05,3.5,0,3,2,"(40, 50, 140)",0,284,9616537182305092054,50.0,10.0,P1-outbreak,-0.00722
100000,2,1,2e-05,3.5,0,1,0,"(40, 50, 140)",0,285,12807286512769261804,50.0,10.0,P1-outbreak,-0.00172
100000,1,0,1e-05,3.5,0,0,0,"(40, 50, 140)",0,286,8333792881595258669,50.0,10.0,P1-outbreak,-0.00916
100000,1,0,1e-05,3.5,0,0,0,"(40, 50, 140)",0,287,15751776727485371494,50.0,10.0,P1-outbreak,-0.00414
100000,1,0,1e-05,3.5,0,0,0,"(40, 50, 140)",0,288,11175866701989939056,50.0,10.0,P1-outbreak,-0.01254
100000,23009,1,0.23009,3.5,0,1,1,"(40, 50, 140)",1,289,2884825481353131520,50.0,10.0,P1-outbreak,-0.0012
100000,4,2,4e-05,3.5,0,2,1,"(40, 50, 140)",0,290,5460652448697738563,50.0,10.0,P1-outbreak,-0.004
100000,2,1,2e-05,3.5,0,1,0,"(40, 50, 140)",0,291,16324270216202576477,50.0,10.0,P1-outbreak,-0.00042
100000,3,1,3e-05,3.5,0,1,1,"(40, 50, 140)",0,292,14332301375803254693,50.0,10.0,P1-outbreak,0.00162
100000,22004,3,0.22004,3.5,0,3,1,"(40, 50, 140)",1,293,10602622693303384877,50.0,10.0,P1-outbreak,0.00454
100000,2,1,2e-05,3.5,0,1,0,"(40, 50, 140)",0,294,6874419914901452538,50.0,10.0,P1-outbreak,0.00034
100000,1,0,1e-05,3.5,0,0,0,"(40, 50, 140)",0,295,17711762952009669232,50.0,10.0,P1-outbreak,0.00146
100000,1,0,1e-05,3.5,0,0,0,"(40, 50, 140)",0,296,15164738578698521114,50.0,10.0,P1-outbreak,-0.00022
100000,21617,3,0.21617,3.5,0,2,3,"(40, 50, 140)",1,297,5180867401531202862,50.0,10.0,P1-outbreak,-0.00014
100000,20498,1,0.20498,3.5,0,0,2,"(40, 50, 140)",1,298,8854494865099771239,50.0,10.0,P1-outbreak,-0.00682
100000,4,1,4e-05,3.5,0,1,1,"(40, 50, 140)",0,299,10805452970495880044,50.0,10.0,P1-outbreak,-0.00216
100000,21150,2,0.2115,3.5,0,1,2,"(40, 50, 140)",1,300,16701057431367582333,50.0,10.0,P1-outbreak,-0.0016
100000,21664,1,0.21664,3.5,0,1,1,"(40, 50, 140)",1,301,17969701675752455690,50.0,10.0,P1-outbreak,-0.00118
100000,1,0,1e-05,3.5,0,0,0,"(40, 50, 140)",0,302,13736025719641390124,50.0,10.0,P1-outbreak,0.00208
100000,2,1,2e-05,3.5,0,1,0,"(40, 50, 140)",0,303,17158591924818736648,50.0,10.0,P1-outbreak,0.00086
100000,21498,6,0.21498,3.5,0,2,0,"(40, 50, 140)",1,304,6876952966551345558,50.0,10.0,P1-outbreak,-0.00336
100000,1,0,1e-05,3.5,0,0,0,"(40, 50, 140)",0,305,13387398485118228358,50.0,10.0,P1-outbreak,0.00158
100000,22250,1,0.2225,3.5,0,1,2,"(40, 50, 140)",1,306,8919606599067132373,50.0,10.0,P1-outbreak,-0.0021
100000,22560,3,0.2256,3.5,0,0,1,"(40, 50, 140)",1,307,9886495725562982225,50.0,10.0,P1-outbreak,-0.00084
100000,1,0,1e-05,3.5,0,0,0,"(40, 50, 140)",0,308,5742112049681957825,50.0,10.0,P1-outbreak,-0.00088
100000,22754,4,0.22754,3.5,0,1,3,"(40, 50, 140)",1,309,9851273217959657994,50.0,10.0,P1-outbreak,0.00204
100000,1,0,1e-05,3.5,0,0,0,"(40, 50, 140)",0,310,5128448011897138684,50.0,10.0,P1-outbreak,0.00358
100000,1,0,1e-05,3.5,0,0,0,"(40, 50, 140)",0,311,1529989882919676087,50.0,10.0,P1-outbreak,-0.00018
100000,8,1,8e-05,3.5,0,1,1,"(40, 50, 140)",0,312,12691983728994505032,50.0,10.0,P1-outbreak,0.00236
100000,1,0,1e-05,3.5,0,0,0,"(40, 50, 140)",0,313,15481405392647571879,50.0,10.0,P1-outbreak,0.0043
100000,22434,3,0.22434,3.5,0,2,3,"(40, 50, 140)",1,314,15123072178134129025,50.0,10.0,P1-outbreak,0.00512
100000,3,2,3e-05,3.5,0,2,0,"(40, 50, 140)",0,315,8382575508215599414,50.0,10.0,P1-outbreak,-0.00042
100000,1,0,1e-05,3.5,0,0,0,"(40, 50, 140)",0,316,14284485833640678401,50.0,10.0,P1-outbreak,0.0009
100000,21802,3,0.21802,3.5,0,0,3,"(40, 50, 140)",1,317,2772754265540985803,50.0,10.0,P1-outbreak,0.00016
100000,20623,3,0.20623,3.5,0,0,1,"(40, 50, 140)",1,318,10489383545089382666,50.0,10.0,P1-outbreak,0.00368
100000,2,1,2e-05,3.5,0,1,0,"(40, 50, 140)",0,319,8927381163381962507,50.0,10.0,P1-outbreak,-0.00254
100000,1,0,1e-05,3.5,0,0,0,"(40, 50, 140)",0,320,345057918607530297,50.0,10.0,P1-outbreak,-0.00074
100000,1,0,1e-05,3.5,0,0,0,"(40, 50, 140)",0,321,6959904910967923563,50.0,10.0,P1-outbreak,-0.00076
100000,1,0,1e-05,3.5,0,0,0,"(40, 50, 140)",0,322,16256726446289978937,50.0,10.0,P1-outbreak,-0.00754
100000,22659,8,0.22659,3.5,0,2,4,"(40, 50, 140)",1,323,9106249741781039127,50.0,10.0,P1-outbreak,-0.00218
100000,4,3,4e-05,3.5,0,3,0,"(40, 50, 140)",0,324,8567333876195588928,50.0,10.0,P1-outbreak,0.00514
100000,8,3,8e-05,3.5,0,3,3,"(40, 50, 140)",0,325,11336923253965994115,50.0,10.0,P1-outbreak,0.00184
100000,23060,4,0.2306,3.5,0,3,3,"(40, 50, 140)",1,326,17426539976828557508,50.0,10.0,P1-outbreak,-0.00062
100000,22,4,0.00022,3.5,0,4,3,"(40, 50, 140)",0,327,17723539078164996615,50.0,10.0,P1-outbreak,-0.00168
100000,1,0,1e-05,3.5,0,0,0,"(40, 50, 140)",0,328,4981864922551806456,50.0,10.0,P1-outbreak,-0.00072
100000,6,1,6e-05,3.5,0,1,2,"(40, 50, 140)",0,329,676218468071361792,50.0,10.0,P1-outbreak,0.00122
100000,20642,1,0.20642,3.5,0,1,2,"(40, 50, 140)",1,330,2930349249966547917,50.0,10.0,P1-outbreak,-0.00552
100000,1,0,1e-05,3.5,0,0,0,"(40, 50, 140)",0,331,401628837284058683,50.0,10.0,P1-outbreak,0.00814
100000,22762,1,0.22762,3.5,0,0,0,"(40, 50, 140)",1,332,12263501440556457453,50.0,10.0,P1-outbreak,-0.00064
100000,21334,4,0.21334,3.5,0,3,3,"(40, 50, 140)",1,333,6070212564810277744,50.0,10.0,P1-outbreak,-0.00206
100000,1,0,1e-05,3.5,0,0,0,"(40, 50, 140)",0,334,16242847875823948047,50.0,10.0,P1-outbreak,0.00096
100000,22189,2,0.22189,3.5,0,0,2,"(40, 50, 140)",1,335,17169808673270989559,50.0,10.0,P1-outbreak,-0.0024
100000,1,0,1e-05,3.5,0,0,0,"(40, 50, 140)",0,336,11384583075719464509,50.0,10.0,P1-outbreak,-0.00274
100000,22131,2,0.22131,3.5,0,0,2,"(40, 50, 140)",1,337,3021573102511855755,50.0,10.0,P1-outbreak,0.00284
100000,21224,3,0.21224,3.5,0,1,1,"(40, 50, 140)",1,338,5297253550785486220,50.0,10.0,P1-outbreak,-0.002
100000,1,0,1e-05,3.5,0,0,0,"(40, 50, 140)",0,339,9008938028289866871,50.0,10.0,P1-outbreak,-0.00252
100000,22002,3,0.22002,3.5,0,0,1,"(40, 50, 140)",1,340,1187297394272036616,50.0,10.0,P1-outbreak,-0.00192
100000,3,1,3e-05,3.5,0,1,1,"(40, 50, 140)",0,341,1897009884305536972,50.0,10.0,P1-outbreak,-0.00146
100000,1,0,1e-05,3.5,0,0,0,"(40, 50, 140)",0,342,2196034911744235104,50.0,10.0,P1-outbreak,0.00204
100000,2,1,2e-05,3.5,0,1,0,"(40, 50, 140)",0,343,14753319573739049333,50.0,10.0,P1-outbreak,-0.00258
100000,22321,2,0.22321,3.5,0,0,0,"(40, 50, 140)",1,344,155228676482644334,50.0,10.0,P1-outbreak,0.00194
100000,22224,2,0.22224,3.5,0,1,2,"(40, 50, 140)",1,345,9852145890238098669,50.0,10.0,P1-outbreak,-0.0006
100000,1,0,1e-05,3.5,0,0,0,"(40, 50, 140)",0,346,1147446267159142395,50.0,10.0,P1-outbreak,-0.0008
100000,2,1,2e-05,3.5,0,1,0,"(40, 50, 140)",0,347,12441415776491558049,50.0,10.0,P1-outbreak,-0.00272
100000,1,0,1e-05,3.5,0,0,0,"(40, 50, 140)",0,348,7446342321069743381,50.0,10.0,P1-outbreak,-0.00356
100000,21546,1,0.21546,3.5,0,0,2,"(40, 50, 140)",1,349,4357445361886845812,50.0,10.0,P1-outbreak,0.00376
100000,4,1,4e-05,3.5,0,1,1,"(40, 50, 140)",0,350,7978959662495981145,50.0,10.0,P1-outbreak,-0.00478
100000,1,0,1e-05,3.5,0,0,0,"(40, 50, 140)",0,351,15861491249204230890,50.0,10.0,P1-outbreak,-0.00288
100000,20958,1,0.20958,3.5,0,1,1,"(40, 50, 140)",1,352,11135613117107999682,50.0,10.0,P1-outbreak,0.007
100000,1,0,1e-05,3.5,0,0,0,"(40, 50, 140)",0,353,12921020144617706981,50.0,10.0,P1-outbreak,-0.00288
100000,2,1,2e-05,3.5,0,1,0,"(40, 50, 140)",0,354,18424444567796850462,50.0,10.0,P1-outbreak,0.0023
100000,4,2,4e-05,3.5,0,2,1,"(40, 50, 140)",0,355,16519912741223341723,50.0,10.0,P1-outbreak,0.00298
100000,23254,1,0.23254,3.5,0,1,0,"(40, 50, 140)",1,356,15549606672495532837,50.0,10.0,P1-outbreak,-0.00344
100000,20905,2,0.20905,3.5,0,1,1,"(40, 50, 140)",1,357,8022393170721360442,50.0,10.0,P1-outbreak,-0.00282
100000,17,3,0.00017,3.5,0,3,4,"(40, 50, 140)",0,358,4233088962067787853,50.0,10.0,P1-outbreak,0.00074
100000,2,1,2e-05,3.5,0,1,0,"(40, 50, 140)",0,359,2168307687566780932,50.0,10.0,P1-outbreak,-0.00406
100000,6,1,6e-05,3.5,0,1,1,"(40, 50, 140)",0,360,14686554393655512428,50.0,10.0,P1-outbreak,-0.00058
100000,12,1,0.00012,3.5,0,1,2,"(40, 50, 140)",0,361,1002534794268092669,50.0,10.0,P1-outbreak,0.00166
100000,2,1,2e-05,3.5,0,1,0,"(40, 50, 140)",0,362,14568162959317094470,50.0,10.0,P1-outbreak,0.00112
100000,3,1,3e-05,3.5,0,1,1,"(40, 50, 140)",0,363,3520417091902942533,50.0,10.0,P1-outbreak,0.00052
100000,23503,4,0.23503,3.5,0,1,2,"(40, 50, 140)",1,364,3769485457230988299,50.0,10.0,P1-outbreak,0.00472
100000,5,1,5e-05,3.5,0,1,2,"(40, 50, 140)",0,365,15929490658800039476,50.0,10.0,P1-outbreak,-0.00078
100000,20,3,0.0002,3.5,0,3,5,"(40, 50, 140)",0,366,2130951552263162169,50.0,10.0,P1-outbreak,0.0048
100000,3,2,3e-05,3.5,0,2,0,"(40, 50, 140)",0,367,13888931093970429632,50.0,10.0,P1-outbreak,0.00182
100000,22273,2,0.22273,3.5,0,1,2,"(40, 50, 140)",1,368,16051481130250239375,50.0,10.0,P1-outbreak,0.00152
100000,22465,2,0.22465,3.5,0,1,2,"(40, 50, 140)",1,369,3465786423270015615,50.0,10.0,P1-outbreak,0.0016
100000,1,0,1e-05,3.5,0,0,0,"(40, 50, 140)",0,370,17689308688719329787,50.0,10.0,P1-outbreak,-0.00172
100000,2,1,2e-05,3.5,0,1,0,"(40, 50, 140)",0,371,13205081755358616433,50.0,10.0,P1-outbreak,-0.00088
100000,2,1,2e-05,3.5,0,1,0,"(40, 50, 140)",0,372,9007501873957731712,50.0,10.0,P1-outbreak,0.0008
100000,2,1,2e-05,3.5,0,1,0,"(40, 50, 140)",0,373,2766498432409388532,50.0,10.0,P1-outbreak,-0.0058
100000,1,0,1e-05,3.5,0,0,0,"(40, 50, 140)",0,374,17741685921953658248,50.0,10.0,P1-outbreak,-0.00016
100000,21541,1,0.21541,3.5,0,0,1,"(40, 50, 140)",1,375,1678827774835314266,50.0,10.0,P1-outbreak,-0.00456
100000,22199,1,0.22199,3.5,0,1,1,"(40, 50, 140)",1,376,5397459264267685099,50.0,10.0,P1-outbreak,0.00688
100000,22566,3,0.22566,3.5,0,2,1,"(40, 50, 140)",1,377,9670733966771695981,50.0,10.0,P1-outbreak,0.00086
100000,21617,2,0.21617,3.5,0,2,0,"(40, 50, 140)",1,378,7867212134783089303,50.0,10.0,P1-outbreak,-0.00198
100000,27,1,0.00027,3.5,0,1,2,"(40, 50, 140)",0,379,8328162092882001322,50.0,10.0,P1-outbreak,0.0018
100000,3,2,3e-05,3.5,0,2,0,"(40, 50, 140)",0,380,274540935582282276,50.0,10.0,P1-outbreak,0.00638
100000,3,1,3e-05,3.5,0,1,1,"(40, 50, 140)",0,381,8956128492822805585,50.0,10.0,P1-outbreak,0.0039
100000,22078,1,0.22078,3.5,0,1,0,"(40, 50, 140)",1,382,16817906283140151253,50.0,10.0,P1-outbreak,-0.00414
100000,4,1,4e-05,3.5,0,1,1,"(40, 50, 140)",0,383,1728711232657803496,50.0,10.0,P1-outbreak,0.0039
100000,3,2,3e-05,3.5,0,2,0,"(40, 50, 140)",0,384,969670466060215015,50.0,10.0,P1-outbreak,0.00174
100000,2,1,2e-05,3.5,0,1,0,"(40, 50, 140)",0,385,725205920680170831,50.0,10.0,P1-outbreak,-0.00174
100000,1,0,1e-05,3.5,0,0,0,"(40, 50, 140)",0,386,8355323510825885477,50.0,10.0,P1-outbreak,-0.00138
100000,1,0,1e-05,3.5,0,0,0,"(40, 50, 140)",0,387,11348881753608566444,50.0,10.0,P1-outbreak,-0.00352
100000,1,0,1e-05,3.5,0,0,0,"(40, 50, 140)",0,388,2467014174328300465,50.0,10.0,P1-outbreak,0.00214
100000,2,1,2e-05,3.5,0,1,0,"(40, 50, 140)",0,389,14231039435800013997,50.0,10.0,P1-outbreak,0.00064
100000,23221,2,0.23221,3.5,0,0,2,"(40, 50, 140)",1,390,3672478725696248900,50.0,10.0,P1-outbreak,0.00168
100000,5,1,5e-05,3.5,0,1,1,"(40, 50, 140)",0,391,16903242618593747632,50.0,10.0,P1-outbreak,-0.0028
100000,1,0,1e-05,3.5,0,0,0,"(40, 50, 140)",0,392,9810812698764829560,50.0,10.0,P1-outbreak,0.00252
100000,21650,3,0.2165,3.5,0,0,1,"(40, 50, 140)",1,393,861206127970166866,50.0,10.0,P1-outbreak,0.00064
100000,1,0,1e-05,3.5,0,0,0,"(40, 50, 140)",0,394,16086584768190289509,50.0,10.0,P1-outbreak,-0.00242
100000,1,0,1e-05,3.5,0,0,0,"(40, 50, 140)",0,395,1545558847629053808,50.0,10.0,P1-outbreak,0.00198
100000,2,1,2e-05,3.5,0,1,0,"(40, 50, 140)",0,396,1297612547033144935,50.0,10.0,P1-outbreak,0.00576
100000,1,0,1e-05,3.5,0,0,0,"(40, 50, 140)",0,397,5546077044626355851,50.0,10.0,P1-outbreak,0.00156
100000,4,1,4e-05,3.5,0,1,1,"(40, 50, 140)",0,398,15810384464826327708,50.0,10.0,P1-outbreak,0.00042
100000,1,0,1e-05,3.5,0,0,0,"(40, 50, 140)",0,399,18089461100629051004,50.0,10.0,P1-outbreak,-0.00174
100000,42,1,0.00042,3.5,0,1,2,"(40, 50, 140)",0,400,17711939193074038232,50.0,10.0,P1-outbreak,0.00062
100000,1,0,1e-05,3.5,0,0,0,"(40, 50, 140)",0,401,117149245983165618,50.0,10.0,P1-outbreak,0.0016
100000,1,0,1e-05,3.5,0,0,0,"(40, 50, 140)",0,402,15812029234460223707,50.0,10.0,P1-outbreak,0.0035
100000,22202,3,0.22202,3.5,0,1,0,"(40, 50, 140)",1,403,2956164754673863999,50.0,10.0,P1-outbreak,0.0011
100000,1,0,1e-05,3.5,0,0,0,"(40, 50, 140)",0,404,15642817304073731896,50.0,10.0,P1-outbreak,0.00068
100000,23571,5,0.23571,3.5,0,3,8,"(40, 50, 140)",1,405,14117886610996028332,50.0,10.0,P1-outbreak,0.00168
100000,8,2,8e-05,3.5,0,2,3,"(40, 50, 140)",0,406,16778966046161940367,50.0,10.0,P1-outbreak,0.0007
100000,11,3,0.00011,3.5,0,3,4,"(40, 50, 140)",0,407,15121115619574239592,50.0,10.0,P1-outbreak,0.00162
100000,21805,6,0.21805,3.5,0,3,4,"(40, 50, 140)",1,408,16262292072354684081,50.0,10.0,P1-outbreak,-0.00306
100000,1,0,1e-05,3.5,0,0,0,"(40, 50, 140)",0,409,311540064185137409,50.0,10.0,P1-outbreak,0.00016
100000,22005,3,0.22005,3.5,0,0,3,"(40, 50, 140)",1,410,16311203027276519192,50.0,10.0,P1-outbreak,-0.00038
100000,15,1,0.00015,3.5,0,1,2,"(40, 50, 140)",0,411,2160162137962347773,50.0,10.0,P1-outbreak,0.00276
100000,16,1,0.00016,3.5,0,1,2,"(40, 50, 140)",0,412,15987080518745434987,50.0,10.0,P1-outbreak,-0.00342
100000,1,0,1e-05,3.5,0,0,0,"(40, 50, 140)",0,413,3320942967929876827,50.0,10.0,P1-outbreak,-0.00502
100000,2,1,2e-05,3.5,0,1,0,"(40, 50, 140)",0,414,4932094261120899711,50.0,10.0,P1-outbreak,0.00142
100000,22179,5,0.22179,3.5,0,1,1,"(40, 50, 140)",1,415,8217744628924834834,50.0,10.0,P1-outbreak,0.00046
100000,20615,1,0.20615,3.5,0,0,0,"(40, 50, 140)",1,416,15724116936807363094,50.0,10.0,P1-outbreak,0.00096
100000,1,0,1e-05,3.5,0,0,0,"(40, 50, 140)",0,417,3198727488101403387,50.0,10.0,P1-outbreak,0.00168
100000,21918,7,0.21918,3.5,0,2,3,"(40, 50, 140)",1,418,5332507346928679758,50.0,10.0,P1-outbreak,-0.0058
100000,2,1,2e-05,3.5,0,1,0,"(40, 50, 140)",0,419,9748567686405546964,50.0,10.0,P1-outbreak,0.0038
100000,2,1,2e-05,3.5,0,1,0,"(40, 50, 140)",0,420,18023541871779734576,50.0,10.0,P1-outbreak,0.00032
100000,22805,4,0.22805,3.5,0,1,2,"(40, 50, 140)",1,421,664468947813535169,50.0,10.0,P1-outbreak,8e-05
100000,2,1,2e-05,3.5,0,1,0,"(40, 50, 140)",0,422,7886293772891532582,50.0,10.0,P1-outbreak,-0.0048
100000,21486,3,0.21486,3.5,0,2,0,"(40, 50, 140)",1,423,14614948061430949074,50.0,10.0,P1-outbreak,0.001
100000,1,0,1e-05,3.5,0,0,0,"(40, 50, 140)",0,424,15945358282187958432,50.0,10.0,P1-outbreak,-0.00184
100000,22633,3,0.22633,3.5,0,2,2,"(40, 50, 140)",1,425,12166836367256606125,50.0,10.0,P1-outbreak,-0.00224
100000,23033,3,0.23033,3.5,0,1,0,"(40, 50, 140)",1,426,4707642853501718925,50.0,10.0,P1-outbreak,0.00392
100000,21529,2,0.21529,3.5,0,0,3,"(40, 50, 140)",1,427,8419224732806101301,50.0,10.0,P1-outbreak,-0.00294
100000,22051,1,0.22051,3.5,0,1,1,"(40, 50, 140)",1,428,1549567974031613001,50.0,10.0,P1-outbreak,-0.00294
100000,1,0,1e-05,3.5,0,0,0,"(40, 50, 140)",0,429,1199656347445949947,50.0,10.0,P1-outbreak,-0.00412
100000,1,0,1e-05,3.5,0,0,0,"(40, 50, 140)",0,430,11144758494825198825,50.0,10.0,P1-outbreak,-0.00356
100000,1,0,1e-05,3.5,0,0,0,"(40, 50, 140)",0,431,11617918270926947727,50.0,10.0,P1-outbreak,-0.00342
100000,1,0,1e-05,3.5,0,0,0,"(40, 50, 140)",0,432,13104436380611567287,50.0,10.0,P1-outbreak,-0.00282
100000,22511,3,0.22511,3.5,0,1,1,"(40, 50, 140)",1,433,16454559995824322201,50.0,10.0,P1-outbreak,0.00066
100000,20259,1,0.20259,3.5,0,1,1,"(40, 50, 140)",1,434,11762577035769345288,50.0,10.0,P1-outbreak,-0.00052
100000,3,1,3e-05,3.5,0,1,1,"(40, 50, 140)",0,435,1457939842507051637,50.0,10.0,P1-outbreak,-0.00072
100000,1,0,1e-05,3.5,0,0,0,"(40, 50, 140)",0,436,13933909931372358029,50.0,10.0,P1-outbreak,0.00146
100000,1,0,1e-05,3.5,0,0,0,"(40, 50, 140)",0,437,31671021744941376,50.0,10.0,P1-outbreak,-0.0006
100000,11,1,0.00011,3.5,0,1,1,"(40, 50, 140)",0,438,14151647487890442413,50.0,10.0,P1-outbreak,-0.00052
100000,23597,2,0.23597,3.5,0,1,1,"(40, 50, 140)",1,439,8656671522810949361,50.0,10.0,P1-outbreak,0.00962
100000,1,0,1e-05,3.5,0,0,0,"(40, 50, 140)",0,440,16410763012500043122,50.0,10.0,P1-outbreak,-0.0028
100000,22809,3,0.22809,3.5,0,1,4,"(40, 50, 140)",1,441,10010129789492823109,50.0,10.0,P1-outbreak,-0.00322
100000,20707,3,0.20707,3.5,0,2,1,"(40, 50, 140)",1,442,13726384094735637962,50.0,10.0,P1-outbreak,-0.00388
100000,21388,5,0.21388,3.5,0,2,3,"(40, 50, 140)",1,443,2499505964734315398,50.0,10.0,P1-outbreak,-0.0012
100000,23485,3,0.23485,3.5,0,2,2,"(40, 50, 140)",1,444,13121391403156268936,50.0,10.0,P1-outbreak,0.0009
100000,1,0,1e-05,3.5,0,0,0,"(40, 50, 140)",0,445,11498960176941662030,50.0,10.0,P1-outbreak,0.0007
100000,18,2,0.00018,3.5,0,2,3,"(40, 50, 140)",0,446,15157087043335957087,50.0,10.0,P1-outbreak,0.00134
100000,1,0,1e-05,3.5,0,0,0,"(40, 50, 140)",0,447,15477646927572100481,50.0,10.0,P1-outbreak,0.00014
100000,4,1,4e-05,3.5,0,1,1,"(40, 50, 140)",0,448,10442804280385137637,50.0,10.0,P1-outbreak,-0.00232
100000,1,0,1e-05,3.5,0,0,0,"(40, 50, 140)",0,449,11371228778592546839,50.0,10.0,P1-outbreak,-0.00096
100000,24043,2,0.24043,3.5,0,2,5,"(40, 50, 140)",1,450,1751866140997646571,50.0,10.0,P1-outbreak,0.00078
100000,3,2,3e-05,3.5,0,2,0,"(40, 50, 140)",0,451,6387174102541768057,50.0,10.0,P1-outbreak,-0.00278
100000,1,0,1e-05,3.5,0,0,0,"(40, 50, 140)",0,452,13364957019320575586,50.0,10.0,P1-outbreak,0.00392
100000,21923,2,0.21923,3.5,0,2,4,"(40, 50, 140)",1,453,4140867140559159233,50.0,10.0,P1-outbreak,0.00102
100000,6,1,6e-05,3.5,0,1,2,"(40, 50, 140)",0,454,18302011221159432607,50.0,10.0,P1-outbreak,-0.00262
100000,1,0,1e-05,3.5,0,0,0,"(40, 50, 140)",0,455,16409528126472243745,50.0,10.0,P1-outbreak,8e-05
100000,35,1,0.00035,3.5,0,1,2,"(40, 50, 140)",0,456,14532523164805886768,50.0,10.0,P1-outbreak,-0.00184
100000,36,1,0.00036,3.5,0,1,2,"(40, 50, 140)",0,457,13345621637136205991,50.0,10.0,P1-outbreak,-0.00596
100000,10,1,0.0001,3.5,0,1,4,"(40, 50, 140)",0,458,8236215972132746303,50.0,10.0,P1-outbreak,0.00318
100000,22298,2,0.22298,3.5,0,1,2,"(40, 50, 140)",1,459,17418580377167453211,50.0,10.0,P1-outbreak,-0.00082
100000,1,0,1e-05,3.5,0,0,0,"(40, 50, 140)",0,460,2039110110531317317,50.0,10.0,P1-outbreak,-0.00342
100000,1,0,1e-05,3.5,0,0,0,"(40, 50, 140)",0,461,11550312793509219836,50.0,10.0,P1-outbreak,-0.0021
100000,22043,3,0.22043,3.5,0,2,1,"(40, 50, 140)",1,462,13505771654844891194,50.0,10.0,P1-outbreak,-0.00528
100000,23584,4,0.23584,3.5,0,1,0,"(40, 50, 140)",1,463,5337989956913812266,50.0,10.0,P1-outbreak,0.00178
100000,21807,3,0.21807,3.5,0,1,1,"(40, 50, 140)",1,464,6211804633656024032,50.0,10.0,P1-outbreak,0.0042
100000,3,1,3e-05,3.5,0,1,1,"(40, 50, 140)",0,465,8085773776281711355,50.0,10.0,P1-outbreak,-0.0033
100000,2,1,2e-05,3.5,0,1,0,"(40, 50, 140)",0,466,5104442085810758911,50.0,10.0,P1-outbreak,-0.0009
100000,1,0,1e-05,3.5,0,0,0,"(40, 50, 140)",0,467,5645501604704050346,50.0,10.0,P1-outbreak,0.00018
100000,1,0,1e-05,3.5,0,0,0,"(40, 50, 140)",0,468,2562227404472795922,50.0,10.0,P1-outbreak,-0.00266
100000,22241,5,0.22241,3.5,0,3,2,"(40, 50, 140)",1,469,15318011270368689801,50.0,10.0,P1-outbreak,0.00018
100000,23417,5,0.23417,3.5,0,2,2,"(40, 50, 140)",1,470,800390541683211401,50.0,10.0,P1-outbreak,0.00484
100000,5,1,5e-05,3.5,0,1,1,"(40, 50, 140)",0,471,18260261335553672856,50.0,10.0,P1-outbreak,-0.00364
100000,22561,3,0.22561,3.5,0,2,4,"(40, 50, 140)",1,472,16536188254009854397,50.0,10.0,P1-outbreak,0.00328
100000,1,0,1e-05,3.5,0,0,0,"(40, 50, 140)",0,473,4403708729398071963,50.0,10.0,P1-outbreak,0.0035
100000,4,1,4e-05,3.5,0,1,1,"(40, 50, 140)",0,474,4629354337158587712,50.0,10.0,P1-outbreak,0.00248
100000,1,0,1e-05,3.5,0,0,0,"(40, 50, 140)",0,475,15173854809159418442,50.0,10.0,P1-outbreak,0.00118
100000,1,0,1e-05,3.5,0,0,0,"(40, 50, 140)",0,476,12431559218647760144,50.0,10.0,P1-outbreak,-0.00288
100000,22154,1,0.22154,3.5,0,0,2,"(40, 50, 140)",1,477,3682780697671927649,50.0,10.0,P1-outbreak,0.00324
100000,1,0,1e-05,3.5,0,0,0,"(40, 50, 140)",0,478,7405152575511394418,50.0,10.0,P1-outbreak,-0.00116
100000,21953,1,0.21953,3.5,0,0,2,"(40, 50, 140)",1,479,11189737132511804927,50.0,10.0,P1-outbreak,-0.0056
100000,8,1,8e-05,3.5,0,1,2,"(40, 50, 140)",0,480,12949024722761593018,50.0,10.0,P1-outbreak,-0.0044
100000,1,0,1e-05,3.5,0,0,0,"(40, 50, 140)",0,481,7980259913117949019,50.0,10.0,P1-outbreak,0.00702
100000,1,0,1e-05,3.5,0,0,0,"(40, 50, 140)",0,482,825239115248243166,50.0,10.0,P1-outbreak,-0.00094
100000,2,1,2e-05,3.5,0,1,0,"(40, 50, 140)",0,483,15337366777923100263,50.0,10.0,P1-outbreak,0.00078
100000,1,0,1e-05,3.5,0,0,0,"(40, 50, 140)",0,484,12264568556368426608,50.0,10.0,P1-outbreak,-0.00038
100000,23357,4,0.23357,3.5,0,0,0,"(40, 50, 140)",1,485,8220000138573802254,50.0,10.0,P1-outbreak,0.00422
100000,2,1,2e-05,3.5,0,1,0,"(40, 50, 140)",0,486,10972635430239654775,50.0,10.0,P1-outbreak,-0.00722
100000,4,1,4e-05,3.5,0,1,2,"(40, 50, 140)",0,487,9362002352113903848,50.0,10.0,P1-outbreak,0.00042
100000,5,2,5e-05,3.5,0,2,1,"(40, 50, 140)",0,488,385484066237615802,50.0,10.0,P1-outbreak,0.00066
100000,23715,2,0.23715,3.5,0,1,2,"(40, 50, 140)",1,489,5677576790360770657,50.0,10.0,P1-outbreak,0.00288
100000,1,0,1e-05,3.5,0,0,0,"(40, 50, 140)",0,490,1362214478779181691,50.0,10.0,P1-outbreak,0.00382
100000,22249,4,0.22249,3.5,0,1,1,"(40, 50, 140)",1,491,14242390290196860369,50.0,10.0,P1-outbreak,-0.0044
100000,1,0,1e-05,3.5,0,0,0,"(40, 50, 140)",0,492,15719248523447745545,50.0,10.0,P1-outbreak,-0.00128
100000,1,0,1e-05,3.5,0,0,0,"(40, 50, 140)",0,493,11210210544477151587,50.0,10.0,P1-outbreak,-0.00222
100000,4,1,4e-05,3.5,0,1,1,"(40, 50, 140)",0,494,11214041429260530993,50.0,10.0,P1-outbreak,0.00178
100000,2,1,2e-05,3.5,0,1,0,"(40, 50, 140)",0,495,5202964142559992655,50.0,10.0,P1-outbreak,0.00252
100000,6,1,6e-05,3.5,0,1,3,"(40, 50, 140)",0,496,9622733073955266873,50.0,10.0,P1-outbreak,-0.00512
100000,22262,3,0.22262,3.5,0,2,1,"(40, 50, 140)",1,497,12401739598642292435,50.0,10.0,P1-outbreak,-0.0009
100000,1,0,1e-05,3.5,0,0,0,"(40, 50, 140)",0,498,5963356008592614481,50.0,10.0,P1-outbreak,0.00462
100000,21164,3,0.21164,3.5,0,1,0,"(40, 50, 140)",1,499,8608234559899860814,50.0,10.0,P1-outbreak,-0.00424
100000,4,3,4e-05,3.5,0,3,0,"(40, 50, 140)",0,500,7258920315870105272,50.0,10.0,P1-outbreak,0.008
100000,21175,3,0.21175,3.5,0,1,1,"(40, 50, 140)",1,501,6067761287375400364,50.0,10.0,P1-outbreak,-0.00116
100000,2,1,2e-05,3.5,0,1,0,"(40, 50, 140)",0,502,10125050233943038824,50.0,10.0,P1-outbreak,-0.0004
100000,5,2,5e-05,3.5,0,2,2,"(40, 50, 140)",0,503,8307896171026940008,50.0,10.0,P1-outbreak,0.00476
100000,2,1,2e-05,3.5,0,1,0,"(40, 50, 140)",0,504,6751800915680229701,50.0,10.0,P1-outbreak,-0.00056
100000,3,2,3e-05,3.5,0,2,0,"(40, 50, 140)",0,505,17033294724218598710,50.0,10.0,P1-outbreak,-0.00042
100000,1,0,1e-05,3.5,0,0,0,"(40, 50, 140)",0,506,10574811702400131129,50.0,10.0,P1-outbreak,0.0005
100000,22322,1,0.22322,3.5,0,1,0,"(40, 50, 140)",1,507,7184431831727903993,50.0,10.0,P1-outbreak,8e-05
100000,4,1,4e-05,3.5,0,1,1,"(40, 50, 140)",0,508,16194119954344045171,50.0,10.0,P1-outbreak,-0.00378
100000,22827,4,0.22827,3.5,0,1,3,"(40, 50, 140)",1,509,10078050155332382151,50.0,10.0,P1-outbreak,0.00228
100000,21988,2,0.21988,3.5,0,0,1,"(40, 50, 140)",1,510,10762583045106255289,50.0,10.0,P1-outbreak,-0.00384
100000,23424,1,0.23424,3.5,0,1,1,"(40, 50, 140)",1,511,16583997052453639851,50.0,10.0,P1-outbreak,0.00594
100000,1,0,1e-05,3.5,0,0,0,"(40, 50, 140)",0,512,11099961123469587050,50.0,10.0,P1-outbreak,-0.0034
100000,1,0,1e-05,3.5,0,0,0,"(40, 50, 140)",0,513,15247427818973674548,50.0,10.0,P1-outbreak,0.00846
100000,22205,1,0.22205,3.5,0,0,1,"(40, 50, 140)",1,514,3234565992949423974,50.0,10.0,P1-outbreak,0.00074
100000,22381,1,0.22381,3.5,0,1,1,"(40, 50, 140)",1,515,1058955078645933384,50.0,10.0,P1-outbreak,0.00198
100000,8,1,8e-05,3.5,0,1,2,"(40, 50, 140)",0,516,13426637190204021465,50.0,10.0,P1-outbreak,0.0041
100000,1,0,1e-05,3.5,0,0,0,"(40, 50, 140)",0,517,12280993413549492502,50.0,10.0,P1-outbreak,0.00072
100000,22504,2,0.22504,3.5,0,1,4,"(40, 50, 140)",1,518,16589614021398639674,50.0,10.0,P1-outbreak,-0.00266
100000,1,0,1e-05,3.5,0,0,0,"(40, 50, 140)",0,519,4334225065789791046,50.0,10.0,P1-outbreak,0.00588
100000,22359,6,0.22359,3.5,0,3,4,"(40, 50, 140)",1,520,3029949381157836719,50.0,10.0,P1-outbreak,0.00276
100000,23318,1,0.23318,3.5,0,1,0,"(40, 50, 140)",1,521,4401599982921472270,50.0,10.0,P1-outbreak,-0.00024
100000,9,3,9e-05,3.5,0,3,3,"(40, 50, 140)",0,522,4225275759095637907,50.0,10.0,P1-outbreak,-0.00324
100000,4,2,4e-05,3.5,0,2,1,"(40, 50, 140)",0,523,17811809563157350927,50.0,10.0,P1-outbreak,-0.00346
100000,21860,6,0.2186,3.5,0,2,1,"(40, 50, 140)",1,524,7337775707657527344,50.0,10.0,P1-outbreak,0.00182
100000,1,0,1e-05,3.5,0,0,0,"(40, 50, 140)",0,525,4298226576522415730,50.0,10.0,P1-outbreak,0.0068
100000,21446,4,0.21446,3.5,0,2,3,"(40, 50, 140)",1,526,7552388649218038299,50.0,10.0,P1-outbreak,0.00272
100000,5,2,5e-05,3.5,0,2,2,"(40, 50, 140)",0,527,8386374957816351100,50.0,10.0,P1-outbreak,-0.00188
100000,21457,3,0.21457,3.5,0,0,2,"(40, 50, 140)",1,528,3015299008082600104,50.0,10.0,P1-outbreak,0.0033
100000,1,0,1e-05,3.5,0,0,0,"(40, 50, 140)",0,529,8484081115606022624,50.0,10.0,P1-outbreak,-0.00752
100000,1,0,1e-05,3.5,0,0,0,"(40, 50, 140)",0,530,10568035591267289777,50.0,10.0,P1-outbreak,-0.00386
100000,4,2,4e-05,3.5,0,2,1,"(40, 50, 140)",0,531,1594408501615578225,50.0,10.0,P1-outbreak,-0.00536
100000,21,2,0.00021,3.5,0,2,6,"(40, 50, 140)",0,532,882009966609893964,50.0,10.0,P1-outbreak,-0.00336
100000,2,1,2e-05,3.5,0,1,0,"(40, 50, 140)",0,533,14201553228652746784,50.0,10.0,P1-outbreak,0.00124
100000,21907,1,0.21907,3.5,0,0,1,"(40, 50, 140)",1,534,6856239601291356110,50.0,10.0,P1-outbreak,-0.00212
100000,1,0,1e-05,3.5,0,0,0,"(40, 50, 140)",0,535,14923453327943412254,50.0,10.0,P1-outbreak,0.0017
100000,1,0,1e-05,3.5,0,0,0,"(40, 50, 140)",0,536,4225019314175348743,50.0,10.0,P1-outbreak,-0.0011
100000,39,4,0.00039,3.5,0,4,6,"(40, 50, 140)",0,537,14719635039977197373,50.0,10.0,P1-outbreak,-0.0006
100000,51,2,0.00051,3.5,0,2,4,"(40, 50, 140)",0,538,11693827235962719942,50.0,10.0,P1-outbreak,-0.00462
100000,2,1,2e-05,3.5,0,1,0,"(40, 50, 140)",0,539,995509655127625937,50.0,10.0,P1-outbreak,0.00408
100000,72,2,0.00072,3.5,0,2,2,"(40, 50, 140)",0,540,2815589913249089642,50.0,10.0,P1-outbreak,0.0017
100000,2,1,2e-05,3.5,0,1,0,"(40, 50, 140)",0,541,12968691768969555332,50.0,10.0,P1-outbreak,0.0037
100000,21948,1,0.21948,3.5,0,1,2,"(40, 50, 140)",1,542,17975438948292585745,50.0,10.0,P1-outbreak,0.00306
100000,2,1,2e-05,3.5,0,1,0,"(40, 50, 140)",0,543,9464361558553298120,50.0,10.0,P1-outbreak,0.00224
100000,23785,2,0.23785,3.5,0,2,1,"(40, 50, 140)",1,544,13960116887997657502,50.0,10.0,P1-outbreak,0.00178
100000,1,0,1e-05,3.5,0,0,0,"(40, 50, 140)",0,545,8144982045924961707,50.0,10.0,P1-outbreak,-0.0001
100000,51,1,0.00051,3.5,0,1,2,"(40, 50, 140)",0,546,16146636901013201980,50.0,10.0,P1-outbreak,0.00022
100000,2,1,2e-05,3.5,0,1,0,"(40, 50, 140)",0,547,5022708496072945345,50.0,10.0,P1-outbreak,0.00398
100000,22572,3,0.22572,3.5,0,2,2,"(40, 50, 140)",1,548,95349882348306362,50.0,10.0,P1-outbreak,-0.0017
100000,22539,1,0.22539,3.5,0,0,2,"(40, 50, 140)",1,549,14894738313438088385,50.0,10.0,P1-outbreak,0.00222
100000,1,0,1e-05,3.5,0,0,0,"(40, 50, 140)",0,550,4442740194689240519,50.0,10.0,P1-outbreak,-0.00116
100000,5,1,5e-05,3.5,0,1,1,"(40, 50, 140)",0,551,13541145242812836822,50.0,10.0,P1-outbreak,-0.00318
100000,22797,6,0.22797,3.5,0,0,1,"(40, 50, 140)",1,552,875680887277665031,50.0,10.0,P1-outbreak,0.00354
100000,7,1,7e-05,3.5,0,1,2,"(40, 50, 140)",0,553,11719336587303161498,50.0,10.0,P1-outbreak,-0.00608
100000,21378,2,0.21378,3.5,0,1,1,"(40, 50, 140)",1,554,5534396958220163177,50.0,10.0,P1-outbreak,-0.00262
100000,23808,1,0.23808,3.5,0,1,1,"(40, 50, 140)",1,555,2668582869066988225,50.0,10.0,P1-outbreak,0.00428
100000,2,1,2e-05,3.5,0,1,0,"(40, 50, 140)",0,556,13180172278055396583,50.0,10.0,P1-outbreak,0.00068
100000,21237,2,0.21237,3.5,0,0,1,"(40, 50, 140)",1,557,14397158405985357085,50.0,10.0,P1-outbreak,-0.00444
100000,21024,5,0.21024,3.5,0,3,1,"(40, 50, 140)",1,558,18023619690641563515,50.0,10.0,P1-outbreak,-0.00372
100000,2,1,2e-05,3.5,0,1,0,"(40, 50, 140)",0,559,8028507586277933657,50.0,10.0,P1-outbreak,0.00104
100000,2,1,2e-05,3.5,0,1,0,"(40, 50, 140)",0,560,6304640314742608945,50.0,10.0,P1-outbreak,-0.00056
100000,22250,1,0.2225,3.5,0,1,1,"(40, 50, 140)",1,561,11814210845097316509,50.0,10.0,P1-outbreak,-0.00186
100000,5,1,5e-05,3.5,0,1,2,"(40, 50, 140)",0,562,6762281480281530508,50.0,10.0,P1-outbreak,-0.00732
100000,21831,2,0.21831,3.5,0,1,3,"(40, 50, 140)",1,563,16798120030352302073,50.0,10.0,P1-outbreak,0.00068
100000,22499,1,0.22499,3.5,0,0,0,"(40, 50, 140)",1,564,2869566161399994350,50.0,10.0,P1-outbreak,0.00112
100000,6,1,6e-05,3.5,0,1,2,"(40, 50, 140)",0,565,16597065665137517841,50.0,10.0,P1-outbreak,-0.0013
100000,22757,2,0.22757,3.5,0,2,1,"(40, 50, 140)",1,566,775402312154320626,50.0,10.0,P1-outbreak,0.00104
100000,1,0,1e-05,3.5,0,0,0,"(40, 50, 140)",0,567,7859046645232803973,50.0,10.0,P1-outbreak,-0.00026
100000,1,0,1e-05,3.5,0,0,0,"(40, 50, 140)",0,568,6655581081446302288,50.0,10.0,P1-outbreak,0.0033
100000,20798,2,0.20798,3.5,0,2,2,"(40, 50, 140)",1,569,9141204404357170417,50.0,10.0,P1-outbreak,-0.0013
100000,20478,6,0.20478,3.5,0,1,0,"(40, 50, 140)",1,570,5898156151598373171,50.0,10.0,P1-outbreak,-0.00492
100000,19783,2,0.19783,3.5,0,1,2,"(40, 50, 140)",1,571,17986984889418610962,50.0,10.0,P1-outbreak,-0.00464
100000,25,1,0.00025,3.5,0,1,1,"(40, 50, 140)",0,572,1568241098897018209,50.0,10.0,P1-outbreak,-0.00382
100000,1,0,1e-05,3.5,0,0,0,"(40, 50, 140)",0,573,9166470938628528274,50.0,10.0,P1-outbreak,0.00272
100000,20717,3,0.20717,3.5,0,1,3,"(40, 50, 140)",1,574,7869444273843863946,50.0,10.0,P1-outbreak,-0.00336
100000,1,0,1e-05,3.5,0,0,0,"(40, 50, 140)",0,575,10073369801338035829,50.0,10.0,P1-outbreak,-0.00118
100000,64,4,0.00064,3.5,0,4,2,"(40, 50, 140)",0,576,4774054258428809969,50.0,10.0,P1-outbreak,-0.0041
100000,2,1,2e-05,3.5,0,1,0,"(40, 50, 140)",0,577,3073767294256811599,50.0,10.0,P1-outbreak,-0.00168
100000,1,0,1e-05,3.5,0,0,0,"(40, 50, 140)",0,578,15639973774500454989,50.0,10.0,P1-outbreak,0.00058
100000,6,1,6e-05,3.5,0,1,1,"(40, 50, 140)",0,579,18207070343411339387,50.0,10.0,P1-outbreak,0.00232
100000,2,1,2e-05,3.5,0,1,0,"(40, 50, 140)",0,580,12787538438690711228,50.0,10.0,P1-outbreak,-0.0056
100000,1,0,1e-05,3.5,0,0,0,"(40, 50, 140)",0,581,11823456296782949916,50.0,10.0,P1-outbreak,-0.00092
100000,1,0,1e-05,3.5,0,0,0,"(40, 50, 140)",0,582,13830310556010385400,50.0,10.0,P1-outbreak,-0.002
100000,23370,3,0.2337,3.5,0,2,2,"(40, 50, 140)",1,583,11239734057430882849,50.0,10.0,P1-outbreak,0.0026
100000,22126,1,0.22126,3.5,0,1,1,"(40, 50, 140)",1,584,18337590432934556657,50.0,10.0,P1-outbreak,0.00302
100000,21458,5,0.21458,3.5,0,4,0,"(40, 50, 140)",1,585,935749308573054769,50.0,10.0,P1-outbreak,-0.00318
100000,2,1,2e-05,3.5,0,1,0,"(40, 50, 140)",0,586,3681991676556721298,50.0,10.0,P1-outbreak,0.00042
100000,1,0,1e-05,3.5,0,0,0,"(40, 50, 140)",0,587,12004820067123799316,50.0,10.0,P1-outbreak,0.00096
100000,31,2,0.00031,3.5,0,2,2,"(40, 50, 140)",0,588,13519598104746056830,50.0,10.0,P1-outbreak,0.00434
100000,21600,3,0.216,3.5,0,3,1,"(40, 50, 140)",1,589,9415988241559655709,50.0,10.0,P1-outbreak,0.00268
100000,2,1,2e-05,3.5,0,1,0,"(40, 50, 140)",0,590,7093339919789838698,50.0,10.0,P1-outbreak,0.00202
100000,1,0,1e-05,3.5,0,0,0,"(40, 50, 140)",0,591,8997750491519107147,50.0,10.0,P1-outbreak,-0.00148
100000,2,1,2e-05,3.5,0,1,0,"(40, 50, 140)",0,592,13085510970266604759,50.0,10.0,P1-outbreak,-0.0087
100000,1,0,1e-05,3.5,0,0,0,"(40, 50, 140)",0,593,10021047982140703431,50.0,10.0,P1-outbreak,-0.0014
100000,15,1,0.00015,3.5,0,1,2,"(40, 50, 140)",0,594,14978620307544155328,50.0,10.0,P1-outbreak,-0.00634
100000,3,2,3e-05,3.5,0,2,0,"(40, 50, 140)",0,595,12358892326473522573,50.0,10.0,P1-outbreak,0.00026
100000,2,1,2e-05,3.5,0,1,0,"(40, 50, 140)",0,596,12439227090772213418,50.0,10.0,P1-outbreak,0.00282
100000,1,0,1e-05,3.5,0,0,0,"(40, 50, 140)",0,597,3966198102934044973,50.0,10.0,P1-outbreak,0.00566
100000,22414,3,0.22414,3.5,0,1,2,"(40, 50, 140)",1,598,6504006129264202560,50.0,10.0,P1-outbreak,-0.00242
100000,64,2,0.00064,3.5,0,2,2,"(40, 50, 140)",0,599,17304366812362218930,50.0,10.0,P1-outbreak,-0.00486
100000,1,0,1e-05,3.5,0,0,0,"(40, 50, 140)",0,600,11917964365688970558,50.0,10.0,P1-outbreak,-0.00092
100000,1,0,1e-05,3.5,0,0,0,"(40, 50, 140)",0,601,10921675029972715931,50.0,10.0,P1-outbreak,-0.0006
100000,2,1,2e-05,3.5,0,1,0,"(40, 50, 140)",0,602,10584571627709436743,50.0,10.0,P1-outbreak,0.00028
100000,1,0,1e-05,3.5,0,0,0,"(40, 50, 140)",0,603,1171916924309729960,50.0,10.0,P1-outbreak,0.00324
100000,22769,2,0.22769,3.5,0,1,1,"(40, 50, 140)",1,604,17584910447531509731,50.0,10.0,P1-outbreak,0.00108
100000,1,0,1e-05,3.5,0,0,0,"(40, 50, 140)",0,605,2068973174450183554,50.0,10.0,P1-outbreak,-0.0079
100000,2,1,2e-05,3.5,0,1,0,"(40, 50, 140)",0,606,12839184281642069052,50.0,10.0,P1-outbreak,-0.00212
100000,1,0,1e-05,3.5,0,0,0,"(40, 50, 140)",0,607,7966805439603755303,50.0,10.0,P1-outbreak,-0.00172
100000,22941,2,0.22941,3.5,0,1,2,"(40, 50, 140)",1,608,5142429982566814279,50.0,10.0,P1-outbreak,0.0036
100000,23158,2,0.23158,3.5,0,1,2,"(40, 50, 140)",1,609,7864027055430374211,50.0,10.0,P1-outbreak,-0.00036
100000,22903,3,0.22903,3.5,0,2,2,"(40, 50, 140)",1,610,5602472393747852768,50.0,10.0,P1-outbreak,0.00186
100000,3,2,3e-05,3.5,0,2,0,"(40, 50, 140)",0,611,2563160964328024427,50.0,10.0,P1-outbreak,0.00638
100000,3,1,3e-05,3.5,0,1,1,"(40, 50, 140)",0,612,1109340404483697656,50.0,10.0,P1-outbreak,-0.00524
100000,23438,2,0.23438,3.5,0,0,1,"(40, 50, 140)",1,613,94847170196963093,50.0,10.0,P1-outbreak,0.00438
100000,7,1,7e-05,3.5,0,1,2,"(40, 50, 140)",0,614,9203380447468528978,50.0,10.0,P1-outbreak,-0.00046
100000,1,0,1e-05,3.5,0,0,0,"(40, 50, 140)",0,615,2640470567454178051,50.0,10.0,P1-outbreak,-0.00088
100000,22719,2,0.22719,3.5,0,1,1,"(40, 50, 140)",1,616,1183898926037829668,50.0,10.0,P1-outbreak,0.00432
100000,2,1,2e-05,3.5,0,1,0,"(40, 50, 140)",0,617,3586912742564774431,50.0,10.0,P1-outbreak,-0.00242
100000,2,1,2e-05,3.5,0,1,0,"(40, 50, 140)",0,618,1955158670105956072,50.0,10.0,P1-outbreak,-0.00136
100000,1,0,1e-05,3.5,0,0,0,"(40, 50, 140)",0,619,5530481276863042902,50.0,10.0,P1-outbreak,-0.00082
100000,10,1,0.0001,3.5,0,1,2,"(40, 50, 140)",0,620,11749252602820766151,50.0,10.0,P1-outbreak,0.00018
100000,2,1,2e-05,3.5,0,1,0,"(40, 50, 140)",0,621,2145765684526068406,50.0,10.0,P1-outbreak,0.00084
100000,23274,2,0.23274,3.5,0,1,2,"(40, 50, 140)",1,622,1925756306368413776,50.0,10.0,P1-outbreak,0.00402
100000,21265,3,0.21265,3.5,0,3,5,"(40, 50, 140)",1,623,6924967080186540957,50.0,10.0,P1-outbreak,-0.00096
100000,17,2,0.00017,3.5,0,2,4,"(40, 50, 140)",0,624,6866542597447819598,50.0,10.0,P1-outbreak,-0.00414
100000,2,1,2e-05,3.5,0,1,0,"(40, 50, 140)",0,625,9499754629121807286,50.0,10.0,P1-outbreak,0.00058
100000,1,0,1e-05,3.5,0,0,0,"(40, 50, 140)",0,626,6663370744479993763,50.0,10.0,P1-outbreak,-0.00108
100000,1,0,1e-05,3.5,0,0,0,"(40, 50, 140)",0,627,9315034550263565674,50.0,10.0,P1-outbreak,-0.00136
100000,6,1,6e-05,3.5,0,1,1,"(40, 50, 140)",0,628,5410972415687317734,50.0,10.0,P1-outbreak,-0.00062
100000,22179,2,0.22179,3.5,0,1,0,"(40, 50, 140)",1,629,17499929999622591249,50.0,10.0,P1-outbreak,0.00484
100000,4,1,4e-05,3.5,0,1,1,"(40, 50, 140)",0,630,15102206832597621212,50.0,10.0,P1-outbreak,-0.00084
100000,32,3,0.00032,3.5,0,3,4,"(40, 50, 140)",0,631,2861988387092254751,50.0,10.0,P1-outbreak,0.00264
100000,1,0,1e-05,3.5,0,0,0,"(40, 50, 140)",0,632,7771354887714967881,50.0,10.0,P1-outbreak,0.00014
100000,1,0,1e-05,3.5,0,0,0,"(40, 50, 140)",0,633,5286546846764462532,50.0,10.0,P1-outbreak,-0.00186
100000,11,2,0.00011,3.5,0,2,1,"(40, 50, 140)",0,634,15695059994887446603,50.0,10.0,P1-outbreak,-0.00464
100000,1,0,1e-05,3.5,0,0,0,"(40, 50, 140)",0,635,9598423574801060409,50.0,10.0,P1-outbreak,-0.00708
100000,11,1,0.00011,3.5,0,1,2,"(40, 50, 140)",0,636,5948770698693382005,50.0,10.0,P1-outbreak,-0.00078
100000,1,0,1e-05,3.5,0,0,0,"(40, 50, 140)",0,637,5674299527074664961,50.0,10.0,P1-outbreak,-0.00044
100000,14,1,0.00014,3.5,0,1,3,"(40, 50, 140)",0,638,17965655991146390349,50.0,10.0,P1-outbreak,0.00266
100000,19422,4,0.19422,3.5,0,1,1,"(40, 50, 140)",1,639,6194082225435421837,50.0,10.0,P1-outbreak,-0.00368
100000,22417,1,0.22417,3.5,0,0,2,"(40, 50, 140)",1,640,9536566366043727471,50.0,10.0,P1-outbreak,-0.00426
100000,1,0,1e-05,3.5,0,0,0,"(40, 50, 140)",0,641,6832581148171910955,50.0,10.0,P1-outbreak,0.00162
100000,2,1,2e-05,3.5,0,1,0,"(40, 50, 140)",0,642,5875255298922663148,50.0,10.0,P1-outbreak,0.00392
100000,21130,3,0.2113,3.5,0,2,2,"(40, 50, 140)",1,643,596794069693474983,50.0,10.0,P1-outbreak,-0.00798
100000,24131,1,0.24131,3.5,0,0,0,"(40, 50, 140)",1,644,3131478303576120847,50.0,10.0,P1-outbreak,0.00218
100000,2,1,2e-05,3.5,0,1,0,"(40, 50, 140)",0,645,15484506396211199921,50.0,10.0,P1-outbreak,0.00154
100000,2,1,2e-05,3.5,0,1,0,"(40, 50, 140)",0,646,13378804012355708723,50.0,10.0,P1-outbreak,0.00636
100000,1,0,1e-05,3.5,0,0,0,"(40, 50, 140)",0,647,7208297520938829778,50.0,10.0,P1-outbreak,0.0032
100000,1,0,1e-05,3.5,0,0,0,"(40, 50, 140)",0,648,8260994494197472612,50.0,10.0,P1-outbreak,0.00438
100000,4,1,4e-05,3.5,0,1,2,"(40, 50, 140)",0,649,397320753226330342,50.0,10.0,P1-outbreak,0.0026
100000,2,1,2e-05,3.5,0,1,0,"(40, 50, 140)",0,650,16581090969776172,50.0,10.0,P1-outbreak,-0.0051
100000,1,0,1e-05,3.5,0,0,0,"(40, 50, 140)",0,651,12891933336418331834,50.0,10.0,P1-outbreak,-0.00096
100000,79,2,0.00079,3.5,0,2,3,"(40, 50, 140)",0,652,4142441298171232642,50.0,10.0,P1-outbreak,0.0002
100000,1,0,1e-05,3.5,0,0,0,"(40, 50, 140)",0,653,889431105262781399,50.0,10.0,P1-outbreak,-0.00456
100000,1,0,1e-05,3.5,0,0,0,"(40, 50, 140)",0,654,9782180724739678410,50.0,10.0,P1-outbreak,-0.00224
100000,1,0,1e-05,3.5,0,0,0,"(40, 50, 140)",0,655,6032555214097652219,50.0,10.0,P1-outbreak,-0.00162
100000,23536,2,0.23536,3.5,0,0,0,"(40, 50, 140)",1,656,18178718920719247367,50.0,10.0,P1-outbreak,0.00324
100000,23169,2,0.23169,3.5,0,1,2,"(40, 50, 140)",1,657,3721571184874973261,50.0,10.0,P1-outbreak,0.00776
100000,1,0,1e-05,3.5,0,0,0,"(40, 50, 140)",0,658,6795174770906847802,50.0,10.0,P1-outbreak,0.00072
100000,1,0,1e-05,3.5,0,0,0,"(40, 50, 140)",0,659,13074961165465774972,50.0,10.0,P1-outbreak,-0.00196
100000,22565,3,0.22565,3.5,0,1,4,"(40, 50, 140)",1,660,8230399432114963099,50.0,10.0,P1-outbreak,0.00016
100000,2,1,2e-05,3.5,0,1,0,"(40, 50, 140)",0,661,6131093854057449078,50.0,10.0,P1-outbreak,-0.00104
100000,2,1,2e-05,3.5,0,1,0,"(40, 50, 140)",0,662,13040893532661685255,50.0,10.0,P1-outbreak,0.00082
100000,12,1,0.00012,3.5,0,1,1,"(40, 50, 140)",0,663,14888388300462999363,50.0,10.0,P1-outbreak,0.0085
100000,20969,2,0.20969,3.5,0,1,3,"(40, 50, 140)",1,664,947539081490730244,50.0,10.0,P1-outbreak,-0.00492
100000,6,3,6e-05,3.5,0,3,2,"(40, 50, 140)",0,665,11635197426622533108,50.0,10.0,P1-outbreak,0.0041
100000,1,0,1e-05,3.5,0,0,0,"(40, 50, 140)",0,666,12370318936437811114,50.0,10.0,P1-outbreak,-0.0009
100000,1,0,1e-05,3.5,0,0,0,"(40, 50, 140)",0,667,14122755882667901206,50.0,10.0,P1-outbreak,-0.00068
100000,21429,4,0.21429,3.5,0,3,1,"(40, 50, 140)",1,668,13912606405392878080,50.0,10.0,P1-outbreak,-0.00494
100000,20634,3,0.20634,3.5,0,2,3,"(40, 50, 140)",1,669,6021975990297440629,50.0,10.0,P1-outbreak,-0.00638
100000,22066,4,0.22066,3.5,0,0,3,"(40, 50, 140)",1,670,7226157424725483832,50.0,10.0,P1-outbreak,0.00358
100000,79,4,0.00079,3.5,0,4,3,"(40, 50, 140)",0,671,1568805852941312338,50.0,10.0,P1-outbreak,0.00254
100000,23784,1,0.23784,3.5,0,0,2,"(40, 50, 140)",1,672,2570982168749151885,50.0,10.0,P1-outbreak,0.00052
100000,1,0,1e-05,3.5,0,0,0,"(40, 50, 140)",0,673,16262957195991856239,50.0,10.0,P1-outbreak,-0.0022
100000,4,1,4e-05,3.5,0,1,2,"(40, 50, 140)",0,674,14745071485552024272,50.0,10.0,P1-outbreak,-0.001
100000,1,0,1e-05,3.5,0,0,0,"(40, 50, 140)",0,675,17898769260526987405,50.0,10.0,P1-outbreak,-0.00054
100000,1,0,1e-05,3.5,0,0,0,"(40, 50, 140)",0,676,13700497294258654260,50.0,10.0,P1-outbreak,0.0001
100000,51,1,0.00051,3.5,0,1,2,"(40, 50, 140)",0,677,588353765695415861,50.0,10.0,P1-outbreak,0.00092
100000,1,0,1e-05,3.5,0,0,0,"(40, 50, 140)",0,678,16885242153048754662,50.0,10.0,P1-outbreak,-0.00642
100000,11,3,0.00011,3.5,0,3,2,"(40, 50, 140)",0,679,4735023728290063841,50.0,10.0,P1-outbreak,0.00146
100000,24028,1,0.24028,3.5,0,0,1,"(40, 50, 140)",1,680,3085969562142698977,50.0,10.0,P1-outbreak,0.00328
100000,12,1,0.00012,3.5,0,1,2,"(40, 50, 140)",0,681,7176936536468259028,50.0,10.0,P1-outbreak,-0.00192
100000,17,2,0.00017,3.5,0,2,5,"(40, 50, 140)",0,682,10567684197608043529,50.0,10.0,P1-outbreak,0.00024
100000,2,1,2e-05,3.5,0,1,0,"(40, 50, 140)",0,683,8157139782673561118,50.0,10.0,P1-outbreak,-0.00522
100000,20789,1,0.20789,3.5,0,1,1,"(40, 50, 140)",1,684,15865973501634262313,50.0,10.0,P1-outbreak,-0.001
100000,7,1,7e-05,3.5,0,1,2,"(40, 50, 140)",0,685,863702692331636872,50.0,10.0,P1-outbreak,-0.00234
100000,2,1,2e-05,3.5,0,1,0,"(40, 50, 140)",0,686,15196638747075241351,50.0,10.0,P1-outbreak,-0.00298
100000,1,0,1e-05,3.5,0,0,0,"(40, 50, 140)",0,687,11368439938986155919,50.0,10.0,P1-outbreak,-0.0043
100000,6,2,6e-05,3.5,0,2,2,"(40, 50, 140)",0,688,13180960660314541714,50.0,10.0,P1-outbreak,-2e-05
100000,1,0,1e-05,3.5,0,0,0,"(40, 50, 140)",0,689,13386175237558935652,50.0,10.0,P1-outbreak,-0.00214
100000,21831,1,0.21831,3.5,0,0,0,"(40, 50, 140)",1,690,4463962995800499921,50.0,10.0,P1-outbreak,-0.00076
100000,22285,2,0.22285,3.5,0,2,2,"(40, 50, 140)",1,691,11714109040227646090,50.0,10.0,P1-outbreak,-0.00046
100000,21566,2,0.21566,3.5,0,1,2,"(40, 50, 140)",1,692,13361260474236231304,50.0,10.0,P1-outbreak,0.00144
100000,49,2,0.00049,3.5,0,2,1,"(40, 50, 140)",0,693,12984047808870687232,50.0,10.0,P1-outbreak,0.00456
100000,2,1,2e-05,3.5,0,1,0,"(40, 50, 140)",0,694,9592663427181809269,50.0,10.0,P1-outbreak,0.0025
100000,1,0,1e-05,3.5,0,0,0,"(40, 50, 140)",0,695,153557742556303462,50.0,10.0,P1-outbreak,-0.0001
100000,20983,4,0.20983,3.5,0,0,2,"(40, 50, 140)",1,696,13561644397045199540,50.0,10.0,P1-outbreak,-0.0052
100000,21586,1,0.21586,3.5,0,1,1,"(40, 50, 140)",1,697,13763921205350395951,50.0,10.0,P1-outbreak,-0.00172
100000,4,3,4e-05,3.5,0,3,0,"(40, 50, 140)",0,698,17832271753689868343,50.0,10.0,P1-outbreak,-0.00038
100000,2,1,2e-05,3.5,0,1,0,"(40, 50, 140)",0,699,12258384858407749153,50.0,10.0,P1-outbreak,-0.00334
100000,1,0,1e-05,3.5,0,0,0,"(40, 50, 140)",0,700,3937691114454728793,50.0,10.0,P1-outbreak,-0.00126
100000,17,2,0.00017,3.5,0,2,2,"(40, 50, 140)",0,701,7547211686985692176,50.0,10.0,P1-outbreak,0.0011
100000,5,2,5e-05,3.5,0,2,1,"(40, 50, 140)",0,702,1095210970408909971,50.0,10.0,P1-outbreak,0.00022
100000,1,0,1e-05,3.5,0,0,0,"(40, 50, 140)",0,703,6416240076920952155,50.0,10.0,P1-outbreak,0.00592
100000,22907,1,0.22907,3.5,0,0,1,"(40, 50, 140)",1,704,17938283986805764732,50.0,10.0,P1-outbreak,0.0042
100000,22534,2,0.22534,3.5,0,1,2,"(40, 50, 140)",1,705,7835292654819944566,50.0,10.0,P1-outbreak,0.0013
100000,2,1,2e-05,3.5,0,1,0,"(40, 50, 140)",0,706,8497283969521362827,50.0,10.0,P1-outbreak,-0.00576
100000,22310,1,0.2231,3.5,0,0,0,"(40, 50, 140)",1,707,11658379339691523054,50.0,10.0,P1-outbreak,-0.00196
100000,21152,2,0.21152,3.5,0,2,0,"(40, 50, 140)",1,708,16207510951760374051,50.0,10.0,P1-outbreak,-0.00054
100000,23534,5,0.23534,3.5,0,4,4,"(40, 50, 140)",1,709,9853528400956326471,50.0,10.0,P1-outbreak,-0.0017
100000,1,0,1e-05,3.5,0,0,0,"(40, 50, 140)",0,710,14569273509178327882,50.0,10.0,P1-outbreak,-0.00344
100000,21985,2,0.21985,3.5,0,0,2,"(40, 50, 140)",1,711,12946211074933834673,50.0,10.0,P1-outbreak,0.00022
100000,2,1,2e-05,3.5,0,1,0,"(40, 50, 140)",0,712,9384450631706897811,50.0,10.0,P1-outbreak,0.00186
100000,4,2,4e-05,3.5,0,2,1,"(40, 50, 140)",0,713,3223841230976657948,50.0,10.0,P1-outbreak,-0.00096
100000,1,0,1e-05,3.5,0,0,0,"(40, 50, 140)",0,714,14103459604696376719,50.0,10.0,P1-outbreak,0.00164
100000,20496,5,0.20496,3.5,0,2,2,"(40, 50, 140)",1,715,8414280838374081185,50.0,10.0,P1-outbreak,-0.00226
100000,1,0,1e-05,3.5,0,0,0,"(40, 50, 140)",0,716,7874999364567995277,50.0,10.0,P1-outbreak,-0.0044
100000,1,0,1e-05,3.5,0,0,0,"(40, 50, 140)",0,717,16659478087839333201,50.0,10.0,P1-outbreak,0.00438
100000,4,2,4e-05,3.5,0,2,1,"(40, 50, 140)",0,718,7599207793195179608,50.0,10.0,P1-outbreak,-0.00222
100000,1,0,1e-05,3.5,0,0,0,"(40, 50, 140)",0,719,12455455188224622240,50.0,10.0,P1-outbreak,-0.00318
100000,22941,2,0.22941,3.5,0,1,0,"(40, 50, 140)",1,720,18333751367095675145,50.0,10.0,P1-outbreak,0.00442
100000,2,1,2e-05,3.5,0,1,0,"(40, 50, 140)",0,721,16836552854650008967,50.0,10.0,P1-outbreak,0.00058
100000,1,0,1e-05,3.5,0,0,0,"(40, 50, 140)",0,722,5526226639631216663,50.0,10.0,P1-outbreak,-0.00142
100000,1,0,1e-05,3.5,0,0,0,"(40, 50, 140)",0,723,10053143019528389026,50.0,10.0,P1-outbreak,-0.0016
100000,22111,1,0.22111,3.5,0,0,0,"(40, 50, 140)",1,724,18004658166452209928,50.0,10.0,P1-outbreak,0.00316
100000,1,0,1e-05,3.5,0,0,0,"(40, 50, 140)",0,725,17012226215161156759,50.0,10.0,P1-outbreak,-0.00226
100000,1,0,1e-05,3.5,0,0,0,"(40, 50, 140)",0,726,8550539832401059462,50.0,10.0,P1-outbreak,-0.0023
100000,1,0,1e-05,3.5,0,0,0,"(40, 50, 140)",0,727,10287041700577512616,50.0,10.0,P1-outbreak,0.00176
100000,1,0,1e-05,3.5,0,0,0,"(40, 50, 140)",0,728,18414274733498805951,50.0,10.0,P1-outbreak,-0.00194
100000,4,1,4e-05,3.5,0,1,1,"(40, 50, 140)",0,729,9395084870861950369,50.0,10.0,P1-outbreak,-0.00356
100000,1,0,1e-05,3.5,0,0,0,"(40, 50, 140)",0,730,7058598083006146425,50.0,10.0,P1-outbreak,0.00188
100000,21623,3,0.21623,3.5,0,2,2,"(40, 50, 140)",1,731,11626110949463533852,50.0,10.0,P1-outbreak,-0.00696
100000,21403,4,0.21403,3.5,0,1,0,"(40, 50, 140)",1,732,14853904080143452963,50.0,10.0,P1-outbreak,-0.00116
100000,1,0,1e-05,3.5,0,0,0,"(40, 50, 140)",0,733,15193577749970307745,50.0,10.0,P1-outbreak,0.0
100000,5,1,5e-05,3.5,0,1,1,"(40, 50, 140)",0,734,16988777130214128597,50.0,10.0,P1-outbreak,0.00232
100000,1,0,1e-05,3.5,0,0,0,"(40, 50, 140)",0,735,4189353053622750724,50.0,10.0,P1-outbreak,-0.002
100000,23271,4,0.23271,3.5,0,2,3,"(40, 50, 140)",1,736,3027658314251478977,50.0,10.0,P1-outbreak,-0.00118
100000,3,2,3e-05,3.5,0,2,0,"(40, 50, 140)",0,737,531159877008845832,50.0,10.0,P1-outbreak,0.00194
100000,5,1,5e-05,3.5,0,1,1,"(40, 50, 140)",0,738,7162525774067907403,50.0,10.0,P1-outbreak,0.00248
100000,1,0,1e-05,3.5,0,0,0,"(40, 50, 140)",0,739,13549679599076356380,50.0,10.0,P1-outbreak,0.00284
100000,3,1,3e-05,3.5,0,1,1,"(40, 50, 140)",0,740,5501856747918046944,50.0,10.0,P1-outbreak,-0.00306
100000,22733,1,0.22733,3.5,0,0,1,"(40, 50, 140)",1,741,18073596066753626458,50.0,10.0,P1-outbreak,0.00202
100000,22556,3,0.22556,3.5,0,2,3,"(40, 50, 140)",1,742,4841456997939553531,50.0,10.0,P1-outbreak,-0.0025
100000,21515,4,0.21515,3.5,0,0,4,"(40, 50, 140)",1,743,11629428731604682489,50.0,10.0,P1-outbreak,-0.00418
100000,23661,5,0.23661,3.5,0,0,3,"(40, 50, 140)",1,744,3249226098342315239,50.0,10.0,P1-outbreak,0.0032
100000,5,2,5e-05,3.5,0,2,1,"(40, 50, 140)",0,745,7490375660562538167,50.0,10.0,P1-outbreak,0.0004
100000,1,0,1e-05,3.5,0,0,0,"(40, 50, 140)",0,746,14432193667371069661,50.0,10.0,P1-outbreak,0.00104
100000,4,1,4e-05,3.5,0,1,1,"(40, 50, 140)",0,747,4118186933466725329,50.0,10.0,P1-outbreak,0.0041
100000,22213,1,0.22213,3.5,0,0,2,"(40, 50, 140)",1,748,3548195115265727610,50.0,10.0,P1-outbreak,-0.00172
100000,22587,1,0.22587,3.5,0,0,0,"(40, 50, 140)",1,749,2394598183249979677,50.0,10.0,P1-outbreak,0.00138
100000,21938,2,0.21938,3.5,0,2,5,"(40, 50, 140)",1,750,5343273762839790396,50.0,10.0,P1-outbreak,0.00298
100000,3,2,3e-05,3.5,0,2,0,"(40, 50, 140)",0,751,3189595300888465867,50.0,10.0,P1-outbreak,-0.004
100000,22100,2,0.221,3.5,0,1,2,"(40, 50, 140)",1,752,16165955949135778800,50.0,10.0,P1-outbreak,-0.00294
100000,21466,5,0.21466,3.5,0,4,10,"(40, 50, 140)",1,753,1423454199928814839,50.0,10.0,P1-outbreak,-0.00406
100000,20032,1,0.20032,3.5,0,1,1,"(40, 50, 140)",1,754,10951814144291464055,50.0,10.0,P1-outbreak,-0.00738
100000,5,1,5e-05,3.5,0,1,2,"(40, 50, 140)",0,755,7830704958636073690,50.0,10.0,P1-outbreak,-0.00398
100000,22592,4,0.22592,3.5,0,2,1,"(40, 50, 140)",1,756,13425707962198476896,50.0,10.0,P1-outbreak,-0.00016
100000,1,0,1e-05,3.5,0,0,0,"(40, 50, 140)",0,757,1737564016474731983,50.0,10.0,P1-outbreak,-0.00074
100000,22332,1,0.22332,3.5,0,1,0,"(40, 50, 140)",1,758,3007148442283324574,50.0,10.0,P1-outbreak,-2e-05
100000,6,1,6e-05,3.5,0,1,2,"(40, 50, 140)",0,759,15409491043861869908,50.0,10.0,P1-outbreak,0.00452
100000,1,0,1e-05,3.5,0,0,0,"(40, 50, 140)",0,760,1660134551822981834,50.0,10.0,P1-outbreak,0.00246
100000,1,0,1e-05,3.5,0,0,0,"(40, 50, 140)",0,761,9060281074176563720,50.0,10.0,P1-outbreak,-0.0025
100000,22336,3,0.22336,3.5,0,1,2,"(40, 50, 140)",1,762,6533696280369083846,50.0,10.0,P1-outbreak,0.0021
100000,21756,1,0.21756,3.5,0,0,2,"(40, 50, 140)",1,763,15493342976227523398,50.0,10.0,P1-outbreak,-0.00068
100000,2,1,2e-05,3.5,0,1,0,"(40, 50, 140)",0,764,15552679699480775697,50.0,10.0,P1-outbreak,0.00662
100000,2,1,2e-05,3.5,0,1,0,"(40, 50, 140)",0,765,8397236008228946286,50.0,10.0,P1-outbreak,-0.00264
100000,21462,4,0.21462,3.5,0,1,1,"(40, 50, 140)",1,766,9591567476347169957,50.0,10.0,P1-outbreak,-0.00288
100000,1,0,1e-05,3.5,0,0,0,"(40, 50, 140)",0,767,14633476572825924250,50.0,10.0,P1-outbreak,0.00378
100000,1,0,1e-05,3.5,0,0,0,"(40, 50, 140)",0,768,14540650199798408722,50.0,10.0,P1-outbreak,0.00194
100000,1,0,1e-05,3.5,0,0,0,"(40, 50, 140)",0,769,1963511321472396949,50.0,10.0,P1-outbreak,0.00152
100000,21500,2,0.215,3.5,0,1,1,"(40, 50, 140)",1,770,14662102146780709686,50.0,10.0,P1-outbreak,-0.0034
100000,2,1,2e-05,3.5,0,1,0,"(40, 50, 140)",0,771,13127238446915512471,50.0,10.0,P1-outbreak,0.0073
100000,20835,1,0.20835,3.5,0,1,0,"(40, 50, 140)",1,772,14352691849600105786,50.0,10.0,P1-outbreak,0.00388
100000,5,1,5e-05,3.5,0,1,2,"(40, 50, 140)",0,773,1422353740058308690,50.0,10.0,P1-outbreak,-0.00044
100000,2,1,2e-05,3.5,0,1,0,"(40, 50, 140)",0,774,14586304758562029922,50.0,10.0,P1-outbreak,0.00296
100000,21662,1,0.21662,3.5,0,1,3,"(40, 50, 140)",1,775,15500325878306056866,50.0,10.0,P1-outbreak,0.00096
100000,23536,6,0.23536,3.5,0,1,1,"(40, 50, 140)",1,776,7596767919514650867,50.0,10.0,P1-outbreak,0.0034
100000,21448,1,0.21448,3.5,0,1,1,"(40, 50, 140)",1,777,1911560942193564530,50.0,10.0,P1-outbreak,-0.00092
100000,22198,3,0.22198,3.5,0,2,4,"(40, 50, 140)",1,778,8136436588130852520,50.0,10.0,P1-outbreak,-0.00194
100000,3,2,3e-05,3.5,0,2,0,"(40, 50, 140)",0,779,17781356015473701339,50.0,10.0,P1-outbreak,0.0007
100000,21713,5,0.21713,3.5,0,1,1,"(40, 50, 140)",1,780,14042131463563440868,50.0,10.0,P1-outbreak,-0.00264
100000,1,0,1e-05,3.5,0,0,0,"(40, 50, 140)",0,781,14074658522827767318,50.0,10.0,P1-outbreak,0.00306
100000,1,0,1e-05,3.5,0,0,0,"(40, 50, 140)",0,782,5227609957256567492,50.0,10.0,P1-outbreak,-0.00254
100000,1,0,1e-05,3.5,0,0,0,"(40, 50, 140)",0,783,3006613995478903622,50.0,10.0,P1-outbreak,0.001
100000,12,1,0.00012,3.5,0,1,2,"(40, 50, 140)",0,784,8780555416038006545,50.0,10.0,P1-outbreak,-0.0035
100000,1,0,1e-05,3.5,0,0,0,"(40, 50, 140)",0,785,13340622399400571719,50.0,10.0,P1-outbreak,-0.00118
100000,1,0,1e-05,3.5,0,0,0,"(40, 50, 140)",0,786,4296230400076754362,50.0,10.0,P1-outbreak,-0.00136
100000,3,1,3e-05,3.5,0,1,1,"(40, 50, 140)",0,787,16954522113171256916,50.0,10.0,P1-outbreak,-0.00584
100000,21543,2,0.21543,3.5,0,1,2,"(40, 50, 140)",1,788,11496551715228467069,50.0,10.0,P1-outbreak,-0.00178
100000,1,0,1e-05,3.5,0,0,0,"(40, 50, 140)",0,789,5067140169610474719,50.0,10.0,P1-outbreak,0.00296
100000,22611,6,0.22611,3.5,0,1,0,"(40, 50, 140)",1,790,11777094163120071086,50.0,10.0,P1-outbreak,0.00098
100000,1,0,1e-05,3.5,0,0,0,"(40, 50, 140)",0,791,9139117613084672428,50.0,10.0,P1-outbreak,0.0035
100000,1,0,1e-05,3.5,0,0,0,"(40, 50, 140)",0,792,14563107321249081797,50.0,10.0,P1-outbreak,0.00154
100000,1,0,1e-05,3.5,0,0,0,"(40, 50, 140)",0,793,5476795976524467630,50.0,10.0,P1-outbreak,-0.0044
100000,2,1,2e-05,3.5,0,1,0,"(40, 50, 140)",0,794,11175805623788686534,50.0,10.0,P1-outbreak,0.00136
100000,9,1,9e-05,3.5,0,1,2,"(40, 50, 140)",0,795,4618599846389139255,50.0,10.0,P1-outbreak,0.00234
100000,1,0,1e-05,3.5,0,0,0,"(40, 50, 140)",0,796,7193657162815340873,50.0,10.0,P1-outbreak,-0.00414
100000,22303,3,0.22303,3.5,0,0,1,"(40, 50, 140)",1,797,7081319787631281706,50.0,10.0,P1-outbreak,0.00128
100000,1,0,1e-05,3.5,0,0,0,"(40, 50, 140)",0,798,13948128056060422639,50.0,10.0,P1-outbreak,0.00126
100000,1,0,1e-05,3.5,0,0,0,"(40, 50, 140)",0,799,7629956181456741928,50.0,10.0,P1-outbreak,0.00116
100000,6,3,6e-05,3.5,0,3,2,"(40, 50, 140)",0,800,3222416433280751720,50.0,10.0,P1-outbreak,-0.00312
100000,1,0,1e-05,3.5,0,0,0,"(40, 50, 140)",0,801,6721685770386482890,50.0,10.0,P1-outbreak,0.00056
100000,1,0,1e-05,3.5,0,0,0,"(40, 50, 140)",0,802,13775830613239383118,50.0,10.0,P1-outbreak,0.00078
100000,1,0,1e-05,3.5,0,0,0,"(40, 50, 140)",0,803,12639276291264038851,50.0,10.0,P1-outbreak,-0.00562
100000,1,0,1e-05,3.5,0,0,0,"(40, 50, 140)",0,804,16570149566733110626,50.0,10.0,P1-outbreak,0.00136
100000,1,0,1e-05,3.5,0,0,0,"(40, 50, 140)",0,805,8195239032175550094,50.0,10.0,P1-outbreak,0.00342
100000,3,1,3e-05,3.5,0,1,1,"(40, 50, 140)",0,806,2721224093821185093,50.0,10.0,P1-outbreak,-0.00732
100000,17,1,0.00017,3.5,0,1,2,"(40, 50, 140)",0,807,17276276727627828279,50.0,10.0,P1-outbreak,-0.00098
100000,1,0,1e-05,3.5,0,0,0,"(40, 50, 140)",0,808,17614522256820102268,50.0,10.0,P1-outbreak,0.0038
100000,23214,1,0.23214,3.5,0,1,0,"(40, 50, 140)",1,809,6047934172467945047,50.0,10.0,P1-outbreak,0.00164
100000,9,1,9e-05,3.5,0,1,2,"(40, 50, 140)",0,810,15926550991187889932,50.0,10.0,P1-outbreak,0.00032
100000,2,1,2e-05,3.5,0,1,0,"(40, 50, 140)",0,811,525478347837356958,50.0,10.0,P1-outbreak,-0.00094
100000,3,2,3e-05,3.5,0,2,0,"(40, 50, 140)",0,812,8562465729835375825,50.0,10.0,P1-outbreak,-0.00486
100000,1,0,1e-05,3.5,0,0,0,"(40, 50, 140)",0,813,14106942920956481036,50.0,10.0,P1-outbreak,-0.00386
100000,1,0,1e-05,3.5,0,0,0,"(40, 50, 140)",0,814,13965188856998246583,50.0,10.0,P1-outbreak,0.00452
100000,22446,2,0.22446,3.5,0,2,0,"(40, 50, 140)",1,815,14537617960685059272,50.0,10.0,P1-outbreak,0.00152
100000,9,1,9e-05,3.5,0,1,2,"(40, 50, 140)",0,816,3657324433563038022,50.0,10.0,P1-outbreak,-0.0045
100000,22851,1,0.22851,3.5,0,0,2,"(40, 50, 140)",1,817,14253688652019889266,50.0,10.0,P1-outbreak,0.00426
100000,20440,2,0.2044,3.5,0,1,2,"(40, 50, 140)",1,818,14644314753249032950,50.0,10.0,P1-outbreak,-0.00568
100000,1,0,1e-05,3.5,0,0,0,"(40, 50, 140)",0,819,2315084054984953963,50.0,10.0,P1-outbreak,0.00512
100000,4,2,4e-05,3.5,0,2,1,"(40, 50, 140)",0,820,12864328760521811125,50.0,10.0,P1-outbreak,-0.00084
100000,20944,1,0.20944,3.5,0,0,1,"(40, 50, 140)",1,821,12972425196645388482,50.0,10.0,P1-outbreak,-0.00136
100000,22,3,0.00022,3.5,0,3,4,"(40, 50, 140)",0,822,14398998823094415131,50.0,10.0,P1-outbreak,-0.0015
100000,23238,3,0.23238,3.5,0,0,4,"(40, 50, 140)",1,823,2702357320685200567,50.0,10.0,P1-outbreak,0.00312
100000,1,0,1e-05,3.5,0,0,0,"(40, 50, 140)",0,824,16842448335082119655,50.0,10.0,P1-outbreak,-0.00402
100000,22185,2,0.22185,3.5,0,1,2,"(40, 50, 140)",1,825,5906397913868599623,50.0,10.0,P1-outbreak,-0.00022
100000,1,0,1e-05,3.5,0,0,0,"(40, 50, 140)",0,826,11684245218118203419,50.0,10.0,P1-outbreak,-0.00138
100000,1,0,1e-05,3.5,0,0,0,"(40, 50, 140)",0,827,3993847852337218275,50.0,10.0,P1-outbreak,0.0015
100000,1,0,1e-05,3.5,0,0,0,"(40, 50, 140)",0,828,12872853789570414753,50.0,10.0,P1-outbreak,-0.00408
100000,1,0,1e-05,3.5,0,0,0,"(40, 50, 140)",0,829,10830501288958883558,50.0,10.0,P1-outbreak,-0.00756
100000,1,0,1e-05,3.5,0,0,0,"(40, 50, 140)",0,830,10548366774734141785,50.0,10.0,P1-outbreak,-0.00364
100000,1,0,1e-05,3.5,0,0,0,"(40, 50, 140)",0,831,3884997837021511376,50.0,10.0,P1-outbreak,0.00476
100000,1,0,1e-05,3.5,0,0,0,"(40, 50, 140)",0,832,13627809377018610580,50.0,10.0,P1-outbreak,0.00614
100000,20772,1,0.20772,3.5,0,0,3,"(40, 50, 140)",1,833,4053096370780062938,50.0,10.0,P1-outbreak,-0.002
100000,21129,3,0.21129,3.5,0,1,1,"(40, 50, 140)",1,834,5151659972949965737,50.0,10.0,P1-outbreak,-0.00036
100000,3,2,3e-05,3.5,0,2,0,"(40, 50, 140)",0,835,9051056621378359137,50.0,10.0,P1-outbreak,0.0008
100000,3,1,3e-05,3.5,0,1,1,"(40, 50, 140)",0,836,3083458967031688988,50.0,10.0,P1-outbreak,-4e-05
100000,6,1,6e-05,3.5,0,1,1,"(40, 50, 140)",0,837,15026630617913269408,50.0,10.0,P1-outbreak,-0.00584
100000,2,1,2e-05,3.5,0,1,0,"(40, 50, 140)",0,838,11755379300477502798,50.0,10.0,P1-outbreak,-0.00116
100000,23061,4,0.23061,3.5,0,1,3,"(40, 50, 140)",1,839,6274422894229561796,50.0,10.0,P1-outbreak,-0.00256
100000,13,1,0.00013,3.5,0,1,1,"(40, 50, 140)",0,840,11039067511131199201,50.0,10.0,P1-outbreak,0.0003
100000,22405,2,0.22405,3.5,0,1,1,"(40, 50, 140)",1,841,13490050298663746039,50.0,10.0,P1-outbreak,0.00016
100000,10,1,0.0001,3.5,0,1,1,"(40, 50, 140)",0,842,1715429411091478390,50.0,10.0,P1-outbreak,0.00314
100000,7,3,7e-05,3.5,0,3,1,"(40, 50, 140)",0,843,8001219148338315746,50.0,10.0,P1-outbreak,0.00102
100000,42,1,0.00042,3.5,0,1,1,"(40, 50, 140)",0,844,9404712072727485407,50.0,10.0,P1-outbreak,-0.00572
100000,22452,3,0.22452,3.5,0,2,1,"(40, 50, 140)",1,845,229230521349699069,50.0,10.0,P1-outbreak,-0.00098
100000,20138,2,0.20138,3.5,0,1,4,"(40, 50, 140)",1,846,13098658143065467116,50.0,10.0,P1-outbreak,0.001
100000,23772,1,0.23772,3.5,0,0,1,"(40, 50, 140)",1,847,3731865540483533311,50.0,10.0,P1-outbreak,0.00064
100000,25217,2,0.25217,3.5,0,2,1,"(40, 50, 140)",1,848,313363450168146103,50.0,10.0,P1-outbreak,0.00794
100000,5,1,5e-05,3.5,0,1,1,"(40, 50, 140)",0,849,3401119474144870123,50.0,10.0,P1-outbreak,-0.00022
100000,11,3,0.00011,3.5,0,3,6,"(40, 50, 140)",0,850,17484786401296063217,50.0,10.0,P1-outbreak,0.00156
100000,5,1,5e-05,3.5,0,1,1,"(40, 50, 140)",0,851,1742746171918555515,50.0,10.0,P1-outbreak,0.00296
100000,22478,2,0.22478,3.5,0,2,3,"(40, 50, 140)",1,852,15183568744773858710,50.0,10.0,P1-outbreak,-0.00294
100000,1,0,1e-05,3.5,0,0,0,"(40, 50, 140)",0,853,9477695725245336639,50.0,10.0,P1-outbreak,0.00176
100000,7,1,7e-05,3.5,0,1,1,"(40, 50, 140)",0,854,7170980069724973511,50.0,10.0,P1-outbreak,0.00548
100000,22283,2,0.22283,3.5,0,1,4,"(40, 50, 140)",1,855,12486935322372951598,50.0,10.0,P1-outbreak,-0.00156
100000,24132,4,0.24132,3.5,0,1,3,"(40, 50, 140)",1,856,10501632560114843840,50.0,10.0,P1-outbreak,0.0054
100000,2,1,2e-05,3.5,0,1,0,"(40, 50, 140)",0,857,9276882203854877737,50.0,10.0,P1-outbreak,4e-05
100000,1,0,1e-05,3.5,0,0,0,"(40, 50, 140)",0,858,1057860439171306316,50.0,10.0,P1-outbreak,-0.0004
100000,1,0,1e-05,3.5,0,0,0,"(40, 50, 140)",0,859,8183519935198445599,50.0,10.0,P1-outbreak,0.00476
100000,21343,4,0.21343,3.5,0,2,1,"(40, 50, 140)",1,860,7547687395814118674,50.0,10.0,P1-outbreak,0.00018
100000,6,1,6e-05,3.5,0,1,2,"(40, 50, 140)",0,861,9255264651093320730,50.0,10.0,P1-outbreak,0.00104
100000,1,0,1e-05,3.5,0,0,0,"(40, 50, 140)",0,862,16834788109852522868,50.0,10.0,P1-outbreak,-0.00078
100000,1,0,1e-05,3.5,0,0,0,"(40, 50, 140)",0,863,7837791895357233774,50.0,10.0,P1-outbreak,0.0011
100000,9,1,9e-05,3.5,0,1,1,"(40, 50, 140)",0,864,16137995523044934276,50.0,10.0,P1-outbreak,-8e-05
100000,27,1,0.00027,3.5,0,1,3,"(40, 50, 140)",0,865,5721639681895906,50.0,10.0,P1-outbreak,-0.00424
100000,1,0,1e-05,3.5,0,0,0,"(40, 50, 140)",0,866,2104885896972051035,50.0,10.0,P1-outbreak,0.00126
100000,1,0,1e-05,3.5,0,0,0,"(40, 50, 140)",0,867,18008955694491892403,50.0,10.0,P1-outbreak,0.00192
100000,59,2,0.00059,3.5,0,2,2,"(40, 50, 140)",0,868,14228793315402488077,50.0,10.0,P1-outbreak,-0.00238
100000,2,1,2e-05,3.5,0,1,0,"(40, 50, 140)",0,869,2738056221298564105,50.0,10.0,P1-outbreak,0.00204
100000,22495,2,0.22495,3.5,0,0,1,"(40, 50, 140)",1,870,9566686786024488108,50.0,10.0,P1-outbreak,-0.0018
100000,6,1,6e-05,3.5,0,1,1,"(40, 50, 140)",0,871,13044518149091897128,50.0,10.0,P1-outbreak,0.00012
100000,2,1,2e-05,3.5,0,1,0,"(40, 50, 140)",0,872,13879976197412160650,50.0,10.0,P1-outbreak,0.0016
100000,20978,1,0.20978,3.5,0,0,1,"(40, 50, 140)",1,873,17626054443862091528,50.0,10.0,P1-outbreak,-0.00208
100000,2,1,2e-05,3.5,0,1,0,"(40, 50, 140)",0,874,2628202696139382998,50.0,10.0,P1-outbreak,0.00336
100000,4,2,4e-05,3.5,0,2,1,"(40, 50, 140)",0,875,6551234877018724488,50.0,10.0,P1-outbreak,0.00052
100000,16,1,0.00016,3.5,0,1,2,"(40, 50, 140)",0,876,10151709401489647270,50.0,10.0,P1-outbreak,0.00016
100000,1,0,1e-05,3.5,0,0,0,"(40, 50, 140)",0,877,4211012458502752762,50.0,10.0,P1-outbreak,-0.00264
100000,2,1,2e-05,3.5,0,1,0,"(40, 50, 140)",0,878,15402475775302750860,50.0,10.0,P1-outbreak,-0.0044
100000,22862,4,0.22862,3.5,0,3,1,"(40, 50, 140)",1,879,11088042209974206656,50.0,10.0,P1-outbreak,0.0014
100000,1,0,1e-05,3.5,0,0,0,"(40, 50, 140)",0,880,12098921572497429771,50.0,10.0,P1-outbreak,-0.00012
100000,6,2,6e-05,3.5,0,2,2,"(40, 50, 140)",0,881,5801397563894457383,50.0,10.0,P1-outbreak,-0.00568
100000,1,0,1e-05,3.5,0,0,0,"(40, 50, 140)",0,882,14268349384257454832,50.0,10.0,P1-outbreak,-0.0003
100000,2,1,2e-05,3.5,0,1,0,"(40, 50, 140)",0,883,11114708908602123516,50.0,10.0,P1-outbreak,-0.00106
100000,19970,2,0.1997,3.5,0,1,2,"(40, 50, 140)",1,884,15719680275182202927,50.0,10.0,P1-outbreak,-0.0047
100000,1,0,1e-05,3.5,0,0,0,"(40, 50, 140)",0,885,9027418848110364343,50.0,10.0,P1-outbreak,-0.00282
100000,22013,2,0.22013,3.5,0,0,1,"(40, 50, 140)",1,886,18159435030082412582,50.0,10.0,P1-outbreak,-0.0005
100000,44,3,0.00044,3.5,0,3,3,"(40, 50, 140)",0,887,14769540182104927236,50.0,10.0,P1-outbreak,-0.00342
100000,1,0,1e-05,3.5,0,0,0,"(40, 50, 140)",0,888,2252450680873436680,50.0,10.0,P1-outbreak,0.00176
100000,1,0,1e-05,3.5,0,0,0,"(40, 50, 140)",0,889,5637214821309857255,50.0,10.0,P1-outbreak,0.00338
100000,1,0,1e-05,3.5,0,0,0,"(40, 50, 140)",0,890,17809006993232515265,50.0,10.0,P1-outbreak,-0.00108
100000,22425,2,0.22425,3.5,0,1,1,"(40, 50, 140)",1,891,13271293982879553245,50.0,10.0,P1-outbreak,-0.0002
100000,3,1,3e-05,3.5,0,1,1,"(40, 50, 140)",0,892,156839825779153391,50.0,10.0,P1-outbreak,-0.00056
100000,2,1,2e-05,3.5,0,1,0,"(40, 50, 140)",0,893,12501035945669819483,50.0,10.0,P1-outbreak,0.001
100000,3,1,3e-05,3.5,0,1,1,"(40, 50, 140)",0,894,17520361772979970176,50.0,10.0,P1-outbreak,0.00278
100000,1,0,1e-05,3.5,0,0,0,"(40, 50, 140)",0,895,13948708512737873035,50.0,10.0,P1-outbreak,0.00302
100000,1,0,1e-05,3.5,0,0,0,"(40, 50, 140)",0,896,1280506242898674885,50.0,10.0,P1-outbreak,-0.0058
100000,23494,4,0.23494,3.5,0,3,3,"(40, 50, 140)",1,897,9907264900700154421,50.0,10.0,P1-outbreak,0.00254
100000,1,0,1e-05,3.5,0,0,0,"(40, 50, 140)",0,898,10743419195199014422,50.0,10.0,P1-outbreak,-0.0002
100000,1,0,1e-05,3.5,0,0,0,"(40, 50, 140)",0,899,14564435922842539700,50.0,10.0,P1-outbreak,0.00204
100000,21976,2,0.21976,3.5,0,0,2,"(40, 50, 140)",1,900,5934820192999937005,50.0,10.0,P1-outbreak,-0.00056
100000,1,0,1e-05,3.5,0,0,0,"(40, 50, 140)",0,901,2704322614927475148,50.0,10.0,P1-outbreak,-0.00088
100000,23476,3,0.23476,3.5,0,0,2,"(40, 50, 140)",1,902,7276934237402187890,50.0,10.0,P1-outbreak,-0.0015
100000,21983,2,0.21983,3.5,0,0,1,"(40, 50, 140)",1,903,17362467574113082978,50.0,10.0,P1-outbreak,-0.00346
100000,1,0,1e-05,3.5,0,0,0,"(40, 50, 140)",0,904,3485930482003068161,50.0,10.0,P1-outbreak,0.00122
100000,23200,2,0.232,3.5,0,1,2,"(40, 50, 140)",1,905,11329202843493309627,50.0,10.0,P1-outbreak,0.00256
100000,1,0,1e-05,3.5,0,0,0,"(40, 50, 140)",0,906,1146173905051309686,50.0,10.0,P1-outbreak,-0.00304
100000,1,0,1e-05,3.5,0,0,0,"(40, 50, 140)",0,907,8211461330817258677,50.0,10.0,P1-outbreak,-0.00078
100000,3,1,3e-05,3.5,0,1,1,"(40, 50, 140)",0,908,9631793080887787720,50.0,10.0,P1-outbreak,-0.00232
100000,20934,1,0.20934,3.5,0,1,2,"(40, 50, 140)",1,909,3880176792752396576,50.0,10.0,P1-outbreak,-0.0018
100000,1,0,1e-05,3.5,0,0,0,"(40, 50, 140)",0,910,16270956428349038176,50.0,10.0,P1-outbreak,-0.00084
100000,22408,4,0.22408,3.5,0,4,4,"(40, 50, 140)",1,911,1831512019190484023,50.0,10.0,P1-outbreak,-0.00098
100000,22192,1,0.22192,3.5,0,0,2,"(40, 50, 140)",1,912,2523319514124177076,50.0,10.0,P1-outbreak,0.00016
100000,1,0,1e-05,3.5,0,0,0,"(40, 50, 140)",0,913,13731484301065890798,50.0,10.0,P1-outbreak,-0.0039
100000,1,0,1e-05,3.5,0,0,0,"(40, 50, 140)",0,914,605216661235914296,50.0,10.0,P1-outbreak,0.00044
100000,9,2,9e-05,3.5,0,2,2,"(40, 50, 140)",0,915,9263576702932525974,50.0,10.0,P1-outbreak,-0.0031
100000,1,0,1e-05,3.5,0,0,0,"(40, 50, 140)",0,916,11836292099536549449,50.0,10.0,P1-outbreak,-0.00546
100000,1,0,1e-05,3.5,0,0,0,"(40, 50, 140)",0,917,10112043699142198367,50.0,10.0,P1-outbreak,-0.0023
100000,1,0,1e-05,3.5,0,0,0,"(40, 50, 140)",0,918,7089099170441670422,50.0,10.0,P1-outbreak,-0.00306
100000,22397,1,0.22397,3.5,0,1,1,"(40, 50, 140)",1,919,17314092930555428421,50.0,10.0,P1-outbreak,0.00352
100000,22733,4,0.22733,3.5,0,3,3,"(40, 50, 140)",1,920,14349426682432054949,50.0,10.0,P1-outbreak,-0.00142
100000,3,1,3e-05,3.5,0,1,1,"(40, 50, 140)",0,921,3147118904014026007,50.0,10.0,P1-outbreak,0.00652
100000,21437,1,0.21437,3.5,0,1,2,"(40, 50, 140)",1,922,10311344760591540086,50.0,10.0,P1-outbreak,-0.00072
100000,2,1,2e-05,3.5,0,1,0,"(40, 50, 140)",0,923,1835062137622295033,50.0,10.0,P1-outbreak,-0.00108
100000,22329,4,0.22329,3.5,0,3,3,"(40, 50, 140)",1,924,17680601538877164289,50.0,10.0,P1-outbreak,0.00098
100000,22080,2,0.2208,3.5,0,0,2,"(40, 50, 140)",1,925,14913025836782678759,50.0,10.0,P1-outbreak,-0.00274
100000,1,0,1e-05,3.5,0,0,0,"(40, 50, 140)",0,926,2916833930296801971,50.0,10.0,P1-outbreak,-0.00236
100000,5,1,5e-05,3.5,0,1,1,"(40, 50, 140)",0,927,13936941521546238887,50.0,10.0,P1-outbreak,-0.00068
100000,22099,3,0.22099,3.5,0,2,1,"(40, 50, 140)",1,928,10215715388786564053,50.0,10.0,P1-outbreak,0.00564
100000,21877,3,0.21877,3.5,0,0,2,"(40, 50, 140)",1,929,15161987783879884750,50.0,10.0,P1-outbreak,0.00262
100000,2,1,2e-05,3.5,0,1,0,"(40, 50, 140)",0,930,15805817466192152533,50.0,10.0,P1-outbreak,0.00268
100000,2,1,2e-05,3.5,0,1,0,"(40, 50, 140)",0,931,12983847599771771474,50.0,10.0,P1-outbreak,0.00354
100000,58,3,0.00058,3.5,0,3,4,"(40, 50, 140)",0,932,9291407508105239868,50.0,10.0,P1-outbreak,0.00418
100000,21876,3,0.21876,3.5,0,0,3,"(40, 50, 140)",1,933,6246661062505475868,50.0,10.0,P1-outbreak,0.00482
100000,7,1,7e-05,3.5,0,1,2,"(40, 50, 140)",0,934,7495724629539478677,50.0,10.0,P1-outbreak,-0.00028
100000,3,1,3e-05,3.5,0,1,1,"(40, 50, 140)",0,935,12352421087078331231,50.0,10.0,P1-outbreak,0.00056
100000,4,2,4e-05,3.5,0,2,1,"(40, 50, 140)",0,936,8253595403761519436,50.0,10.0,P1-outbreak,-0.00358
100000,21595,1,0.21595,3.5,0,0,0,"(40, 50, 140)",1,937,2839521010480192149,50.0,10.0,P1-outbreak,0.00094
100000,23272,2,0.23272,3.5,0,1,1,"(40, 50, 140)",1,938,17324786336662028476,50.0,10.0,P1-outbreak,0.00326
100000,4,2,4e-05,3.5,0,2,1,"(40, 50, 140)",0,939,6788313522943717061,50.0,10.0,P1-outbreak,-0.00138
100000,1,0,1e-05,3.5,0,0,0,"(40, 50, 140)",0,940,12925216959588359026,50.0,10.0,P1-outbreak,0.00254
100000,22196,4,0.22196,3.5,0,4,2,"(40, 50, 140)",1,941,16058676167979760640,50.0,10.0,P1-outbreak,0.00752
100000,20796,2,0.20796,3.5,0,0,3,"(40, 50, 140)",1,942,11396020909802542573,50.0,10.0,P1-outbreak,-0.00538
100000,1,0,1e-05,3.5,0,0,0,"(40, 50, 140)",0,943,8840500275519577619,50.0,10.0,P1-outbreak,0.0036
100000,1,0,1e-05,3.5,0,0,0,"(40, 50, 140)",0,944,12291755063135887597,50.0,10.0,P1-outbreak,-8e-05
100000,1,0,1e-05,3.5,0,0,0,"(40, 50, 140)",0,945,14648284659167750048,50.0,10.0,P1-outbreak,0.00148
100000,1,0,1e-05,3.5,0,0,0,"(40, 50, 140)",0,946,17030527446117957963,50.0,10.0,P1-outbreak,-0.00378
100000,1,0,1e-05,3.5,0,0,0,"(40, 50, 140)",0,947,14148683419399802816,50.0,10.0,P1-outbreak,0.00536
100000,5,2,5e-05,3.5,0,2,2,"(40, 50, 140)",0,948,5758330162652331963,50.0,10.0,P1-outbreak,0.00362
100000,1,0,1e-05,3.5,0,0,0,"(40, 50, 140)",0,949,3556899040222759590,50.0,10.0,P1-outbreak,0.0028
100000,21436,2,0.21436,3.5,0,0,1,"(40, 50, 140)",1,950,12690650493641087343,50.0,10.0,P1-outbreak,0.0012
100000,1,0,1e-05,3.5,0,0,0,"(40, 50, 140)",0,951,11180856120536207009,50.0,10.0,P1-outbreak,0.00196
100000,23058,2,0.23058,3.5,0,1,1,"(40, 50, 140)",1,952,10882695711110316368,50.0,10.0,P1-outbreak,-0.00432
100000,1,0,1e-05,3.5,0,0,0,"(40, 50, 140)",0,953,15316609975845347743,50.0,10.0,P1-outbreak,0.0023
100000,21819,3,0.21819,3.5,0,2,2,"(40, 50, 140)",1,954,14673865604521844971,50.0,10.0,P1-outbreak,-0.00208
100000,22709,2,0.22709,3.5,0,1,2,"(40, 50, 140)",1,955,9944590227724674069,50.0,10.0,P1-outbreak,0.00158
100000,2,1,2e-05,3.5,0,1,0,"(40, 50, 140)",0,956,6700812695055509196,50.0,10.0,P1-outbreak,8e-05
100000,9,1,9e-05,3.5,0,1,2,"(40, 50, 140)",0,957,12544282225890998766,50.0,10.0,P1-outbreak,0.00202
100000,22134,6,0.22134,3.5,0,1,0,"(40, 50, 140)",1,958,1918152484216352186,50.0,10.0,P1-outbreak,0.00106
100000,3,1,3e-05,3.5,0,1,1,"(40, 50, 140)",0,959,16832797147297696278,50.0,10.0,P1-outbreak,-0.00042
100000,23645,2,0.23645,3.5,0,1,0,"(40, 50, 140)",1,960,293854209742888639,50.0,10.0,P1-outbreak,0.0015
100000,22556,4,0.22556,3.5,0,0,0,"(40, 50, 140)",1,961,8716543320176358656,50.0,10.0,P1-outbreak,0.00066
100000,4,1,4e-05,3.5,0,1,2,"(40, 50, 140)",0,962,456642101196381747,50.0,10.0,P1-outbreak,-0.00134
100000,3,2,3e-05,3.5,0,2,0,"(40, 50, 140)",0,963,9752726329229802753,50.0,10.0,P1-outbreak,0.002
100000,1,0,1e-05,3.5,0,0,0,"(40, 50, 140)",0,964,16507175850479442115,50.0,10.0,P1-outbreak,-0.00112
100000,28,1,0.00028,3.5,0,1,2,"(40, 50, 140)",0,965,7812003053719403695,50.0,10.0,P1-outbreak,-0.00542
100000,2,1,2e-05,3.5,0,1,0,"(40, 50, 140)",0,966,7452498082698394193,50.0,10.0,P1-outbreak,-0.00128
100000,1,0,1e-05,3.5,0,0,0,"(40, 50, 140)",0,967,4333728098382822822,50.0,10.0,P1-outbreak,-0.00082
100000,23064,1,0.23064,3.5,0,0,1,"(40, 50, 140)",1,968,1327887255673236357,50.0,10.0,P1-outbreak,0.00576
100000,22656,4,0.22656,3.5,0,1,3,"(40, 50, 140)",1,969,8259217124792659383,50.0,10.0,P1-outbreak,0.00802
100000,23239,2,0.23239,3.5,0,1,2,"(40, 50, 140)",1,970,5240438235181124285,50.0,10.0,P1-outbreak,0.00402
100000,16,3,0.00016,3.5,0,3,3,"(40, 50, 140)",0,971,14968681625456577978,50.0,10.0,P1-outbreak,-0.00162
100000,24865,3,0.24865,3.5,0,3,1,"(40, 50, 140)",1,972,15279365035921125217,50.0,10.0,P1-outbreak,0.00644
100000,8,2,8e-05,3.5,0,2,2,"(40, 50, 140)",0,973,7925777401658935865,50.0,10.0,P1-outbreak,-0.00036
100000,21464,4,0.21464,3.5,0,2,5,"(40, 50, 140)",1,974,15617620278001256223,50.0,10.0,P1-outbreak,-0.0015
100000,2,1,2e-05,3.5,0,1,0,"(40, 50, 140)",0,975,2768040948492333453,50.0,10.0,P1-outbreak,-0.00268
100000,3,2,3e-05,3.5,0,2,0,"(40, 50, 140)",0,976,13629411664253152145,50.0,10.0,P1-outbreak,0.0003
100000,21827,1,0.21827,3.5,0,1,1,"(40, 50, 140)",1,977,17600886397676552641,50.0,10.0,P1-outbreak,0.00024
100000,22113,2,0.22113,3.5,0,2,2,"(40, 50, 140)",1,978,7862204585427477062,50.0,10.0,P1-outbreak,-4e-05
100000,1,0,1e-05,3.5,0,0,0,"(40, 50, 140)",0,979,839820284496185305,50.0,10.0,P1-outbreak,0.00074
100000,1,0,1e-05,3.5,0,0,0,"(40, 50, 140)",0,980,10350757956382512542,50.0,10.0,P1-outbreak,-0.0023
100000,2,1,2e-05,3.5,0,1,0,"(40, 50, 140)",0,981,2015476983637725497,50.0,10.0,P1-outbreak,0.00502
100000,4,1,4e-05,3.5,0,1,1,"(40, 50, 140)",0,982,16470300230831894024,50.0,10.0,P1-outbreak,-0.0017
100000,1,0,1e-05,3.5,0,0,0,"(40, 50, 140)",0,983,5603967789292681747,50.0,10.0,P1-outbreak,0.00728
100000,1,0,1e-05,3.5,0,0,0,"(40, 50, 140)",0,984,10320050492796288910,50.0,10.0,P1-outbreak,0.00288
100000,1,0,1e-05,3.5,0,0,0,"(40, 50, 140)",0,985,14930976520717651754,50.0,10.0,P1-outbreak,-0.00214
100000,83,2,0.00083,3.5,0,2,3,"(40, 50, 140)",0,986,15907115168530715021,50.0,10.0,P1-outbreak,-0.00438
100000,22583,2,0.22583,3.5,0,1,1,"(40, 50, 140)",1,987,8363710282008087963,50.0,10.0,P1-outbreak,0.0018
100000,21788,4,0.21788,3.5,0,4,1,"(40, 50, 140)",1,988,811028614976933845,50.0,10.0,P1-outbreak,-0.00132
100000,5,1,5e-05,3.5,0,1,2,"(40, 50, 140)",0,989,6257180183601620905,50.0,10.0,P1-outbreak,-0.00282
100000,2,1,2e-05,3.5,0,1,0,"(40, 50, 140)",0,990,16685600350297943687,50.0,10.0,P1-outbreak,0.00094
100000,24427,2,0.24427,3.5,0,1,1,"(40, 50, 140)",1,991,16716256793027039955,50.0,10.0,P1-outbreak,0.00348
100000,2,1,2e-05,3.5,0,1,0,"(40, 50, 140)",0,992,8800143071854878836,50.0,10.0,P1-outbreak,-0.00496
100000,2,1,2e-05,3.5,0,1,0,"(40, 50, 140)",0,993,6161700394076781212,50.0,10.0,P1-outbreak,-0.00028
100000,3,1,3e-05,3.5,0,1,1,"(40, 50, 140)",0,994,1551085772835656671,50.0,10.0,P1-outbreak,0.0003
100000,2,1,2e-05,3.5,0,1,0,"(40, 50, 140)",0,995,6536612726013374104,50.0,10.0,P1-outbreak,0.00498
100000,2,1,2e-05,3.5,0,1,0,"(40, 50, 140)",0,996,11151457105505264666,50.0,10.0,P1-outbreak,0.00064
100000,1,0,1e-05,3.5,0,0,0,"(40, 50, 140)",0,997,9033535909986420892,50.0,10.0,P1-outbreak,4e-05
100000,2,1,2e-05,3.5,0,1,0,"(40, 50, 140)",0,998,5037810260691228813,50.0,10.0,P1-outbreak,-0.00536
100000,4,1,4e-05,3.5,0,1,1,"(40, 50, 140)",0,999,9139290265210207256,50.0,10.0,P1-outbreak,0.0018
100000,21172,2,0.21172,3.5,0,1,2,"(40, 50, 140)",1,1000,9002394870777066806,50.0,10.0,P1-outbreak,-0.00254
100000,22365,2,0.22365,3.5,0,2,1,"(40, 50, 140)",1,1001,17605340854313290990,50.0,10.0,P1-outbreak,0.00054
100000,2,1,2e-05,3.5,0,1,0,"(40, 50, 140)",0,1002,10706077937742561103,50.0,10.0,P1-outbreak,-0.0051
100000,21273,1,0.21273,3.5,0,0,1,"(40, 50, 140)",1,1003,318152269136460363,50.0,10.0,P1-outbreak,0.00336
100000,23235,2,0.23235,3.5,0,1,1,"(40, 50, 140)",1,1004,18225912249945801135,50.0,10.0,P1-outbreak,0.00374
100000,22240,3,0.2224,3.5,0,0,1,"(40, 50, 140)",1,1005,17020192082421566860,50.0,10.0,P1-outbreak,-0.00654
100000,97613,7,0.97613,3.5,0,0,0,"(40, 140, 50)",1,0,9037754724606725371,50.0,10.0,P1-outbreak,0.9698
100000,97591,9,0.97591,3.5,0,0,0,"(40, 140, 50)",1,1,2346572241821142939,50.0,10.0,P1-outbreak,0.96974
100000,97641,6,0.97641,3.5,0,0,0,"(40, 140, 50)",1,2,2153652344475348393,50.0,10.0,P1-outbreak,0.97084
100000,97573,2,0.97573,3.5,0,0,0,"(40, 140, 50)",1,3,15233616082163793396,50.0,10.0,P1-outbreak,0.97028
100000,97615,7,0.97615,3.5,0,0,0,"(40, 140, 50)",1,4,6646091293540151906,50.0,10.0,P1-outbreak,0.97042
100000,97573,3,0.97573,3.5,0,0,0,"(40, 140, 50)",1,5,8562812202846546299,50.0,10.0,P1-outbreak,0.96932
100000,97626,5,0.97626,3.5,0,0,0,"(40, 140, 50)",1,6,7173302986809121775,50.0,10.0,P1-outbreak,0.97088
100000,97568,4,0.97568,3.5,0,0,1,"(40, 140, 50)",1,7,7279108723432714204,50.0,10.0,P1-outbreak,0.96886
100000,97576,5,0.97576,3.5,0,0,0,"(40, 140, 50)",1,8,6230120001642975681,50.0,10.0,P1-outbreak,0.96984
100000,97555,4,0.97555,3.5,0,0,0,"(40, 140, 50)",1,9,7740459853988174473,50.0,10.0,P1-outbreak,0.96946
100000,97564,3,0.97564,3.5,0,0,0,"(40, 140, 50)",1,10,11719982237282415564,50.0,10.0,P1-outbreak,0.96894
100000,97603,2,0.97603,3.5,0,0,0,"(40, 140, 50)",1,11,14343028742452265634,50.0,10.0,P1-outbreak,0.97012
100000,97529,4,0.97529,3.5,0,0,1,"(40, 140, 50)",1,12,12146415504279883876,50.0,10.0,P1-outbreak,0.96876
100000,97535,5,0.97535,3.5,0,0,0,"(40, 140, 50)",1,13,14700391426039826721,50.0,10.0,P1-outbreak,0.96862
100000,97569,3,0.97569,3.5,0,0,0,"(40, 140, 50)",1,14,2955412198089854286,50.0,10.0,P1-outbreak,0.96934
100000,97606,1,0.97606,3.5,0,0,0,"(40, 140, 50)",1,15,16636464710850735816,50.0,10.0,P1-outbreak,0.96914
100000,97569,6,0.97569,3.5,0,0,1,"(40, 140, 50)",1,16,16640799499062266403,50.0,10.0,P1-outbreak,0.96982
100000,97585,6,0.97585,3.5,0,0,0,"(40, 140, 50)",1,17,9654812320025977217,50.0,10.0,P1-outbreak,0.96982
100000,97554,4,0.97554,3.5,0,0,0,"(40, 140, 50)",1,18,10491700639858822407,50.0,10.0,P1-outbreak,0.96914
100000,97531,4,0.97531,3.5,0,0,0,"(40, 140, 50)",1,19,8595961583012664644,50.0,10.0,P1-outbreak,0.96886
100000,97629,6,0.97629,3.5,0,0,1,"(40, 140, 50)",1,20,6667319954962497030,50.0,10.0,P1-outbreak,0.97028
100000,1,0,1e-05,3.5,0,0,0,"(40, 140, 50)",0,21,8204796126229910938,50.0,10.0,P1-outbreak,0.97054
100000,97610,9,0.9761,3.5,0,0,0,"(40, 140, 50)",1,22,2133573147456046026,50.0,10.0,P1-outbreak,0.97016
100000,2,1,2e-05,3.5,0,1,0,"(40, 140, 50)",0,23,6313336682339159970,50.0,10.0,P1-outbreak,0.9699
100000,1,0,1e-05,3.5,0,0,0,"(40, 140, 50)",0,24,5547146664318648727,50.0,10.0,P1-outbreak,0.97
100000,97604,7,0.97604,3.5,0,0,0,"(40, 140, 50)",1,25,691009017539452442,50.0,10.0,P1-outbreak,0.97104
100000,97552,5,0.97552,3.5,0,0,0,"(40, 140, 50)",1,26,16513894091484989883,50.0,10.0,P1-outbreak,0.96926
100000,97508,6,0.97508,3.5,0,0,0,"(40, 140, 50)",1,27,693240720488090618,50.0,10.0,P1-outbreak,0.96984
100000,97694,3,0.97694,3.5,0,0,0,"(40, 140, 50)",1,28,1510858533572799957,50.0,10.0,P1-outbreak,0.971
100000,97637,4,0.97637,3.5,0,0,0,"(40, 140, 50)",1,29,16638533774470087532,50.0,10.0,P1-outbreak,0.97078
100000,97543,3,0.97543,3.5,0,0,0,"(40, 140, 50)",1,30,16051589890268009187,50.0,10.0,P1-outbreak,0.96966
100000,97636,3,0.97636,3.5,0,0,0,"(40, 140, 50)",1,31,9672763390492942853,50.0,10.0,P1-outbreak,0.97006
100000,97632,2,0.97632,3.5,0,0,0,"(40, 140, 50)",1,32,18151606094974132172,50.0,10.0,P1-outbreak,0.97014
100000,97613,6,0.97613,3.5,0,1,1,"(40, 140, 50)",1,33,12185021529005713825,50.0,10.0,P1-outbreak,0.97108
100000,97586,4,0.97586,3.5,0,0,0,"(40, 140, 50)",1,34,13929818330054317162,50.0,10.0,P1-outbreak,0.97038
100000,97626,1,0.97626,3.5,0,0,0,"(40, 140, 50)",1,35,18022145800900426566,50.0,10.0,P1-outbreak,0.9703
100000,97498,5,0.97498,3.5,0,0,1,"(40, 140, 50)",1,36,1449921952483499487,50.0,10.0,P1-outbreak,0.96922
100000,97670,3,0.9767,3.5,0,0,0,"(40, 140, 50)",1,37,9262983964764128429,50.0,10.0,P1-outbreak,0.97104
100000,2,1,2e-05,3.5,0,1,0,"(40, 140, 50)",0,38,11883330183219048266,50.0,10.0,P1-outbreak,0.96906
100000,97538,4,0.97538,3.5,0,0,0,"(40, 140, 50)",1,39,11561195245504308433,50.0,10.0,P1-outbreak,0.97008
100000,97532,3,0.97532,3.5,0,0,0,"(40, 140, 50)",1,40,9457969285003522458,50.0,10.0,P1-outbreak,0.96934
100000,97604,4,0.97604,3.5,0,0,0,"(40, 140, 50)",1,41,2693973804823350333,50.0,10.0,P1-outbreak,0.97028
100000,97552,8,0.97552,3.5,0,0,0,"(40, 140, 50)",1,42,10156054027042189599,50.0,10.0,P1-outbreak,0.97004
100000,97663,1,0.97663,3.5,0,0,0,"(40, 140, 50)",1,43,15677842420522082543,50.0,10.0,P1-outbreak,0.9701
100000,97603,4,0.97603,3.5,0,0,0,"(40, 140, 50)",1,44,4692690958484160948,50.0,10.0,P1-outbreak,0.9697
100000,97625,7,0.97625,3.5,0,0,0,"(40, 140, 50)",1,45,2427972747511983013,50.0,10.0,P1-outbreak,0.97048
100000,97534,6,0.97534,3.5,0,0,0,"(40, 140, 50)",1,46,9946660112850450453,50.0,10.0,P1-outbreak,0.96896
100000,97587,7,0.97587,3.5,0,0,0,"(40, 140, 50)",1,47,6866084397960857522,50.0,10.0,P1-outbreak,0.97038
100000,97629,2,0.97629,3.5,0,0,0,"(40, 140, 50)",1,48,7318005849345108100,50.0,10.0,P1-outbreak,0.96986
100000,97572,4,0.97572,3.5,0,1,0,"(40, 140, 50)",1,49,16341836191976440367,50.0,10.0,P1-outbreak,0.9696
100000,97571,3,0.97571,3.5,0,0,0,"(40, 140, 50)",1,50,7075853367360991184,50.0,10.0,P1-outbreak,0.9684
100000,97639,5,0.97639,3.5,0,0,0,"(40, 140, 50)",1,51,10329632581773265044,50.0,10.0,P1-outbreak,0.97038
100000,97614,2,0.97614,3.5,0,0,0,"(40, 140, 50)",1,52,15358216751081145389,50.0,10.0,P1-outbreak,0.97006
100000,97562,3,0.97562,3.5,0,0,0,"(40, 140, 50)",1,53,2931973726783005427,50.0,10.0,P1-outbreak,0.96868
100000,97654,5,0.97654,3.5,0,0,0,"(40, 140, 50)",1,54,20593911709251776,50.0,10.0,P1-outbreak,0.9709
100000,97589,5,0.97589,3.5,0,0,0,"(40, 140, 50)",1,55,4979805019159799754,50.0,10.0,P1-outbreak,0.9696
100000,97659,3,0.97659,3.5,0,0,0,"(40, 140, 50)",1,56,12846774344708518960,50.0,10.0,P1-outbreak,0.97034
100000,97578,3,0.97578,3.5,0,0,0,"(40, 140, 50)",1,57,13783680655653278308,50.0,10.0,P1-outbreak,0.96876
100000,97639,2,0.97639,3.5,0,0,0,"(40, 140, 50)",1,58,10475510787316343363,50.0,10.0,P1-outbreak,0.97036
100000,97544,4,0.97544,3.5,0,0,0,"(40, 140, 50)",1,59,12024733547489735715,50.0,10.0,P1-outbreak,0.96914
100000,97583,3,0.97583,3.5,0,0,1,"(40, 140, 50)",1,60,3936874475044613636,50.0,10.0,P1-outbreak,0.96936
100000,97495,2,0.97495,3.5,0,0,0,"(40, 140, 50)",1,61,14361702901152433293,50.0,10.0,P1-outbreak,0.9694
100000,97589,2,0.97589,3.5,0,0,1,"(40, 140, 50)",1,62,14332229185994755706,50.0,10.0,P1-outbreak,0.96954
100000,97618,4,0.97618,3.5,0,0,0,"(40, 140, 50)",1,63,8008186258320546787,50.0,10.0,P1-outbreak,0.96996
100000,97559,7,0.97559,3.5,0,0,0,"(40, 140, 50)",1,64,6809806723625337559,50.0,10.0,P1-outbreak,0.96988
100000,97578,7,0.97578,3.5,0,0,0,"(40, 140, 50)",1,65,10630927490366188197,50.0,10.0,P1-outbreak,0.96984
100000,97657,3,0.97657,3.5,0,0,0,"(40, 140, 50)",1,66,17102196773613041593,50.0,10.0,P1-outbreak,0.97112
100000,97597,1,0.97597,3.5,0,0,0,"(40, 140, 50)",1,67,4885609562388427749,50.0,10.0,P1-outbreak,0.97024
100000,97573,4,0.97573,3.5,0,0,0,"(40, 140, 50)",1,68,13243255792854469746,50.0,10.0,P1-outbreak,0.96936
100000,97549,5,0.97549,3.5,0,0,0,"(40, 140, 50)",1,69,8655979150922744678,50.0,10.0,P1-outbreak,0.96994
100000,97605,9,0.97605,3.5,0,0,0,"(40, 140, 50)",1,70,13446069219141894194,50.0,10.0,P1-outbreak,0.96976
100000,97580,2,0.9758,3.5,0,0,0,"(40, 140, 50)",1,71,17523325727938897902,50.0,10.0,P1-outbreak,0.97006
100000,97549,2,0.97549,3.5,0,0,0,"(40, 140, 50)",1,72,16742524825767240131,50.0,10.0,P1-outbreak,0.97024
100000,97572,3,0.97572,3.5,0,0,0,"(40, 140, 50)",1,73,3295942607543057525,50.0,10.0,P1-outbreak,0.97008
100000,1,0,1e-05,3.5,0,0,0,"(40, 140, 50)",0,74,7056004655258695150,50.0,10.0,P1-outbreak,0.96826
100000,97587,3,0.97587,3.5,0,0,1,"(40, 140, 50)",1,75,12417033676442676572,50.0,10.0,P1-outbreak,0.9694
100000,97554,2,0.97554,3.5,0,0,0,"(40, 140, 50)",1,76,18328207015280249905,50.0,10.0,P1-outbreak,0.96968
100000,97525,5,0.97525,3.5,0,0,0,"(40, 140, 50)",1,77,8021045767294414191,50.0,10.0,P1-outbreak,0.96918
100000,1,0,1e-05,3.5,0,0,0,"(40, 140, 50)",0,78,18307663958922456768,50.0,10.0,P1-outbreak,0.96992
100000,97590,4,0.9759,3.5,0,0,0,"(40, 140, 50)",1,79,7713678057592198426,50.0,10.0,P1-outbreak,0.96984
100000,97533,2,0.97533,3.5,0,0,0,"(40, 140, 50)",1,80,11845897504785198768,50.0,10.0,P1-outbreak,0.96936
100000,97575,5,0.97575,3.5,0,0,0,"(40, 140, 50)",1,81,3370837671468715464,50.0,10.0,P1-outbreak,0.96952
100000,97570,2,0.9757,3.5,0,0,0,"(40, 140, 50)",1,82,935634360343205455,50.0,10.0,P1-outbreak,0.96974
100000,97555,2,0.97555,3.5,0,0,0,"(40, 140, 50)",1,83,18336798976331644891,50.0,10.0,P1-outbreak,0.96954
100000,97608,3,0.97608,3.5,0,0,0,"(40, 140, 50)",1,84,3916554950780926582,50.0,10.0,P1-outbreak,0.96976
100000,97593,3,0.97593,3.5,0,0,0,"(40, 140, 50)",1,85,6451208681223463938,50.0,10.0,P1-outbreak,0.97016
100000,97574,4,0.97574,3.5,0,0,0,"(40, 140, 50)",1,86,8282193525498388186,50.0,10.0,P1-outbreak,0.9698
100000,97646,6,0.97646,3.5,0,0,0,"(40, 140, 50)",1,87,5850933188939389450,50.0,10.0,P1-outbreak,0.97074
100000,2,1,2e-05,3.5,0,1,0,"(40, 140, 50)",0,88,17574519139259277243,50.0,10.0,P1-outbreak,0.97052
100000,97456,2,0.97456,3.5,0,0,0,"(40, 140, 50)",1,89,17036706729855401531,50.0,10.0,P1-outbreak,0.96844
100000,97650,10,0.9765,3.5,0,0,3,"(40, 140, 50)",1,90,1042722394703081355,50.0,10.0,P1-outbreak,0.97062
100000,1,0,1e-05,3.5,0,0,0,"(40, 140, 50)",0,91,7719973339805995087,50.0,10.0,P1-outbreak,0.96928
100000,97730,2,0.9773,3.5,0,0,0,"(40, 140, 50)",1,92,3596735918919554785,50.0,10.0,P1-outbreak,0.9717
100000,97548,8,0.97548,3.5,0,0,0,"(40, 140, 50)",1,93,9690132721652903698,50.0,10.0,P1-outbreak,0.9694
100000,97605,4,0.97605,3.5,0,0,0,"(40, 140, 50)",1,94,7563651456766634899,50.0,10.0,P1-outbreak,0.96978
100000,97655,4,0.97655,3.5,0,0,0,"(40, 140, 50)",1,95,14297632205169200850,50.0,10.0,P1-outbreak,0.96986
100000,97478,2,0.97478,3.5,0,0,0,"(40, 140, 50)",1,96,4277040641434227245,50.0,10.0,P1-outbreak,0.9689
100000,97496,6,0.97496,3.5,0,0,0,"(40, 140, 50)",1,97,213948161112155005,50.0,10.0,P1-outbreak,0.96852
100000,97593,4,0.97593,3.5,0,0,0,"(40, 140, 50)",1,98,12973042110379635627,50.0,10.0,P1-outbreak,0.97026
100000,97552,6,0.97552,3.5,0,1,0,"(40, 140, 50)",1,99,6088234674388291456,50.0,10.0,P1-outbreak,0.96942
100000,97537,5,0.97537,3.5,0,0,1,"(40, 140, 50)",1,100,1192937013278412878,50.0,10.0,P1-outbreak,0.97002
100000,97576,3,0.97576,3.5,0,0,0,"(40, 140, 50)",1,101,12492040142901935203,50.0,10.0,P1-outbreak,0.96982
100000,1,0,1e-05,3.5,0,0,0,"(40, 140, 50)",0,102,3557018119195021634,50.0,10.0,P1-outbreak,0.96938
100000,97614,4,0.97614,3.5,0,0,0,"(40, 140, 50)",1,103,9585465399093336078,50.0,10.0,P1-outbreak,0.96966
100000,97532,5,0.97532,3.5,0,0,0,"(40, 140, 50)",1,104,7436585737390760414,50.0,10.0,P1-outbreak,0.96924
100000,97650,4,0.9765,3.5,0,0,0,"(40, 140, 50)",1,105,18284638160675748824,50.0,10.0,P1-outbreak,0.97054
100000,2,1,2e-05,3.5,0,1,0,"(40, 140, 50)",0,106,11578509242510301477,50.0,10.0,P1-outbreak,0.96968
100000,97624,3,0.97624,3.5,0,0,0,"(40, 140, 50)",1,107,180842528997015172,50.0,10.0,P1-outbreak,0.9698
100000,97656,3,0.97656,3.5,0,0,0,"(40, 140, 50)",1,108,6580201983462625847,50.0,10.0,P1-outbreak,0.97068
100000,97585,3,0.97585,3.5,0,0,0,"(40, 140, 50)",1,109,4511797772173308853,50.0,10.0,P1-outbreak,0.9691
100000,97539,4,0.97539,3.5,0,0,0,"(40, 140, 50)",1,110,14320970457089752218,50.0,10.0,P1-outbreak,0.96936
100000,97531,3,0.97531,3.5,0,0,0,"(40, 140, 50)",1,111,16906693791691643436,50.0,10.0,P1-outbreak,0.96884
100000,1,0,1e-05,3.5,0,0,0,"(40, 140, 50)",0,112,14483474393921387524,50.0,10.0,P1-outbreak,0.96966
100000,97595,5,0.97595,3.5,0,0,0,"(40, 140, 50)",1,113,14414295198082960963,50.0,10.0,P1-outbreak,0.97038
100000,97590,7,0.9759,3.5,0,0,0,"(40, 140, 50)",1,114,9902343699898243853,50.0,10.0,P1-outbreak,0.97076
100000,97692,2,0.97692,3.5,0,0,0,"(40, 140, 50)",1,115,18301082765308157589,50.0,10.0,P1-outbreak,0.97136
100000,97625,5,0.97625,3.5,0,0,0,"(40, 140, 50)",1,116,13686760955964764074,50.0,10.0,P1-outbreak,0.97014
100000,97626,5,0.97626,3.5,0,1,0,"(40, 140, 50)",1,117,8896141278509903780,50.0,10.0,P1-outbreak,0.9711
100000,97555,3,0.97555,3.5,0,0,0,"(40, 140, 50)",1,118,15151051678945121239,50.0,10.0,P1-outbreak,0.96912
100000,97621,4,0.97621,3.5,0,0,0,"(40, 140, 50)",1,119,16474238355688859655,50.0,10.0,P1-outbreak,0.97022
100000,97533,5,0.97533,3.5,0,0,0,"(40, 140, 50)",1,120,10597327574229255645,50.0,10.0,P1-outbreak,0.96896
100000,97778,5,0.97778,3.5,0,0,0,"(40, 140, 50)",1,121,159247883437105714,50.0,10.0,P1-outbreak,0.97256
100000,1,0,1e-05,3.5,0,0,0,"(40, 140, 50)",0,122,6256798470467088891,50.0,10.0,P1-outbreak,0.96968
100000,97572,5,0.97572,3.5,0,0,0,"(40, 140, 50)",1,123,9823798597600957303,50.0,10.0,P1-outbreak,0.9691
100000,97573,5,0.97573,3.5,0,0,0,"(40, 140, 50)",1,124,1900619869729185033,50.0,10.0,P1-outbreak,0.96952
100000,97515,1,0.97515,3.5,0,0,0,"(40, 140, 50)",1,125,16709757110022930836,50.0,10.0,P1-outbreak,0.96868
100000,97677,6,0.97677,3.5,0,0,0,"(40, 140, 50)",1,126,14376384773788194626,50.0,10.0,P1-outbreak,0.97166
100000,97532,5,0.97532,3.5,0,0,0,"(40, 140, 50)",1,127,5349128807394622316,50.0,10.0,P1-outbreak,0.96894
100000,97584,2,0.97584,3.5,0,0,0,"(40, 140, 50)",1,128,8364767229418289352,50.0,10.0,P1-outbreak,0.96906
100000,97690,5,0.9769,3.5,0,0,0,"(40, 140, 50)",1,129,5653429061152869056,50.0,10.0,P1-outbreak,0.97098
100000,97625,7,0.97625,3.5,0,0,0,"(40, 140, 50)",1,130,10894513462344556980,50.0,10.0,P1-outbreak,0.96932
100000,3,2,3e-05,3.5,0,2,0,"(40, 140, 50)",0,131,4970185947378023981,50.0,10.0,P1-outbreak,0.96912
100000,97523,9,0.97523,3.5,0,0,0,"(40, 140, 50)",1,132,14877337934964629688,50.0,10.0,P1-outbreak,0.9698
100000,97559,5,0.97559,3.5,0,0,0,"(40, 140, 50)",1,133,12329603100509839985,50.0,10.0,P1-outbreak,0.97032
100000,1,0,1e-05,3.5,0,0,0,"(40, 140, 50)",0,134,8063187433688411418,50.0,10.0,P1-outbreak,0.96922
100000,97572,5,0.97572,3.5,0,0,0,"(40, 140, 50)",1,135,12774241158774223436,50.0,10.0,P1-outbreak,0.97002
100000,97610,2,0.9761,3.5,0,0,0,"(40, 140, 50)",1,136,11800521420402515103,50.0,10.0,P1-outbreak,0.97028
100000,1,0,1e-05,3.5,0,0,0,"(40, 140, 50)",0,137,5273373395210095639,50.0,10.0,P1-outbreak,0.96972
100000,97542,5,0.97542,3.5,0,0,0,"(40, 140, 50)",1,138,9293645145339668161,50.0,10.0,P1-outbreak,0.96974
100000,97632,2,0.97632,3.5,0,0,0,"(40, 140, 50)",1,139,18067346056405827254,50.0,10.0,P1-outbreak,0.97038
100000,97645,1,0.97645,3.5,0,0,0,"(40, 140, 50)",1,140,8368426465074415858,50.0,10.0,P1-outbreak,0.97002
100000,97575,5,0.97575,3.5,0,0,0,"(40, 140, 50)",1,141,6986682434087737400,50.0,10.0,P1-outbreak,0.97068
100000,97652,5,0.97652,3.5,0,0,0,"(40, 140, 50)",1,142,2666974579422864644,50.0,10.0,P1-outbreak,0.97082
100000,97569,7,0.97569,3.5,0,0,0,"(40, 140, 50)",1,143,3540456580430544052,50.0,10.0,P1-outbreak,0.96928
100000,97584,2,0.97584,3.5,0,0,0,"(40, 140, 50)",1,144,13671626372721428446,50.0,10.0,P1-outbreak,0.96934
100000,97606,6,0.97606,3.5,0,0,1,"(40, 140, 50)",1,145,720952896153579662,50.0,10.0,P1-outbreak,0.97062
100000,1,0,1e-05,3.5,0,0,0,"(40, 140, 50)",0,146,14957988108729895295,50.0,10.0,P1-outbreak,0.96876
100000,97591,5,0.97591,3.5,0,0,0,"(40, 140, 50)",1,147,10660698927644356938,50.0,10.0,P1-outbreak,0.96908
100000,97548,1,0.97548,3.5,0,0,0,"(40, 140, 50)",1,148,14114174179671483001,50.0,10.0,P1-outbreak,0.96952
100000,97595,6,0.97595,3.5,0,0,0,"(40, 140, 50)",1,149,6694644315234668407,50.0,10.0,P1-outbreak,0.96984
100000,97586,6,0.97586,3.5,0,0,0,"(40, 140, 50)",1,150,10448558228970131644,50.0,10.0,P1-outbreak,0.96992
100000,97570,3,0.9757,3.5,0,0,0,"(40, 140, 50)",1,151,17717288130537784130,50.0,10.0,P1-outbreak,0.96866
100000,97576,6,0.97576,3.5,0,0,0,"(40, 140, 50)",1,152,14812768336120016416,50.0,10.0,P1-outbreak,0.96932
100000,97578,2,0.97578,3.5,0,0,0,"(40, 140, 50)",1,153,4670700883193343724,50.0,10.0,P1-outbreak,0.96884
100000,97566,2,0.97566,3.5,0,0,0,"(40, 140, 50)",1,154,12557351274084045360,50.0,10.0,P1-outbreak,0.96934
100000,97558,3,0.97558,3.5,0,0,0,"(40, 140, 50)",1,155,7441936565884620905,50.0,10.0,P1-outbreak,0.96904
100000,97577,2,0.97577,3.5,0,0,0,"(40, 140, 50)",1,156,9333898804061498174,50.0,10.0,P1-outbreak,0.97
100000,97593,2,0.97593,3.5,0,0,0,"(40, 140, 50)",1,157,1844533439613631260,50.0,10.0,P1-outbreak,0.97074
100000,97604,1,0.97604,3.5,0,1,0,"(40, 140, 50)",1,158,17469553862568483022,50.0,10.0,P1-outbreak,0.97054
100000,97533,7,0.97533,3.5,0,0,0,"(40, 140, 50)",1,159,9044929361516198371,50.0,10.0,P1-outbreak,0.96916
100000,97547,5,0.97547,3.5,0,0,0,"(40, 140, 50)",1,160,7337313686485453416,50.0,10.0,P1-outbreak,0.9696
100000,97622,5,0.97622,3.5,0,0,0,"(40, 140, 50)",1,161,2225589681175287642,50.0,10.0,P1-outbreak,0.97094
100000,1,0,1e-05,3.5,0,0,0,"(40, 140, 50)",0,162,10848596632265825642,50.0,10.0,P1-outbreak,0.97064
100000,97634,7,0.97634,3.5,0,0,1,"(40, 140, 50)",1,163,15919455267219728397,50.0,10.0,P1-outbreak,0.97036
100000,97539,3,0.97539,3.5,0,0,0,"(40, 140, 50)",1,164,356528947127220583,50.0,10.0,P1-outbreak,0.96962
100000,97685,5,0.97685,3.5,0,0,0,"(40, 140, 50)",1,165,13523099139319067827,50.0,10.0,P1-outbreak,0.97136
100000,1,0,1e-05,3.5,0,0,0,"(40, 140, 50)",0,166,5705780262697438822,50.0,10.0,P1-outbreak,0.96964
100000,97583,7,0.97583,3.5,0,0,1,"(40, 140, 50)",1,167,9062108045044798176,50.0,10.0,P1-outbreak,0.97028
100000,97655,5,0.97655,3.5,0,0,0,"(40, 140, 50)",1,168,12697901244324558359,50.0,10.0,P1-outbreak,0.9709
100000,97565,6,0.97565,3.5,0,0,0,"(40, 140, 50)",1,169,5875002807211325354,50.0,10.0,P1-outbreak,0.96814
100000,1,0,1e-05,3.5,0,0,0,"(40, 140, 50)",0,170,11311320800128429723,50.0,10.0,P1-outbreak,0.9704
100000,97592,3,0.97592,3.5,0,1,0,"(40, 140, 50)",1,171,13729825823141479714,50.0,10.0,P1-outbreak,0.96954
100000,97544,6,0.97544,3.5,0,0,0,"(40, 140, 50)",1,172,1282363860689440598,50.0,10.0,P1-outbreak,0.96916
100000,97606,3,0.97606,3.5,0,0,0,"(40, 140, 50)",1,173,18070318026585494786,50.0,10.0,P1-outbreak,0.97012
100000,97594,1,0.97594,3.5,0,0,0,"(40, 140, 50)",1,174,16615614575634944853,50.0,10.0,P1-outbreak,0.97024
100000,97614,4,0.97614,3.5,0,0,0,"(40, 140, 50)",1,175,12978073248790512462,50.0,10.0,P1-outbreak,0.97036
100000,97585,4,0.97585,3.5,0,0,0,"(40, 140, 50)",1,176,5073962532446382519,50.0,10.0,P1-outbreak,0.96924
100000,97655,1,0.97655,3.5,0,0,0,"(40, 140, 50)",1,177,1043051138904070804,50.0,10.0,P1-outbreak,0.97126
100000,97553,9,0.97553,3.5,0,0,0,"(40, 140, 50)",1,178,3471374220931249406,50.0,10.0,P1-outbreak,0.96962
100000,97620,3,0.9762,3.5,0,0,0,"(40, 140, 50)",1,179,9437926565131609023,50.0,10.0,P1-outbreak,0.97
100000,97483,7,0.97483,3.5,0,0,0,"(40, 140, 50)",1,180,3738262392387482403,50.0,10.0,P1-outbreak,0.96854
100000,97547,4,0.97547,3.5,0,0,0,"(40, 140, 50)",1,181,16220285140305223622,50.0,10.0,P1-outbreak,0.9692
100000,97654,3,0.97654,3.5,0,0,0,"(40, 140, 50)",1,182,14091497635499603929,50.0,10.0,P1-outbreak,0.97072
100000,97563,9,0.97563,3.5,0,0,0,"(40, 140, 50)",1,183,10465793243821241633,50.0,10.0,P1-outbreak,0.97
100000,97684,3,0.97684,3.5,0,0,0,"(40, 140, 50)",1,184,11993768104319802672,50.0,10.0,P1-outbreak,0.97014
100000,1,0,1e-05,3.5,0,0,0,"(40, 140, 50)",0,185,11821947390523408557,50.0,10.0,P1-outbreak,0.97028
100000,97543,2,0.97543,3.5,0,0,0,"(40, 140, 50)",1,186,499138679529192850,50.0,10.0,P1-outbreak,0.96978
100000,1,0,1e-05,3.5,0,0,0,"(40, 140, 50)",0,187,7859925420752547905,50.0,10.0,P1-outbreak,0.96964
100000,97628,7,0.97628,3.5,0,0,0,"(40, 140, 50)",1,188,9213585216481405675,50.0,10.0,P1-outbreak,0.9698
100000,97573,10,0.97573,3.5,0,0,0,"(40, 140, 50)",1,189,14000590593649242648,50.0,10.0,P1-outbreak,0.96906
100000,97623,6,0.97623,3.5,0,0,0,"(40, 140, 50)",1,190,15203980145850239196,50.0,10.0,P1-outbreak,0.97052
100000,97601,3,0.97601,3.5,0,0,0,"(40, 140, 50)",1,191,7451972541245750386,50.0,10.0,P1-outbreak,0.96928
100000,97592,3,0.97592,3.5,0,0,0,"(40, 140, 50)",1,192,18219196686770833237,50.0,10.0,P1-outbreak,0.96936
100000,1,0,1e-05,3.5,0,0,0,"(40, 140, 50)",0,193,11231480008823326231,50.0,10.0,P1-outbreak,0.96978
100000,97673,8,0.97673,3.5,0,0,0,"(40, 140, 50)",1,194,2402969767504763519,50.0,10.0,P1-outbreak,0.97038
100000,1,0,1e-05,3.5,0,0,0,"(40, 140, 50)",0,195,15062237598854005185,50.0,10.0,P1-outbreak,0.97074
100000,97600,4,0.976,3.5,0,0,0,"(40, 140, 50)",1,196,5979469412624579156,50.0,10.0,P1-outbreak,0.97048
100000,97600,4,0.976,3.5,0,0,0,"(40, 140, 50)",1,197,3162489442982657898,50.0,10.0,P1-outbreak,0.96998
100000,97585,4,0.97585,3.5,0,0,0,"(40, 140, 50)",1,198,1166621214410761543,50.0,10.0,P1-outbreak,0.96986
100000,1,0,1e-05,3.5,0,0,0,"(40, 140, 50)",0,199,6884404501145459404,50.0,10.0,P1-outbreak,0.96974
100000,97577,3,0.97577,3.5,0,0,0,"(40, 140, 50)",1,200,12824106696490404785,50.0,10.0,P1-outbreak,0.971
100000,97591,3,0.97591,3.5,0,0,0,"(40, 140, 50)",1,201,16620688225124584652,50.0,10.0,P1-outbreak,0.96972
100000,97670,5,0.9767,3.5,0,0,0,"(40, 140, 50)",1,202,5476487804692394861,50.0,10.0,P1-outbreak,0.97028
100000,1,0,1e-05,3.5,0,0,0,"(40, 140, 50)",0,203,6802393553055420371,50.0,10.0,P1-outbreak,0.96946
100000,97620,4,0.9762,3.5,0,0,0,"(40, 140, 50)",1,204,9428924297770114235,50.0,10.0,P1-outbreak,0.97054
100000,1,0,1e-05,3.5,0,0,0,"(40, 140, 50)",0,205,14838845905311533982,50.0,10.0,P1-outbreak,0.96966
100000,97463,2,0.97463,3.5,0,0,0,"(40, 140, 50)",1,206,4980368932040307584,50.0,10.0,P1-outbreak,0.96884
100000,97539,5,0.97539,3.5,0,0,0,"(40, 140, 50)",1,207,6286572224022725003,50.0,10.0,P1-outbreak,0.96938
100000,97651,2,0.97651,3.5,0,0,0,"(40, 140, 50)",1,208,2123408036810086580,50.0,10.0,P1-outbreak,0.97052
100000,97634,1,0.97634,3.5,0,0,0,"(40, 140, 50)",1,209,611195705054588253,50.0,10.0,P1-outbreak,0.97052
100000,97561,2,0.97561,3.5,0,0,0,"(40, 140, 50)",1,210,12760908920621593405,50.0,10.0,P1-outbreak,0.97012
100000,97733,4,0.97733,3.5,0,1,0,"(40, 140, 50)",1,211,4895147873822935886,50.0,10.0,P1-outbreak,0.97188
100000,97606,11,0.97606,3.5,0,0,0,"(40, 140, 50)",1,212,6681280108703469276,50.0,10.0,P1-outbreak,0.96992
100000,97671,2,0.97671,3.5,0,0,1,"(40, 140, 50)",1,213,7283072966266970101,50.0,10.0,P1-outbreak,0.9711
100000,97626,6,0.97626,3.5,0,0,0,"(40, 140, 50)",1,214,16584318205370622209,50.0,10.0,P1-outbreak,0.97082
100000,97648,3,0.97648,3.5,0,0,0,"(40, 140, 50)",1,215,1226010420023922337,50.0,10.0,P1-outbreak,0.97004
100000,97556,1,0.97556,3.5,0,0,0,"(40, 140, 50)",1,216,12919560640537628078,50.0,10.0,P1-outbreak,0.96968
100000,97624,5,0.97624,3.5,0,0,0,"(40, 140, 50)",1,217,3969809585262084821,50.0,10.0,P1-outbreak,0.97086
100000,97588,6,0.97588,3.5,0,0,0,"(40, 140, 50)",1,218,17913711159580640567,50.0,10.0,P1-outbreak,0.96974
100000,97637,6,0.97637,3.5,0,0,0,"(40, 140, 50)",1,219,14909867573457593701,50.0,10.0,P1-outbreak,0.97086
100000,97667,5,0.97667,3.5,0,0,0,"(40, 140, 50)",1,220,2249386058893861626,50.0,10.0,P1-outbreak,0.97128
100000,3,1,3e-05,3.5,0,1,1,"(40, 140, 50)",0,221,13113382053708262847,50.0,10.0,P1-outbreak,0.96904
100000,97577,2,0.97577,3.5,0,0,0,"(40, 140, 50)",1,222,12099942069677259963,50.0,10.0,P1-outbreak,0.97046
100000,97600,3,0.976,3.5,0,0,0,"(40, 140, 50)",1,223,12755840174253496446,50.0,10.0,P1-outbreak,0.96968
100000,97495,7,0.97495,3.5,0,0,0,"(40, 140, 50)",1,224,8288912013829339396,50.0,10.0,P1-outbreak,0.96854
100000,2,1,2e-05,3.5,0,1,0,"(40, 140, 50)",0,225,15092939938816328952,50.0,10.0,P1-outbreak,0.97056
100000,97574,3,0.97574,3.5,0,0,0,"(40, 140, 50)",1,226,18333884226699283269,50.0,10.0,P1-outbreak,0.97002
100000,97590,5,0.9759,3.5,0,0,0,"(40, 140, 50)",1,227,466378705312251661,50.0,10.0,P1-outbreak,0.96998
100000,1,0,1e-05,3.5,0,0,0,"(40, 140, 50)",0,228,9166421821762547121,50.0,10.0,P1-outbreak,0.97052
100000,97630,6,0.9763,3.5,0,0,0,"(40, 140, 50)",1,229,2288808211128580117,50.0,10.0,P1-outbreak,0.97012
100000,97551,3,0.97551,3.5,0,0,0,"(40, 140, 50)",1,230,12355110010234218522,50.0,10.0,P1-outbreak,0.96982
100000,97578,5,0.97578,3.5,0,0,0,"(40, 140, 50)",1,231,14369738784877549292,50.0,10.0,P1-outbreak,0.97002
100000,2,1,2e-05,3.5,0,1,0,"(40, 140, 50)",0,232,7837843502784040559,50.0,10.0,P1-outbreak,0.97014
100000,97505,6,0.97505,3.5,0,0,0,"(40, 140, 50)",1,233,13610585662378959606,50.0,10.0,P1-outbreak,0.96812
100000,97604,8,0.97604,3.5,0,0,0,"(40, 140, 50)",1,234,9183113166464998680,50.0,10.0,P1-outbreak,0.96998
100000,97604,2,0.97604,3.5,0,0,0,"(40, 140, 50)",1,235,11951962984981134831,50.0,10.0,P1-outbreak,0.97006
100000,1,0,1e-05,3.5,0,0,0,"(40, 140, 50)",0,236,9456392166803723865,50.0,10.0,P1-outbreak,0.97182
100000,97600,4,0.976,3.5,0,0,0,"(40, 140, 50)",1,237,5682890309575808750,50.0,10.0,P1-outbreak,0.97008
100000,97627,3,0.97627,3.5,0,0,0,"(40, 140, 50)",1,238,1664868266356706451,50.0,10.0,P1-outbreak,0.9707
100000,97606,5,0.97606,3.5,0,0,0,"(40, 140, 50)",1,239,17778315389784389840,50.0,10.0,P1-outbreak,0.9697
100000,97486,7,0.97486,3.5,0,0,0,"(40, 140, 50)",1,240,9615246347576066250,50.0,10.0,P1-outbreak,0.96882
100000,97494,4,0.97494,3.5,0,0,1,"(40, 140, 50)",1,241,10683427353286615880,50.0,10.0,P1-outbreak,0.9683
100000,97589,2,0.97589,3.5,0,0,0,"(40, 140, 50)",1,242,15438636066163848849,50.0,10.0,P1-outbreak,0.96894
100000,97578,5,0.97578,3.5,0,0,0,"(40, 140, 50)",1,243,7591099848470115873,50.0,10.0,P1-outbreak,0.96972
100000,97595,3,0.97595,3.5,0,0,1,"(40, 140, 50)",1,244,6034610918554094127,50.0,10.0,P1-outbreak,0.97014
100000,97660,4,0.9766,3.5,0,0,0,"(40, 140, 50)",1,245,8746941533846342518,50.0,10.0,P1-outbreak,0.9703
100000,97601,6,0.97601,3.5,0,0,0,"(40, 140, 50)",1,246,9821001573199847658,50.0,10.0,P1-outbreak,0.96992
100000,97536,6,0.97536,3.5,0,0,1,"(40, 140, 50)",1,247,3026430231468071720,50.0,10.0,P1-outbreak,0.96876
100000,97603,6,0.97603,3.5,0,0,0,"(40, 140, 50)",1,248,12202102698857844311,50.0,10.0,P1-outbreak,0.97072
100000,97529,2,0.97529,3.5,0,0,0,"(40, 140, 50)",1,249,8534524059561016255,50.0,10.0,P1-outbreak,0.96848
100000,1,0,1e-05,3.5,0,0,0,"(40, 140, 50)",0,250,1267641942006057563,50.0,10.0,P1-outbreak,0.97032
100000,2,1,2e-05,3.5,0,1,0,"(40, 140, 50)",0,251,15923421996969390091,50.0,10.0,P1-outbreak,0.96942
100000,97593,3,0.97593,3.5,0,0,0,"(40, 140, 50)",1,252,11792333970774801135,50.0,10.0,P1-outbreak,0.97016
100000,97579,4,0.97579,3.5,0,0,0,"(40, 140, 50)",1,253,3859134558068830469,50.0,10.0,P1-outbreak,0.96938
100000,97569,2,0.97569,3.5,0,0,0,"(40, 140, 50)",1,254,12817588579258993298,50.0,10.0,P1-outbreak,0.96944
100000,97602,2,0.97602,3.5,0,0,0,"(40, 140, 50)",1,255,12876533144829698344,50.0,10.0,P1-outbreak,0.97066
100000,1,0,1e-05,3.5,0,0,0,"(40, 140, 50)",0,256,9291938213432260059,50.0,10.0,P1-outbreak,0.9714
100000,1,0,1e-05,3.5,0,0,0,"(40, 140, 50)",0,257,158721891790389716,50.0,10.0,P1-outbreak,0.97096
100000,97570,2,0.9757,3.5,0,0,0,"(40, 140, 50)",1,258,5597459733731694806,50.0,10.0,P1-outbreak,0.9701
100000,97744,8,0.97744,3.5,0,0,0,"(40, 140, 50)",1,259,6386017790801122248,50.0,10.0,P1-outbreak,0.97182
100000,97539,5,0.97539,3.5,0,0,0,"(40, 140, 50)",1,260,14197149099654443272,50.0,10.0,P1-outbreak,0.96938
100000,97681,4,0.97681,3.5,0,0,0,"(40, 140, 50)",1,261,1425075210480642498,50.0,10.0,P1-outbreak,0.97046
100000,97653,5,0.97653,3.5,0,0,0,"(40, 140, 50)",1,262,2625252150276077574,50.0,10.0,P1-outbreak,0.97028
100000,97605,2,0.97605,3.5,0,0,0,"(40, 140, 50)",1,263,1704433222372884635,50.0,10.0,P1-outbreak,0.96998
100000,97583,6,0.97583,3.5,0,0,0,"(40, 140, 50)",1,264,9618768768767528935,50.0,10.0,P1-outbreak,0.97
100000,97587,10,0.97587,3.5,0,0,0,"(40, 140, 50)",1,265,5751245759687054368,50.0,10.0,P1-outbreak,0.97004
100000,97598,1,0.97598,3.5,0,0,0,"(40, 140, 50)",1,266,10210290698283912711,50.0,10.0,P1-outbreak,0.96956
100000,97631,2,0.97631,3.5,0,0,1,"(40, 140, 50)",1,267,8872377342176083223,50.0,10.0,P1-outbreak,0.9699
100000,97620,6,0.9762,3.5,0,0,0,"(40, 140, 50)",1,268,12037835419232311696,50.0,10.0,P1-outbreak,0.9701
100000,97604,1,0.97604,3.5,0,0,0,"(40, 140, 50)",1,269,2810815384596907759,50.0,10.0,P1-outbreak,0.97006
100000,97692,4,0.97692,3.5,0,0,0,"(40, 140, 50)",1,270,12583018339928028583,50.0,10.0,P1-outbreak,0.97098
100000,97669,4,0.97669,3.5,0,0,0,"(40, 140, 50)",1,271,12977167260793959478,50.0,10.0,P1-outbreak,0.97108
100000,97605,6,0.97605,3.5,0,0,1,"(40, 140, 50)",1,272,16357085334197011629,50.0,10.0,P1-outbreak,0.9705
100000,97628,3,0.97628,3.5,0,0,0,"(40, 140, 50)",1,273,13664519538545025989,50.0,10.0,P1-outbreak,0.97028
100000,97572,3,0.97572,3.5,0,0,0,"(40, 140, 50)",1,274,14504267963618039201,50.0,10.0,P1-outbreak,0.9701
100000,97623,2,0.97623,3.5,0,0,0,"(40, 140, 50)",1,275,8525075501497165005,50.0,10.0,P1-outbreak,0.97064
100000,97628,4,0.97628,3.5,0,0,0,"(40, 140, 50)",1,276,8152189051703525657,50.0,10.0,P1-outbreak,0.97042
100000,97562,7,0.97562,3.5,0,0,0,"(40, 140, 50)",1,277,13604262886536077356,50.0,10.0,P1-outbreak,0.9689
100000,97543,3,0.97543,3.5,0,0,0,"(40, 140, 50)",1,278,10100585589631485628,50.0,10.0,P1-outbreak,0.96892
100000,97547,4,0.97547,3.5,0,0,0,"(40, 140, 50)",1,279,2197454197289945112,50.0,10.0,P1-outbreak,0.96912
100000,97563,3,0.97563,3.5,0,0,0,"(40, 140, 50)",1,280,6523538437490889591,50.0,10.0,P1-outbreak,0.9692
100000,2,1,2e-05,3.5,0,1,0,"(40, 140, 50)",0,281,8981892256178066920,50.0,10.0,P1-outbreak,0.9693
100000,97579,5,0.97579,3.5,0,0,0,"(40, 140, 50)",1,282,13186535251091350677,50.0,10.0,P1-outbreak,0.96952
100000,97587,5,0.97587,3.5,0,0,0,"(40, 140, 50)",1,283,17137748176371774149,50.0,10.0,P1-outbreak,0.97002
100000,97571,1,0.97571,3.5,0,0,0,"(40, 140, 50)",1,284,15570914146643037514,50.0,10.0,P1-outbreak,0.9694
100000,97535,3,0.97535,3.5,0,0,0,"(40, 140, 50)",1,285,6543227476390446209,50.0,10.0,P1-outbreak,0.96884
100000,97548,2,0.97548,3.5,0,0,0,"(40, 140, 50)",1,286,13529012905294837103,50.0,10.0,P1-outbreak,0.9701
100000,97626,5,0.97626,3.5,0,0,0,"(40, 140, 50)",1,287,6750509060762183432,50.0,10.0,P1-outbreak,0.97046
100000,97612,8,0.97612,3.5,0,0,0,"(40, 140, 50)",1,288,7917684353687542236,50.0,10.0,P1-outbreak,0.96976
100000,97569,1,0.97569,3.5,0,0,0,"(40, 140, 50)",1,289,11674302232228827983,50.0,10.0,P1-outbreak,0.971
100000,97559,1,0.97559,3.5,0,0,0,"(40, 140, 50)",1,290,1524972291555709297,50.0,10.0,P1-outbreak,0.96992
100000,97603,4,0.97603,3.5,0,0,0,"(40, 140, 50)",1,291,9519775488782255613,50.0,10.0,P1-outbreak,0.9708
100000,97614,2,0.97614,3.5,0,0,0,"(40, 140, 50)",1,292,10295272126510695523,50.0,10.0,P1-outbreak,0.97024
100000,97624,3,0.97624,3.5,0,0,0,"(40, 140, 50)",1,293,13784294680948957791,50.0,10.0,P1-outbreak,0.9697
100000,97705,4,0.97705,3.5,0,0,0,"(40, 140, 50)",1,294,6915626142180053465,50.0,10.0,P1-outbreak,0.97108
100000,97512,3,0.97512,3.5,0,0,0,"(40, 140, 50)",1,295,2167558468661209730,50.0,10.0,P1-outbreak,0.96886
100000,97555,4,0.97555,3.5,0,0,0,"(40, 140, 50)",1,296,8818763543682635510,50.0,10.0,P1-outbreak,0.9693
100000,97630,4,0.9763,3.5,0,0,0,"(40, 140, 50)",1,297,557836284048823329,50.0,10.0,P1-outbreak,0.96982
100000,97601,4,0.97601,3.5,0,0,0,"(40, 140, 50)",1,298,12273822044611936362,50.0,10.0,P1-outbreak,0.96936
100000,97593,5,0.97593,3.5,0,0,0,"(40, 140, 50)",1,299,3427033368913962640,50.0,10.0,P1-outbreak,0.9697
100000,97498,2,0.97498,3.5,0,0,0,"(40, 140, 50)",1,300,4845584647352348426,50.0,10.0,P1-outbreak,0.96882
100000,1,0,1e-05,3.5,0,0,0,"(40, 140, 50)",0,301,2126447897231910032,50.0,10.0,P1-outbreak,0.96972
100000,97574,6,0.97574,3.5,0,0,0,"(40, 140, 50)",1,302,1157500239176163017,50.0,10.0,P1-outbreak,0.96982
100000,97547,5,0.97547,3.5,0,0,0,"(40, 140, 50)",1,303,14022248702318133156,50.0,10.0,P1-outbreak,0.96828
100000,97477,6,0.97477,3.5,0,0,0,"(40, 140, 50)",1,304,17683016557027601001,50.0,10.0,P1-outbreak,0.9698
100000,97552,3,0.97552,3.5,0,0,0,"(40, 140, 50)",1,305,7212024420577587266,50.0,10.0,P1-outbreak,0.9697
100000,97556,8,0.97556,3.5,0,0,0,"(40, 140, 50)",1,306,772577692106274339,50.0,10.0,P1-outbreak,0.96918
100000,97610,1,0.9761,3.5,0,0,0,"(40, 140, 50)",1,307,5376536474680266065,50.0,10.0,P1-outbreak,0.97034
100000,97638,3,0.97638,3.5,0,0,0,"(40, 140, 50)",1,308,4933434253568628416,50.0,10.0,P1-outbreak,0.97048
100000,3,1,3e-05,3.5,0,1,1,"(40, 140, 50)",0,309,17892737377310602280,50.0,10.0,P1-outbreak,0.96808
100000,97588,7,0.97588,3.5,0,0,0,"(40, 140, 50)",1,310,1402506978776208928,50.0,10.0,P1-outbreak,0.96952
100000,97542,1,0.97542,3.5,0,0,0,"(40, 140, 50)",1,311,5744796806461900353,50.0,10.0,P1-outbreak,0.96936
100000,1,0,1e-05,3.5,0,0,0,"(40, 140, 50)",0,312,13978441669972100506,50.0,10.0,P1-outbreak,0.9687
100000,1,0,1e-05,3.5,0,0,0,"(40, 140, 50)",0,313,4374197336371891166,50.0,10.0,P1-outbreak,0.96974
100000,97594,3,0.97594,3.5,0,0,0,"(40, 140, 50)",1,314,3509115975969617763,50.0,10.0,P1-outbreak,0.97018
100000,1,0,1e-05,2.0,0,0,0,"(50, 40, 140)",0,0,4401807151386476768,50.0,10.0,P1-outbreak,-0.00156
100000,1,0,1e-05,2.0,0,0,0,"(50, 40, 140)",0,1,8706987715842003613,50.0,10.0,P1-outbreak,-8e-05
100000,1,0,1e-05,2.0,0,0,0,"(50, 40, 140)",0,2,13229374675441999144,50.0,10.0,P1-outbreak,0.00016
100000,1,0,1e-05,2.0,0,0,0,"(50, 40, 140)",0,3,2944176509725898104,50.0,10.0,P1-outbreak,0.00294
100000,1,0,1e-05,2.0,0,0,0,"(50, 40, 140)",0,4,5956493659840531750,50.0,10.0,P1-outbreak,0.00132
100000,1,0,1e-05,2.0,0,0,0,"(50, 40, 140)",0,5,17356688196160971270,50.0,10.0,P1-outbreak,0.00448
100000,7,1,7e-05,2.0,0,1,3,"(50, 40, 140)",0,6,15669131471769915343,50.0,10.0,P1-outbreak,-0.00404
100000,4,1,4e-05,2.0,0,1,2,"(50, 40, 140)",0,7,15644016654158142569,50.0,10.0,P1-outbreak,0.00196
100000,1,0,1e-05,2.0,0,0,0,"(50, 40, 140)",0,8,14906677930643587058,50.0,10.0,P1-outbreak,0.00716
100000,1,0,1e-05,2.0,0,0,0,"(50, 40, 140)",0,9,8582491603699783204,50.0,10.0,P1-outbreak,-0.0083
100000,3,1,3e-05,2.0,0,1,1,"(50, 40, 140)",0,10,3873165125610896631,50.0,10.0,P1-outbreak,0.0005
100000,1,0,1e-05,2.0,0,0,0,"(50, 40, 140)",0,11,13106152438562699323,50.0,10.0,P1-outbreak,0.00124
100000,2,1,2e-05,2.0,0,1,0,"(50, 40, 140)",0,12,10297706960962769461,50.0,10.0,P1-outbreak,0.00232
100000,1,0,1e-05,2.0,0,0,0,"(50, 40, 140)",0,13,793381455761543567,50.0,10.0,P1-outbreak,-0.00492
100000,8,2,8e-05,2.0,0,2,2,"(50, 40, 140)",0,14,2941470510952120503,50.0,10.0,P1-outbreak,-0.00554
100000,1,0,1e-05,2.0,0,0,0,"(50, 40, 140)",0,15,13508617076713571420,50.0,10.0,P1-outbreak,0.004
100000,3,1,3e-05,2.0,0,1,1,"(50, 40, 140)",0,16,4137637598026741428,50.0,10.0,P1-outbreak,0.00238
100000,1,0,1e-05,2.0,0,0,0,"(50, 40, 140)",0,17,18155395846748249914,50.0,10.0,P1-outbreak,-0.00176
100000,1,0,1e-05,2.0,0,0,0,"(50, 40, 140)",0,18,1629655765666656714,50.0,10.0,P1-outbreak,-0.0019
100000,1,0,1e-05,2.0,0,0,0,"(50, 40, 140)",0,19,1497037406263335782,50.0,10.0,P1-outbreak,-0.00132
100000,11,1,0.00011,2.0,0,1,1,"(50, 40, 140)",0,20,15474477223264294535,50.0,10.0,P1-outbreak,-0.0018
100000,3,1,3e-05,2.0,0,1,1,"(50, 40, 140)",0,21,8991750964486942933,50.0,10.0,P1-outbreak,-0.00092
100000,2,1,2e-05,2.0,0,1,0,"(50, 40, 140)",0,22,3732186082997433460,50.0,10.0,P1-outbreak,-0.0012
100000,1,0,1e-05,2.0,0,0,0,"(50, 40, 140)",0,23,1431840830481986021,50.0,10.0,P1-outbreak,0.00052
100000,9,2,9e-05,2.0,0,2,2,"(50, 40, 140)",0,24,6556968863966807520,50.0,10.0,P1-outbreak,0.00286
100000,1,0,1e-05,2.0,0,0,0,"(50, 40, 140)",0,25,8731008082471219156,50.0,10.0,P1-outbreak,-0.00434
100000,24,2,0.00024,2.0,0,2,2,"(50, 40, 140)",0,26,16905716079940433094,50.0,10.0,P1-outbreak,0.00168
100000,4,1,4e-05,2.0,0,1,1,"(50, 40, 140)",0,27,2338021045989301515,50.0,10.0,P1-outbreak,-0.00056
100000,1,0,1e-05,2.0,0,0,0,"(50, 40, 140)",0,28,357880178512197582,50.0,10.0,P1-outbreak,-0.00326
100000,9,1,9e-05,2.0,0,1,1,"(50, 40, 140)",0,29,5360337048322332213,50.0,10.0,P1-outbreak,0.00416
100000,17,3,0.00017,2.0,0,3,2,"(50, 40, 140)",0,30,5541059031147382436,50.0,10.0,P1-outbreak,0.0036
100000,1,0,1e-05,2.0,0,0,0,"(50, 40, 140)",0,31,149744044187099543,50.0,10.0,P1-outbreak,-0.0011
100000,5,1,5e-05,2.0,0,1,1,"(50, 40, 140)",0,32,8576786058896691218,50.0,10.0,P1-outbreak,0.00206
100000,5,3,5e-05,2.0,0,3,1,"(50, 40, 140)",0,33,287355366272024706,50.0,10.0,P1-outbreak,0.00466
100000,1,0,1e-05,2.0,0,0,0,"(50, 40, 140)",0,34,4603222080528815051,50.0,10.0,P1-outbreak,0.00188
100000,8,1,8e-05,2.0,0,1,2,"(50, 40, 140)",0,35,13543929201450695157,50.0,10.0,P1-outbreak,0.0013
100000,17,2,0.00017,2.0,0,2,3,"(50, 40, 140)",0,36,4487803878764354073,50.0,10.0,P1-outbreak,-0.00654
100000,1,0,1e-05,2.0,0,0,0,"(50, 40, 140)",0,37,7128811801697373100,50.0,10.0,P1-outbreak,-0.00644
100000,1,0,1e-05,2.0,0,0,0,"(50, 40, 140)",0,38,7322059518833462751,50.0,10.0,P1-outbreak,0.0044
100000,1,0,1e-05,2.0,0,0,0,"(50, 40, 140)",0,39,17480321582552549967,50.0,10.0,P1-outbreak,0.0011
100000,3,1,3e-05,2.0,0,1,1,"(50, 40, 140)",0,40,1552006230651925166,50.0,10.0,P1-outbreak,-0.0014
100000,2,1,2e-05,2.0,0,1,0,"(50, 40, 140)",0,41,9925504514835674597,50.0,10.0,P1-outbreak,0.00078
100000,2,1,2e-05,2.0,0,1,0,"(50, 40, 140)",0,42,7880134130585558668,50.0,10.0,P1-outbreak,0.00284
100000,1,0,1e-05,2.0,0,0,0,"(50, 40, 140)",0,43,8438960633158094429,50.0,10.0,P1-outbreak,-0.00012
100000,5,1,5e-05,2.0,0,1,1,"(50, 40, 140)",0,44,9516298526391282349,50.0,10.0,P1-outbreak,-0.00102
100000,3,1,3e-05,2.0,0,1,1,"(50, 40, 140)",0,45,8879754411347425862,50.0,10.0,P1-outbreak,0.00212
100000,1,0,1e-05,2.0,0,0,0,"(50, 40, 140)",0,46,11549285892045349134,50.0,10.0,P1-outbreak,-0.00376
100000,1,0,1e-05,2.0,0,0,0,"(50, 40, 140)",0,47,18217525287060898531,50.0,10.0,P1-outbreak,-0.00096
100000,1,0,1e-05,2.0,0,0,0,"(50, 40, 140)",0,48,15075906022157305100,50.0,10.0,P1-outbreak,0.00478
100000,1,0,1e-05,2.0,0,0,0,"(50, 40, 140)",0,49,2703808876759269101,50.0,10.0,P1-outbreak,-0.00064
100000,5,1,5e-05,2.0,0,1,1,"(140, 40, 50)",0,0,194689653580728474,50.0,10.0,P1-outbreak,0.97106
100000,7,2,7e-05,2.0,0,2,2,"(140, 40, 50)",0,1,12317934200001069246,50.0,10.0,P1-outbreak,0.96962
100000,2,1,2e-05,2.0,0,1,0,"(140, 40, 50)",0,2,714827171751745589,50.0,10.0,P1-outbreak,0.96894
100000,1,0,1e-05,2.0,0,0,0,"(140, 40, 50)",0,3,5585983144046702630,50.0,10.0,P1-outbreak,0.96966
100000,68630,1,0.6863,2.0,0,0,0,"(140, 40, 50)",1,4,2127262240396286231,50.0,10.0,P1-outbreak,0.97008
100000,68409,3,0.68409,2.0,0,0,0,"(140, 40, 50)",1,5,17184991606107222073,50.0,10.0,P1-outbreak,0.9707
100000,68809,2,0.68809,2.0,0,0,2,"(140, 40, 50)",1,6,4782013105051555497,50.0,10.0,P1-outbreak,0.9686
100000,1,0,1e-05,2.0,0,0,0,"(140, 40, 50)",0,7,2852708180890298951,50.0,10.0,P1-outbreak,0.97034
100000,68067,3,0.68067,2.0,0,0,0,"(140, 40, 50)",1,8,12908459048113569633,50.0,10.0,P1-outbreak,0.96988
100000,69502,2,0.69502,2.0,0,0,1,"(140, 40, 50)",1,9,8710932635756892469,50.0,10.0,P1-outbreak,0.97102
100000,68213,6,0.68213,2.0,0,1,1,"(140, 40, 50)",1,10,13769056767942399682,50.0,10.0,P1-outbreak,0.97034
100000,3,2,3e-05,2.0,0,2,0,"(140, 40, 50)",0,11,13506713216884189674,50.0,10.0,P1-outbreak,0.97022
100000,1,0,1e-05,2.0,0,0,0,"(140, 40, 50)",0,12,2000267580679206928,50.0,10.0,P1-outbreak,0.96918
100000,67395,2,0.67395,2.0,0,0,0,"(140, 40, 50)",1,13,15888651485921236445,50.0,10.0,P1-outbreak,0.96978
100000,68092,3,0.68092,2.0,0,0,0,"(140, 40, 50)",1,14,13705101565933149180,50.0,10.0,P1-outbreak,0.9713
100000,1,0,1e-05,2.0,0,0,0,"(140, 40, 50)",0,15,3662905212020843807,50.0,10.0,P1-outbreak,0.9686
100000,68360,1,0.6836,2.0,0,0,1,"(140, 40, 50)",1,16,16378905541105976361,50.0,10.0,P1-outbreak,0.96988
100000,67820,6,0.6782,2.0,0,0,1,"(140, 40, 50)",1,17,10248391965713331007,50.0,10.0,P1-outbreak,0.9702
100000,1,0,1e-05,2.0,0,0,0,"(140, 40, 50)",0,18,12915647096702371798,50.0,10.0,P1-outbreak,0.97036
100000,2,1,2e-05,2.0,0,1,0,"(140, 40, 50)",0,19,16069461919822368806,50.0,10.0,P1-outbreak,0.9698
100000,67761,3,0.67761,2.0,0,2,1,"(140, 40, 50)",1,20,15471663361499900843,50.0,10.0,P1-outbreak,0.97048
100000,1,0,1e-05,2.0,0,0,0,"(140, 40, 50)",0,21,18070362398471567417,50.0,10.0,P1-outbreak,0.96998
100000,68877,2,0.68877,2.0,0,0,0,"(140, 40, 50)",1,22,9482193829090273241,50.0,10.0,P1-outbreak,0.9698
100000,68822,4,0.68822,2.0,0,1,2,"(140, 40, 50)",1,23,5054947732253821784,50.0,10.0,P1-outbreak,0.96958
100000,69206,3,0.69206,2.0,0,2,3,"(140, 40, 50)",1,24,5971872969592461243,50.0,10.0,P1-outbreak,0.9703
100000,1,0,1e-05,2.0,0,0,0,"(140, 40, 50)",0,25,12228046262923996167,50.0,10.0,P1-outbreak,0.9708
100000,68955,3,0.68955,2.0,0,1,0,"(140, 40, 50)",1,26,12131460666675692446,50.0,10.0,P1-outbreak,0.9699
100000,68949,1,0.68949,2.0,0,0,0,"(140, 40, 50)",1,27,15179032996306122370,50.0,10.0,P1-outbreak,0.97042
100000,1,0,1e-05,2.0,0,0,0,"(140, 40, 50)",0,28,14152711519123204550,50.0,10.0,P1-outbreak,0.96958
100000,1,0,1e-05,2.0,0,0,0,"(140, 40, 50)",0,29,6786548132448274097,50.0,10.0,P1-outbreak,0.97012
100000,69455,1,0.69455,2.0,0,0,0,"(140, 40, 50)",1,30,8972305555009310685,50.0,10.0,P1-outbreak,0.97048
100000,1,0,1e-05,2.0,0,0,0,"(140, 40, 50)",0,31,10913838846602471443,50.0,10.0,P1-outbreak,0.97022
100000,68776,2,0.68776,2.0,0,1,0,"(140, 40, 50)",1,32,8300706102944508417,50.0,10.0,P1-outbreak,0.96962
100000,1,0,1e-05,2.0,0,0,0,"(140, 40, 50)",0,33,6074141667373978015,50.0,10.0,P1-outbreak,0.96956
100000,3,1,3e-05,2.0,0,1,1,"(140, 40, 50)",0,34,17505917123349896406,50.0,10.0,P1-outbreak,0.96882
100000,6,1,6e-05,2.0,0,1,2,"(140, 40, 50)",0,35,12890215653008926835,50.0,10.0,P1-outbreak,0.96968
100000,68848,2,0.68848,2.0,0,0,0,"(140, 40, 50)",1,36,10586418503783327045,50.0,10.0,P1-outbreak,0.9706
100000,69412,5,0.69412,2.0,0,0,1,"(140, 40, 50)",1,37,2248673713862969731,50.0,10.0,P1-outbreak,0.97002
100000,68672,3,0.68672,2.0,0,1,0,"(140, 40, 50)",1,38,11948715938266519562,50.0,10.0,P1-outbreak,0.96884
100000,68893,2,0.68893,2.0,0,0,1,"(140, 40, 50)",1,39,7441012822683460600,50.0,10.0,P1-outbreak,0.9695
100000,69093,2,0.69093,2.0,0,1,3,"(140, 40, 50)",1,40,12891435961117482560,50.0,10.0,P1-outbreak,0.96974
100000,67874,2,0.67874,2.0,0,2,0,"(140, 40, 50)",1,41,10091035513198013732,50.0,10.0,P1-outbreak,0.96964
100000,1,0,1e-05,2.0,0,0,0,"(140, 40, 50)",0,42,1436832505239754408,50.0,10.0,P1-outbreak,0.97022
100000,68774,2,0.68774,2.0,0,0,0,"(140, 40, 50)",1,43,16320827377783036960,50.0,10.0,P1-outbreak,0.96882
100000,9,2,9e-05,2.0,0,2,3,"(140, 40, 50)",0,44,5364550221229886531,50.0,10.0,P1-outbreak,0.96914
100000,68916,2,0.68916,2.0,0,1,0,"(140, 40, 50)",1,45,11343005209487716325,50.0,10.0,P1-outbreak,0.96892
100000,67673,2,0.67673,2.0,0,0,1,"(140, 40, 50)",1,46,2245939174416958701,50.0,10.0,P1-outbreak,0.97022
100000,68393,3,0.68393,2.0,0,0,1,"(140, 40, 50)",1,47,3082557869471092377,50.0,10.0,P1-outbreak,0.96898
100000,1,0,1e-05,2.0,0,0,0,"(140, 40, 50)",0,48,10649300876786319644,50.0,10.0,P1-outbreak,0.96898
100000,2,1,2e-05,2.0,0,1,0,"(140, 40, 50)",0,49,6134653130843332560,50.0,10.0,P1-outbreak,0.9706
100000,69249,1,0.69249,2.0,0,0,0,"(140, 40, 50)",1,50,14029791519238952755,50.0,10.0,P1-outbreak,0.97096
100000,9,2,9e-05,2.0,0,2,3,"(140, 40, 50)",0,51,3224060230120902623,50.0,10.0,P1-outbreak,0.96942
100000,2,1,2e-05,2.0,0,1,0,"(140, 40, 50)",0,52,7273342503363831666,50.0,10.0,P1-outbreak,0.97014
100000,7,1,7e-05,2.0,0,1,2,"(140, 40, 50)",0,53,3645238278710537291,50.0,10.0,P1-outbreak,0.96934
100000,67983,4,0.67983,2.0,0,0,1,"(140, 40, 50)",1,54,7419823357668660114,50.0,10.0,P1-outbreak,0.97042
100000,68614,6,0.68614,2.0,0,1,1,"(140, 40, 50)",1,55,3333310307673927353,50.0,10.0,P1-outbreak,0.96888
100000,4,1,4e-05,2.0,0,1,2,"(140, 40, 50)",0,56,3332527915297660518,50.0,10.0,P1-outbreak,0.97156
100000,15,3,0.00015,2.0,0,3,2,"(140, 40, 50)",0,57,8655228658545091827,50.0,10.0,P1-outbreak,0.96972
100000,68925,3,0.68925,2.0,0,1,0,"(140, 40, 50)",1,58,13994226648200762924,50.0,10.0,P1-outbreak,0.96946
100000,2,1,2e-05,2.0,0,1,0,"(140, 40, 50)",0,59,15979095705624953141,50.0,10.0,P1-outbreak,0.97026
100000,1,0,1e-05,2.0,0,0,0,"(140, 40, 50)",0,60,4637201249631439394,50.0,10.0,P1-outbreak,0.9694
100000,69717,2,0.69717,2.0,0,0,0,"(140, 40, 50)",1,61,2847778635800514045,50.0,10.0,P1-outbreak,0.96962
100000,1,0,1e-05,2.0,0,0,0,"(140, 40, 50)",0,62,715167695882794398,50.0,10.0,P1-outbreak,0.9696
100000,68512,3,0.68512,2.0,0,1,1,"(140, 40, 50)",1,63,8604163080970623837,50.0,10.0,P1-outbreak,0.96932
100000,68276,3,0.68276,2.0,0,1,0,"(140, 40, 50)",1,64,16045870823933759513,50.0,10.0,P1-outbreak,0.96852
100000,1,0,1e-05,2.0,0,0,0,"(140, 40, 50)",0,65,2882928692876771338,50.0,10.0,P1-outbreak,0.97062
100000,68289,4,0.68289,2.0,0,1,0,"(140, 40, 50)",1,66,9618807304926238881,50.0,10.0,P1-outbreak,0.96956
100000,1,0,1e-05,2.0,0,0,0,"(140, 40, 50)",0,67,15215832533048629704,50.0,10.0,P1-outbreak,0.96808
100000,1,0,1e-05,2.0,0,0,0,"(140, 40, 50)",0,68,12467360697445734651,50.0,10.0,P1-outbreak,0.96976
100000,1,0,1e-05,2.0,0,0,0,"(140, 40, 50)",0,69,11678139493974453546,50.0,10.0,P1-outbreak,0.9685
100000,67969,6,0.67969,2.0,0,0,2,"(140, 40, 50)",1,70,4925844133987150561,50.0,10.0,P1-outbreak,0.97084
100000,68631,3,0.68631,2.0,0,0,1,"(140, 40, 50)",1,71,16545769684102835988,50.0,10.0,P1-outbreak,0.97134
100000,67853,5,0.67853,2.0,0,1,1,"(140, 40, 50)",1,72,14141469287499088463,50.0,10.0,P1-outbreak,0.9694
100000,1,0,1e-05,2.0,0,0,0,"(140, 40, 50)",0,73,2833378199299044969,50.0,10.0,P1-outbreak,0.96808
100000,67870,2,0.6787,2.0,0,0,2,"(140, 40, 50)",1,74,14528101260145639408,50.0,10.0,P1-outbreak,0.97072
100000,4,1,4e-05,2.0,0,1,2,"(140, 40, 50)",0,75,8773899652123133164,50.0,10.0,P1-outbreak,0.97006
100000,2,1,2e-05,2.0,0,1,0,"(140, 40, 50)",0,76,5152753436408272774,50.0,10.0,P1-outbreak,0.96866
100000,69507,1,0.69507,2.0,0,0,0,"(140, 40, 50)",1,77,15088261638415280200,50.0,10.0,P1-outbreak,0.97038
100000,21,1,0.00021,2.0,0,1,2,"(140, 40, 50)",0,78,18316352807823909571,50.0,10.0,P1-outbreak,0.97024
100000,68923,3,0.68923,2.0,0,1,1,"(140, 40, 50)",1,79,9259489360198607671,50.0,10.0,P1-outbreak,0.96972
100000,68819,3,0.68819,2.0,0,2,0,"(140, 40, 50)",1,80,6221111985640828272,50.0,10.0,P1-outbreak,0.96972
100000,33,4,0.00033,2.0,0,4,4,"(140, 40, 50)",0,81,6085685678977713841,50.0,10.0,P1-outbreak,0.96872
100000,69127,4,0.69127,2.0,0,0,0,"(140, 40, 50)",1,82,7048202987197294936,50.0,10.0,P1-outbreak,0.97032
100000,1,0,1e-05,2.0,0,0,0,"(140, 40, 50)",0,83,10332119109496284837,50.0,10.0,P1-outbreak,0.97126
100000,1,0,1e-05,2.0,0,0,0,"(140, 40, 50)",0,84,389808706980837627,50.0,10.0,P1-outbreak,0.97142
100000,69300,2,0.693,2.0,0,0,2,"(140, 40, 50)",1,85,1491327171077383317,50.0,10.0,P1-outbreak,0.97044
100000,2,1,2e-05,2.0,0,1,0,"(140, 40, 50)",0,86,9715727130370164845,50.0,10.0,P1-outbreak,0.97
100000,69226,5,0.69226,2.0,0,0,0,"(140, 40, 50)",1,87,978147176899752829,50.0,10.0,P1-outbreak,0.97056
100000,69492,1,0.69492,2.0,0,1,1,"(140, 40, 50)",1,88,7137404963657651164,50.0,10.0,P1-outbreak,0.97046
100000,1,0,1e-05,2.0,0,0,0,"(140, 40, 50)",0,89,8862382465979015316,50.0,10.0,P1-outbreak,0.9715
100000,1,0,1e-05,2.0,0,0,0,"(140, 40, 50)",0,90,9743858653627767078,50.0,10.0,P1-outbreak,0.9685
100000,68272,3,0.68272,2.0,0,0,3,"(140, 40, 50)",1,91,2968058927490891087,50.0,10.0,P1-outbreak,0.97076
100000,68087,2,0.68087,2.0,0,0,1,"(140, 40, 50)",1,92,5579895798684502754,50.0,10.0,P1-outbreak,0.97042
100000,1,0,1e-05,2.0,0,0,0,"(140, 40, 50)",0,93,9771884897322213686,50.0,10.0,P1-outbreak,0.9693
100000,69180,1,0.6918,2.0,0,0,2,"(140, 40, 50)",1,94,3569853886745599379,50.0,10.0,P1-outbreak,0.9695
100000,68842,1,0.68842,2.0,0,0,0,"(140, 40, 50)",1,95,17406829765131713249,50.0,10.0,P1-outbreak,0.96932
100000,2,1,2e-05,2.0,0,1,0,"(140, 40, 50)",0,96,18222516532603266008,50.0,10.0,P1-outbreak,0.96916
100000,1,0,1e-05,2.0,0,0,0,"(140, 40, 50)",0,97,14702675141693602319,50.0,10.0,P1-outbreak,0.97146
100000,2,1,2e-05,2.0,0,1,0,"(140, 40, 50)",0,98,17241796469840471420,50.0,10.0,P1-outbreak,0.97004
100000,1,0,1e-05,2.0,0,0,0,"(140, 40, 50)",0,99,2179234427182094794,50.0,10.0,P1-outbreak,0.97134
100000,69225,2,0.69225,2.0,0,1,1,"(140, 40, 50)",1,100,260562126907637122,50.0,10.0,P1-outbreak,0.96756
100000,1,0,1e-05,2.0,0,0,0,"(140, 40, 50)",0,101,7893345866327921081,50.0,10.0,P1-outbreak,0.96942
100000,68650,2,0.6865,2.0,0,0,1,"(140, 40, 50)",1,102,8820841720561927580,50.0,10.0,P1-outbreak,0.96872
100000,1,0,1e-05,2.0,0,0,0,"(140, 40, 50)",0,103,14307754351581109610,50.0,10.0,P1-outbreak,0.97072
100000,3,2,3e-05,2.0,0,2,0,"(140, 40, 50)",0,104,173923763687786979,50.0,10.0,P1-outbreak,0.97134
100000,67905,4,0.67905,2.0,0,0,0,"(140, 40, 50)",1,105,9682411233437132780,50.0,10.0,P1-outbreak,0.96962
100000,68528,3,0.68528,2.0,0,0,4,"(140, 40, 50)",1,106,13225121857649173161,50.0,10.0,P1-outbreak,0.9697
100000,69073,3,0.69073,2.0,0,0,2,"(140, 40, 50)",1,107,2104179499195355243,50.0,10.0,P1-outbreak,0.97036
100000,68812,2,0.68812,2.0,0,0,1,"(140, 40, 50)",1,108,12293323767104821975,50.0,10.0,P1-outbreak,0.97054
100000,15,3,0.00015,2.0,0,3,5,"(140, 40, 50)",0,109,9516293559585564752,50.0,10.0,P1-outbreak,0.96892
100000,67441,6,0.67441,2.0,0,1,2,"(140, 40, 50)",1,110,5050025956542742593,50.0,10.0,P1-outbreak,0.97024
100000,67416,2,0.67416,2.0,0,1,1,"(140, 40, 50)",1,111,14213065709747916852,50.0,10.0,P1-outbreak,0.96922
100000,10,1,0.0001,2.0,0,1,2,"(140, 40, 50)",0,112,7230259186466412939,50.0,10.0,P1-outbreak,0.97028
100000,68234,1,0.68234,2.0,0,0,0,"(140, 40, 50)",1,113,8005508977522584546,50.0,10.0,P1-outbreak,0.9698
100000,69094,4,0.69094,2.0,0,0,1,"(140, 40, 50)",1,114,13788485629572020391,50.0,10.0,P1-outbreak,0.96998
100000,20,2,0.0002,2.0,0,2,1,"(140, 40, 50)",0,115,12769610706174224784,50.0,10.0,P1-outbreak,0.97034
100000,68385,2,0.68385,2.0,0,0,0,"(140, 40, 50)",1,116,10069034439625499275,50.0,10.0,P1-outbreak,0.97056
100000,67653,3,0.67653,2.0,0,0,0,"(140, 40, 50)",1,117,4394338563508747205,50.0,10.0,P1-outbreak,0.96822
100000,69121,1,0.69121,2.0,0,0,0,"(140, 40, 50)",1,118,5109557140865430268,50.0,10.0,P1-outbreak,0.96948
100000,68336,3,0.68336,2.0,0,1,2,"(140, 40, 50)",1,119,11848512460662975071,50.0,10.0,P1-outbreak,0.97006
100000,4,2,4e-05,2.0,0,2,1,"(140, 40, 50)",0,120,17733521681032160540,50.0,10.0,P1-outbreak,0.9697
100000,1,0,1e-05,2.0,0,0,0,"(140, 40, 50)",0,121,583980913881303847,50.0,10.0,P1-outbreak,0.97
100000,68982,1,0.68982,2.0,0,1,1,"(140, 40, 50)",1,122,14837533257427391589,50.0,10.0,P1-outbreak,0.97032
100000,4,2,4e-05,2.0,0,2,1,"(140, 40, 50)",0,123,13525411280654182926,50.0,10.0,P1-outbreak,0.96928
100000,1,0,1e-05,2.0,0,0,0,"(140, 40, 50)",0,124,17423884226568595336,50.0,10.0,P1-outbreak,0.97
100000,68186,4,0.68186,2.0,0,0,0,"(140, 40, 50)",1,125,13913079455294542775,50.0,10.0,P1-outbreak,0.96842
100000,68165,4,0.68165,2.0,0,1,3,"(140, 40, 50)",1,126,10359960944416134330,50.0,10.0,P1-outbreak,0.96908
100000,68263,6,0.68263,2.0,0,1,3,"(140, 40, 50)",1,127,13775599730742428906,50.0,10.0,P1-outbreak,0.96996
100000,1,0,1e-05,2.0,0,0,0,"(140, 40, 50)",0,128,1547469348799100208,50.0,10.0,P1-outbreak,0.97034
100000,5,1,5e-05,2.0,0,1,2,"(140, 40, 50)",0,129,16482220079500697181,50.0,10.0,P1-outbreak,0.96944
100000,68672,3,0.68672,2.0,0,0,1,"(140, 40, 50)",1,130,13156928546619006603,50.0,10.0,P1-outbreak,0.96972
100000,68448,5,0.68448,2.0,0,0,0,"(140, 40, 50)",1,131,993521768111574221,50.0,10.0,P1-outbreak,0.96938
100000,41,2,0.00041,2.0,0,2,2,"(140, 40, 50)",0,132,10063191563658582937,50.0,10.0,P1-outbreak,0.96766
100000,68097,4,0.68097,2.0,0,0,1,"(140, 40, 50)",1,133,10548490142970714225,50.0,10.0,P1-outbreak,0.96988
100000,1,0,1e-05,2.0,0,0,0,"(140, 40, 50)",0,134,9474692230952487474,50.0,10.0,P1-outbreak,0.97004
100000,2,1,2e-05,2.0,0,1,0,"(140, 40, 50)",0,135,5754178422757137582,50.0,10.0,P1-outbreak,0.97002
100000,69572,2,0.69572,2.0,0,1,0,"(140, 40, 50)",1,136,14549636478749857739,50.0,10.0,P1-outbreak,0.97002
100000,1,0,1e-05,2.0,0,0,0,"(140, 40, 50)",0,137,7798722844070205579,50.0,10.0,P1-outbreak,0.97042
100000,1,0,1e-05,2.0,0,0,0,"(140, 40, 50)",0,138,17397490796594557408,50.0,10.0,P1-outbreak,0.97104
100000,3,2,3e-05,2.0,0,2,0,"(140, 40, 50)",0,139,10702688713906263298,50.0,10.0,P1-outbreak,0.96906
100000,69867,4,0.69867,2.0,0,0,0,"(140, 40, 50)",1,140,10230173037028297250,50.0,10.0,P1-outbreak,0.97018
100000,1,0,1e-05,2.0,0,0,0,"(140, 40, 50)",0,141,11930190451305941822,50.0,10.0,P1-outbreak,0.96908
100000,1,0,1e-05,2.0,0,0,0,"(140, 40, 50)",0,142,6613883070127680741,50.0,10.0,P1-outbreak,0.97056
100000,1,0,1e-05,2.0,0,0,0,"(140, 40, 50)",0,143,4578262244857024401,50.0,10.0,P1-outbreak,0.97022
100000,69579,2,0.69579,2.0,0,1,1,"(140, 40, 50)",1,144,9029472933047496660,50.0,10.0,P1-outbreak,0.97054
100000,68840,5,0.6884,2.0,0,2,2,"(140, 40, 50)",1,145,3608289100848076434,50.0,10.0,P1-outbreak,0.97048
100000,7,1,7e-05,2.0,0,1,1,"(140, 40, 50)",0,146,13316981890635003451,50.0,10.0,P1-outbreak,0.96898
100000,1,0,1e-05,2.0,0,0,0,"(140, 40, 50)",0,147,4195461784876729054,50.0,10.0,P1-outbreak,0.96938
100000,67093,2,0.67093,2.0,0,0,0,"(140, 40, 50)",1,148,2483702514810548832,50.0,10.0,P1-outbreak,0.96908
100000,69455,3,0.69455,2.0,0,0,0,"(140, 40, 50)",1,149,1915300271359904668,50.0,10.0,P1-outbreak,0.9694
100000,1,0,1e-05,2.0,0,0,0,"(140, 40, 50)",0,150,2121268034345174369,50.0,10.0,P1-outbreak,0.96832
100000,6,2,6e-05,2.0,0,2,2,"(140, 40, 50)",0,151,14623634108037282215,50.0,10.0,P1-outbreak,0.97064
100000,68729,2,0.68729,2.0,0,2,1,"(140, 40, 50)",1,152,10756590835655868624,50.0,10.0,P1-outbreak,0.9701
100000,5,2,5e-05,2.0,0,2,2,"(140, 40, 50)",0,153,7260423558255965611,50.0,10.0,P1-outbreak,0.96908
100000,4,1,4e-05,2.0,0,1,2,"(140, 40, 50)",0,154,3781578866230152081,50.0,10.0,P1-outbreak,0.97014
100000,2,1,2e-05,2.0,0,1,0,"(140, 40, 50)",0,155,12793614843677440374,50.0,10.0,P1-outbreak,0.96904
100000,1,0,1e-05,2.0,0,0,0,"(140, 40, 50)",0,156,8174682267821801313,50.0,10.0,P1-outbreak,0.96986
100000,4,2,4e-05,2.0,0,2,1,"(140, 40, 50)",0,157,12542007232346497163,50.0,10.0,P1-outbreak,0.96936
100000,2,1,2e-05,2.0,0,1,0,"(140, 40, 50)",0,158,11516621951790387535,50.0,10.0,P1-outbreak,0.97118
100000,5,2,5e-05,2.0,0,2,1,"(140, 40, 50)",0,159,7575000429806074497,50.0,10.0,P1-outbreak,0.96946
100000,1,0,1e-05,2.0,0,0,0,"(140, 40, 50)",0,160,6818129813437943415,50.0,10.0,P1-outbreak,0.97014
100000,1,0,1e-05,2.0,0,0,0,"(140, 40, 50)",0,161,16932294037649372579,50.0,10.0,P1-outbreak,0.96832
100000,1,0,1e-05,2.0,0,0,0,"(140, 40, 50)",0,162,15971549432000637125,50.0,10.0,P1-outbreak,0.97
100000,16,1,0.00016,2.0,0,1,1,"(140, 40, 50)",0,163,23729485095038221,50.0,10.0,P1-outbreak,0.9716
100000,68809,3,0.68809,2.0,0,0,1,"(140, 40, 50)",1,164,7040518640236691782,50.0,10.0,P1-outbreak,0.96878
100000,69007,2,0.69007,2.0,0,0,0,"(140, 40, 50)",1,165,9848615936850491492,50.0,10.0,P1-outbreak,0.96992
100000,1,0,1e-05,2.0,0,0,0,"(140, 40, 50)",0,166,10040097019303291443,50.0,10.0,P1-outbreak,0.97004
100000,68167,2,0.68167,2.0,0,1,0,"(140, 40, 50)",1,167,1202133278623767352,50.0,10.0,P1-outbreak,0.96942
100000,69246,3,0.69246,2.0,0,1,1,"(140, 40, 50)",1,168,10905105065210958877,50.0,10.0,P1-outbreak,0.96866
100000,68123,3,0.68123,2.0,0,0,2,"(140, 40, 50)",1,169,10732870089973411763,50.0,10.0,P1-outbreak,0.96938
100000,1,0,1e-05,2.0,0,0,0,"(140, 40, 50)",0,170,12119340742531245521,50.0,10.0,P1-outbreak,0.97118
100000,1,0,1e-05,2.0,0,0,0,"(140, 40, 50)",0,171,18304011974836776362,50.0,10.0,P1-outbreak,0.96948
100000,68358,5,0.68358,2.0,0,0,3,"(140, 40, 50)",1,172,1503862747970261355,50.0,10.0,P1-outbreak,0.97078
100000,2,1,2e-05,2.0,0,1,0,"(140, 40, 50)",0,173,7656196364282642350,50.0,10.0,P1-outbreak,0.97002
100000,1,0,1e-05,2.0,0,0,0,"(140, 40, 50)",0,174,10287723579454879818,50.0,10.0,P1-outbreak,0.97114
100000,2,1,2e-05,2.0,0,1,0,"(140, 40, 50)",0,175,5512750864600096170,50.0,10.0,P1-outbreak,0.97072
100000,7,2,7e-05,2.0,0,2,2,"(140, 40, 50)",0,176,1602361934046609057,50.0,10.0,P1-outbreak,0.96828
100000,1,0,1e-05,2.0,0,0,0,"(140, 40, 50)",0,177,8690047566090810598,50.0,10.0,P1-outbreak,0.96958
100000,69121,5,0.69121,2.0,0,1,1,"(140, 40, 50)",1,178,5981017165491736875,50.0,10.0,P1-outbreak,0.97096
100000,1,0,1e-05,2.0,0,0,0,"(140, 40, 50)",0,179,17131327951135897765,50.0,10.0,P1-outbreak,0.96998
100000,68361,4,0.68361,2.0,0,2,0,"(140, 40, 50)",1,180,9555991803094255317,50.0,10.0,P1-outbreak,0.97074
100000,6,2,6e-05,2.0,0,2,2,"(140, 40, 50)",0,181,12136768267009804690,50.0,10.0,P1-outbreak,0.96916
100000,68012,1,0.68012,2.0,0,0,0,"(140, 40, 50)",1,182,16703759842507099987,50.0,10.0,P1-outbreak,0.97002
100000,68976,1,0.68976,2.0,0,0,0,"(140, 40, 50)",1,183,2634493596010823100,50.0,10.0,P1-outbreak,0.9692
100000,1,0,1e-05,2.0,0,0,0,"(140, 40, 50)",0,184,16225556659298621089,50.0,10.0,P1-outbreak,0.96978
100000,68579,1,0.68579,2.0,0,0,0,"(140, 40, 50)",1,185,9314323789447746853,50.0,10.0,P1-outbreak,0.9703
100000,2,1,2e-05,2.0,0,1,0,"(140, 40, 50)",0,186,3325548010001559310,50.0,10.0,P1-outbreak,0.96914
100000,1,0,1e-05,2.0,0,0,0,"(140, 40, 50)",0,187,8656816770707645989,50.0,10.0,P1-outbreak,0.96924
100000,2,1,2e-05,2.0,0,1,0,"(140, 40, 50)",0,188,5265212620315278280,50.0,10.0,P1-outbreak,0.9698
100000,68879,4,0.68879,2.0,0,1,2,"(140, 40, 50)",1,189,14376061239843656238,50.0,10.0,P1-outbreak,0.96976
100000,68302,1,0.68302,2.0,0,0,1,"(140, 40, 50)",1,190,14613808561778879863,50.0,10.0,P1-outbreak,0.96852
100000,67759,3,0.67759,2.0,0,0,1,"(140, 40, 50)",1,191,12180242764629801641,50.0,10.0,P1-outbreak,0.9699
100000,4,1,4e-05,2.0,0,1,1,"(140, 40, 50)",0,192,14249909152976048247,50.0,10.0,P1-outbreak,0.9689
100000,24,4,0.00024,2.0,0,4,5,"(140, 40, 50)",0,193,11535482503320844906,50.0,10.0,P1-outbreak,0.96944
100000,67709,1,0.67709,2.0,0,1,0,"(140, 40, 50)",1,194,13595272137848995314,50.0,10.0,P1-outbreak,0.96926
100000,68576,2,0.68576,2.0,0,1,1,"(140, 40, 50)",1,195,13258692624113936328,50.0,10.0,P1-outbreak,0.97102
100000,68270,2,0.6827,2.0,0,1,0,"(140, 40, 50)",1,196,3582426748899711719,50.0,10.0,P1-outbreak,0.96994
100000,1,0,1e-05,2.0,0,0,0,"(140, 40, 50)",0,197,10544385128271523299,50.0,10.0,P1-outbreak,0.97012
100000,68333,4,0.68333,2.0,0,0,5,"(140, 40, 50)",1,198,11441963211275145252,50.0,10.0,P1-outbreak,0.96924
100000,6,2,6e-05,2.0,0,2,2,"(140, 40, 50)",0,199,12065435250231128666,50.0,10.0,P1-outbreak,0.97058
100000,68113,3,0.68113,2.0,0,0,1,"(140, 40, 50)",1,200,16341803058524820227,50.0,10.0,P1-outbreak,0.97044
100000,68222,1,0.68222,2.0,0,0,0,"(140, 40, 50)",1,201,8683118673193723313,50.0,10.0,P1-outbreak,0.97044
100000,6,2,6e-05,2.0,0,2,2,"(140, 40, 50)",0,202,6797676275074282540,50.0,10.0,P1-outbreak,0.97094
100000,1,0,1e-05,2.0,0,0,0,"(140, 40, 50)",0,203,10422525641733189449,50.0,10.0,P1-outbreak,0.96982
100000,68262,3,0.68262,2.0,0,1,3,"(140, 40, 50)",1,204,3687855995972826406,50.0,10.0,P1-outbreak,0.96948
100000,68145,3,0.68145,2.0,0,1,2,"(140, 40, 50)",1,205,16046716665347694834,50.0,10.0,P1-outbreak,0.96852
100000,68854,1,0.68854,2.0,0,1,0,"(140, 40, 50)",1,206,14545786437592871693,50.0,10.0,P1-outbreak,0.96952
100000,2,1,2e-05,2.0,0,1,0,"(140, 40, 50)",0,207,8358926201391009055,50.0,10.0,P1-outbreak,0.96934
100000,1,0,1e-05,2.0,0,0,0,"(140, 40, 50)",0,208,4834466177431645457,50.0,10.0,P1-outbreak,0.96882
100000,70295,4,0.70295,2.0,0,0,0,"(140, 40, 50)",1,209,15483123757633906268,50.0,10.0,P1-outbreak,0.96886
100000,2,1,2e-05,2.0,0,1,0,"(140, 40, 50)",0,210,9432291867331167651,50.0,10.0,P1-outbreak,0.96876
100000,68706,3,0.68706,2.0,0,1,1,"(140, 40, 50)",1,211,3921118376396906268,50.0,10.0,P1-outbreak,0.97024
100000,3,1,3e-05,2.0,0,1,1,"(140, 40, 50)",0,212,8329635041848178006,50.0,10.0,P1-outbreak,0.9706
100000,68087,2,0.68087,2.0,0,1,0,"(140, 40, 50)",1,213,14232774209285006199,50.0,10.0,P1-outbreak,0.96948
100000,69014,5,0.69014,2.0,0,1,1,"(140, 40, 50)",1,214,17205253141314518706,50.0,10.0,P1-outbreak,0.96966
100000,67974,3,0.67974,2.0,0,0,2,"(140, 40, 50)",1,215,9836266920949867794,50.0,10.0,P1-outbreak,0.96996
100000,68639,4,0.68639,2.0,0,2,1,"(140, 40, 50)",1,216,3005991985354062117,50.0,10.0,P1-outbreak,0.97006
100000,68259,3,0.68259,2.0,0,3,1,"(140, 40, 50)",1,217,4980730901662448939,50.0,10.0,P1-outbreak,0.96994
100000,69174,2,0.69174,2.0,0,0,0,"(140, 40, 50)",1,218,16527610840541092974,50.0,10.0,P1-outbreak,0.97024
100000,69553,6,0.69553,2.0,0,0,1,"(140, 40, 50)",1,219,17806961410322818699,50.0,10.0,P1-outbreak,0.97036
100000,2,1,2e-05,2.0,0,1,0,"(140, 40, 50)",0,220,13585057780230197962,50.0,10.0,P1-outbreak,0.9706
100000,1,0,1e-05,2.0,0,0,0,"(140, 40, 50)",0,221,13019238052945995084,50.0,10.0,P1-outbreak,0.96978
100000,68084,2,0.68084,2.0,0,1,0,"(140, 40, 50)",1,222,7652515658384489178,50.0,10.0,P1-outbreak,0.97014
100000,40,3,0.0004,2.0,0,3,5,"(140, 40, 50)",0,223,6880765263953640008,50.0,10.0,P1-outbreak,0.97122
100000,2,1,2e-05,2.0,0,1,0,"(140, 40, 50)",0,224,4639210406301818919,50.0,10.0,P1-outbreak,0.97076
100000,68896,3,0.68896,2.0,0,2,0,"(140, 40, 50)",1,225,13853502049146195340,50.0,10.0,P1-outbreak,0.96918
100000,1,0,1e-05,2.0,0,0,0,"(140, 40, 50)",0,226,2332195377218695512,50.0,10.0,P1-outbreak,0.96874
100000,3,1,3e-05,2.0,0,1,1,"(140, 40, 50)",0,227,17813753746377151008,50.0,10.0,P1-outbreak,0.96926
100000,1,0,1e-05,2.0,0,0,0,"(140, 40, 50)",0,228,1269350225513706759,50.0,10.0,P1-outbreak,0.97054
100000,1,0,1e-05,2.0,0,0,0,"(140, 40, 50)",0,229,1363729321837915263,50.0,10.0,P1-outbreak,0.969
100000,3,1,3e-05,2.0,0,1,1,"(140, 40, 50)",0,230,187291966384442092,50.0,10.0,P1-outbreak,0.97
100000,1,0,1e-05,2.0,0,0,0,"(140, 40, 50)",0,231,14098990092254314502,50.0,10.0,P1-outbreak,0.96904
100000,1,0,1e-05,2.0,0,0,0,"(140, 40, 50)",0,232,6561349428015365330,50.0,10.0,P1-outbreak,0.96874
100000,5,1,5e-05,2.0,0,1,1,"(140, 40, 50)",0,233,8829586106865876960,50.0,10.0,P1-outbreak,0.9686
100000,1,0,1e-05,2.0,0,0,0,"(140, 40, 50)",0,234,10186118844088255159,50.0,10.0,P1-outbreak,0.9704
100000,69602,2,0.69602,2.0,0,1,3,"(140, 40, 50)",1,235,8388051775807431396,50.0,10.0,P1-outbreak,0.96984
100000,68592,4,0.68592,2.0,0,0,1,"(140, 40, 50)",1,236,1131906822824765582,50.0,10.0,P1-outbreak,0.96976
100000,1,0,1e-05,2.0,0,0,0,"(140, 40, 50)",0,237,11377497319637344434,50.0,10.0,P1-outbreak,0.96916
100000,70007,2,0.70007,2.0,0,1,1,"(140, 40, 50)",1,238,3318958122436369237,50.0,10.0,P1-outbreak,0.96946
100000,1,0,1e-05,2.0,0,0,0,"(140, 40, 50)",0,239,8290711987998792695,50.0,10.0,P1-outbreak,0.9696
100000,3,1,3e-05,2.0,0,1,1,"(140, 40, 50)",0,240,4602552530014348669,50.0,10.0,P1-outbreak,0.9689
100000,68331,6,0.68331,2.0,0,1,2,"(140, 40, 50)",1,241,439424658991701568,50.0,10.0,P1-outbreak,0.97038
100000,69124,1,0.69124,2.0,0,0,0,"(140, 40, 50)",1,242,15763279095750179017,50.0,10.0,P1-outbreak,0.9698
100000,67724,3,0.67724,2.0,0,2,0,"(140, 40, 50)",1,243,15656554438515927289,50.0,10.0,P1-outbreak,0.97048
100000,1,0,1e-05,2.0,0,0,0,"(140, 40, 50)",0,244,17812752237719335653,50.0,10.0,P1-outbreak,0.96872
100000,69023,1,0.69023,2.0,0,0,1,"(140, 40, 50)",1,245,2401610667979017946,50.0,10.0,P1-outbreak,0.9699
100000,1,0,1e-05,2.0,0,0,0,"(140, 40, 50)",0,246,18393175609862814134,50.0,10.0,P1-outbreak,0.97046
100000,1,0,1e-05,2.0,0,0,0,"(140, 40, 50)",0,247,15860615552808510520,50.0,10.0,P1-outbreak,0.97
100000,69594,4,0.69594,2.0,0,1,2,"(140, 40, 50)",1,248,13298012482353929438,50.0,10.0,P1-outbreak,0.97074
100000,68136,6,0.68136,2.0,0,2,4,"(140, 40, 50)",1,249,8641198385361823854,50.0,10.0,P1-outbreak,0.97012
100000,68384,7,0.68384,2.0,0,3,0,"(140, 40, 50)",1,250,4952146505451940051,50.0,10.0,P1-outbreak,0.9704
100000,5,2,5e-05,2.0,0,2,1,"(140, 40, 50)",0,251,3579586163346143284,50.0,10.0,P1-outbreak,0.96882
100000,1,0,1e-05,2.0,0,0,0,"(140, 40, 50)",0,252,5577294029025831229,50.0,10.0,P1-outbreak,0.96956
100000,1,0,1e-05,2.0,0,0,0,"(140, 40, 50)",0,253,15258897707729802203,50.0,10.0,P1-outbreak,0.97046
100000,3,1,3e-05,2.0,0,1,1,"(140, 40, 50)",0,254,727617095210430625,50.0,10.0,P1-outbreak,0.96936
100000,1,0,1e-05,2.0,0,0,0,"(140, 40, 50)",0,255,14085318894087450907,50.0,10.0,P1-outbreak,0.96932
100000,1,0,1e-05,2.0,0,0,0,"(140, 40, 50)",0,256,6357420135353524108,50.0,10.0,P1-outbreak,0.97024
100000,69172,4,0.69172,2.0,0,0,4,"(140, 40, 50)",1,257,13197126480294105171,50.0,10.0,P1-outbreak,0.96916
100000,1,0,1e-05,2.0,0,0,0,"(140, 40, 50)",0,258,17000179037392815083,50.0,10.0,P1-outbreak,0.9694
100000,69482,1,0.69482,2.0,0,0,2,"(140, 40, 50)",1,259,17426733168899447076,50.0,10.0,P1-outbreak,0.97092
100000,68532,1,0.68532,2.0,0,1,1,"(140, 40, 50)",1,260,9870145926913524943,50.0,10.0,P1-outbreak,0.9695
100000,1,0,1e-05,2.0,0,0,0,"(140, 40, 50)",0,261,446671092392586111,50.0,10.0,P1-outbreak,0.97012
100000,68939,6,0.68939,2.0,0,2,1,"(140, 40, 50)",1,262,891398601565795082,50.0,10.0,P1-outbreak,0.96924
100000,69311,2,0.69311,2.0,0,1,0,"(140, 40, 50)",1,263,6123763884523813345,50.0,10.0,P1-outbreak,0.97158
100000,1,0,1e-05,2.0,0,0,0,"(140, 40, 50)",0,264,4590699171153590456,50.0,10.0,P1-outbreak,0.97016
100000,1,0,1e-05,2.0,0,0,0,"(140, 40, 50)",0,265,17436527336893105466,50.0,10.0,P1-outbreak,0.96998
100000,1,0,1e-05,2.0,0,0,0,"(140, 40, 50)",0,266,773822816743381002,50.0,10.0,P1-outbreak,0.97054
100000,1,0,1e-05,2.0,0,0,0,"(140, 40, 50)",0,267,3782009033942107439,50.0,10.0,P1-outbreak,0.97092
100000,68808,1,0.68808,2.0,0,0,1,"(140, 40, 50)",1,268,14687176282589107913,50.0,10.0,P1-outbreak,0.97016
100000,68948,2,0.68948,2.0,0,0,0,"(140, 40, 50)",1,269,2766873867848156141,50.0,10.0,P1-outbreak,0.97044
100000,68023,2,0.68023,2.0,0,0,0,"(140, 40, 50)",1,270,9771912985730252078,50.0,10.0,P1-outbreak,0.96974
100000,2,1,2e-05,2.0,0,1,0,"(140, 40, 50)",0,271,9315976581397583987,50.0,10.0,P1-outbreak,0.97024
100000,1,0,1e-05,2.0,0,0,0,"(140, 40, 50)",0,272,8733544906668936854,50.0,10.0,P1-outbreak,0.96924
100000,2,1,2e-05,2.0,0,1,0,"(140, 40, 50)",0,273,8635214865037773699,50.0,10.0,P1-outbreak,0.96982
100000,69545,5,0.69545,2.0,0,0,1,"(140, 40, 50)",1,274,6633838614861681466,50.0,10.0,P1-outbreak,0.9709
100000,68248,5,0.68248,2.0,0,0,2,"(140, 40, 50)",1,275,2440171374591525480,50.0,10.0,P1-outbreak,0.969
100000,1,0,1e-05,2.0,0,0,0,"(140, 40, 50)",0,276,6522055673817848829,50.0,10.0,P1-outbreak,0.97034
100000,5,2,5e-05,2.0,0,2,2,"(140, 40, 50)",0,277,13277913414880189764,50.0,10.0,P1-outbreak,0.97086
100000,70307,2,0.70307,2.0,0,0,2,"(140, 40, 50)",1,278,15314012240371451119,50.0,10.0,P1-outbreak,0.97002
100000,67873,1,0.67873,2.0,0,0,0,"(140, 40, 50)",1,279,14071411533617193692,50.0,10.0,P1-outbreak,0.96958
100000,1,0,1e-05,2.0,0,0,0,"(140, 40, 50)",0,280,17878396483003985601,50.0,10.0,P1-outbreak,0.97094
100000,1,0,1e-05,2.0,0,0,0,"(140, 40, 50)",0,281,5974470326125319603,50.0,10.0,P1-outbreak,0.97046
100000,68233,1,0.68233,2.0,0,0,0,"(140, 40, 50)",1,282,7257550633245373364,50.0,10.0,P1-outbreak,0.9709
100000,4,2,4e-05,2.0,0,2,1,"(140, 40, 50)",0,283,17628598659806480780,50.0,10.0,P1-outbreak,0.96922
100000,1,0,1e-05,2.0,0,0,0,"(140, 40, 50)",0,284,11720346223603005746,50.0,10.0,P1-outbreak,0.96926
100000,68744,3,0.68744,2.0,0,1,2,"(140, 40, 50)",1,285,17876742976969761085,50.0,10.0,P1-outbreak,0.96988
100000,1,0,1e-05,2.0,0,0,0,"(140, 40, 50)",0,286,6682445536580534292,50.0,10.0,P1-outbreak,0.96922
100000,16,2,0.00016,2.0,0,2,4,"(140, 40, 50)",0,287,15228706383929651548,50.0,10.0,P1-outbreak,0.96848
100000,1,0,1e-05,2.0,0,0,0,"(140, 40, 50)",0,288,14673648315786198244,50.0,10.0,P1-outbreak,0.96918
100000,2,1,2e-05,2.0,0,1,0,"(140, 40, 50)",0,289,14299320749643430339,50.0,10.0,P1-outbreak,0.969
100000,68055,1,0.68055,2.0,0,1,1,"(140, 40, 50)",1,290,9516311701709039719,50.0,10.0,P1-outbreak,0.96978
100000,2,1,2e-05,2.0,0,1,0,"(140, 40, 50)",0,291,2336051508621036446,50.0,10.0,P1-outbreak,0.96936
100000,18,2,0.00018,2.0,0,2,3,"(140, 40, 50)",0,292,2919644426024325291,50.0,10.0,P1-outbreak,0.97094
100000,68777,3,0.68777,2.0,0,0,0,"(140, 40, 50)",1,293,11557564399224602158,50.0,10.0,P1-outbreak,0.96934
100000,1,0,1e-05,2.0,0,0,0,"(140, 40, 50)",0,294,8020524713059186618,50.0,10.0,P1-outbreak,0.97018
100000,68735,2,0.68735,2.0,0,0,2,"(140, 40, 50)",1,295,17484854319779146169,50.0,10.0,P1-outbreak,0.9699
100000,1,0,1e-05,2.0,0,0,0,"(140, 40, 50)",0,296,9284613787099239507,50.0,10.0,P1-outbreak,0.96902
100000,1,0,1e-05,2.0,0,0,0,"(140, 40, 50)",0,297,5180642755875425434,50.0,10.0,P1-outbreak,0.97008
100000,68160,2,0.6816,2.0,0,0,1,"(140, 40, 50)",1,298,8668424950427443053,50.0,10.0,P1-outbreak,0.97008
100000,7,1,7e-05,2.0,0,1,2,"(140, 40, 50)",0,299,13824338060937051584,50.0,10.0,P1-outbreak,0.96888
100000,68040,2,0.6804,2.0,0,0,1,"(140, 40, 50)",1,300,14441216232885229620,50.0,10.0,P1-outbreak,0.97032
100000,68806,2,0.68806,2.0,0,0,0,"(140, 40, 50)",1,301,3936391579378591459,50.0,10.0,P1-outbreak,0.96854
100000,68177,3,0.68177,2.0,0,0,0,"(140, 40, 50)",1,302,12391422016057831677,50.0,10.0,P1-outbreak,0.97036
100000,5,2,5e-05,2.0,0,2,2,"(140, 40, 50)",0,303,11370356697255333742,50.0,10.0,P1-outbreak,0.9692
100000,22,1,0.00022,2.0,0,1,3,"(140, 40, 50)",0,304,10063199226001148200,50.0,10.0,P1-outbreak,0.96894
100000,69018,1,0.69018,2.0,0,1,0,"(140, 40, 50)",1,305,13599195039383878174,50.0,10.0,P1-outbreak,0.96968
100000,1,0,1e-05,2.0,0,0,0,"(140, 40, 50)",0,306,10845523098728515198,50.0,10.0,P1-outbreak,0.96928
100000,1,0,1e-05,2.0,0,0,0,"(140, 40, 50)",0,307,2932690715057232775,50.0,10.0,P1-outbreak,0.97092
100000,69097,2,0.69097,2.0,0,0,1,"(140, 40, 50)",1,308,536546229812998708,50.0,10.0,P1-outbreak,0.97012
100000,68659,3,0.68659,2.0,0,1,0,"(140, 40, 50)",1,309,17664288651033737305,50.0,10.0,P1-outbreak,0.96898
100000,2,1,2e-05,2.0,0,1,0,"(140, 40, 50)",0,310,11009627498472224623,50.0,10.0,P1-outbreak,0.96956
100000,69104,6,0.69104,2.0,0,0,1,"(140, 40, 50)",1,311,8104055881544029278,50.0,10.0,P1-outbreak,0.96864
100000,1,0,1e-05,2.0,0,0,0,"(140, 40, 50)",0,312,10990427100244031159,50.0,10.0,P1-outbreak,0.97036
100000,69034,2,0.69034,2.0,0,1,0,"(140, 40, 50)",1,313,7910228918326043342,50.0,10.0,P1-outbreak,0.97036
100000,1,0,1e-05,2.0,0,0,0,"(140, 40, 50)",0,314,9126761504711955372,50.0,10.0,P1-outbreak,0.96732
100000,68518,5,0.68518,2.0,0,1,1,"(140, 40, 50)",1,315,13833290491460404014,50.0,10.0,P1-outbreak,0.9695
100000,27,1,0.00027,2.0,0,1,1,"(140, 40, 50)",0,316,14979516344045681340,50.0,10.0,P1-outbreak,0.97162
100000,67427,1,0.67427,2.0,0,0,0,"(140, 40, 50)",1,317,10236824405141974731,50.0,10.0,P1-outbreak,0.9694
100000,68135,1,0.68135,2.0,0,0,1,"(140, 40, 50)",1,318,9060098151647919802,50.0,10.0,P1-outbreak,0.97108
100000,67814,5,0.67814,2.0,0,3,1,"(140, 40, 50)",1,319,15710408765731680907,50.0,10.0,P1-outbreak,0.96938
100000,1,0,1e-05,2.0,0,0,0,"(140, 40, 50)",0,320,5411980196769442725,50.0,10.0,P1-outbreak,0.96934
100000,1,0,1e-05,2.0,0,0,0,"(140, 40, 50)",0,321,13295187172361917965,50.0,10.0,P1-outbreak,0.96896
100000,2,1,2e-05,2.0,0,1,0,"(140, 40, 50)",0,322,4382102236131813758,50.0,10.0,P1-outbreak,0.96928
100000,1,0,1e-05,2.0,0,0,0,"(140, 40, 50)",0,323,13348223929416204987,50.0,10.0,P1-outbreak,0.9696
100000,1,0,1e-05,2.0,0,0,0,"(140, 40, 50)",0,324,2041002180192005784,50.0,10.0,P1-outbreak,0.96984
100000,1,0,1e-05,2.0,0,0,0,"(140, 40, 50)",0,325,9858469639468145669,50.0,10.0,P1-outbreak,0.96908
100000,5,2,5e-05,2.0,0,2,2,"(140, 40, 50)",0,326,1950379704482135870,50.0,10.0,P1-outbreak,0.97082
100000,1,0,1e-05,2.0,0,0,0,"(140, 40, 50)",0,327,14342635159393031818,50.0,10.0,P1-outbreak,0.96944
100000,67793,3,0.67793,2.0,0,1,2,"(140, 40, 50)",1,328,2312369943075119960,50.0,10.0,P1-outbreak,0.9694
100000,1,0,1e-05,2.0,0,0,0,"(140, 40, 50)",0,329,13919277736262488709,50.0,10.0,P1-outbreak,0.97092
100000,68667,2,0.68667,2.0,0,2,3,"(140, 40, 50)",1,330,18376232793776294442,50.0,10.0,P1-outbreak,0.97004
100000,68292,1,0.68292,2.0,0,1,1,"(140, 40, 50)",1,331,15022240403245930257,50.0,10.0,P1-outbreak,0.96904
100000,4,1,4e-05,2.0,0,1,1,"(140, 40, 50)",0,332,9431242547711887451,50.0,10.0,P1-outbreak,0.96938
100000,1,0,1e-05,2.0,0,0,0,"(140, 40, 50)",0,333,2750676616673344917,50.0,10.0,P1-outbreak,0.97128
100000,67991,1,0.67991,2.0,0,0,0,"(140, 40, 50)",1,334,7812468083977973450,50.0,10.0,P1-outbreak,0.9682
100000,1,0,1e-05,2.0,0,0,0,"(140, 40, 50)",0,335,8673399461034509401,50.0,10.0,P1-outbreak,0.96924
100000,69693,2,0.69693,2.0,0,0,0,"(140, 40, 50)",1,336,2122748080618595503,50.0,10.0,P1-outbreak,0.97038
100000,11,2,0.00011,2.0,0,2,1,"(140, 40, 50)",0,337,866329910713720658,50.0,10.0,P1-outbreak,0.97064
100000,16,1,0.00016,2.0,0,1,2,"(140, 40, 50)",0,338,10132774082864503955,50.0,10.0,P1-outbreak,0.96964
100000,67575,3,0.67575,2.0,0,1,0,"(140, 40, 50)",1,339,13108090719286615946,50.0,10.0,P1-outbreak,0.96954
100000,68645,4,0.68645,2.0,0,0,2,"(140, 40, 50)",1,340,15778184606861983048,50.0,10.0,P1-outbreak,0.97066
100000,68306,1,0.68306,2.0,0,0,0,"(140, 40, 50)",1,341,2081453454852295141,50.0,10.0,P1-outbreak,0.96996
100000,69771,2,0.69771,2.0,0,1,3,"(140, 40, 50)",1,342,5283061685130818835,50.0,10.0,P1-outbreak,0.97094
100000,68673,9,0.68673,2.0,0,0,2,"(140, 40, 50)",1,343,11764620702513071876,50.0,10.0,P1-outbreak,0.97024
100000,1,0,1e-05,2.0,0,0,0,"(140, 40, 50)",0,344,13700227201034022545,50.0,10.0,P1-outbreak,0.96906
100000,68000,1,0.68,2.0,0,1,0,"(140, 40, 50)",1,345,2494885844693463040,50.0,10.0,P1-outbreak,0.97066
100000,1,0,1e-05,2.0,0,0,0,"(140, 40, 50)",0,346,472152877892000925,50.0,10.0,P1-outbreak,0.9701
100000,68316,2,0.68316,2.0,0,1,0,"(140, 40, 50)",1,347,5970392404624672095,50.0,10.0,P1-outbreak,0.96866
100000,3,1,3e-05,2.0,0,1,1,"(140, 40, 50)",0,348,18245632772347603108,50.0,10.0,P1-outbreak,0.96966
100000,8,1,8e-05,2.0,0,1,2,"(140, 40, 50)",0,349,6050698022989438655,50.0,10.0,P1-outbreak,0.97054
100000,67734,4,0.67734,2.0,0,1,3,"(140, 40, 50)",1,350,3499946367615710462,50.0,10.0,P1-outbreak,0.97006
100000,68918,1,0.68918,2.0,0,1,1,"(140, 40, 50)",1,351,16028862152331426989,50.0,10.0,P1-outbreak,0.96908
100000,68555,3,0.68555,2.0,0,2,3,"(140, 40, 50)",1,352,4649961224656263462,50.0,10.0,P1-outbreak,0.96968
100000,1,0,1e-05,2.0,0,0,0,"(140, 40, 50)",0,353,16495827857031020830,50.0,10.0,P1-outbreak,0.97114
100000,68168,2,0.68168,2.0,0,1,0,"(140, 40, 50)",1,354,18151824733310583902,50.0,10.0,P1-outbreak,0.97078
100000,1,0,1e-05,2.0,0,0,0,"(140, 40, 50)",0,355,9551748248493297467,50.0,10.0,P1-outbreak,0.97048
100000,3,1,3e-05,2.0,0,1,1,"(140, 40, 50)",0,356,14023214301204797670,50.0,10.0,P1-outbreak,0.9695
100000,69197,5,0.69197,2.0,0,2,2,"(140, 40, 50)",1,357,1141735617266561865,50.0,10.0,P1-outbreak,0.97074
100000,69190,2,0.6919,2.0,0,0,2,"(140, 40, 50)",1,358,12618329120543795192,50.0,10.0,P1-outbreak,0.97182
100000,3,1,3e-05,2.0,0,1,1,"(140, 40, 50)",0,359,4004277778219359843,50.0,10.0,P1-outbreak,0.96938
100000,2,1,2e-05,2.0,0,1,0,"(140, 40, 50)",0,360,3023656341342221317,50.0,10.0,P1-outbreak,0.97064
100000,2,1,2e-05,2.0,0,1,0,"(140, 40, 50)",0,361,902979715265241128,50.0,10.0,P1-outbreak,0.97068
100000,68347,3,0.68347,2.0,0,1,1,"(140, 40, 50)",1,362,7740165622976615964,50.0,10.0,P1-outbreak,0.96996
100000,3,1,3e-05,2.0,0,1,1,"(140, 40, 50)",0,363,10734520295571541586,50.0,10.0,P1-outbreak,0.96988
100000,68899,2,0.68899,2.0,0,1,0,"(140, 40, 50)",1,364,16611809446421731066,50.0,10.0,P1-outbreak,0.96982
100000,68902,3,0.68902,2.0,0,0,1,"(140, 40, 50)",1,365,5132191706886174119,50.0,10.0,P1-outbreak,0.9699
100000,1,0,1e-05,2.0,0,0,0,"(140, 40, 50)",0,366,16171353110704035849,50.0,10.0,P1-outbreak,0.96808
100000,15,1,0.00015,2.0,0,1,1,"(140, 40, 50)",0,367,3541930261697878375,50.0,10.0,P1-outbreak,0.9693
100000,68334,5,0.68334,2.0,0,2,0,"(140, 40, 50)",1,368,4903728053065907714,50.0,10.0,P1-outbreak,0.97064
100000,67821,4,0.67821,2.0,0,1,1,"(140, 40, 50)",1,369,16904045606412425426,50.0,10.0,P1-outbreak,0.9703
100000,2,1,2e-05,2.0,0,1,0,"(140, 40, 50)",0,370,11888417877813678709,50.0,10.0,P1-outbreak,0.97022
100000,67745,5,0.67745,2.0,0,1,1,"(140, 40, 50)",1,371,3724211427071261175,50.0,10.0,P1-outbreak,0.96766
100000,1,0,1e-05,2.0,0,0,0,"(140, 40, 50)",0,372,653925521016200404,50.0,10.0,P1-outbreak,0.97012
100000,68563,1,0.68563,2.0,0,0,2,"(140, 40, 50)",1,373,11462762405056726673,50.0,10.0,P1-outbreak,0.96962
100000,2,1,2e-05,2.0,0,1,0,"(140, 40, 50)",0,374,15222851253649273875,50.0,10.0,P1-outbreak,0.97024
100000,69178,2,0.69178,2.0,0,1,0,"(140, 40, 50)",1,375,7789446589309419455,50.0,10.0,P1-outbreak,0.97068
100000,68575,6,0.68575,2.0,0,0,0,"(140, 40, 50)",1,376,3810510344512397201,50.0,10.0,P1-outbreak,0.9699
100000,2,1,2e-05,2.0,0,1,0,"(140, 40, 50)",0,377,12287965239510269409,50.0,10.0,P1-outbreak,0.96896
100000,69117,3,0.69117,2.0,0,1,2,"(140, 40, 50)",1,378,17256168510226416432,50.0,10.0,P1-outbreak,0.9693
100000,1,0,1e-05,2.0,0,0,0,"(140, 40, 50)",0,379,10223228880877988131,50.0,10.0,P1-outbreak,0.96912
100000,1,0,1e-05,2.0,0,0,0,"(140, 40, 50)",0,380,18294269435443053883,50.0,10.0,P1-outbreak,0.97072
100000,1,0,1e-05,2.0,0,0,0,"(140, 40, 50)",0,381,9195520232433081783,50.0,10.0,P1-outbreak,0.96806
100000,2,1,2e-05,2.0,0,1,0,"(140, 40, 50)",0,382,14279913853863132296,50.0,10.0,P1-outbreak,0.96948
100000,1,0,1e-05,2.0,0,0,0,"(140, 40, 50)",0,383,4802606565908980758,50.0,10.0,P1-outbreak,0.9706
100000,2,1,2e-05,2.0,0,1,0,"(140, 40, 50)",0,384,3229812219224857793,50.0,10.0,P1-outbreak,0.96928
100000,68795,6,0.68795,2.0,0,0,2,"(140, 40, 50)",1,385,3272940067086501849,50.0,10.0,P1-outbreak,0.96958
100000,68755,4,0.68755,2.0,0,1,0,"(140, 40, 50)",1,386,8622199849146086560,50.0,10.0,P1-outbreak,0.96972
100000,2,1,2e-05,2.0,0,1,0,"(140, 40, 50)",0,387,12746119865851949664,50.0,10.0,P1-outbreak,0.97002
100000,69332,3,0.69332,2.0,0,0,1,"(140, 40, 50)",1,388,15151004957641948339,50.0,10.0,P1-outbreak,0.96886
100000,67837,5,0.67837,2.0,0,1,0,"(140, 40, 50)",1,389,12352687613928991764,50.0,10.0,P1-outbreak,0.97086
100000,68860,2,0.6886,2.0,0,0,1,"(140, 40, 50)",1,390,3305275298979773061,50.0,10.0,P1-outbreak,0.97092
100000,69150,3,0.6915,2.0,0,1,0,"(140, 40, 50)",1,391,11036719397234171642,50.0,10.0,P1-outbreak,0.96946
100000,1,0,1e-05,2.0,0,0,0,"(140, 40, 50)",0,392,16297988188796012408,50.0,10.0,P1-outbreak,0.96902
100000,2,1,2e-05,2.0,0,1,0,"(140, 40, 50)",0,393,7764214489794894796,50.0,10.0,P1-outbreak,0.96882
100000,67351,3,0.67351,2.0,0,1,0,"(140, 40, 50)",1,394,2624446758778307536,50.0,10.0,P1-outbreak,0.971
100000,68099,2,0.68099,2.0,0,0,0,"(140, 40, 50)",1,395,1992923884383124081,50.0,10.0,P1-outbreak,0.96894
100000,69577,3,0.69577,2.0,0,0,1,"(140, 40, 50)",1,396,5406520511984005302,50.0,10.0,P1-outbreak,0.97056
100000,69053,4,0.69053,2.0,0,0,0,"(140, 40, 50)",1,397,13450698814022795091,50.0,10.0,P1-outbreak,0.97036
100000,68610,1,0.6861,2.0,0,0,1,"(140, 40, 50)",1,398,2746699987536098134,50.0,10.0,P1-outbreak,0.97084
100000,69095,3,0.69095,2.0,0,0,1,"(140, 40, 50)",1,399,4259918740443165195,50.0,10.0,P1-outbreak,0.97056
100000,1,0,1e-05,2.0,0,0,0,"(140, 40, 50)",0,400,6860516006760007181,50.0,10.0,P1-outbreak,0.97068
100000,68138,3,0.68138,2.0,0,0,2,"(140, 40, 50)",1,401,9803983735965709192,50.0,10.0,P1-outbreak,0.9718
100000,3,1,3e-05,2.0,0,1,1,"(140, 40, 50)",0,402,2568111520320012926,50.0,10.0,P1-outbreak,0.96932
100000,68345,5,0.68345,2.0,0,0,2,"(140, 40, 50)",1,403,4925616553311833589,50.0,10.0,P1-outbreak,0.96946
100000,67877,4,0.67877,2.0,0,0,3,"(140, 40, 50)",1,404,11420621170878970280,50.0,10.0,P1-outbreak,0.96962
100000,1,0,1e-05,2.0,0,0,0,"(140, 40, 50)",0,405,8788781461729569521,50.0,10.0,P1-outbreak,0.96976
100000,68897,2,0.68897,2.0,0,0,2,"(140, 40, 50)",1,406,5083153379653913781,50.0,10.0,P1-outbreak,0.97058
100000,9,1,9e-05,2.0,0,1,3,"(140, 40, 50)",0,407,15334242740012135731,50.0,10.0,P1-outbreak,0.97066
100000,3,1,3e-05,2.0,0,1,1,"(140, 40, 50)",0,408,13704667013875673762,50.0,10.0,P1-outbreak,0.97022
100000,1,0,1e-05,2.0,0,0,0,"(140, 40, 50)",0,409,16676886730177344239,50.0,10.0,P1-outbreak,0.97074
100000,13,2,0.00013,2.0,0,2,1,"(140, 40, 50)",0,410,8503009862799300842,50.0,10.0,P1-outbreak,0.97114
100000,69056,5,0.69056,2.0,0,1,1,"(140, 40, 50)",1,411,11715050046803200296,50.0,10.0,P1-outbreak,0.96972
100000,1,0,1e-05,2.0,0,0,0,"(140, 40, 50)",0,412,4738242081259907407,50.0,10.0,P1-outbreak,0.96896
100000,1,0,1e-05,2.0,0,0,0,"(140, 40, 50)",0,413,12225156357141114654,50.0,10.0,P1-outbreak,0.9703
100000,25,4,0.00025,2.0,0,4,4,"(140, 40, 50)",0,414,4512215460793356799,50.0,10.0,P1-outbreak,0.9702
100000,68905,3,0.68905,2.0,0,0,4,"(140, 40, 50)",1,415,15634466941566994353,50.0,10.0,P1-outbreak,0.96962
100000,1,0,1e-05,2.0,0,0,0,"(140, 40, 50)",0,416,4128731209605791217,50.0,10.0,P1-outbreak,0.96866
100000,1,0,1e-05,2.0,0,0,0,"(140, 40, 50)",0,417,14623209617526735461,50.0,10.0,P1-outbreak,0.96956
100000,2,1,2e-05,2.0,0,1,0,"(140, 40, 50)",0,418,14318680295695036754,50.0,10.0,P1-outbreak,0.97044
100000,8,2,8e-05,2.0,0,2,3,"(140, 40, 50)",0,419,2838112538820039686,50.0,10.0,P1-outbreak,0.9677
100000,1,0,1e-05,2.0,0,0,0,"(140, 40, 50)",0,420,16294263077923739749,50.0,10.0,P1-outbreak,0.97064
100000,68665,4,0.68665,2.0,0,1,0,"(140, 40, 50)",1,421,6732995948294028928,50.0,10.0,P1-outbreak,0.97076
100000,5,1,5e-05,2.0,0,1,1,"(140, 40, 50)",0,422,5945852673113932264,50.0,10.0,P1-outbreak,0.96894
100000,2,1,2e-05,2.0,0,1,0,"(140, 40, 50)",0,423,7354078197433093344,50.0,10.0,P1-outbreak,0.96898
100000,1,0,1e-05,2.0,0,0,0,"(140, 40, 50)",0,424,12068310204568823818,50.0,10.0,P1-outbreak,0.96926
100000,2,1,2e-05,2.0,0,1,0,"(140, 40, 50)",0,425,3319333221289628079,50.0,10.0,P1-outbreak,0.96972
100000,68273,2,0.68273,2.0,0,0,2,"(140, 40, 50)",1,426,13830080105739978395,50.0,10.0,P1-outbreak,0.97028
100000,68671,8,0.68671,2.0,0,0,2,"(140, 40, 50)",1,427,1441934973458339170,50.0,10.0,P1-outbreak,0.96762
100000,5,1,5e-05,2.0,0,1,1,"(140, 40, 50)",0,428,17530781256064346260,50.0,10.0,P1-outbreak,0.97082
100000,1,0,1e-05,2.0,0,0,0,"(140, 40, 50)",0,429,12947009021637526104,50.0,10.0,P1-outbreak,0.97032
100000,68106,3,0.68106,2.0,0,0,1,"(140, 40, 50)",1,430,18130065544999443824,50.0,10.0,P1-outbreak,0.96926
100000,68455,4,0.68455,2.0,0,1,1,"(140, 40, 50)",1,431,12069658750836741885,50.0,10.0,P1-outbreak,0.97018
100000,1,0,1e-05,2.0,0,0,0,"(140, 40, 50)",0,432,1977029232563938328,50.0,10.0,P1-outbreak,0.9707
100000,68165,1,0.68165,2.0,0,0,2,"(140, 40, 50)",1,433,3152528524329394803,50.0,10.0,P1-outbreak,0.97112
100000,68866,1,0.68866,2.0,0,0,1,"(140, 40, 50)",1,434,4214860955909703766,50.0,10.0,P1-outbreak,0.97116
100000,68062,1,0.68062,2.0,0,0,1,"(140, 40, 50)",1,435,1604128755066749502,50.0,10.0,P1-outbreak,0.96946
100000,1,0,1e-05,2.0,0,0,0,"(140, 40, 50)",0,436,6549533261705854539,50.0,10.0,P1-outbreak,0.969
100000,68361,4,0.68361,2.0,0,1,2,"(140, 40, 50)",1,437,17879115895197433668,50.0,10.0,P1-outbreak,0.9702
100000,1,0,1e-05,2.0,0,0,0,"(140, 40, 50)",0,438,15726351047130018479,50.0,10.0,P1-outbreak,0.96982
100000,4,2,4e-05,2.0,0,2,1,"(140, 40, 50)",0,439,10293993372861868202,50.0,10.0,P1-outbreak,0.97054
100000,69029,3,0.69029,2.0,0,1,0,"(140, 40, 50)",1,440,18029316620016719113,50.0,10.0,P1-outbreak,0.97168
100000,15,3,0.00015,2.0,0,3,4,"(140, 40, 50)",0,441,4899955723380153706,50.0,10.0,P1-outbreak,0.9697
100000,1,0,1e-05,2.0,0,0,0,"(140, 40, 50)",0,442,6838338722313536907,50.0,10.0,P1-outbreak,0.96928
100000,68786,2,0.68786,2.0,0,0,2,"(140, 40, 50)",1,443,3759761069580984653,50.0,10.0,P1-outbreak,0.9708
100000,2,1,2e-05,2.0,0,1,0,"(140, 40, 50)",0,444,1216231528882347641,50.0,10.0,P1-outbreak,0.96964
100000,2,1,2e-05,2.0,0,1,0,"(140, 40, 50)",0,445,2481746380249194961,50.0,10.0,P1-outbreak,0.96978
100000,1,0,1e-05,2.0,0,0,0,"(140, 40, 50)",0,446,17243623099229110250,50.0,10.0,P1-outbreak,0.9707
100000,4,1,4e-05,2.0,0,1,2,"(140, 40, 50)",0,447,15709570624259395114,50.0,10.0,P1-outbreak,0.9695
100000,1,0,1e-05,2.0,0,0,0,"(140, 40, 50)",0,448,10760001203871066737,50.0,10.0,P1-outbreak,0.97078
100000,1,0,1e-05,2.0,0,0,0,"(140, 40, 50)",0,449,15359766770045884300,50.0,10.0,P1-outbreak,0.96856
100000,69907,1,0.69907,2.0,0,0,0,"(140, 40, 50)",1,450,14402199844571021279,50.0,10.0,P1-outbreak,0.96942
100000,3,1,3e-05,2.0,0,1,1,"(140, 40, 50)",0,451,2583722232721650169,50.0,10.0,P1-outbreak,0.96896
100000,2,1,2e-05,2.0,0,1,0,"(140, 40, 50)",0,452,7173432330250046307,50.0,10.0,P1-outbreak,0.96944
100000,69448,2,0.69448,2.0,0,0,0,"(140, 40, 50)",1,453,18068392831040940988,50.0,10.0,P1-outbreak,0.96978
100000,5,1,5e-05,2.0,0,1,1,"(140, 40, 50)",0,454,14404496360384188798,50.0,10.0,P1-outbreak,0.97052
100000,68871,3,0.68871,2.0,0,0,1,"(140, 40, 50)",1,455,9119013248398642715,50.0,10.0,P1-outbreak,0.96896
100000,4,1,4e-05,2.0,0,1,1,"(140, 40, 50)",0,456,14931552057819623170,50.0,10.0,P1-outbreak,0.96912
100000,69285,2,0.69285,2.0,0,1,1,"(140, 40, 50)",1,457,17587374210512852072,50.0,10.0,P1-outbreak,0.9707
100000,69399,1,0.69399,2.0,0,1,0,"(140, 40, 50)",1,458,6630041433201918236,50.0,10.0,P1-outbreak,0.96964
100000,69417,2,0.69417,2.0,0,2,1,"(140, 40, 50)",1,459,6282057357593437166,50.0,10.0,P1-outbreak,0.9699
100000,1,0,1e-05,2.0,0,0,0,"(140, 40, 50)",0,460,9088715715577425918,50.0,10.0,P1-outbreak,0.97022
100000,67510,4,0.6751,2.0,0,0,1,"(140, 40, 50)",1,461,16456494400549388710,50.0,10.0,P1-outbreak,0.9698
100000,69445,4,0.69445,2.0,0,0,0,"(140, 40, 50)",1,462,16453492987962510218,50.0,10.0,P1-outbreak,0.96892
100000,68558,4,0.68558,2.0,0,1,2,"(140, 40, 50)",1,463,534941410101903194,50.0,10.0,P1-outbreak,0.96982
100000,68584,3,0.68584,2.0,0,2,1,"(140, 40, 50)",1,464,624011746220891388,50.0,10.0,P1-outbreak,0.97056
100000,68226,3,0.68226,2.0,0,0,1,"(140, 40, 50)",1,465,12957481607383304913,50.0,10.0,P1-outbreak,0.96956
100000,1,0,1e-05,2.0,0,0,0,"(140, 40, 50)",0,466,6975311876744278600,50.0,10.0,P1-outbreak,0.96872
100000,1,0,1e-05,2.0,0,0,0,"(140, 40, 50)",0,467,8442747661029853810,50.0,10.0,P1-outbreak,0.9709
100000,68518,1,0.68518,2.0,0,1,1,"(140, 40, 50)",1,468,14636578254871589238,50.0,10.0,P1-outbreak,0.96978
100000,1,0,1e-05,2.0,0,0,0,"(140, 40, 50)",0,469,4985711935869762019,50.0,10.0,P1-outbreak,0.97056
100000,1,0,1e-05,2.0,0,0,0,"(140, 40, 50)",0,470,9809556383207764938,50.0,10.0,P1-outbreak,0.97014
100000,5,1,5e-05,2.0,0,1,2,"(140, 40, 50)",0,471,784220961003997685,50.0,10.0,P1-outbreak,0.96938
100000,12,1,0.00012,2.0,0,1,2,"(140, 40, 50)",0,472,1272987617505521628,50.0,10.0,P1-outbreak,0.96986
100000,2,1,2e-05,2.0,0,1,0,"(140, 40, 50)",0,473,2304243553618000883,50.0,10.0,P1-outbreak,0.96906
100000,3,1,3e-05,2.0,0,1,1,"(140, 40, 50)",0,474,15910966804930435931,50.0,10.0,P1-outbreak,0.9709
100000,3,1,3e-05,2.0,0,1,1,"(140, 40, 50)",0,475,12980911619282065791,50.0,10.0,P1-outbreak,0.97004
100000,68333,2,0.68333,2.0,0,1,1,"(140, 40, 50)",1,476,10342458562307467000,50.0,10.0,P1-outbreak,0.97056
100000,68729,5,0.68729,2.0,0,0,0,"(140, 40, 50)",1,477,4357563065101610149,50.0,10.0,P1-outbreak,0.97064
100000,69039,8,0.69039,2.0,0,2,1,"(140, 40, 50)",1,478,15792156386205775923,50.0,10.0,P1-outbreak,0.9695
100000,68816,4,0.68816,2.0,0,2,2,"(140, 40, 50)",1,479,4595795182399515348,50.0,10.0,P1-outbreak,0.96964
100000,2,1,2e-05,2.0,0,1,0,"(140, 40, 50)",0,480,788677764395877834,50.0,10.0,P1-outbreak,0.9684
100000,4,2,4e-05,2.0,0,2,1,"(140, 40, 50)",0,481,3500691401003972706,50.0,10.0,P1-outbreak,0.97
100000,68429,5,0.68429,2.0,0,1,1,"(140, 40, 50)",1,482,7910229097072155106,50.0,10.0,P1-outbreak,0.96836
100000,68892,2,0.68892,2.0,0,2,0,"(140, 40, 50)",1,483,5992060371342168611,50.0,10.0,P1-outbreak,0.96928
100000,3,2,3e-05,2.0,0,2,0,"(140, 40, 50)",0,484,5549628075641423255,50.0,10.0,P1-outbreak,0.97078
100000,1,0,1e-05,2.0,0,0,0,"(140, 40, 50)",0,485,5875689203307877815,50.0,10.0,P1-outbreak,0.96994
100000,3,1,3e-05,2.0,0,1,1,"(140, 40, 50)",0,486,10261078764293325101,50.0,10.0,P1-outbreak,0.97006
100000,68186,4,0.68186,2.0,0,0,1,"(140, 40, 50)",1,487,13827654686457892186,50.0,10.0,P1-outbreak,0.9705
100000,68832,3,0.68832,2.0,0,1,0,"(140, 40, 50)",1,488,17996514540786051105,50.0,10.0,P1-outbreak,0.97002
100000,67956,3,0.67956,2.0,0,2,0,"(140, 40, 50)",1,489,4170169730372188473,50.0,10.0,P1-outbreak,0.97026
100000,67786,5,0.67786,2.0,0,1,4,"(140, 40, 50)",1,490,1157275662473669019,50.0,10.0,P1-outbreak,0.96866
100000,67630,4,0.6763,2.0,0,0,1,"(140, 40, 50)",1,491,6187441046818023609,50.0,10.0,P1-outbreak,0.97046
100000,3,1,3e-05,2.0,0,1,1,"(140, 40, 50)",0,492,4890302786526134543,50.0,10.0,P1-outbreak,0.97054
100000,1,0,1e-05,2.0,0,0,0,"(140, 40, 50)",0,493,16344225019020310626,50.0,10.0,P1-outbreak,0.96958
100000,68419,2,0.68419,2.0,0,1,0,"(140, 40, 50)",1,494,17857158876112938285,50.0,10.0,P1-outbreak,0.97058
100000,1,0,1e-05,2.0,0,0,0,"(140, 40, 50)",0,495,16259882197877845062,50.0,10.0,P1-outbreak,0.97046
100000,1,0,1e-05,2.0,0,0,0,"(140, 40, 50)",0,496,13991828835947535736,50.0,10.0,P1-outbreak,0.97132
100000,2,1,2e-05,2.0,0,1,0,"(140, 40, 50)",0,497,8609027527414421461,50.0,10.0,P1-outbreak,0.97042
100000,67852,2,0.67852,2.0,0,1,0,"(140, 40, 50)",1,498,1659595889899679535,50.0,10.0,P1-outbreak,0.97012
100000,69358,3,0.69358,2.0,0,1,2,"(140, 40, 50)",1,499,6751238417887711237,50.0,10.0,P1-outbreak,0.96994
100000,68971,2,0.68971,2.0,0,0,1,"(140, 40, 50)",1,500,15744604318433728139,50.0,10.0,P1-outbreak,0.96968
100000,68775,3,0.68775,2.0,0,1,1,"(140, 40, 50)",1,501,13107235691035957214,50.0,10.0,P1-outbreak,0.96998
100000,68466,2,0.68466,2.0,0,1,0,"(140, 40, 50)",1,502,18220411328376973623,50.0,10.0,P1-outbreak,0.96848
100000,68353,4,0.68353,2.0,0,0,2,"(140, 40, 50)",1,503,2355075210818634381,50.0,10.0,P1-outbreak,0.97014
100000,69243,4,0.69243,2.0,0,0,1,"(140, 40, 50)",1,504,17298116204466619141,50.0,10.0,P1-outbreak,0.97008
100000,4,1,4e-05,2.0,0,1,1,"(140, 40, 50)",0,505,13509979393831612543,50.0,10.0,P1-outbreak,0.96926
100000,68536,3,0.68536,2.0,0,0,0,"(140, 40, 50)",1,506,1290418261688373779,50.0,10.0,P1-outbreak,0.97046
100000,68623,2,0.68623,2.0,0,1,0,"(140, 40, 50)",1,507,6380050016094355921,50.0,10.0,P1-outbreak,0.97026
100000,68967,5,0.68967,2.0,0,0,1,"(140, 40, 50)",1,508,6047965444835610561,50.0,10.0,P1-outbreak,0.96956
100000,1,0,1e-05,2.0,0,0,0,"(140, 40, 50)",0,509,632531235415327430,50.0,10.0,P1-outbreak,0.97012
100000,1,0,1e-05,2.0,0,0,0,"(140, 40, 50)",0,510,13136009137139878214,50.0,10.0,P1-outbreak,0.96992
100000,68455,4,0.68455,2.0,0,1,1,"(140, 40, 50)",1,511,4049805333143725472,50.0,10.0,P1-outbreak,0.97076
100000,68104,6,0.68104,2.0,0,0,0,"(140, 40, 50)",1,512,13823430108480374732,50.0,10.0,P1-outbreak,0.96948
100000,2,1,2e-05,2.0,0,1,0,"(140, 40, 50)",0,513,2073051155853029940,50.0,10.0,P1-outbreak,0.97022
100000,4,2,4e-05,2.0,0,2,1,"(140, 40, 50)",0,514,9889298421573691873,50.0,10.0,P1-outbreak,0.96844
100000,68801,6,0.68801,2.0,0,1,3,"(140, 40, 50)",1,515,4865350278118306899,50.0,10.0,P1-outbreak,0.96976
100000,11,2,0.00011,2.0,0,2,2,"(140, 40, 50)",0,516,16272703489144073474,50.0,10.0,P1-outbreak,0.97088
100000,68560,4,0.6856,2.0,0,1,1,"(140, 40, 50)",1,517,12382284932128675383,50.0,10.0,P1-outbreak,0.969
100000,7,2,7e-05,2.0,0,2,2,"(140, 40, 50)",0,518,10218595055520881849,50.0,10.0,P1-outbreak,0.97086
100000,3,1,3e-05,2.0,0,1,1,"(140, 40, 50)",0,519,17670137661477265903,50.0,10.0,P1-outbreak,0.96984
100000,68652,2,0.68652,2.0,0,1,0,"(140, 40, 50)",1,520,15065872197862787070,50.0,10.0,P1-outbreak,0.96894
100000,68781,3,0.68781,2.0,0,0,0,"(140, 40, 50)",1,521,4150701392097309760,50.0,10.0,P1-outbreak,0.97024
100000,5,2,5e-05,2.0,0,2,2,"(140, 40, 50)",0,522,4737427831252571005,50.0,10.0,P1-outbreak,0.97096
100000,68835,3,0.68835,2.0,0,2,2,"(140, 40, 50)",1,523,17428311465190294775,50.0,10.0,P1-outbreak,0.97036
100000,1,0,1e-05,2.0,0,0,0,"(140, 40, 50)",0,524,5400295698389118730,50.0,10.0,P1-outbreak,0.97038
100000,3,1,3e-05,2.0,0,1,1,"(140, 40, 50)",0,525,12307627517548545329,50.0,10.0,P1-outbreak,0.97
100000,2,1,2e-05,2.0,0,1,0,"(140, 40, 50)",0,526,2892818632546102399,50.0,10.0,P1-outbreak,0.9676
100000,68112,4,0.68112,2.0,0,0,3,"(140, 40, 50)",1,527,15427229558858790699,50.0,10.0,P1-outbreak,0.97044
100000,68047,3,0.68047,2.0,0,2,0,"(140, 40, 50)",1,528,4323427251181342283,50.0,10.0,P1-outbreak,0.97066
100000,68622,5,0.68622,2.0,0,1,0,"(140, 40, 50)",1,529,5045435542437145705,50.0,10.0,P1-outbreak,0.96914
100000,1,0,1e-05,2.0,0,0,0,"(140, 40, 50)",0,530,6851472496088990970,50.0,10.0,P1-outbreak,0.96822
100000,1,0,1e-05,2.0,0,0,0,"(140, 40, 50)",0,531,2224998749957589445,50.0,10.0,P1-outbreak,0.96998
100000,6,1,6e-05,2.0,0,1,1,"(140, 40, 50)",0,532,11285149008139707329,50.0,10.0,P1-outbreak,0.9686
100000,1,0,1e-05,2.0,0,0,0,"(140, 40, 50)",0,533,18020019142778784820,50.0,10.0,P1-outbreak,0.97144
100000,68144,2,0.68144,2.0,0,0,1,"(140, 40, 50)",1,534,3833003213560455074,50.0,10.0,P1-outbreak,0.97068
100000,68187,2,0.68187,2.0,0,0,1,"(140, 40, 50)",1,535,8591756750365201756,50.0,10.0,P1-outbreak,0.96918
100000,68668,1,0.68668,2.0,0,0,0,"(140, 40, 50)",1,536,3805238090658389542,50.0,10.0,P1-outbreak,0.96996
100000,69035,2,0.69035,2.0,0,2,0,"(140, 40, 50)",1,537,4307109323247869663,50.0,10.0,P1-outbreak,0.96978
100000,69168,2,0.69168,2.0,0,0,1,"(140, 40, 50)",1,538,14956394439298895526,50.0,10.0,P1-outbreak,0.97008
100000,1,0,1e-05,2.0,0,0,0,"(140, 40, 50)",0,539,999825479608008081,50.0,10.0,P1-outbreak,0.96974
100000,1,0,1e-05,2.0,0,0,0,"(140, 40, 50)",0,540,16988642633024874504,50.0,10.0,P1-outbreak,0.97044
100000,3,1,3e-05,2.0,0,1,1,"(140, 40, 50)",0,541,10157158011867062022,50.0,10.0,P1-outbreak,0.96948
100000,69405,3,0.69405,2.0,0,1,2,"(140, 40, 50)",1,542,9874639680273062327,50.0,10.0,P1-outbreak,0.9689
100000,1,0,1e-05,2.0,0,0,0,"(140, 40, 50)",0,543,5000443856130197936,50.0,10.0,P1-outbreak,0.96994
100000,68204,1,0.68204,2.0,0,1,1,"(140, 40, 50)",1,544,10551888409092562283,50.0,10.0,P1-outbreak,0.96834
100000,1,0,1e-05,2.0,0,0,0,"(140, 40, 50)",0,545,18420815118517788291,50.0,10.0,P1-outbreak,0.9698
100000,68959,3,0.68959,2.0,0,0,2,"(140, 40, 50)",1,546,3548957093118112451,50.0,10.0,P1-outbreak,0.96968
100000,67986,7,0.67986,2.0,0,2,4,"(140, 40, 50)",1,547,13382250957320883985,50.0,10.0,P1-outbreak,0.96806
100000,1,0,1e-05,2.0,0,0,0,"(140, 40, 50)",0,548,1899456767859358678,50.0,10.0,P1-outbreak,0.96998
100000,69361,4,0.69361,2.0,0,0,1,"(140, 40, 50)",1,549,1587112164518350834,50.0,10.0,P1-outbreak,0.96892
100000,68551,3,0.68551,2.0,0,1,1,"(140, 40, 50)",1,550,15899357040893405578,50.0,10.0,P1-outbreak,0.97054
100000,1,0,1e-05,2.0,0,0,0,"(140, 40, 50)",0,551,8791028400902909264,50.0,10.0,P1-outbreak,0.96984
100000,68524,1,0.68524,2.0,0,1,1,"(140, 40, 50)",1,552,13483441197015655728,50.0,10.0,P1-outbreak,0.9698
100000,1,0,1e-05,2.0,0,0,0,"(140, 40, 50)",0,553,865442686482035193,50.0,10.0,P1-outbreak,0.97066
100000,69004,3,0.69004,2.0,0,0,0,"(140, 40, 50)",1,554,3443159021307566008,50.0,10.0,P1-outbreak,0.97094
100000,1,0,1e-05,2.0,0,0,0,"(140, 40, 50)",0,555,17841106768471903029,50.0,10.0,P1-outbreak,0.96954
100000,1,0,1e-05,2.0,0,0,0,"(140, 40, 50)",0,556,3388273407388250396,50.0,10.0,P1-outbreak,0.96896
100000,1,0,1e-05,2.0,0,0,0,"(140, 40, 50)",0,557,7892151657057943601,50.0,10.0,P1-outbreak,0.97046
100000,68411,2,0.68411,2.0,0,0,1,"(140, 40, 50)",1,558,1079214473186039808,50.0,10.0,P1-outbreak,0.96984
100000,1,0,1e-05,2.0,0,0,0,"(140, 40, 50)",0,559,13151178051728902754,50.0,10.0,P1-outbreak,0.97032
100000,68797,2,0.68797,2.0,0,1,1,"(140, 40, 50)",1,560,7555012108090680114,50.0,10.0,P1-outbreak,0.9703
100000,4,2,4e-05,2.0,0,2,1,"(140, 40, 50)",0,561,18356342278859316229,50.0,10.0,P1-outbreak,0.96912
100000,69217,6,0.69217,2.0,0,0,1,"(140, 40, 50)",1,562,8146183956692730113,50.0,10.0,P1-outbreak,0.97016
100000,68734,4,0.68734,2.0,0,2,0,"(140, 40, 50)",1,563,5994130231621187422,50.0,10.0,P1-outbreak,0.97052
100000,68973,3,0.68973,2.0,0,0,1,"(140, 40, 50)",1,564,10735943322704321889,50.0,10.0,P1-outbreak,0.97092
100000,1,0,1e-05,2.0,0,0,0,"(140, 40, 50)",0,565,2115937136063399908,50.0,10.0,P1-outbreak,0.96942
100000,1,0,1e-05,2.0,0,0,0,"(140, 40, 50)",0,566,7580154416668727707,50.0,10.0,P1-outbreak,0.96942
100000,68395,2,0.68395,2.0,0,0,2,"(140, 40, 50)",1,567,2436282771534723304,50.0,10.0,P1-outbreak,0.97008
100000,69475,3,0.69475,2.0,0,1,1,"(140, 40, 50)",1,568,16490281623319376720,50.0,10.0,P1-outbreak,0.97026
100000,1,0,1e-05,2.0,0,0,0,"(140, 40, 50)",0,569,8406121619817396658,50.0,10.0,P1-outbreak,0.97036
100000,1,0,1e-05,2.0,0,0,0,"(140, 40, 50)",0,570,12246091555751437310,50.0,10.0,P1-outbreak,0.9696
100000,69125,1,0.69125,2.0,0,0,0,"(140, 40, 50)",1,571,6067431986469445541,50.0,10.0,P1-outbreak,0.97034
100000,2,1,2e-05,2.0,0,1,0,"(140, 40, 50)",0,572,16124926712547375224,50.0,10.0,P1-outbreak,0.96862
100000,68834,5,0.68834,2.0,0,0,1,"(140, 40, 50)",1,573,9281737268733891048,50.0,10.0,P1-outbreak,0.9704
100000,1,0,1e-05,2.0,0,0,0,"(140, 40, 50)",0,574,16805062540382138778,50.0,10.0,P1-outbreak,0.97054
100000,69241,7,0.69241,2.0,0,3,3,"(140, 40, 50)",1,575,2349189330969364869,50.0,10.0,P1-outbreak,0.9696
100000,68493,4,0.68493,2.0,0,0,0,"(140, 40, 50)",1,576,7907694279335700886,50.0,10.0,P1-outbreak,0.9699
100000,69703,3,0.69703,2.0,0,1,0,"(140, 40, 50)",1,577,1447965418077676108,50.0,10.0,P1-outbreak,0.97038
100000,69058,3,0.69058,2.0,0,1,1,"(140, 40, 50)",1,578,7971027536676932484,50.0,10.0,P1-outbreak,0.97118
100000,69427,3,0.69427,2.0,0,1,0,"(140, 40, 50)",1,579,599832898277377460,50.0,10.0,P1-outbreak,0.97012
100000,68861,6,0.68861,2.0,0,1,2,"(140, 40, 50)",1,580,11084640218940137019,50.0,10.0,P1-outbreak,0.96878
100000,68320,1,0.6832,2.0,0,0,0,"(140, 40, 50)",1,581,7774556359623433563,50.0,10.0,P1-outbreak,0.97032
100000,68443,2,0.68443,2.0,0,0,3,"(140, 40, 50)",1,582,15163674669008141786,50.0,10.0,P1-outbreak,0.96878
100000,69291,3,0.69291,2.0,0,0,1,"(140, 40, 50)",1,583,5990505447641174885,50.0,10.0,P1-outbreak,0.9692
100000,69613,1,0.69613,2.0,0,1,1,"(140, 40, 50)",1,584,16634701691129672889,50.0,10.0,P1-outbreak,0.9689
100000,2,1,2e-05,2.0,0,1,0,"(140, 40, 50)",0,585,17341798630300386302,50.0,10.0,P1-outbreak,0.97018
100000,2,1,2e-05,2.0,0,1,0,"(140, 40, 50)",0,586,11080960053885490342,50.0,10.0,P1-outbreak,0.96904
100000,1,0,1e-05,2.0,0,0,0,"(140, 40, 50)",0,587,14748264423842950499,50.0,10.0,P1-outbreak,0.96962
100000,6,2,6e-05,2.0,0,2,3,"(140, 40, 50)",0,588,8683777487445941448,50.0,10.0,P1-outbreak,0.97
100000,68754,1,0.68754,2.0,0,0,0,"(140, 40, 50)",1,589,5028681925373935582,50.0,10.0,P1-outbreak,0.97056
100000,68678,4,0.68678,2.0,0,0,1,"(140, 40, 50)",1,590,15739541615809434225,50.0,10.0,P1-outbreak,0.96964
100000,1,0,1e-05,2.0,0,0,0,"(140, 40, 50)",0,591,10248373257913270319,50.0,10.0,P1-outbreak,0.97052
100000,68489,1,0.68489,2.0,0,0,1,"(140, 40, 50)",1,592,10030112184627062507,50.0,10.0,P1-outbreak,0.96886
100000,67365,7,0.67365,2.0,0,0,1,"(140, 40, 50)",1,593,16393301258748262224,50.0,10.0,P1-outbreak,0.96814
100000,69407,5,0.69407,2.0,0,0,1,"(140, 40, 50)",1,594,11579796850490358774,50.0,10.0,P1-outbreak,0.96944
100000,2,1,2e-05,2.0,0,1,0,"(140, 40, 50)",0,595,17753096983864300414,50.0,10.0,P1-outbreak,0.9704
100000,69245,3,0.69245,2.0,0,1,1,"(140, 40, 50)",1,596,8015919587714518248,50.0,10.0,P1-outbreak,0.96992
100000,1,0,1e-05,2.0,0,0,0,"(140, 40, 50)",0,597,2704590444377996836,50.0,10.0,P1-outbreak,0.9702
100000,3,2,3e-05,2.0,0,2,0,"(140, 40, 50)",0,598,4875687718200357155,50.0,10.0,P1-outbreak,0.96926
100000,2,1,2e-05,2.0,0,1,0,"(140, 40, 50)",0,599,4289137160578001914,50.0,10.0,P1-outbreak,0.97058
100000,68312,2,0.68312,2.0,0,0,0,"(140, 40, 50)",1,600,12302835302862545473,50.0,10.0,P1-outbreak,0.96966
100000,69130,4,0.6913,2.0,0,0,1,"(140, 40, 50)",1,601,5788292276156708884,50.0,10.0,P1-outbreak,0.96966
100000,4,1,4e-05,2.0,0,1,1,"(140, 40, 50)",0,602,3034905547681294619,50.0,10.0,P1-outbreak,0.96946
100000,68194,4,0.68194,2.0,0,2,1,"(140, 40, 50)",1,603,8998882258470967532,50.0,10.0,P1-outbreak,0.97146
100000,68527,4,0.68527,2.0,0,1,1,"(140, 40, 50)",1,604,7908757414182048035,50.0,10.0,P1-outbreak,0.96954
100000,67481,2,0.67481,2.0,0,1,0,"(140, 40, 50)",1,605,543133968825682948,50.0,10.0,P1-outbreak,0.9699
100000,6,2,6e-05,2.0,0,2,2,"(140, 40, 50)",0,606,7374221939126619502,50.0,10.0,P1-outbreak,0.97012
100000,67829,2,0.67829,2.0,0,1,0,"(140, 40, 50)",1,607,13875629978978946105,50.0,10.0,P1-outbreak,0.96808
100000,1,0,1e-05,2.0,0,0,0,"(140, 40, 50)",0,608,11327640838769402467,50.0,10.0,P1-outbreak,0.97016
100000,3,2,3e-05,2.0,0,2,0,"(140, 40, 50)",0,609,12989328521101391738,50.0,10.0,P1-outbreak,0.9697
100000,69184,3,0.69184,2.0,0,0,0,"(140, 40, 50)",1,610,8869646703079271600,50.0,10.0,P1-outbreak,0.97192
100000,2,1,2e-05,2.0,0,1,0,"(140, 40, 50)",0,611,9440360088463816114,50.0,10.0,P1-outbreak,0.9709
100000,67907,2,0.67907,2.0,0,1,0,"(140, 40, 50)",1,612,10799603938224041317,50.0,10.0,P1-outbreak,0.96912
100000,69184,3,0.69184,2.0,0,0,1,"(140, 40, 50)",1,613,18195229788929307427,50.0,10.0,P1-outbreak,0.96938
100000,68662,3,0.68662,2.0,0,1,0,"(140, 40, 50)",1,614,11216262807010480677,50.0,10.0,P1-outbreak,0.96868
100000,6,3,6e-05,2.0,0,3,1,"(140, 40, 50)",0,615,1627351118972463229,50.0,10.0,P1-outbreak,0.97174
100000,68299,3,0.68299,2.0,0,1,2,"(140, 40, 50)",1,616,18348891554820240956,50.0,10.0,P1-outbreak,0.9689
100000,69136,1,0.69136,2.0,0,0,0,"(140, 40, 50)",1,617,4076464307079696702,50.0,10.0,P1-outbreak,0.96996
100000,15,3,0.00015,2.0,0,3,2,"(140, 40, 50)",0,618,16516776633316062252,50.0,10.0,P1-outbreak,0.97042
100000,6,1,6e-05,2.0,0,1,2,"(140, 40, 50)",0,619,5106822709925492524,50.0,10.0,P1-outbreak,0.97026
100000,1,0,1e-05,2.0,0,0,0,"(140, 40, 50)",0,620,327944024666138353,50.0,10.0,P1-outbreak,0.96996
100000,68000,4,0.68,2.0,0,0,1,"(140, 40, 50)",1,621,6279180672459356323,50.0,10.0,P1-outbreak,0.97048
100000,69014,2,0.69014,2.0,0,1,1,"(140, 40, 50)",1,622,6367679745917315505,50.0,10.0,P1-outbreak,0.96946
100000,1,0,1e-05,2.0,0,0,0,"(140, 40, 50)",0,623,12973901122132853168,50.0,10.0,P1-outbreak,0.96956
100000,68599,6,0.68599,2.0,0,1,1,"(140, 40, 50)",1,624,16113805195638012934,50.0,10.0,P1-outbreak,0.97076
100000,69579,5,0.69579,2.0,0,0,1,"(140, 40, 50)",1,625,17277033649366017609,50.0,10.0,P1-outbreak,0.97
100000,2,1,2e-05,2.0,0,1,0,"(140, 40, 50)",0,626,5052008678852148757,50.0,10.0,P1-outbreak,0.9693
100000,2,1,2e-05,2.0,0,1,0,"(140, 40, 50)",0,627,16390748029077571230,50.0,10.0,P1-outbreak,0.9694
100000,1,0,1e-05,2.0,0,0,0,"(140, 40, 50)",0,628,16046194663778406617,50.0,10.0,P1-outbreak,0.96858
100000,67692,4,0.67692,2.0,0,0,1,"(140, 40, 50)",1,629,6414239427379459134,50.0,10.0,P1-outbreak,0.96916
100000,1,0,1e-05,2.0,0,0,0,"(140, 40, 50)",0,630,8447679231979266180,50.0,10.0,P1-outbreak,0.96942
100000,1,0,1e-05,2.0,0,0,0,"(140, 40, 50)",0,631,6418128859314259120,50.0,10.0,P1-outbreak,0.96836
100000,1,0,1e-05,2.0,0,0,0,"(140, 40, 50)",0,632,18051234030453632744,50.0,10.0,P1-outbreak,0.96992
100000,3,1,3e-05,2.0,0,1,1,"(140, 40, 50)",0,633,17954728565749071019,50.0,10.0,P1-outbreak,0.96992
100000,9,1,9e-05,2.0,0,1,4,"(140, 40, 50)",0,634,13411820061702795010,50.0,10.0,P1-outbreak,0.96824
100000,67843,1,0.67843,2.0,0,1,0,"(140, 40, 50)",1,635,18382976101840337214,50.0,10.0,P1-outbreak,0.97054
100000,68653,2,0.68653,2.0,0,0,1,"(140, 40, 50)",1,636,13624416579566650260,50.0,10.0,P1-outbreak,0.97088
100000,1,0,1e-05,2.0,0,0,0,"(140, 40, 50)",0,637,10955932178655515054,50.0,10.0,P1-outbreak,0.97024
100000,1,0,1e-05,2.0,0,0,0,"(140, 40, 50)",0,638,6988297875273664768,50.0,10.0,P1-outbreak,0.97008
100000,68315,3,0.68315,2.0,0,0,0,"(140, 40, 50)",1,639,6269176331921377555,50.0,10.0,P1-outbreak,0.96924
100000,4,1,4e-05,2.0,0,1,1,"(140, 40, 50)",0,640,2296272623160871026,50.0,10.0,P1-outbreak,0.97146
100000,68018,3,0.68018,2.0,0,0,0,"(140, 40, 50)",1,641,9577484755976463769,50.0,10.0,P1-outbreak,0.9704
100000,69203,5,0.69203,2.0,0,2,2,"(140, 40, 50)",1,642,3141250124870878834,50.0,10.0,P1-outbreak,0.97034
100000,69148,4,0.69148,2.0,0,0,1,"(140, 40, 50)",1,643,14465076068087366341,50.0,10.0,P1-outbreak,0.97066
100000,15,1,0.00015,2.0,0,1,1,"(140, 40, 50)",0,644,2596463469186102349,50.0,10.0,P1-outbreak,0.96912
100000,68739,4,0.68739,2.0,0,0,2,"(140, 40, 50)",1,645,10944551999022950859,50.0,10.0,P1-outbreak,0.96936
100000,1,0,1e-05,2.0,0,0,0,"(140, 40, 50)",0,646,16525955630066301466,50.0,10.0,P1-outbreak,0.96952
100000,6,2,6e-05,2.0,0,2,3,"(140, 40, 50)",0,647,8409607369299278533,50.0,10.0,P1-outbreak,0.96956
100000,69280,6,0.6928,2.0,0,2,3,"(140, 40, 50)",1,648,3541986954512822778,50.0,10.0,P1-outbreak,0.97008
100000,68556,5,0.68556,2.0,0,1,0,"(140, 40, 50)",1,649,17330807227579113210,50.0,10.0,P1-outbreak,0.97024
100000,1,0,1e-05,2.0,0,0,0,"(140, 40, 50)",0,650,9370888634524963428,50.0,10.0,P1-outbreak,0.97076
100000,68932,3,0.68932,2.0,0,1,2,"(140, 40, 50)",1,651,17023464450891776523,50.0,10.0,P1-outbreak,0.96958
100000,1,0,1e-05,2.0,0,0,0,"(140, 40, 50)",0,652,14458733662701128263,50.0,10.0,P1-outbreak,0.97072
100000,68179,6,0.68179,2.0,0,2,0,"(140, 40, 50)",1,653,901827090475822782,50.0,10.0,P1-outbreak,0.96978
100000,69629,1,0.69629,2.0,0,0,0,"(140, 40, 50)",1,654,8330918334021949192,50.0,10.0,P1-outbreak,0.9698
100000,7,3,7e-05,2.0,0,3,1,"(140, 40, 50)",0,655,6467723676704976992,50.0,10.0,P1-outbreak,0.96968
100000,2,1,2e-05,2.0,0,1,0,"(140, 40, 50)",0,656,6167144861676244607,50.0,10.0,P1-outbreak,0.9701
100000,68511,1,0.68511,2.0,0,0,0,"(140, 40, 50)",1,657,5195288548530021265,50.0,10.0,P1-outbreak,0.97012
100000,1,0,1e-05,2.0,0,0,0,"(140, 40, 50)",0,658,11410054670199437368,50.0,10.0,P1-outbreak,0.97042
100000,69558,3,0.69558,2.0,0,1,3,"(140, 40, 50)",1,659,587579568836106890,50.0,10.0,P1-outbreak,0.9687
100000,68949,2,0.68949,2.0,0,0,3,"(140, 40, 50)",1,660,10536537101244677961,50.0,10.0,P1-outbreak,0.96906
100000,68565,2,0.68565,2.0,0,0,0,"(140, 40, 50)",1,661,7789150551634071046,50.0,10.0,P1-outbreak,0.97164
100000,2,1,2e-05,2.0,0,1,0,"(140, 40, 50)",0,662,17863265288421905567,50.0,10.0,P1-outbreak,0.9696
100000,68707,1,0.68707,2.0,0,0,1,"(140, 40, 50)",1,663,6174291702803005322,50.0,10.0,P1-outbreak,0.97064
100000,1,0,1e-05,2.0,0,0,0,"(140, 40, 50)",0,664,13752708299042402908,50.0,10.0,P1-outbreak,0.97022
100000,68344,4,0.68344,2.0,0,1,0,"(140, 40, 50)",1,665,16400365294466840448,50.0,10.0,P1-outbreak,0.96926
100000,68003,6,0.68003,2.0,0,0,1,"(140, 40, 50)",1,666,10502056832971000409,50.0,10.0,P1-outbreak,0.96794
100000,5,2,5e-05,2.0,0,2,1,"(140, 40, 50)",0,667,2401440066579378942,50.0,10.0,P1-outbreak,0.97066
100000,69014,3,0.69014,2.0,0,2,1,"(140, 40, 50)",1,668,8272312179396642338,50.0,10.0,P1-outbreak,0.96926
100000,1,0,1e-05,2.0,0,0,0,"(140, 40, 50)",0,669,10862564621736827111,50.0,10.0,P1-outbreak,0.97042
100000,68051,4,0.68051,2.0,0,1,1,"(140, 40, 50)",1,670,1386073369120537564,50.0,10.0,P1-outbreak,0.97054
100000,1,0,1e-05,2.0,0,0,0,"(140, 40, 50)",0,671,16837357993657500859,50.0,10.0,P1-outbreak,0.97086
100000,1,0,1e-05,2.0,0,0,0,"(140, 40, 50)",0,672,2426367934894905180,50.0,10.0,P1-outbreak,0.96886
100000,68029,1,0.68029,2.0,0,0,0,"(140, 40, 50)",1,673,15765332219409035783,50.0,10.0,P1-outbreak,0.96832
100000,1,0,1e-05,2.0,0,0,0,"(140, 40, 50)",0,674,13282486771833419472,50.0,10.0,P1-outbreak,0.97036
100000,68799,2,0.68799,2.0,0,0,1,"(140, 40, 50)",1,675,17284611121814307798,50.0,10.0,P1-outbreak,0.9705
100000,2,1,2e-05,2.0,0,1,0,"(140, 40, 50)",0,676,15407944736919443275,50.0,10.0,P1-outbreak,0.97094
100000,3,2,3e-05,2.0,0,2,0,"(140, 40, 50)",0,677,5020789019219957744,50.0,10.0,P1-outbreak,0.96844
100000,3,1,3e-05,2.0,0,1,1,"(140, 40, 50)",0,678,16831913277415786096,50.0,10.0,P1-outbreak,0.96948
100000,68818,4,0.68818,2.0,0,2,0,"(140, 40, 50)",1,679,2364199691836414101,50.0,10.0,P1-outbreak,0.96986
100000,6,2,6e-05,2.0,0,2,1,"(140, 40, 50)",0,680,4338601435465791760,50.0,10.0,P1-outbreak,0.9702
100000,1,0,1e-05,2.0,0,0,0,"(140, 40, 50)",0,681,18109934842055452708,50.0,10.0,P1-outbreak,0.97034
100000,5,2,5e-05,2.0,0,2,2,"(140, 40, 50)",0,682,1501510991563860754,50.0,10.0,P1-outbreak,0.9703
100000,69030,1,0.6903,2.0,0,0,0,"(140, 40, 50)",1,683,11291993603881114096,50.0,10.0,P1-outbreak,0.9691
100000,67005,6,0.67005,2.0,0,1,1,"(140, 40, 50)",1,684,11878391448825878174,50.0,10.0,P1-outbreak,0.9693
100000,11,1,0.00011,2.0,0,1,3,"(140, 40, 50)",0,685,4004978205683296353,50.0,10.0,P1-outbreak,0.96962
100000,4,2,4e-05,2.0,0,2,1,"(140, 40, 50)",0,686,16919080121617744578,50.0,10.0,P1-outbreak,0.96916
100000,69434,2,0.69434,2.0,0,0,0,"(140, 40, 50)",1,687,12453983078880443948,50.0,10.0,P1-outbreak,0.96888
100000,69368,3,0.69368,2.0,0,1,1,"(140, 40, 50)",1,688,12986472049971503898,50.0,10.0,P1-outbreak,0.9697
100000,4,2,4e-05,2.0,0,2,1,"(140, 40, 50)",0,689,11303769383215581877,50.0,10.0,P1-outbreak,0.9691
100000,68181,2,0.68181,2.0,0,0,2,"(140, 40, 50)",1,690,18211059065052154799,50.0,10.0,P1-outbreak,0.9698
100000,68598,1,0.68598,2.0,0,1,1,"(140, 40, 50)",1,691,4856913499231105334,50.0,10.0,P1-outbreak,0.96994
100000,68163,1,0.68163,2.0,0,0,1,"(140, 40, 50)",1,692,8875803292278207784,50.0,10.0,P1-outbreak,0.96994
100000,68873,2,0.68873,2.0,0,0,1,"(140, 40, 50)",1,693,7888554596412599337,50.0,10.0,P1-outbreak,0.9705
100000,67758,4,0.67758,2.0,0,0,1,"(140, 40, 50)",1,694,11986560115396789713,50.0,10.0,P1-outbreak,0.972
100000,68543,2,0.68543,2.0,0,0,2,"(140, 40, 50)",1,695,2630159586709654976,50.0,10.0,P1-outbreak,0.97064
100000,1,0,1e-05,2.0,0,0,0,"(140, 40, 50)",0,696,5499615717022450653,50.0,10.0,P1-outbreak,0.96968
100000,68918,3,0.68918,2.0,0,0,1,"(140, 40, 50)",1,697,12825523154346175717,50.0,10.0,P1-outbreak,0.96984
100000,2,1,2e-05,2.0,0,1,0,"(140, 40, 50)",0,698,13313023711912939848,50.0,10.0,P1-outbreak,0.96936
100000,68473,5,0.68473,2.0,0,1,1,"(140, 40, 50)",1,699,15790899112726038993,50.0,10.0,P1-outbreak,0.96964
100000,1,0,1e-05,2.0,0,0,0,"(140, 40, 50)",0,700,8199247082944727975,50.0,10.0,P1-outbreak,0.97162
100000,68521,3,0.68521,2.0,0,0,0,"(140, 40, 50)",1,701,9266502258075877340,50.0,10.0,P1-outbreak,0.97014
100000,1,0,1e-05,2.0,0,0,0,"(140, 40, 50)",0,702,187097954120008324,50.0,10.0,P1-outbreak,0.96944
100000,1,0,1e-05,2.0,0,0,0,"(140, 40, 50)",0,703,10376795008866257230,50.0,10.0,P1-outbreak,0.96974
100000,69146,3,0.69146,2.0,0,1,0,"(140, 40, 50)",1,704,14524489468848263022,50.0,10.0,P1-outbreak,0.96902
100000,68191,4,0.68191,2.0,0,2,1,"(140, 40, 50)",1,705,9653401083691902634,50.0,10.0,P1-outbreak,0.96894
100000,67696,4,0.67696,2.0,0,1,2,"(140, 40, 50)",1,706,14426952786681918825,50.0,10.0,P1-outbreak,0.9704
100000,2,1,2e-05,2.0,0,1,0,"(140, 40, 50)",0,707,9180949001267065261,50.0,10.0,P1-outbreak,0.97114
100000,68166,3,0.68166,2.0,0,0,1,"(140, 40, 50)",1,708,2649645225092312150,50.0,10.0,P1-outbreak,0.971
100000,69238,4,0.69238,2.0,0,0,2,"(140, 40, 50)",1,709,327979272819703919,50.0,10.0,P1-outbreak,0.96982
100000,68966,3,0.68966,2.0,0,1,1,"(140, 40, 50)",1,710,15704242813762446868,50.0,10.0,P1-outbreak,0.97032
100000,13,1,0.00013,2.0,0,1,1,"(140, 40, 50)",0,711,12437428831815415270,50.0,10.0,P1-outbreak,0.96942
100000,67458,4,0.67458,2.0,0,1,0,"(140, 40, 50)",1,712,4028266507418870445,50.0,10.0,P1-outbreak,0.969
100000,7,1,7e-05,2.0,0,1,1,"(140, 40, 50)",0,713,9009895096041650419,50.0,10.0,P1-outbreak,0.97008
100000,2,1,2e-05,2.0,0,1,0,"(140, 40, 50)",0,714,6470425116687579433,50.0,10.0,P1-outbreak,0.97096
100000,1,0,1e-05,2.0,0,0,0,"(140, 40, 50)",0,715,15183890022393679132,50.0,10.0,P1-outbreak,0.96892
100000,69724,2,0.69724,2.0,0,0,2,"(140, 40, 50)",1,716,8885654227634362082,50.0,10.0,P1-outbreak,0.9704
100000,68838,1,0.68838,2.0,0,0,1,"(140, 40, 50)",1,717,17755937233169851627,50.0,10.0,P1-outbreak,0.9691
100000,1,0,1e-05,2.0,0,0,0,"(140, 40, 50)",0,718,10801380460993564829,50.0,10.0,P1-outbreak,0.96966
100000,68955,1,0.68955,2.0,0,0,0,"(140, 40, 50)",1,719,1144466772127129438,50.0,10.0,P1-outbreak,0.96786
100000,2,1,2e-05,2.0,0,1,0,"(140, 40, 50)",0,720,4593701719935308701,50.0,10.0,P1-outbreak,0.9713
100000,2,1,2e-05,2.0,0,1,0,"(140, 40, 50)",0,721,717554268711865258,50.0,10.0,P1-outbreak,0.97068
100000,1,0,1e-05,2.0,0,0,0,"(140, 40, 50)",0,722,14009931019468867221,50.0,10.0,P1-outbreak,0.96932
100000,68609,6,0.68609,2.0,0,1,1,"(140, 40, 50)",1,723,16166612752352843656,50.0,10.0,P1-outbreak,0.96944
100000,68473,1,0.68473,2.0,0,0,0,"(140, 40, 50)",1,724,13753759604916202470,50.0,10.0,P1-outbreak,0.97064
100000,67805,2,0.67805,2.0,0,0,1,"(140, 40, 50)",1,725,13535154984112588698,50.0,10.0,P1-outbreak,0.96906
100000,67473,3,0.67473,2.0,0,0,2,"(140, 40, 50)",1,726,8221972165153474087,50.0,10.0,P1-outbreak,0.96986
100000,68772,4,0.68772,2.0,0,2,1,"(140, 40, 50)",1,727,5798043058782198747,50.0,10.0,P1-outbreak,0.96888
100000,69102,2,0.69102,2.0,0,2,2,"(140, 40, 50)",1,728,8588468423753763259,50.0,10.0,P1-outbreak,0.96864
100000,1,0,1e-05,2.0,0,0,0,"(140, 40, 50)",0,729,15237966500864601124,50.0,10.0,P1-outbreak,0.96916
100000,68743,3,0.68743,2.0,0,1,1,"(140, 40, 50)",1,730,17733519629367252805,50.0,10.0,P1-outbreak,0.96976
100000,67542,2,0.67542,2.0,0,1,4,"(140, 40, 50)",1,731,9039975807251580612,50.0,10.0,P1-outbreak,0.96794
100000,69527,5,0.69527,2.0,0,2,0,"(140, 40, 50)",1,732,7002469845302426648,50.0,10.0,P1-outbreak,0.96964
100000,69386,2,0.69386,2.0,0,0,0,"(140, 40, 50)",1,733,9571444125156523425,50.0,10.0,P1-outbreak,0.97066
100000,2,1,2e-05,2.0,0,1,0,"(140, 40, 50)",0,734,2300689163414980901,50.0,10.0,P1-outbreak,0.97026
100000,1,0,1e-05,2.0,0,0,0,"(140, 40, 50)",0,735,12563936716134308712,50.0,10.0,P1-outbreak,0.97146
100000,69551,4,0.69551,2.0,0,0,1,"(140, 40, 50)",1,736,8126370968905756093,50.0,10.0,P1-outbreak,0.97106
100000,8,1,8e-05,2.0,0,1,3,"(140, 40, 50)",0,737,6902138176811251211,50.0,10.0,P1-outbreak,0.97036
100000,2,1,2e-05,2.0,0,1,0,"(140, 40, 50)",0,738,2743231391037125756,50.0,10.0,P1-outbreak,0.9693
100000,68737,5,0.68737,2.0,0,1,3,"(140, 40, 50)",1,739,8124806691135190154,50.0,10.0,P1-outbreak,0.97006
100000,68321,6,0.68321,2.0,0,1,1,"(140, 40, 50)",1,740,11206352756146697366,50.0,10.0,P1-outbreak,0.9693
100000,68282,2,0.68282,2.0,0,0,0,"(140, 40, 50)",1,741,5818896672996487278,50.0,10.0,P1-outbreak,0.96952
100000,68432,4,0.68432,2.0,0,2,0,"(140, 40, 50)",1,742,2648197021640704244,50.0,10.0,P1-outbreak,0.96888
100000,2,1,2e-05,2.0,0,1,0,"(140, 40, 50)",0,743,15650949135775535028,50.0,10.0,P1-outbreak,0.96842
100000,68341,1,0.68341,2.0,0,0,2,"(140, 40, 50)",1,744,3803347987274009999,50.0,10.0,P1-outbreak,0.96936
100000,68916,5,0.68916,2.0,0,1,1,"(140, 40, 50)",1,745,17469870042279001,50.0,10.0,P1-outbreak,0.96978
100000,4,1,4e-05,2.0,0,1,2,"(140, 40, 50)",0,746,687666801970784853,50.0,10.0,P1-outbreak,0.96938
100000,1,0,1e-05,2.0,0,0,0,"(140, 40, 50)",0,747,5984922757730223519,50.0,10.0,P1-outbreak,0.9699
100000,1,0,1e-05,2.0,0,0,0,"(140, 40, 50)",0,748,15411849771622130251,50.0,10.0,P1-outbreak,0.96908
100000,68230,3,0.6823,2.0,0,1,1,"(140, 40, 50)",1,749,18049965109595245153,50.0,10.0,P1-outbreak,0.97022
100000,1,0,1e-05,2.0,0,0,0,"(140, 40, 50)",0,750,16840317082535885517,50.0,10.0,P1-outbreak,0.97118
100000,69024,3,0.69024,2.0,0,0,0,"(140, 40, 50)",1,751,9915945471529430146,50.0,10.0,P1-outbreak,0.97114
100000,68116,1,0.68116,2.0,0,1,1,"(140, 40, 50)",1,752,10494339683074421013,50.0,10.0,P1-outbreak,0.9701
100000,68985,2,0.68985,2.0,0,1,0,"(140, 40, 50)",1,753,3825575671171143687,50.0,10.0,P1-outbreak,0.9702
100000,1,0,1e-05,2.0,0,0,0,"(140, 40, 50)",0,754,752166077586168491,50.0,10.0,P1-outbreak,0.97004
100000,2,1,2e-05,2.0,0,1,0,"(140, 40, 50)",0,755,9645954848683624242,50.0,10.0,P1-outbreak,0.96934
100000,69265,5,0.69265,2.0,0,0,1,"(140, 40, 50)",1,756,13811193278463451373,50.0,10.0,P1-outbreak,0.97158
100000,68343,1,0.68343,2.0,0,0,1,"(140, 40, 50)",1,757,8891975112490183958,50.0,10.0,P1-outbreak,0.96966
100000,8,3,8e-05,2.0,0,3,2,"(140, 40, 50)",0,758,17111270059189918095,50.0,10.0,P1-outbreak,0.9697
100000,4,1,4e-05,2.0,0,1,1,"(140, 40, 50)",0,759,16226484359446527075,50.0,10.0,P1-outbreak,0.96882
100000,68009,1,0.68009,2.0,0,1,0,"(140, 40, 50)",1,760,7277179548522293151,50.0,10.0,P1-outbreak,0.96928
100000,69196,2,0.69196,2.0,0,0,0,"(140, 40, 50)",1,761,18262439053848547001,50.0,10.0,P1-outbreak,0.97052
100000,67611,3,0.67611,2.0,0,0,5,"(140, 40, 50)",1,762,9079026870918096568,50.0,10.0,P1-outbreak,0.9702
100000,1,0,1e-05,2.0,0,0,0,"(140, 40, 50)",0,763,7824335767274513850,50.0,10.0,P1-outbreak,0.97018
100000,69675,3,0.69675,2.0,0,1,2,"(140, 40, 50)",1,764,16473544719461109013,50.0,10.0,P1-outbreak,0.97038
100000,1,0,1e-05,2.0,0,0,0,"(140, 40, 50)",0,765,4583054068170113781,50.0,10.0,P1-outbreak,0.9702
100000,68904,2,0.68904,2.0,0,1,1,"(140, 40, 50)",1,766,5505623713321638643,50.0,10.0,P1-outbreak,0.97008
100000,2,1,2e-05,2.0,0,1,0,"(140, 40, 50)",0,767,6246879758039020360,50.0,10.0,P1-outbreak,0.97098
100000,69952,6,0.69952,2.0,0,1,0,"(140, 40, 50)",1,768,2785509498713678619,50.0,10.0,P1-outbreak,0.96986
100000,69094,1,0.69094,2.0,0,0,1,"(140, 40, 50)",1,769,7723025552566736080,50.0,10.0,P1-outbreak,0.96916
100000,68803,2,0.68803,2.0,0,0,0,"(140, 40, 50)",1,770,12187720891378318852,50.0,10.0,P1-outbreak,0.97
100000,68650,5,0.6865,2.0,0,0,6,"(140, 40, 50)",1,771,3466478925396892038,50.0,10.0,P1-outbreak,0.97084
100000,1,0,1e-05,2.0,0,0,0,"(140, 40, 50)",0,772,6056929903941272053,50.0,10.0,P1-outbreak,0.96974
100000,68327,2,0.68327,2.0,0,0,0,"(140, 40, 50)",1,773,9902209214666946398,50.0,10.0,P1-outbreak,0.96974
100000,1,0,1e-05,2.0,0,0,0,"(140, 40, 50)",0,774,9110190377027458241,50.0,10.0,P1-outbreak,0.97052
100000,70289,3,0.70289,2.0,0,0,1,"(140, 40, 50)",1,775,17034797791434486466,50.0,10.0,P1-outbreak,0.9703
100000,69883,4,0.69883,2.0,0,1,1,"(140, 40, 50)",1,776,1713039677299938878,50.0,10.0,P1-outbreak,0.96946
100000,1,0,1e-05,2.0,0,0,0,"(140, 40, 50)",0,777,16296726495901597504,50.0,10.0,P1-outbreak,0.97024
100000,67655,1,0.67655,2.0,0,0,0,"(140, 40, 50)",1,778,15894746267598653561,50.0,10.0,P1-outbreak,0.96954
100000,1,0,1e-05,2.0,0,0,0,"(140, 40, 50)",0,779,9296440653579822927,50.0,10.0,P1-outbreak,0.96942
100000,68457,1,0.68457,2.0,0,0,1,"(140, 40, 50)",1,780,14949610553852315237,50.0,10.0,P1-outbreak,0.9691
100000,1,0,1e-05,2.0,0,0,0,"(140, 40, 50)",0,781,321057537517144266,50.0,10.0,P1-outbreak,0.97074
100000,23,3,0.00023,2.0,0,3,4,"(140, 40, 50)",0,782,4785303466843022812,50.0,10.0,P1-outbreak,0.97054
100000,12,2,0.00012,2.0,0,2,3,"(140, 40, 50)",0,783,2276748904714822054,50.0,10.0,P1-outbreak,0.96898
100000,68684,1,0.68684,2.0,0,0,1,"(140, 40, 50)",1,784,11914927839034994981,50.0,10.0,P1-outbreak,0.96892
100000,1,0,1e-05,2.0,0,0,0,"(140, 40, 50)",0,785,13833418481093934017,50.0,10.0,P1-outbreak,0.9705
100000,1,0,1e-05,2.0,0,0,0,"(140, 40, 50)",0,786,645229473060525217,50.0,10.0,P1-outbreak,0.96964
100000,1,0,1e-05,2.0,0,0,0,"(140, 40, 50)",0,787,13064493697579192106,50.0,10.0,P1-outbreak,0.96932
100000,6,1,6e-05,2.0,0,1,2,"(140, 40, 50)",0,788,14877432336662779700,50.0,10.0,P1-outbreak,0.9711
100000,69130,2,0.6913,2.0,0,0,1,"(140, 40, 50)",1,789,9669548863335361977,50.0,10.0,P1-outbreak,0.96956
100000,1,0,1e-05,2.0,0,0,0,"(140, 40, 50)",0,790,4544172759914622913,50.0,10.0,P1-outbreak,0.96948
100000,67931,6,0.67931,2.0,0,0,1,"(140, 40, 50)",1,791,9161124892206495168,50.0,10.0,P1-outbreak,0.9686
100000,5,1,5e-05,2.0,0,1,3,"(140, 40, 50)",0,792,16501642029078120161,50.0,10.0,P1-outbreak,0.97052
100000,12,2,0.00012,2.0,0,2,5,"(140, 40, 50)",0,793,7832313065381811627,50.0,10.0,P1-outbreak,0.96852
100000,69412,3,0.69412,2.0,0,0,2,"(140, 40, 50)",1,794,15699631639616826856,50.0,10.0,P1-outbreak,0.97076
100000,69087,3,0.69087,2.0,0,0,1,"(140, 40, 50)",1,795,14670278187854151746,50.0,10.0,P1-outbreak,0.97012
100000,13,1,0.00013,2.0,0,1,2,"(140, 40, 50)",0,796,13207380191361713228,50.0,10.0,P1-outbreak,0.97076
100000,1,0,1e-05,2.0,0,0,0,"(140, 40, 50)",0,797,14222108347563972559,50.0,10.0,P1-outbreak,0.97036
100000,1,0,1e-05,2.0,0,0,0,"(140, 40, 50)",0,798,17529682495386681220,50.0,10.0,P1-outbreak,0.97036
100000,1,0,1e-05,2.0,0,0,0,"(140, 40, 50)",0,799,14173505943347509853,50.0,10.0,P1-outbreak,0.96874
100000,68435,2,0.68435,2.0,0,1,2,"(140, 40, 50)",1,800,1937171572218855640,50.0,10.0,P1-outbreak,0.97088
100000,67929,5,0.67929,2.0,0,4,3,"(140, 40, 50)",1,801,13465088042790958652,50.0,10.0,P1-outbreak,0.97014
100000,68787,5,0.68787,2.0,0,1,1,"(140, 40, 50)",1,802,7850617479779333894,50.0,10.0,P1-outbreak,0.97024
100000,1,0,1e-05,2.0,0,0,0,"(140, 40, 50)",0,803,5212544818456977196,50.0,10.0,P1-outbreak,0.9712
100000,2,1,2e-05,2.0,0,1,0,"(140, 40, 50)",0,804,7748967436397354456,50.0,10.0,P1-outbreak,0.96846
100000,1,0,1e-05,2.0,0,0,0,"(140, 40, 50)",0,805,2576991472472166414,50.0,10.0,P1-outbreak,0.96936
100000,68958,4,0.68958,2.0,0,1,0,"(140, 40, 50)",1,806,10678079631717609683,50.0,10.0,P1-outbreak,0.96948
100000,5,2,5e-05,2.0,0,2,1,"(140, 40, 50)",0,807,13912577107811402601,50.0,10.0,P1-outbreak,0.96974
100000,1,0,1e-05,2.0,0,0,0,"(140, 40, 50)",0,808,15909058392581879458,50.0,10.0,P1-outbreak,0.97002
100000,1,0,1e-05,2.0,0,0,0,"(140, 40, 50)",0,809,14227390484823867224,50.0,10.0,P1-outbreak,0.97034
100000,1,0,1e-05,2.0,0,0,0,"(140, 40, 50)",0,810,453791868406525688,50.0,10.0,P1-outbreak,0.9693
100000,69151,2,0.69151,2.0,0,1,0,"(140, 40, 50)",1,811,4161790913225433330,50.0,10.0,P1-outbreak,0.97106
100000,2,1,2e-05,2.0,0,1,0,"(140, 40, 50)",0,812,6382363824243403549,50.0,10.0,P1-outbreak,0.9695
100000,1,0,1e-05,2.0,0,0,0,"(140, 40, 50)",0,813,9161612139744298846,50.0,10.0,P1-outbreak,0.96996
100000,1,0,1e-05,2.0,0,0,0,"(140, 40, 50)",0,814,4548978231096273519,50.0,10.0,P1-outbreak,0.97042
100000,1,0,1e-05,2.0,0,0,0,"(140, 40, 50)",0,815,8008595656988844778,50.0,10.0,P1-outbreak,0.97
100000,1,0,1e-05,2.0,0,0,0,"(140, 40, 50)",0,816,2145394369003303804,50.0,10.0,P1-outbreak,0.97128
100000,1,0,1e-05,2.0,0,0,0,"(140, 40, 50)",0,817,2952530858205916965,50.0,10.0,P1-outbreak,0.96896
100000,68045,1,0.68045,2.0,0,1,1,"(140, 40, 50)",1,818,276647863608547196,50.0,10.0,P1-outbreak,0.96902
100000,2,1,2e-05,2.0,0,1,0,"(140, 40, 50)",0,819,485280290286588730,50.0,10.0,P1-outbreak,0.96974
100000,1,0,1e-05,2.0,0,0,0,"(140, 40, 50)",0,820,13588503890089354423,50.0,10.0,P1-outbreak,0.96924
100000,1,0,1e-05,2.0,0,0,0,"(140, 40, 50)",0,821,12694667149478943723,50.0,10.0,P1-outbreak,0.97126
100000,68693,6,0.68693,2.0,0,1,4,"(140, 40, 50)",1,822,16821268168617219138,50.0,10.0,P1-outbreak,0.96962
100000,68873,3,0.68873,2.0,0,0,0,"(140, 40, 50)",1,823,2576899106413060282,50.0,10.0,P1-outbreak,0.96992
100000,1,0,1e-05,2.0,0,0,0,"(140, 40, 50)",0,824,3935301429133064828,50.0,10.0,P1-outbreak,0.97042
100000,1,0,1e-05,2.0,0,0,0,"(140, 40, 50)",0,825,13758174205030460049,50.0,10.0,P1-outbreak,0.96934
100000,1,0,1e-05,2.0,0,0,0,"(140, 40, 50)",0,826,11953299249561516512,50.0,10.0,P1-outbreak,0.97016
100000,67862,7,0.67862,2.0,0,2,2,"(140, 40, 50)",1,827,13484777470547360064,50.0,10.0,P1-outbreak,0.96964
100000,2,1,2e-05,2.0,0,1,0,"(140, 40, 50)",0,828,2471370108210109702,50.0,10.0,P1-outbreak,0.96842
100000,1,0,1e-05,2.0,0,0,0,"(140, 40, 50)",0,829,4878450520889546451,50.0,10.0,P1-outbreak,0.97046
100000,2,1,2e-05,2.0,0,1,0,"(140, 40, 50)",0,830,14665193039798591297,50.0,10.0,P1-outbreak,0.9697
100000,2,1,2e-05,2.0,0,1,0,"(140, 40, 50)",0,831,13503484684175004150,50.0,10.0,P1-outbreak,0.96976
100000,68963,3,0.68963,2.0,0,0,3,"(140, 40, 50)",1,832,16084634925536759360,50.0,10.0,P1-outbreak,0.96948
100000,2,1,2e-05,2.0,0,1,0,"(140, 40, 50)",0,833,18143166984131478405,50.0,10.0,P1-outbreak,0.9696
100000,1,0,1e-05,2.0,0,0,0,"(140, 40, 50)",0,834,9315485702453096371,50.0,10.0,P1-outbreak,0.96866
100000,68508,3,0.68508,2.0,0,0,1,"(140, 40, 50)",1,835,16682337806411420613,50.0,10.0,P1-outbreak,0.9697
100000,1,0,1e-05,2.0,0,0,0,"(140, 40, 50)",0,836,2386365934693518252,50.0,10.0,P1-outbreak,0.97058
100000,8,4,8e-05,2.0,0,4,2,"(140, 40, 50)",0,837,14634186195839902256,50.0,10.0,P1-outbreak,0.97164
100000,1,0,1e-05,2.0,0,0,0,"(140, 40, 50)",0,838,12807873678758656046,50.0,10.0,P1-outbreak,0.96862
100000,68356,2,0.68356,2.0,0,0,1,"(140, 40, 50)",1,839,6855247752165733365,50.0,10.0,P1-outbreak,0.96996
100000,68296,8,0.68296,2.0,0,0,3,"(140, 40, 50)",1,840,9434340539104102575,50.0,10.0,P1-outbreak,0.97058
100000,5,1,5e-05,2.0,0,1,1,"(140, 40, 50)",0,841,14470820020501036668,50.0,10.0,P1-outbreak,0.97022
100000,69712,3,0.69712,2.0,0,0,1,"(140, 40, 50)",1,842,7696547462489623568,50.0,10.0,P1-outbreak,0.97052
100000,68271,3,0.68271,2.0,0,0,0,"(140, 40, 50)",1,843,5121083146613582328,50.0,10.0,P1-outbreak,0.97088
100000,2,1,2e-05,2.0,0,1,0,"(140, 40, 50)",0,844,3434042045653592997,50.0,10.0,P1-outbreak,0.97032
100000,68947,5,0.68947,2.0,0,1,3,"(140, 40, 50)",1,845,8678843499177062295,50.0,10.0,P1-outbreak,0.97114
100000,68974,2,0.68974,2.0,0,0,0,"(140, 40, 50)",1,846,12716201313021120101,50.0,10.0,P1-outbreak,0.96914
100000,1,0,1e-05,2.0,0,0,0,"(140, 40, 50)",0,847,2734583446544430278,50.0,10.0,P1-outbreak,0.97068
100000,2,1,2e-05,2.0,0,1,0,"(140, 40, 50)",0,848,13032115766990016327,50.0,10.0,P1-outbreak,0.97028
100000,67746,4,0.67746,2.0,0,2,2,"(140, 40, 50)",1,849,7086166750946866436,50.0,10.0,P1-outbreak,0.9693
100000,68688,3,0.68688,2.0,0,0,1,"(140, 40, 50)",1,850,15960391417217448065,50.0,10.0,P1-outbreak,0.9687
100000,68202,2,0.68202,2.0,0,0,0,"(140, 40, 50)",1,851,13284755422298953087,50.0,10.0,P1-outbreak,0.96824
100000,69147,1,0.69147,2.0,0,1,1,"(140, 40, 50)",1,852,825040001614279212,50.0,10.0,P1-outbreak,0.969
100000,68761,5,0.68761,2.0,0,2,3,"(140, 40, 50)",1,853,15112931358866930889,50.0,10.0,P1-outbreak,0.96888
100000,68477,4,0.68477,2.0,0,2,1,"(140, 40, 50)",1,854,9121978918370499866,50.0,10.0,P1-outbreak,0.96916
100000,69135,3,0.69135,2.0,0,0,2,"(140, 40, 50)",1,855,18049721356555963058,50.0,10.0,P1-outbreak,0.97052
100000,68604,2,0.68604,2.0,0,0,0,"(140, 40, 50)",1,856,897743781637067195,50.0,10.0,P1-outbreak,0.96854
100000,7,1,7e-05,2.0,0,1,1,"(140, 40, 50)",0,857,5297046382030388382,50.0,10.0,P1-outbreak,0.96824
100000,1,0,1e-05,2.0,0,0,0,"(140, 40, 50)",0,858,10070892481663353723,50.0,10.0,P1-outbreak,0.97066
100000,1,0,1e-05,2.0,0,0,0,"(140, 40, 50)",0,859,17514225588416972218,50.0,10.0,P1-outbreak,0.97136
100000,68092,2,0.68092,2.0,0,0,0,"(140, 40, 50)",1,860,10820706918382855003,50.0,10.0,P1-outbreak,0.97004
100000,1,0,1e-05,2.0,0,0,0,"(140, 40, 50)",0,861,6013038044547899406,50.0,10.0,P1-outbreak,0.9699
100000,68499,3,0.68499,2.0,0,1,3,"(140, 40, 50)",1,862,7806439014626414725,50.0,10.0,P1-outbreak,0.96978
100000,5,2,5e-05,2.0,0,2,1,"(140, 40, 50)",0,863,11927940141850929262,50.0,10.0,P1-outbreak,0.97058
100000,1,0,1e-05,2.0,0,0,0,"(140, 40, 50)",0,864,15584797529444790146,50.0,10.0,P1-outbreak,0.9691
100000,69065,2,0.69065,2.0,0,1,1,"(140, 40, 50)",1,865,10289605994710840761,50.0,10.0,P1-outbreak,0.96924
100000,68493,2,0.68493,2.0,0,0,1,"(140, 40, 50)",1,866,5677062954315287160,50.0,10.0,P1-outbreak,0.96898
100000,1,0,1e-05,2.0,0,0,0,"(140, 40, 50)",0,867,4162199532878953580,50.0,10.0,P1-outbreak,0.96992
100000,2,1,2e-05,2.0,0,1,0,"(140, 40, 50)",0,868,1980331213810179060,50.0,10.0,P1-outbreak,0.96964
100000,15,3,0.00015,2.0,0,3,3,"(140, 40, 50)",0,869,323636163754801916,50.0,10.0,P1-outbreak,0.96966
100000,1,0,1e-05,2.0,0,0,0,"(140, 40, 50)",0,870,14972552962844011557,50.0,10.0,P1-outbreak,0.96948
100000,6,1,6e-05,2.0,0,1,2,"(140, 40, 50)",0,871,979153625427985536,50.0,10.0,P1-outbreak,0.9693
100000,1,0,1e-05,2.0,0,0,0,"(140, 40, 50)",0,872,10132893056956908469,50.0,10.0,P1-outbreak,0.96996
100000,68101,3,0.68101,2.0,0,0,1,"(140, 40, 50)",1,873,4805598885375754662,50.0,10.0,P1-outbreak,0.96916
100000,69391,2,0.69391,2.0,0,0,1,"(140, 40, 50)",1,874,737204773831661280,50.0,10.0,P1-outbreak,0.97062
100000,69555,5,0.69555,2.0,0,2,2,"(140, 40, 50)",1,875,11410327686062485715,50.0,10.0,P1-outbreak,0.97026
100000,68656,6,0.68656,2.0,0,0,1,"(140, 40, 50)",1,876,11579661197157710994,50.0,10.0,P1-outbreak,0.9683
100000,1,0,1e-05,2.0,0,0,0,"(140, 40, 50)",0,877,3291979222814157344,50.0,10.0,P1-outbreak,0.97022
100000,68335,3,0.68335,2.0,0,0,0,"(140, 40, 50)",1,878,6510914673478172878,50.0,10.0,P1-outbreak,0.9694
100000,7,5,7e-05,2.0,0,5,1,"(140, 40, 50)",0,879,4664694880686607677,50.0,10.0,P1-outbreak,0.9704
100000,68648,4,0.68648,2.0,0,0,3,"(140, 40, 50)",1,880,4717474411883389638,50.0,10.0,P1-outbreak,0.9705
100000,69779,4,0.69779,2.0,0,0,0,"(140, 40, 50)",1,881,6417747679779940667,50.0,10.0,P1-outbreak,0.97096
100000,68469,2,0.68469,2.0,0,0,0,"(140, 40, 50)",1,882,15859173088106135288,50.0,10.0,P1-outbreak,0.9684
100000,3,1,3e-05,2.0,0,1,1,"(140, 40, 50)",0,883,8666448009629883963,50.0,10.0,P1-outbreak,0.97056
100000,70285,4,0.70285,2.0,0,1,0,"(140, 40, 50)",1,884,12102753114082906703,50.0,10.0,P1-outbreak,0.97082
100000,1,0,1e-05,2.0,0,0,0,"(140, 40, 50)",0,885,16651860377773038016,50.0,10.0,P1-outbreak,0.96934
100000,69343,4,0.69343,2.0,0,1,1,"(140, 40, 50)",1,886,314263174987983146,50.0,10.0,P1-outbreak,0.97016
100000,1,0,1e-05,2.0,0,0,0,"(140, 40, 50)",0,887,7241909484800279616,50.0,10.0,P1-outbreak,0.96822
100000,3,1,3e-05,2.0,0,1,1,"(140, 40, 50)",0,888,2268166671965105798,50.0,10.0,P1-outbreak,0.96966
100000,67899,3,0.67899,2.0,0,0,0,"(140, 40, 50)",1,889,11022113606843912356,50.0,10.0,P1-outbreak,0.96988
100000,69073,2,0.69073,2.0,0,1,1,"(140, 40, 50)",1,890,7771704493630318172,50.0,10.0,P1-outbreak,0.97146
100000,69011,5,0.69011,2.0,0,1,1,"(140, 40, 50)",1,891,2177687266772753186,50.0,10.0,P1-outbreak,0.96932
100000,67119,2,0.67119,2.0,0,1,0,"(140, 40, 50)",1,892,10836611400520522533,50.0,10.0,P1-outbreak,0.96952
100000,3,2,3e-05,2.0,0,2,0,"(140, 40, 50)",0,893,13308633398075607711,50.0,10.0,P1-outbreak,0.96886
100000,1,0,1e-05,2.0,0,0,0,"(140, 40, 50)",0,894,7271980254916317120,50.0,10.0,P1-outbreak,0.97066
100000,69852,2,0.69852,2.0,0,0,1,"(140, 40, 50)",1,895,8342441814918971781,50.0,10.0,P1-outbreak,0.97078
100000,3,1,3e-05,2.0,0,1,1,"(140, 40, 50)",0,896,11286442017420423113,50.0,10.0,P1-outbreak,0.97096
100000,2,1,2e-05,2.0,0,1,0,"(140, 40, 50)",0,897,4555431157550002055,50.0,10.0,P1-outbreak,0.97004
100000,69375,3,0.69375,2.0,0,1,4,"(140, 40, 50)",1,898,12228272926969645733,50.0,10.0,P1-outbreak,0.97068
100000,1,0,1e-05,2.0,0,0,0,"(140, 40, 50)",0,899,11480307667405879928,50.0,10.0,P1-outbreak,0.9696
100000,1,0,1e-05,2.0,0,0,0,"(140, 40, 50)",0,900,12048039629141500578,50.0,10.0,P1-outbreak,0.97144
100000,68113,3,0.68113,2.0,0,2,2,"(140, 40, 50)",1,901,11136836255619769367,50.0,10.0,P1-outbreak,0.97032
100000,3,2,3e-05,2.0,0,2,0,"(140, 40, 50)",0,902,6547262073347862692,50.0,10.0,P1-outbreak,0.97136
100000,68937,4,0.68937,2.0,0,0,0,"(140, 40, 50)",1,903,14351758417228407687,50.0,10.0,P1-outbreak,0.96924
100000,1,0,1e-05,2.0,0,0,0,"(140, 40, 50)",0,904,7214974531918002316,50.0,10.0,P1-outbreak,0.97016
100000,69161,4,0.69161,2.0,0,1,0,"(140, 40, 50)",1,905,4331286163976595239,50.0,10.0,P1-outbreak,0.97068
100000,1,0,1e-05,2.0,0,0,0,"(140, 40, 50)",0,906,14410416312660394062,50.0,10.0,P1-outbreak,0.97078
100000,69111,2,0.69111,2.0,0,1,0,"(140, 40, 50)",1,907,6185450153844230046,50.0,10.0,P1-outbreak,0.97124
100000,68869,1,0.68869,2.0,0,1,1,"(140, 40, 50)",1,908,9850181506785181591,50.0,10.0,P1-outbreak,0.96916
100000,1,0,1e-05,2.0,0,0,0,"(140, 40, 50)",0,909,17690671320447387477,50.0,10.0,P1-outbreak,0.96974
100000,7,1,7e-05,2.0,0,1,2,"(140, 40, 50)",0,910,16145434183167494920,50.0,10.0,P1-outbreak,0.96944
100000,1,0,1e-05,2.0,0,0,0,"(140, 40, 50)",0,911,2901989264871728624,50.0,10.0,P1-outbreak,0.96992
100000,69111,2,0.69111,2.0,0,0,0,"(140, 40, 50)",1,912,18445330339910873200,50.0,10.0,P1-outbreak,0.96882
100000,1,0,1e-05,2.0,0,0,0,"(140, 40, 50)",0,913,2585903534860018828,50.0,10.0,P1-outbreak,0.96918
100000,9,1,9e-05,2.0,0,1,2,"(140, 40, 50)",0,914,15777403146721596665,50.0,10.0,P1-outbreak,0.97116
100000,1,0,1e-05,2.0,0,0,0,"(140, 40, 50)",0,915,6823860565305087813,50.0,10.0,P1-outbreak,0.96964
100000,4,2,4e-05,2.0,0,2,1,"(140, 40, 50)",0,916,8121054899271194766,50.0,10.0,P1-outbreak,0.96944
100000,67557,6,0.67557,2.0,0,1,4,"(140, 40, 50)",1,917,9580747158868891170,50.0,10.0,P1-outbreak,0.97026
100000,3,2,3e-05,2.0,0,2,0,"(140, 40, 50)",0,918,2931348814617252796,50.0,10.0,P1-outbreak,0.96932
100000,5,1,5e-05,2.0,0,1,1,"(140, 40, 50)",0,919,9747773272669605851,50.0,10.0,P1-outbreak,0.96944
100000,4,1,4e-05,2.0,0,1,1,"(140, 40, 50)",0,920,5476161429654408929,50.0,10.0,P1-outbreak,0.96914
100000,1,0,1e-05,2.0,0,0,0,"(140, 40, 50)",0,921,15075413401963884149,50.0,10.0,P1-outbreak,0.96978
100000,4,1,4e-05,2.0,0,1,2,"(140, 40, 50)",0,922,8968691090510987852,50.0,10.0,P1-outbreak,0.96896
100000,68674,2,0.68674,2.0,0,0,1,"(140, 40, 50)",1,923,13795381011770655694,50.0,10.0,P1-outbreak,0.97022
100000,68474,5,0.68474,2.0,0,2,2,"(140, 40, 50)",1,924,2673294203875500301,50.0,10.0,P1-outbreak,0.9697
100000,68156,3,0.68156,2.0,0,2,0,"(140, 40, 50)",1,925,1361889758393662914,50.0,10.0,P1-outbreak,0.96918
100000,1,0,1e-05,2.0,0,0,0,"(140, 40, 50)",0,926,8583197696296666118,50.0,10.0,P1-outbreak,0.96812
100000,4,1,4e-05,2.0,0,1,2,"(140, 40, 50)",0,927,6337894208304322646,50.0,10.0,P1-outbreak,0.97014
100000,69156,7,0.69156,2.0,0,1,1,"(140, 40, 50)",1,928,2196331880586522387,50.0,10.0,P1-outbreak,0.97056
100000,1,0,1e-05,2.0,0,0,0,"(140, 40, 50)",0,929,13812479115869510205,50.0,10.0,P1-outbreak,0.9698
100000,1,0,1e-05,2.0,0,0,0,"(140, 40, 50)",0,930,2287003066504530679,50.0,10.0,P1-outbreak,0.9704
100000,4,1,4e-05,2.0,0,1,2,"(140, 40, 50)",0,931,17468247743977328301,50.0,10.0,P1-outbreak,0.97098
100000,67763,5,0.67763,2.0,0,1,1,"(140, 40, 50)",1,932,16957074492646349934,50.0,10.0,P1-outbreak,0.9712
100000,15,2,0.00015,2.0,0,2,4,"(140, 40, 50)",0,933,3233743708640548034,50.0,10.0,P1-outbreak,0.9688
100000,12,6,0.00012,2.0,0,6,3,"(140, 40, 50)",0,934,7767528847601509408,50.0,10.0,P1-outbreak,0.96946
100000,69107,2,0.69107,2.0,0,0,1,"(140, 40, 50)",1,935,9338307224061150666,50.0,10.0,P1-outbreak,0.9697
100000,69035,5,0.69035,2.0,0,0,1,"(140, 40, 50)",1,936,12949796604478852511,50.0,10.0,P1-outbreak,0.96824
100000,1,0,1e-05,2.0,0,0,0,"(140, 40, 50)",0,937,2651738645231356193,50.0,10.0,P1-outbreak,0.97048
100000,1,0,1e-05,2.0,0,0,0,"(140, 40, 50)",0,938,6754029138605164797,50.0,10.0,P1-outbreak,0.96858
100000,69114,3,0.69114,2.0,0,0,0,"(140, 40, 50)",1,939,6630534192886047764,50.0,10.0,P1-outbreak,0.97106
100000,68412,5,0.68412,2.0,0,1,3,"(140, 40, 50)",1,940,1708561130520819551,50.0,10.0,P1-outbreak,0.96874
100000,3,1,3e-05,2.0,0,1,1,"(140, 40, 50)",0,941,11545893522084200487,50.0,10.0,P1-outbreak,0.9699
100000,68556,4,0.68556,2.0,0,2,2,"(140, 40, 50)",1,942,6186750654397414692,50.0,10.0,P1-outbreak,0.97028
100000,1,0,1e-05,2.0,0,0,0,"(140, 40, 50)",0,943,7258960138642671760,50.0,10.0,P1-outbreak,0.96886
100000,4,2,4e-05,2.0,0,2,1,"(140, 40, 50)",0,944,12528713329428106080,50.0,10.0,P1-outbreak,0.96946
100000,68019,3,0.68019,2.0,0,0,0,"(140, 40, 50)",1,945,8235459598960485188,50.0,10.0,P1-outbreak,0.96962
100000,1,0,1e-05,2.0,0,0,0,"(140, 40, 50)",0,946,2043847192019075264,50.0,10.0,P1-outbreak,0.9698
100000,1,0,1e-05,2.0,0,0,0,"(140, 40, 50)",0,947,7399202774861105107,50.0,10.0,P1-outbreak,0.96988
100000,1,0,1e-05,2.0,0,0,0,"(140, 40, 50)",0,948,9489339419466026509,50.0,10.0,P1-outbreak,0.96996
100000,1,0,1e-05,2.0,0,0,0,"(140, 40, 50)",0,949,1053527268358589491,50.0,10.0,P1-outbreak,0.96836
100000,2,1,2e-05,2.0,0,1,0,"(140, 40, 50)",0,950,5199591758880228298,50.0,10.0,P1-outbreak,0.9712
100000,68389,6,0.68389,2.0,0,3,1,"(140, 40, 50)",1,951,2722018650553566903,50.0,10.0,P1-outbreak,0.96954
100000,1,0,1e-05,2.0,0,0,0,"(140, 40, 50)",0,952,4323042876931168050,50.0,10.0,P1-outbreak,0.96924
100000,2,1,2e-05,2.0,0,1,0,"(140, 40, 50)",0,953,4320198102875674777,50.0,10.0,P1-outbreak,0.97024
100000,68656,5,0.68656,2.0,0,2,1,"(140, 40, 50)",1,954,16024219198515264053,50.0,10.0,P1-outbreak,0.97096
100000,67740,2,0.6774,2.0,0,0,1,"(140, 40, 50)",1,955,16380434973038300627,50.0,10.0,P1-outbreak,0.96944
100000,4,2,4e-05,2.0,0,2,1,"(140, 40, 50)",0,956,11599280429128653379,50.0,10.0,P1-outbreak,0.96998
100000,68465,1,0.68465,2.0,0,1,0,"(140, 40, 50)",1,957,758421930999100709,50.0,10.0,P1-outbreak,0.97082
100000,68903,3,0.68903,2.0,0,0,1,"(140, 40, 50)",1,958,2820455764710723074,50.0,10.0,P1-outbreak,0.97148
100000,68085,1,0.68085,2.0,0,1,1,"(140, 40, 50)",1,959,8909165169321089821,50.0,10.0,P1-outbreak,0.96896
100000,68734,3,0.68734,2.0,0,1,3,"(140, 40, 50)",1,960,17543246332240068941,50.0,10.0,P1-outbreak,0.96938
100000,1,0,1e-05,2.0,0,0,0,"(140, 40, 50)",0,961,11106953682612524306,50.0,10.0,P1-outbreak,0.96968
100000,1,0,1e-05,2.0,0,0,0,"(140, 40, 50)",0,962,71410218243462245,50.0,10.0,P1-outbreak,0.9711
100000,1,0,1e-05,2.0,0,0,0,"(140, 40, 50)",0,963,14048030277411815567,50.0,10.0,P1-outbreak,0.9708
100000,68410,3,0.6841,2.0,0,0,1,"(140, 40, 50)",1,964,11484182188939270022,50.0,10.0,P1-outbreak,0.9698
100000,96,4,0.00096,2.0,0,4,4,"(140, 40, 50)",0,965,16300299813147591341,50.0,10.0,P1-outbreak,0.96994
100000,68033,1,0.68033,2.0,0,1,1,"(140, 40, 50)",1,966,768973643552935456,50.0,10.0,P1-outbreak,0.9687
100000,5,2,5e-05,2.0,0,2,1,"(140, 40, 50)",0,967,948686374757878071,50.0,10.0,P1-outbreak,0.96936
100000,2,1,2e-05,2.0,0,1,0,"(140, 40, 50)",0,968,7977196286958956040,50.0,10.0,P1-outbreak,0.97002
100000,1,0,1e-05,2.0,0,0,0,"(140, 40, 50)",0,969,13798731394702648127,50.0,10.0,P1-outbreak,0.96962
100000,68836,2,0.68836,2.0,0,1,1,"(140, 40, 50)",1,970,6236840354702149953,50.0,10.0,P1-outbreak,0.9703
100000,7,3,7e-05,2.0,0,3,2,"(140, 40, 50)",0,971,1410036691200543695,50.0,10.0,P1-outbreak,0.97018
100000,68412,2,0.68412,2.0,0,2,0,"(140, 40, 50)",1,972,9950148252922190639,50.0,10.0,P1-outbreak,0.97026
100000,1,0,1e-05,2.0,0,0,0,"(140, 40, 50)",0,973,6381691342631053816,50.0,10.0,P1-outbreak,0.97036
100000,2,1,2e-05,2.0,0,1,0,"(140, 40, 50)",0,974,11284142865597537108,50.0,10.0,P1-outbreak,0.9691
100000,2,1,2e-05,2.0,0,1,0,"(140, 40, 50)",0,975,1190554300353135944,50.0,10.0,P1-outbreak,0.96912
100000,1,0,1e-05,2.0,0,0,0,"(140, 40, 50)",0,976,3345940484770901764,50.0,10.0,P1-outbreak,0.9701
100000,1,0,1e-05,2.0,0,0,0,"(140, 40, 50)",0,977,16776939247455112176,50.0,10.0,P1-outbreak,0.96958
100000,69522,3,0.69522,2.0,0,0,2,"(140, 40, 50)",1,978,11860176491701189814,50.0,10.0,P1-outbreak,0.96936
100000,2,1,2e-05,2.0,0,1,0,"(140, 40, 50)",0,979,2169944961464934978,50.0,10.0,P1-outbreak,0.97084
100000,1,0,1e-05,2.0,0,0,0,"(140, 40, 50)",0,980,14502189411666950780,50.0,10.0,P1-outbreak,0.9687
100000,3,1,3e-05,2.0,0,1,1,"(140, 40, 50)",0,981,1619625021384139699,50.0,10.0,P1-outbreak,0.97054
100000,46,2,0.00046,2.0,0,2,3,"(140, 40, 50)",0,982,18349435357976785365,50.0,10.0,P1-outbreak,0.96974
100000,67533,4,0.67533,2.0,0,0,1,"(140, 40, 50)",1,983,3877487366099748320,50.0,10.0,P1-outbreak,0.97034
100000,68837,3,0.68837,2.0,0,0,1,"(140, 40, 50)",1,984,793916724790377566,50.0,10.0,P1-outbreak,0.9696
100000,5,1,5e-05,2.0,0,1,1,"(140, 40, 50)",0,985,10327748531341792191,50.0,10.0,P1-outbreak,0.96932
100000,2,1,2e-05,2.0,0,1,0,"(140, 40, 50)",0,986,17208936771527407079,50.0,10.0,P1-outbreak,0.96824
100000,1,0,1e-05,2.0,0,0,0,"(140, 40, 50)",0,987,14707012261688510932,50.0,10.0,P1-outbreak,0.96968
100000,5,2,5e-05,2.0,0,2,1,"(140, 40, 50)",0,988,16836681335622376812,50.0,10.0,P1-outbreak,0.9691
100000,5,2,5e-05,2.0,0,2,2,"(140, 40, 50)",0,989,5605763901525112078,50.0,10.0,P1-outbreak,0.97052
100000,68481,3,0.68481,2.0,0,1,3,"(140, 40, 50)",1,990,15105111147202348144,50.0,10.0,P1-outbreak,0.96994
100000,1,0,1e-05,2.0,0,0,0,"(140, 40, 50)",0,991,2961451494314053653,50.0,10.0,P1-outbreak,0.97066
100000,5,1,5e-05,2.0,0,1,1,"(140, 40, 50)",0,992,7373249314074152206,50.0,10.0,P1-outbreak,0.97032
100000,67608,5,0.67608,2.0,0,1,0,"(140, 40, 50)",1,993,9625599275535721088,50.0,10.0,P1-outbreak,0.9699
100000,32,2,0.00032,2.0,0,2,1,"(140, 40, 50)",0,994,4623459638208808970,50.0,10.0,P1-outbreak,0.96858
100000,68310,5,0.6831,2.0,0,1,1,"(140, 40, 50)",1,995,14008567506892452835,50.0,10.0,P1-outbreak,0.97062
100000,1,0,1e-05,2.0,0,0,0,"(140, 40, 50)",0,996,1921231904004445102,50.0,10.0,P1-outbreak,0.96892
100000,68070,3,0.6807,2.0,0,1,0,"(140, 40, 50)",1,997,17997597868260631930,50.0,10.0,P1-outbreak,0.96896
100000,67549,2,0.67549,2.0,0,0,0,"(140, 40, 50)",1,998,1341239305629996559,50.0,10.0,P1-outbreak,0.96958
100000,1,0,1e-05,2.0,0,0,0,"(140, 40, 50)",0,999,12410179711208846154,50.0,10.0,P1-outbreak,0.97068
100000,68447,7,0.68447,2.0,0,0,2,"(140, 40, 50)",1,1000,5089137350685558242,50.0,10.0,P1-outbreak,0.97192
100000,1,0,1e-05,2.0,0,0,0,"(140, 40, 50)",0,1001,8789564720424135318,50.0,10.0,P1-outbreak,0.96922
100000,2,1,2e-05,2.0,0,1,0,"(140, 40, 50)",0,1002,930303351821012171,50.0,10.0,P1-outbreak,0.971
100000,1,0,1e-05,2.0,0,0,0,"(140, 40, 50)",0,1003,17011674229418762004,50.0,10.0,P1-outbreak,0.9687
100000,69252,6,0.69252,2.0,0,1,1,"(140, 40, 50)",1,1004,14579920392316086981,50.0,10.0,P1-outbreak,0.97024
100000,68372,2,0.68372,2.0,0,2,0,"(140, 40, 50)",1,1005,14847813611426432594,50.0,10.0,P1-outbreak,0.96888
100000,1,0,1e-05,2.0,0,0,0,"(140, 40, 50)",0,1006,15189210252683858951,50.0,10.0,P1-outbreak,0.96984
100000,67574,5,0.67574,2.0,0,3,1,"(140, 40, 50)",1,1007,1373256365619935154,50.0,10.0,P1-outbreak,0.96932
100000,4,2,4e-05,2.0,0,2,1,"(140, 40, 50)",0,1008,16025394787538678616,50.0,10.0,P1-outbreak,0.96866
100000,69610,3,0.6961,2.0,0,0,0,"(140, 40, 50)",1,1009,8090750702646165570,50.0,10.0,P1-outbreak,0.97036
100000,1,0,1e-05,2.0,0,0,0,"(140, 40, 50)",0,1010,12295723636552598095,50.0,10.0,P1-outbreak,0.9701
100000,3,2,3e-05,2.0,0,2,0,"(140, 40, 50)",0,1011,16907149794052178048,50.0,10.0,P1-outbreak,0.97032
100000,67840,3,0.6784,2.0,0,0,1,"(140, 40, 50)",1,1012,10525165128732717097,50.0,10.0,P1-outbreak,0.96898
100000,1,0,1e-05,2.0,0,0,0,"(140, 40, 50)",0,1013,3406848777526997515,50.0,10.0,P1-outbreak,0.96882
100000,42,1,0.00042,2.0,0,1,3,"(140, 40, 50)",0,1014,5962499298074654884,50.0,10.0,P1-outbreak,0.96918
100000,68336,4,0.68336,2.0,0,0,3,"(140, 40, 50)",1,1015,16146246366495408125,50.0,10.0,P1-outbreak,0.96968
100000,2,1,2e-05,2.0,0,1,0,"(140, 40, 50)",0,1016,16427085149489896776,50.0,10.0,P1-outbreak,0.97054
100000,1,0,1e-05,2.0,0,0,0,"(140, 40, 50)",0,1017,12627362597153733098,50.0,10.0,P1-outbreak,0.9696
100000,9,1,9e-05,2.0,0,1,4,"(140, 40, 50)",0,1018,1667357314806783620,50.0,10.0,P1-outbreak,0.97
100000,4,1,4e-05,2.0,0,1,2,"(140, 40, 50)",0,1019,5857923961050003055,50.0,10.0,P1-outbreak,0.9705
100000,1,0,1e-05,2.0,0,0,0,"(140, 40, 50)",0,1020,16983410000799747095,50.0,10.0,P1-outbreak,0.96938
100000,3,2,3e-05,2.0,0,2,0,"(140, 40, 50)",0,1021,5858621542033643690,50.0,10.0,P1-outbreak,0.96868
100000,69089,5,0.69089,2.0,0,0,0,"(140, 40, 50)",1,1022,1327512886563976667,50.0,10.0,P1-outbreak,0.96976
100000,4,2,4e-05,2.0,0,2,1,"(140, 40, 50)",0,1023,15602153822962236103,50.0,10.0,P1-outbreak,0.9699
100000,69469,1,0.69469,2.0,0,0,1,"(140, 40, 50)",1,1024,7715531323773095807,50.0,10.0,P1-outbreak,0.96944
100000,68080,1,0.6808,2.0,0,0,0,"(140, 40, 50)",1,1025,286411116836172228,50.0,10.0,P1-outbreak,0.97034
100000,17,2,0.00017,2.0,0,2,1,"(140, 40, 50)",0,1026,11035235847049911806,50.0,10.0,P1-outbreak,0.9707
100000,68384,4,0.68384,2.0,0,0,0,"(140, 40, 50)",1,1027,10331587693888563317,50.0,10.0,P1-outbreak,0.96934
100000,68837,2,0.68837,2.0,0,1,0,"(140, 40, 50)",1,1028,12566054541415907744,50.0,10.0,P1-outbreak,0.97022
100000,3,1,3e-05,2.0,0,1,1,"(140, 40, 50)",0,1029,17851795800735734271,50.0,10.0,P1-outbreak,0.96838
100000,68348,3,0.68348,2.0,0,1,1,"(140, 40, 50)",1,1030,16355492858078940359,50.0,10.0,P1-outbreak,0.96902
100000,2,1,2e-05,2.0,0,1,0,"(140, 40, 50)",0,1031,5719618907265416437,50.0,10.0,P1-outbreak,0.9712
100000,68005,2,0.68005,2.0,0,0,1,"(140, 40, 50)",1,1032,5122471879005476397,50.0,10.0,P1-outbreak,0.96862
100000,68275,4,0.68275,2.0,0,0,2,"(140, 40, 50)",1,1033,15480306796839151914,50.0,10.0,P1-outbreak,0.96958
100000,1,0,1e-05,2.0,0,0,0,"(140, 40, 50)",0,1034,17441026281625231946,50.0,10.0,P1-outbreak,0.97022
100000,68543,4,0.68543,2.0,0,1,0,"(140, 40, 50)",1,1035,10019365761366837350,50.0,10.0,P1-outbreak,0.97034
100000,1,0,1e-05,2.0,0,0,0,"(140, 40, 50)",0,1036,2460644059781801070,50.0,10.0,P1-outbreak,0.96904
100000,2,1,2e-05,2.0,0,1,0,"(140, 40, 50)",0,1037,18213794686200418056,50.0,10.0,P1-outbreak,0.97096
100000,3,1,3e-05,2.0,0,1,1,"(140, 40, 50)",0,1038,15360303394035778123,50.0,10.0,P1-outbreak,0.9699
100000,3,2,3e-05,2.0,0,2,0,"(140, 40, 50)",0,1039,3856598933113100184,50.0,10.0,P1-outbreak,0.96872
100000,68198,2,0.68198,2.0,0,1,0,"(140, 40, 50)",1,1040,10853239354869622170,50.0,10.0,P1-outbreak,0.96702
100000,1,0,1e-05,2.0,0,0,0,"(140, 40, 50)",0,1041,4409782931359869467,50.0,10.0,P1-outbreak,0.96948
100000,68801,1,0.68801,2.0,0,1,0,"(140, 40, 50)",1,1042,565709380834562327,50.0,10.0,P1-outbreak,0.96986
100000,67985,2,0.67985,2.0,0,0,1,"(140, 40, 50)",1,1043,3808124851874550890,50.0,10.0,P1-outbreak,0.96902
100000,68549,6,0.68549,2.0,0,2,4,"(140, 40, 50)",1,1044,2865383213494996040,50.0,10.0,P1-outbreak,0.96866
100000,1,0,1e-05,2.0,0,0,0,"(140, 40, 50)",0,1045,17583132608649046245,50.0,10.0,P1-outbreak,0.97014
100000,67649,2,0.67649,2.0,0,0,1,"(140, 40, 50)",1,1046,8339304159874333390,50.0,10.0,P1-outbreak,0.97038
100000,69571,2,0.69571,2.0,0,2,0,"(140, 40, 50)",1,1047,2023363657337175848,50.0,10.0,P1-outbreak,0.96892
100000,68983,4,0.68983,2.0,0,0,4,"(140, 40, 50)",1,1048,490625611556215654,50.0,10.0,P1-outbreak,0.97064
100000,2,1,2e-05,2.0,0,1,0,"(140, 40, 50)",0,1049,3838256135864783861,50.0,10.0,P1-outbreak,0.96894
100000,68972,3,0.68972,2.0,0,0,0,"(140, 40, 50)",1,1050,3761403959797707551,50.0,10.0,P1-outbreak,0.97032
100000,2,1,2e-05,2.0,0,1,0,"(140, 40, 50)",0,1051,8224364389968049158,50.0,10.0,P1-outbreak,0.96976
1000000,10,3,1e-05,2.0,0,3,2,"(40, 50, 140)",0,0,7723862736286297110,50.0,10.0,P1-outbreak,0.000206
1000000,30,3,3e-05,2.0,0,3,1,"(40, 50, 140)",0,1,4331751042840053049,50.0,10.0,P1-outbreak,0.001746
1000000,1,0,1e-06,2.0,0,0,0,"(40, 50, 140)",0,2,7280365653873161720,50.0,10.0,P1-outbreak,0.00102
1000000,2,1,2e-06,2.0,0,1,0,"(40, 50, 140)",0,3,7375392444370027037,50.0,10.0,P1-outbreak,-0.000628
1000000,1,0,1e-06,2.0,0,0,0,"(40, 50, 140)",0,4,14903027390410805293,50.0,10.0,P1-outbreak,0.000832
1000000,1,0,1e-06,2.0,0,0,0,"(40, 50, 140)",0,5,9935965202263149854,50.0,10.0,P1-outbreak,-0.001256
1000000,1,0,1e-06,2.0,0,0,0,"(40, 50, 140)",0,6,8345893541797622809,50.0,10.0,P1-outbreak,-0.001196
1000000,1,0,1e-06,2.0,0,0,0,"(40, 50, 140)",0,7,5344029269771080022,50.0,10.0,P1-outbreak,0.000176
1000000,3,1,3e-06,2.0,0,1,1,"(40, 50, 140)",0,8,12689683044920449918,50.0,10.0,P1-outbreak,-0.00095
1000000,1,0,1e-06,2.0,0,0,0,"(40, 50, 140)",0,9,6570590228498240860,50.0,10.0,P1-outbreak,0.0006
1000000,4,1,4e-06,2.0,0,1,1,"(40, 50, 140)",0,10,13423775851616828219,50.0,10.0,P1-outbreak,-0.000402
1000000,1,0,1e-06,2.0,0,0,0,"(40, 50, 140)",0,11,1618484141799229557,50.0,10.0,P1-outbreak,-9.4e-05
1000000,1,0,1e-06,2.0,0,0,0,"(40, 50, 140)",0,12,8459915146895973658,50.0,10.0,P1-outbreak,-0.000238
1000000,2,1,2e-06,2.0,0,1,0,"(40, 50, 140)",0,13,10162513997395504842,50.0,10.0,P1-outbreak,0.000588
1000000,1,0,1e-06,2.0,0,0,0,"(40, 50, 140)",0,14,7883803823314128633,50.0,10.0,P1-outbreak,0.000866
1000000,2,1,2e-06,2.0,0,1,0,"(40, 50, 140)",0,15,10241992916164355644,50.0,10.0,P1-outbreak,0.00198
1000000,1,0,1e-06,2.0,0,0,0,"(40, 50, 140)",0,16,5866298991366215004,50.0,10.0,P1-outbreak,-0.0001
1000000,5,1,5e-06,2.0,0,1,1,"(40, 50, 140)",0,17,9595350131308340573,50.0,10.0,P1-outbreak,-0.002152
1000000,2,1,2e-06,2.0,0,1,0,"(40, 50, 140)",0,18,3353857379950218006,50.0,10.0,P1-outbreak,-0.000844
1000000,6,1,6e-06,2.0,0,1,2,"(40, 50, 140)",0,19,17381631320960636498,50.0,10.0,P1-outbreak,0.001124
1000000,2,1,2e-06,2.0,0,1,0,"(40, 50, 140)",0,20,13613537461998082417,50.0,10.0,P1-outbreak,0.000282
1000000,1,0,1e-06,2.0,0,0,0,"(40, 50, 140)",0,21,14581734683340604251,50.0,10.0,P1-outbreak,0.000734
1000000,2,1,2e-06,2.0,0,1,0,"(40, 50, 140)",0,22,18026481079905243681,50.0,10.0,P1-outbreak,0.000162
1000000,1,0,1e-06,2.0,0,0,0,"(40, 50, 140)",0,23,14440804017404026003,50.0,10.0,P1-outbreak,-0.000482
1000000,1,0,1e-06,2.0,0,0,0,"(40, 50, 140)",0,24,812225951556721777,50.0,10.0,P1-outbreak,-0.001072
1000000,2,1,2e-06,2.0,0,1,0,"(40, 50, 140)",0,25,11304940604928781764,50.0,10.0,P1-outbreak,0.000582
1000000,2,1,2e-06,2.0,0,1,0,"(40, 50, 140)",0,26,15440835600619277469,50.0,10.0,P1-outbreak,0.00056
1000000,1,0,1e-06,2.0,0,0,0,"(40, 50, 140)",0,27,17731237856652047439,50.0,10.0,P1-outbreak,-0.000688
1000000,19,1,1.9e-05,2.0,0,1,2,"(40, 50, 140)",0,28,7476962215241205744,50.0,10.0,P1-outbreak,9.2e-05
1000000,1,0,1e-06,2.0,0,0,0,"(40, 50, 140)",0,29,12228957927896303334,50.0,10.0,P1-outbreak,-0.001298
1000000,1,0,1e-06,2.0,0,0,0,"(40, 50, 140)",0,30,18148831296658560744,50.0,10.0,P1-outbreak,6e-06
1000000,1,0,1e-06,2.0,0,0,0,"(40, 50, 140)",0,31,3818275487914361150,50.0,10.0,P1-outbreak,0.002288
1000000,1,0,1e-06,2.0,0,0,0,"(40, 50, 140)",0,32,8373032949641083005,50.0,10.0,P1-outbreak,0.00243
1000000,12,2,1.2e-05,2.0,0,2,2,"(40, 50, 140)",0,33,4958758938873169654,50.0,10.0,P1-outbreak,-0.001306
1000000,1,0,1e-06,2.0,0,0,0,"(40, 50, 140)",0,34,4296957350630603934,50.0,10.0,P1-outbreak,-0.000734
1000000,1,0,1e-06,2.0,0,0,0,"(40, 50, 140)",0,35,11152123061656390083,50.0,10.0,P1-outbreak,0.000798
1000000,2,1,2e-06,2.0,0,1,0,"(40, 50, 140)",0,36,9491463344719577083,50.0,10.0,P1-outbreak,0.00141
1000000,3,1,3e-06,2.0,0,1,1,"(40, 50, 140)",0,37,16569342210847920174,50.0,10.0,P1-outbreak,-0.001088
1000000,2,1,2e-06,2.0,0,1,0,"(40, 50, 140)",0,38,4345283419338882766,50.0,10.0,P1-outbreak,0.000808
1000000,1,0,1e-06,2.0,0,0,0,"(40, 50, 140)",0,39,8237454249077480402,50.0,10.0,P1-outbreak,-0.001388
1000000,2,1,2e-06,2.0,0,1,0,"(40, 50, 140)",0,40,1543119720933996241,50.0,10.0,P1-outbreak,-0.001008
1000000,1,0,1e-06,2.0,0,0,0,"(40, 50, 140)",0,41,439444627201906854,50.0,10.0,P1-outbreak,-9.8e-05
1000000,1,0,1e-06,2.0,0,0,0,"(40, 50, 140)",0,42,4355436769258163950,50.0,10.0,P1-outbreak,-0.00146
1000000,1,0,1e-06,2.0,0,0,0,"(40, 50, 140)",0,43,15456774861904347677,50.0,10.0,P1-outbreak,-0.000758
1000000,1,0,1e-06,2.0,0,0,0,"(40, 50, 140)",0,44,5302189461003208853,50.0,10.0,P1-outbreak,-0.001694
1000000,2,1,2e-06,2.0,0,1,0,"(40, 50, 140)",0,45,3815458799349660028,50.0,10.0,P1-outbreak,-0.000144
1000000,1,0,1e-06,2.0,0,0,0,"(40, 50, 140)",0,46,2445961616888323257,50.0,10.0,P1-outbreak,0.00074
1000000,1,0,1e-06,2.0,0,0,0,"(40, 50, 140)",0,47,8237608267486692907,50.0,10.0,P1-outbreak,-0.000288
1000000,9,1,9e-06,2.0,0,1,1,"(40, 50, 140)",0,48,4679536696995249098,50.0,10.0,P1-outbreak,0.002634
1000000,3,1,3e-06,2.0,0,1,1,"(40, 50, 140)",0,49,14485489822741552368,50.0,10.0,P1-outbreak,0.001616
1000000,1,0,1e-06,2.0,0,0,0,"(40, 140, 50)",0,0,7004947681283536060,50.0,10.0,P1-outbreak,0.969628
1000000,4,2,4e-06,2.0,0,2,1,"(40, 140, 50)",0,1,15873897622984644285,50.0,10.0,P1-outbreak,0.96942
1000000,2,1,2e-06,2.0,0,1,0,"(40, 140, 50)",0,2,13153046269869944075,50.0,10.0,P1-outbreak,0.969982
1000000,1,0,1e-06,2.0,0,0,0,"(40, 140, 50)",0,3,4470012815640276486,50.0,10.0,P1-outbreak,0.970168
1000000,682424,2,0.682424,2.0,0,0,0,"(40, 140, 50)",1,4,15083032334593202272,50.0,10.0,P1-outbreak,0.969824
1000000,686475,1,0.686475,2.0,0,0,0,"(40, 140, 50)",1,5,8870863107464043892,50.0,10.0,P1-outbreak,0.969848
1000000,683669,1,0.683669,2.0,0,1,1,"(40, 140, 50)",1,6,10112006738351071670,50.0,10.0,P1-outbreak,0.969662
1000000,1,0,1e-06,2.0,0,0,0,"(40, 140, 50)",0,7,8172511004328855231,50.0,10.0,P1-outbreak,0.969918
1000000,1,0,1e-06,2.0,0,0,0,"(40, 140, 50)",0,8,13410024925617423774,50.0,10.0,P1-outbreak,0.969772
1000000,1,0,1e-06,2.0,0,0,0,"(40, 140, 50)",0,9,2310684052638359305,50.0,10.0,P1-outbreak,0.969994
1000000,684179,2,0.684179,2.0,0,1,2,"(40, 140, 50)",1,10,2889506116310631234,50.0,10.0,P1-outbreak,0.969734
1000000,7,2,7e-06,2.0,0,2,1,"(40, 140, 50)",0,11,17690693618451599168,50.0,10.0,P1-outbreak,0.969956
1000000,3,2,3e-06,2.0,0,2,0,"(40, 140, 50)",0,12,12577536281555597390,50.0,10.0,P1-outbreak,0.97004
1000000,685433,1,0.685433,2.0,0,0,0,"(40, 140, 50)",1,13,5518006671933009234,50.0,10.0,P1-outbreak,0.969986
1000000,684012,1,0.684012,2.0,0,0,0,"(40, 140, 50)",1,14,16170002495349032911,50.0,10.0,P1-outbreak,0.969666
1000000,1,0,1e-06,2.0,0,0,0,"(40, 140, 50)",0,15,3028536056444710042,50.0,10.0,P1-outbreak,0.96999
1000000,2,1,2e-06,2.0,0,1,0,"(40, 140, 50)",0,16,14053362664115268819,50.0,10.0,P1-outbreak,0.969826
1000000,1,0,1e-06,2.0,0,0,0,"(40, 140, 50)",0,17,9390148528615142155,50.0,10.0,P1-outbreak,0.970142
1000000,1,0,1e-06,2.0,0,0,0,"(40, 140, 50)",0,18,9605798324373603173,50.0,10.0,P1-outbreak,0.969828
1000000,1,0,1e-06,2.0,0,0,0,"(40, 140, 50)",0,19,875685778345796995,50.0,10.0,P1-outbreak,0.96996
1000000,683956,3,0.683956,2.0,0,2,3,"(40, 140, 50)",1,20,9647914065382976798,50.0,10.0,P1-outbreak,0.970114
1000000,684000,2,0.684,2.0,0,0,0,"(40, 140, 50)",1,21,1307563855378423127,50.0,10.0,P1-outbreak,0.970144
1000000,685814,6,0.685814,2.0,0,0,0,"(40, 140, 50)",1,22,16117474573890229839,50.0,10.0,P1-outbreak,0.96943
1000000,7,2,7e-06,2.0,0,2,2,"(40, 140, 50)",0,23,17205356840496028525,50.0,10.0,P1-outbreak,0.9697
1000000,2,1,2e-06,2.0,0,1,0,"(40, 140, 50)",0,24,9018536688298882224,50.0,10.0,P1-outbreak,0.970254
1000000,3,2,3e-06,2.0,0,2,0,"(40, 140, 50)",0,25,2562158041255244038,50.0,10.0,P1-outbreak,0.970038
1000000,2,1,2e-06,2.0,0,1,0,"(40, 140, 50)",0,26,124501950116952298,50.0,10.0,P1-outbreak,0.96942
1000000,1,0,1e-06,2.0,0,0,0,"(40, 140, 50)",0,27,5790638078777103668,50.0,10.0,P1-outbreak,0.969682
1000000,684309,1,0.684309,2.0,0,0,0,"(40, 140, 50)",1,28,524748828359124242,50.0,10.0,P1-outbreak,0.96994
1000000,1,0,1e-06,2.0,0,0,0,"(40, 140, 50)",0,29,15570523486527966651,50.0,10.0,P1-outbreak,0.969896
1000000,685214,3,0.685214,2.0,0,2,5,"(40, 140, 50)",1,30,11043784692232467913,50.0,10.0,P1-outbreak,0.969304
1000000,683732,1,0.683732,2.0,0,0,1,"(40, 140, 50)",1,31,15939874258736316064,50.0,10.0,P1-outbreak,0.969862
1000000,2,1,2e-06,2.0,0,1,0,"(40, 140, 50)",0,32,2828209885477341482,50.0,10.0,P1-outbreak,0.97031
1000000,2,1,2e-06,2.0,0,1,0,"(40, 140, 50)",0,33,15610485877298775911,50.0,10.0,P1-outbreak,0.969676
1000000,1,0,1e-06,2.0,0,0,0,"(40, 140, 50)",0,34,17989307977713084881,50.0,10.0,P1-outbreak,0.969764
1000000,2,1,2e-06,2.0,0,1,0,"(40, 140, 50)",0,35,17476300157799953962,50.0,10.0,P1-outbreak,0.969556
1000000,2,1,2e-06,2.0,0,1,0,"(40, 140, 50)",0,36,5576220549339231468,50.0,10.0,P1-outbreak,0.969798
1000000,685265,7,0.685265,2.0,0,1,0,"(40, 140, 50)",1,37,12760557373568324783,50.0,10.0,P1-outbreak,0.970006
1000000,1,0,1e-06,2.0,0,0,0,"(40, 140, 50)",0,38,12881410050559986007,50.0,10.0,P1-outbreak,0.96995
1000000,4,2,4e-06,2.0,0,2,1,"(40, 140, 50)",0,39,15951508274666922972,50.0,10.0,P1-outbreak,0.97013
1000000,1,0,1e-06,2.0,0,0,0,"(40, 140, 50)",0,40,11184506332972636533,50.0,10.0,P1-outbreak,0.970238
1000000,686606,3,0.686606,2.0,0,0,1,"(40, 140, 50)",1,41,17340017130053382219,50.0,10.0,P1-outbreak,0.969564
1000000,687071,2,0.687071,2.0,0,2,0,"(40, 140, 50)",1,42,11442294140514689831,50.0,10.0,P1-outbreak,0.969862
1000000,5,2,5e-06,2.0,0,2,1,"(40, 140, 50)",0,43,11906915039200535030,50.0,10.0,P1-outbreak,0.969808
1000000,3,2,3e-06,2.0,0,2,0,"(40, 140, 50)",0,44,9395219141352154072,50.0,10.0,P1-outbreak,0.969508
1000000,687885,4,0.687885,2.0,0,0,2,"(40, 140, 50)",1,45,11539528822641528713,50.0,10.0,P1-outbreak,0.969554
1000000,684727,5,0.684727,2.0,0,1,1,"(40, 140, 50)",1,46,7171793652057235272,50.0,10.0,P1-outbreak,0.97012
1000000,7,2,7e-06,2.0,0,2,3,"(40, 140, 50)",0,47,1380157630503269387,50.0,10.0,P1-outbreak,0.969812
1000000,687752,12,0.687752,2.0,0,0,0,"(40, 140, 50)",1,48,4315878630254956853,50.0,10.0,P1-outbreak,0.96991
1000000,3,1,3e-06,2.0,0,1,1,"(40, 140, 50)",0,49,16094006551235671337,50.0,10.0,P1-outbreak,0.969578
