A_160,A_40,A_80,N,f,intA,lam,realized_reach,rep,seed,t_final,test
0.0,0.0,0.0,50000,0.1,0.24612053040280762,1.4,0.10002,0,16254042604179420156,160.0,P4
0.0,0.0,0.0,50000,0.1,0.25572072156680975,1.4,0.10082,1,17400830940560769386,160.0,P4
0.0,0.0,0.0,50000,0.1,0.24761079262648794,1.4,0.10134,2,12485237811304003654,160.0,P4
0.0,0.0,0.0,50000,0.1,0.2505877649785969,1.4,0.10016,3,1552026801697398826,160.0,P4
0.0,0.0,0.0,50000,0.1,0.25230752628103464,1.4,0.10032,4,2316723826338298377,160.0,P4
0.0,0.0,0.0,50000,0.1,0.2307477403046157,1.4,0.0985,5,15673737174422294247,160.0,P4
0.0,0.0,0.0,50000,0.1,0.26502516341924637,1.4,0.10162,6,17686059034067052272,160.0,P4
0.0,0.0,0.0,50000,0.1,0.2617597752873132,1.4,0.10214,7,4095939250828469291,160.0,P4
0.0,0.0,0.0,50000,0.1,0.2493435964195684,1.4,0.09952,8,16351643263897866496,160.0,P4
0.0,0.0,0.0,50000,0.1,0.25876484181701087,1.4,0.1006,9,15412378661340497704,160.0,P4
0.0,0.0,0.0,50000,0.1,0.2483644129209164,1.4,0.101,10,8907867445041979515,160.0,P4
0.0,0.0,0.0,50000,0.1,0.25255783049089636,1.4,0.10084,11,6427468685191061475,160.0,P4
0.0,0.0,0.0,50000,0.1,0.23399946007665384,1.4,0.09786,12,10216683125963253821,160.0,P4
0.0,0.0,0.0,50000,0.1,0.25172332093174743,1.4,0.10084,13,5252450726033214204,160.0,P4
0.0,0.0,0.0,50000,0.1,0.2642569029575991,1.4,0.10166,14,15315383006187364905,160.0,P4
0.0,0.0,0.0,50000,0.1,0.25343127273764704,1.4,0.0998,15,6707782805450091909,160.0,P4
0.0,0.0,0.0,50000,0.1,0.25609545969503744,1.4,0.10138,16,3612441002466023632,160.0,P4
0.0,0.0,0.0,50000,0.1,0.2612246378319166,1.4,0.10134,17,18158183549677561813,160.0,P4
0.0,0.0,0.0,50000,0.1,0.2588882375069934,1.4,0.10524,18,17651832844714118704,160.0,P4
0.0,0.0,0.0,50000,0.1,0.2505626812247093,1.4,0.09924,19,6856341498279580600,160.0,P4
0.0,0.0,0.0,50000,0.1,0.25643561869908965,1.4,0.09852,20,7944267284643970282,160.0,P4
0.0,0.0,0.0,50000,0.1,0.23973388441255822,1.4,0.09962,21,14142419892101837028,160.0,P4
0.0,0.0,0.0,50000,0.1,0.24574979149743775,1.4,0.0981,22,10490713102302548685,160.0,P4
0.0,0.0,0.0,50000,0.1,0.2633374235313642,1.4,0.1003,23,13781963304147215497,160.0,P4
0.0,0.0,0.0,50000,0.1,0.2614352097989595,1.4,0.1014,24,6508071326868417751,160.0,P4
0.0,0.0,0.0,50000,0.1,0.2442026482042144,1.4,0.09776,25,310589326365003561,160.0,P4
0.0,0.0,0.0,50000,0.1,0.2342817991484189,1.4,0.09794,26,5543285381704721275,160.0,P4
0.0,0.0,0.0,50000,0.1,0.24493246586236192,1.4,0.09934,27,7595442104152038532,160.0,P4
0.0,0.0,0.0,50000,0.1,0.24674954249795483,1.4,0.09758,28,15343641071691732779,160.0,P4
0.0,0.0,0.0,50000,0.1,0.23471105571772644,1.4,0.0988,29,6437997709592453822,160.0,P4
0.0,0.0,0.0,50000,0.1,0.23821785973493276,1.4,0.10052,30,626449036879408404,160.0,P4
0.0,0.0,0.0,50000,0.1,0.2315789619794064,1.4,0.09968,31,16099296764052794699,160.0,P4
0.0,0.0,0.0,50000,0.1,0.2419118413855636,1.4,0.10122,32,3215032647224199006,160.0,P4
0.0,0.0,0.0,50000,0.1,0.2480967739104037,1.4,0.09992,33,1793691375618740036,160.0,P4
0.0,0.0,0.0,50000,0.1,0.2570503545527889,1.4,0.10122,34,10688428150619330255,160.0,P4
0.0,0.0,0.0,50000,0.1,0.2550374008124963,1.4,0.1005,35,11742282529608983924,160.0,P4
0.0,0.0,0.0,50000,0.1,0.25587387262039085,1.4,0.1008,36,14406790107288996430,160.0,P4
0.0,0.0,0.0,50000,0.1,0.2462656474595958,1.4,0.1003,37,4993253236623104223,160.0,P4
0.0,0.0,0.0,50000,0.1,0.2682664629036018,1.4,0.10418,38,10720433314702071008,160.0,P4
0.0,0.0,0.0,50000,0.1,0.2511036507622471,1.4,0.0996,39,5190178586571144469,160.0,P4
0.0,0.0,0.0,50000,0.1,0.24129060578976105,1.4,0.09878,40,14350365457887629522,160.0,P4
0.0,0.0,0.0,50000,0.1,0.2530184576492372,1.4,0.09962,41,16809312624291033805,160.0,P4
0.0,0.0,0.0,50000,0.1,0.254005181524472,1.4,0.10014,42,7791385399241779319,160.0,P4
0.0,0.0,0.0,50000,0.1,0.25100693016464265,1.4,0.0992,43,6267982436013549053,160.0,P4
0.0,0.0,0.0,50000,0.1,0.2540947355783063,1.4,0.0986,44,12270932240267023893,160.0,P4
0.0,0.0,0.0,50000,0.1,0.25593323398376316,1.4,0.10158,45,15943070455351001400,160.0,P4
0.0,0.0,0.0,50000,0.1,0.2674962800035219,1.4,0.10062,46,2786858753690211642,160.0,P4
0.0,0.0,0.0,50000,0.1,0.24037979781926838,1.4,0.09988,47,6160672186032165717,160.0,P4
0.0,0.0,0.0,50000,0.1,0.24790550484256782,1.4,0.10172,48,10642214605606234231,160.0,P4
0.0,0.0,0.0,50000,0.1,0.24959443406338455,1.4,0.10062,49,4065157161409665553,160.0,P4
0.0,0.0,0.0,50000,0.1,0.23993761466539792,1.4,0.09838,50,7171105115965566061,160.0,P4
0.0,0.0,0.0,50000,0.1,0.24524710891125226,1.4,0.09896,51,2230170585383621849,160.0,P4
0.0,0.0,0.0,50000,0.1,0.2559880219688519,1.4,0.10062,52,4287471379253490798,160.0,P4
0.0,0.0,0.0,50000,0.1,0.24724160211782018,1.4,0.10018,53,3319692012483237858,160.0,P4
0.0,0.0,0.0,50000,0.1,0.24137698325701895,1.4,0.09912,54,16071853348784269550,160.0,P4
0.0,0.0,0.0,50000,0.1,0.24688664736398516,1.4,0.10038,55,1632483359351746124,160.0,P4
0.0,0.0,0.0,50000,0.1,0.23791774986258402,1.4,0.09928,56,5229661968818807380,160.0,P4
0.0,0.0,0.0,50000,0.1,0.2540394344487852,1.4,0.10008,57,11230610864794839082,160.0,P4
0.0,0.0,0.0,50000,0.1,0.247368525428426,1.4,0.09956,58,293138704432820841,160.0,P4
0.0,0.0,0.0,50000,0.1,0.2597744014333348,1.4,0.10102,59,13933550702504623722,160.0,P4
0.0,0.0,0.0,50000,0.1,0.25978218560996696,1.4,0.10204,60,1355477001954111393,160.0,P4
0.0,0.0,0.0,50000,0.1,0.25596216967400115,1.4,0.1024,61,2323009433303763324,160.0,P4
0.0,0.0,0.0,50000,0.1,0.24416437118040263,1.4,0.0993,62,15549665366634131324,160.0,P4
0.0,0.0,0.0,50000,0.1,0.25094344305485555,1.4,0.10054,63,15868106366002176107,160.0,P4
0.0,0.0,0.0,50000,0.1,0.2369704881242847,1.4,0.09968,64,18177569646884194641,160.0,P4
0.0,0.0,0.0,50000,0.1,0.24610256601895567,1.4,0.09998,65,15429080707101531419,160.0,P4
0.0,0.0,0.0,50000,0.1,0.26570260077404056,1.4,0.09984,66,13817848253244363874,160.0,P4
0.0,0.0,0.0,50000,0.1,0.2500634467773341,1.4,0.09866,67,5387868455899168969,160.0,P4
0.0,0.0,0.0,50000,0.1,0.26262569472704517,1.4,0.10168,68,17119153333685933758,160.0,P4
0.0,0.0,0.0,50000,0.1,0.2416997677268151,1.4,0.10156,69,6124065541889907242,160.0,P4
0.0,0.0,0.0,50000,0.1,0.24277169971975215,1.4,0.10122,70,15643696451580350950,160.0,P4
0.0,0.0,0.0,50000,0.1,0.25413695678444015,1.4,0.1004,71,2586472150314807703,160.0,P4
0.0,0.0,0.0,50000,0.1,0.24233006317495165,1.4,0.09726,72,14188563113957943701,160.0,P4
0.0,0.0,0.0,50000,0.1,0.23987065231094246,1.4,0.09924,73,9999313127545390620,160.0,P4
0.0,0.0,0.0,50000,0.1,0.2560637848652307,1.4,0.10008,74,11165331847704347193,160.0,P4
0.0,0.0,0.0,50000,0.1,0.24737732818074917,1.4,0.0983,75,6043057033575542946,160.0,P4
0.0,0.0,0.0,50000,0.1,0.2409093505456833,1.4,0.09726,76,4644304143869223782,160.0,P4
0.0,0.0,0.0,50000,0.1,0.25761570685533475,1.4,0.10046,77,18119082766926560400,160.0,P4
0.0,0.0,0.0,50000,0.1,0.24941597382270292,1.4,0.09976,78,8185749833262171080,160.0,P4
0.0,0.0,0.0,50000,0.1,0.2540868777847413,1.4,0.10044,79,9541351395382726619,160.0,P4
0.0,0.0,0.0,50000,0.1,0.2509072982838037,1.4,0.10014,80,5289156446255539190,160.0,P4
0.0,0.0,0.0,50000,0.1,0.24265748085850064,1.4,0.10084,81,3586555995256022453,160.0,P4
0.0,0.0,0.0,50000,0.1,0.2486987005968598,1.4,0.09698,82,3268827423120133725,160.0,P4
0.0,0.0,0.0,50000,0.1,0.24433106381405248,1.4,0.1014,83,17853701387004152912,160.0,P4
0.0,0.0,0.0,50000,0.1,0.23592307415670657,1.4,0.1004,84,11133033123595226607,160.0,P4
0.0,0.0,0.0,50000,0.1,0.2574740568153823,1.4,0.10158,85,8040581182966260625,160.0,P4
0.0,0.0,0.0,50000,0.1,0.2600241579638594,1.4,0.10024,86,10738414064175782719,160.0,P4
0.0,0.0,0.0,50000,0.1,0.24327764398476026,1.4,0.10004,87,11405629984207658327,160.0,P4
0.0,0.0,0.0,50000,0.1,0.25570950179780727,1.4,0.0999,88,18273142674955502143,160.0,P4
0.0,0.0,0.0,50000,0.1,0.24618797556805389,1.4,0.09876,89,8740010575505443750,160.0,P4
0.0,0.0,0.0,50000,0.1,0.24646629578287674,1.4,0.0984,90,16987370652056812776,160.0,P4
0.0,0.0,0.0,50000,0.1,0.2523788712006967,1.4,0.10264,91,13663735279094952677,160.0,P4
0.0,0.0,0.0,50000,0.1,0.24325176724141898,1.4,0.10092,92,17803733253505343402,160.0,P4
0.0,0.0,0.0,50000,0.1,0.23378482416621435,1.4,0.09896,93,9502999749251967389,160.0,P4
0.0,0.0,0.0,50000,0.1,0.24426897101985476,1.4,0.1003,94,1861888769034237105,160.0,P4
0.0,0.0,0.0,50000,0.1,0.24648719573352784,1.4,0.09802,95,4206702412888976470,160.0,P4
0.0,0.0,0.0,50000,0.1,0.24123879554676422,1.4,0.10172,96,461238750383843590,160.0,P4
0.0,0.0,0.0,50000,0.1,0.2530776173043155,1.4,0.09996,97,11920875518032816373,160.0,P4
0.0,0.0,0.0,50000,0.1,0.23979578028404105,1.4,0.1009,98,7014163315744712529,160.0,P4
0.0,0.0,0.0,50000,0.1,0.24236756183353725,1.4,0.10014,99,5927366356336355404,160.0,P4
0.0,0.0,0.0,50000,0.25,0.9580123482786451,1.4,0.24972,0,13706760495339973211,160.0,P4
0.0,0.0,0.0,50000,0.25,0.9914229067647423,1.4,0.2484,1,3657917876933264139,160.0,P4
0.0,0.0,0.0,50000,0.25,0.9309468292726871,1.4,0.2497,2,1221874758405900909,160.0,P4
0.0,0.0,0.0,50000,0.25,0.9682119970943172,1.4,0.2511,3,11225818242897199364,160.0,P4
0.0,0.0,0.0,50000,0.25,1.0807127301797854,1.4,0.2519,4,11076693711405735325,160.0,P4
0.0,0.0,0.0,50000,0.25,0.9991086827546434,1.4,0.24854,5,7903894499315720374,160.0,P4
0.0,0.0,0.0,50000,0.25,0.9950102527015484,1.4,0.2474,6,12868719612377394337,160.0,P4
0.0,0.0,0.0,50000,0.25,1.0168787815198281,1.4,0.24912,7,3261137510022637197,160.0,P4
0.0,0.0,0.0,50000,0.25,0.9897474385785182,1.4,0.24942,8,14170769030961103301,160.0,P4
0.0,0.0,0.0,50000,0.25,1.002964867954538,1.4,0.24942,9,2884410683510036882,160.0,P4
0.0,0.0,0.0,50000,0.25,0.9788050004623037,1.4,0.24958,10,15256526746236719321,160.0,P4
0.0,0.0,0.0,50000,0.25,0.9309672971403721,1.4,0.24842,11,4554534029528518675,160.0,P4
0.0,0.0,0.0,50000,0.25,0.9937917653011344,1.4,0.25278,12,14069758212407727699,160.0,P4
0.0,0.0,0.0,50000,0.25,0.9610279993807912,1.4,0.24872,13,16331743248872392416,160.0,P4
0.0,0.0,0.0,50000,0.25,0.9586726032075475,1.4,0.24964,14,14706898445360125832,160.0,P4
0.0,0.0,0.0,50000,0.25,1.0003069631328578,1.4,0.24996,15,9723816304485345328,160.0,P4
0.0,0.0,0.0,50000,0.25,1.0419117519723207,1.4,0.25044,16,8617223493963413168,160.0,P4
0.0,0.0,0.0,50000,0.25,1.0314708803475632,1.4,0.25142,17,10141419385689524304,160.0,P4
0.0,0.0,0.0,50000,0.25,1.0035715854486833,1.4,0.25128,18,9239535120681384535,160.0,P4
0.0,0.0,0.0,50000,0.25,1.0082449779076996,1.4,0.25086,19,6300538820309333388,160.0,P4
0.0,0.0,0.0,50000,0.25,0.9563699006915207,1.4,0.24648,20,15445937429742775947,160.0,P4
0.0,0.0,0.0,50000,0.25,1.0321976871838343,1.4,0.2492,21,14662723241134074597,160.0,P4
0.0,0.0,0.0,50000,0.25,0.9929036294082301,1.4,0.2496,22,13280541075878153276,160.0,P4
0.0,0.0,0.0,50000,0.25,1.0156205969998133,1.4,0.24932,23,8868858804798039990,160.0,P4
0.0,0.0,0.0,50000,0.25,0.9603424590236543,1.4,0.25146,24,14744350657097719740,160.0,P4
0.0,0.0,0.0,50000,0.25,0.9857386285406631,1.4,0.24768,25,5969619863613114805,160.0,P4
0.0,0.0,0.0,50000,0.25,1.0643771009912246,1.4,0.24882,26,16395982473291531551,160.0,P4
0.0,0.0,0.0,50000,0.25,1.1072334454331394,1.4,0.25258,27,17817118437841292482,160.0,P4
0.0,0.0,0.0,50000,0.25,1.0090064568559625,1.4,0.25118,28,9741699453452896660,160.0,P4
0.0,0.0,0.0,50000,0.25,0.9823619381965291,1.4,0.25018,29,6228605913329207337,160.0,P4
0.0,0.0,0.0,50000,0.25,1.0167978006777618,1.4,0.25096,30,10896658164278484360,160.0,P4
0.0,0.0,0.0,50000,0.25,1.0145658640994937,1.4,0.25014,31,15088355286550321840,160.0,P4
0.0,0.0,0.0,50000,0.25,1.0354789318577333,1.4,0.25196,32,14616660595673867233,160.0,P4
0.0,0.0,0.0,50000,0.25,0.9981182769787473,1.4,0.24858,33,15820677033787124263,160.0,P4
0.0,0.0,0.0,50000,0.25,0.9802514800373643,1.4,0.25012,34,16542044373102668923,160.0,P4
0.0,0.0,0.0,50000,0.25,0.9269862470080595,1.4,0.24942,35,16680929946271769879,160.0,P4
0.0,0.0,0.0,50000,0.25,1.0353743254335832,1.4,0.24772,36,5955041188253319746,160.0,P4
0.0,0.0,0.0,50000,0.25,0.9441835141492002,1.4,0.24964,37,7783332437562170420,160.0,P4
0.0,0.0,0.0,50000,0.25,0.9801599400495263,1.4,0.24956,38,13110926481045435508,160.0,P4
0.0,0.0,0.0,50000,0.25,1.02443314768267,1.4,0.24922,39,16258086095941443411,160.0,P4
0.0,0.0,0.0,50000,0.25,1.014144737387736,1.4,0.25046,40,3168384222303020931,160.0,P4
0.0,0.0,0.0,50000,0.25,0.9211335557002256,1.4,0.24724,41,8071478160181671290,160.0,P4
0.0,0.0,0.0,50000,0.25,0.9974533575495155,1.4,0.2509,42,6921974263845954500,160.0,P4
0.0,0.0,0.0,50000,0.25,0.9599029612792879,1.4,0.25126,43,12043803673481230372,160.0,P4
0.0,0.0,0.0,50000,0.25,0.9836057567773234,1.4,0.24482,44,2496408891114719,160.0,P4
0.0,0.0,0.0,50000,0.25,0.9710237118436829,1.4,0.25266,45,51288125805643705,160.0,P4
0.0,0.0,0.0,50000,0.25,1.0246084980039727,1.4,0.25022,46,11704012787076895357,160.0,P4
0.0,0.0,0.0,50000,0.25,1.004096531574765,1.4,0.24928,47,10887585861346915056,160.0,P4
0.0,0.0,0.0,50000,0.25,1.0111619212867449,1.4,0.25026,48,12344341876495859319,160.0,P4
0.0,0.0,0.0,50000,0.25,1.0343050871609494,1.4,0.25036,49,3690983576127862568,160.0,P4
0.0,0.0,0.0,50000,0.25,0.9979134913046525,1.4,0.2495,50,9730669735112618621,160.0,P4
0.0,0.0,0.0,50000,0.25,0.9848649006873781,1.4,0.25218,51,8715747798597987215,160.0,P4
0.0,0.0,0.0,50000,0.25,0.9877083880852544,1.4,0.25178,52,12421646530514842912,160.0,P4
0.0,0.0,0.0,50000,0.25,0.9460034798153923,1.4,0.2488,53,8178954497750510472,160.0,P4
0.0,0.0,0.0,50000,0.25,0.9565908639899635,1.4,0.24734,54,7419612812410660446,160.0,P4
0.0,0.0,0.0,50000,0.25,0.9560712137785453,1.4,0.24746,55,11889124234023524185,160.0,P4
0.0,0.0,0.0,50000,0.25,1.0049826680374916,1.4,0.2488,56,12674918487305767606,160.0,P4
0.0,0.0,0.0,50000,0.25,0.9782170141081138,1.4,0.249,57,13400414858936777927,160.0,P4
0.0,0.0,0.0,50000,0.25,0.9966880289298018,1.4,0.25058,58,10534511140665643062,160.0,P4
0.0,0.0,0.0,50000,0.25,0.89608423137196,1.4,0.25018,59,6783478193856185598,160.0,P4
0.0,0.0,0.0,50000,0.25,0.9912498848071049,1.4,0.2494,60,1090987717155541467,160.0,P4
0.0,0.0,0.0,50000,0.25,1.0103205141902307,1.4,0.25174,61,6592219717016055135,160.0,P4
0.0,0.0,0.0,50000,0.25,1.050314872404682,1.4,0.25308,62,9293448616951059308,160.0,P4
0.0,0.0,0.0,50000,0.25,0.9756857897769565,1.4,0.2505,63,3778452349236355311,160.0,P4
0.0,0.0,0.0,50000,0.25,0.9954050787065808,1.4,0.24718,64,8770425570016139031,160.0,P4
0.0,0.0,0.0,50000,0.25,0.9771116647024454,1.4,0.24958,65,2646410035588087052,160.0,P4
0.0,0.0,0.0,50000,0.25,0.9757295381013565,1.4,0.2504,66,17639722853647194273,160.0,P4
0.0,0.0,0.0,50000,0.25,0.9471236795195643,1.4,0.24994,67,13913172223812617795,160.0,P4
0.0,0.0,0.0,50000,0.25,1.0145803687781598,1.4,0.24802,68,4269372861267511714,160.0,P4
0.0,0.0,0.0,50000,0.25,1.0460976004791689,1.4,0.251,69,1293729952079013896,160.0,P4
0.0,0.0,0.0,50000,0.25,1.011653547566738,1.4,0.24964,70,1717545274350294455,160.0,P4
0.0,0.0,0.0,50000,0.25,1.0031448238572693,1.4,0.24508,71,3688702188346772324,160.0,P4
0.0,0.0,0.0,50000,0.25,1.0438885063937797,1.4,0.24968,72,10338829384770502816,160.0,P4
0.0,0.0,0.0,50000,0.25,1.031741978612171,1.4,0.25322,73,2635441846805780580,160.0,P4
0.0,0.0,0.0,50000,0.25,0.964976498293016,1.4,0.25072,74,5901660346069489873,160.0,P4
0.0,0.0,0.0,50000,0.25,0.9224351535092042,1.4,0.2483,75,5555176577466340960,160.0,P4
0.0,0.0,0.0,50000,0.25,1.0202645409896154,1.4,0.24932,76,3849241133903756596,160.0,P4
0.0,0.0,0.0,50000,0.25,0.9867766759463757,1.4,0.25338,77,7662275297570801434,160.0,P4
0.0,0.0,0.0,50000,0.25,1.002402070020926,1.4,0.25224,78,11057877777524438489,160.0,P4
0.0,0.0,0.0,50000,0.25,0.9380133385927615,1.4,0.25234,79,11265802262846428683,160.0,P4
0.0,0.0,0.0,50000,0.25,0.9539420063251475,1.4,0.24782,80,5996267647247740228,160.0,P4
0.0,0.0,0.0,50000,0.25,1.0146953724848382,1.4,0.25258,81,9626823343503295265,160.0,P4
0.0,0.0,0.0,50000,0.25,0.9826770522518466,1.4,0.2513,82,148810347650597817,160.0,P4
0.0,0.0,0.0,50000,0.25,1.017047114870621,1.4,0.25204,83,3725930874464491981,160.0,P4
0.0,0.0,0.0,50000,0.25,0.9977123677862102,1.4,0.25212,84,18127155452055855746,160.0,P4
0.0,0.0,0.0,50000,0.25,0.9771564889054605,1.4,0.252,85,17784279564975908344,160.0,P4
0.0,0.0,0.0,50000,0.25,0.8868906816709723,1.4,0.24652,86,2421430258740152401,160.0,P4
0.0,0.0,0.0,50000,0.25,1.0084205961038206,1.4,0.24756,87,10688417319572281325,160.0,P4
0.0,0.0,0.0,50000,0.25,1.0070485139586025,1.4,0.2497,88,15932520077247864082,160.0,P4
0.0,0.0,0.0,50000,0.25,1.021936678325295,1.4,0.25106,89,3770064293371350732,160.0,P4
0.0,0.0,0.0,50000,0.25,1.0153669216384422,1.4,0.25166,90,11082633618848513391,160.0,P4
0.0,0.0,0.0,50000,0.25,0.9760141288239109,1.4,0.25122,91,5739252402016786389,160.0,P4
0.0,0.0,0.0,50000,0.25,0.980694830555975,1.4,0.2488,92,17851947053906128815,160.0,P4
0.0,0.0,0.0,50000,0.25,1.0567075474042762,1.4,0.25242,93,13194444038239537696,160.0,P4
0.0,0.0,0.0,50000,0.25,1.0431705121630495,1.4,0.25336,94,12452444616933884159,160.0,P4
0.0,0.0,0.0,50000,0.25,0.9657312141801767,1.4,0.2473,95,5031955524965474201,160.0,P4
0.0,0.0,0.0,50000,0.25,0.9845288710731082,1.4,0.2484,96,15689393079881489483,160.0,P4
0.0,0.0,0.0,50000,0.25,0.9929218713607532,1.4,0.25018,97,12593851500723488561,160.0,P4
0.0,0.0,0.0,50000,0.25,1.01142443069942,1.4,0.2475,98,354799664076588567,160.0,P4
0.0,0.0,0.0,50000,0.25,0.9725775014619691,1.4,0.25016,99,12443282088998402985,160.0,P4
0.0,0.0,0.0,50000,0.5,3.5509593706132034,1.4,0.5031,0,12244526360984214279,160.0,P4
0.0,0.0,0.0,50000,0.5,3.533408448284528,1.4,0.50006,1,2991269085916458233,160.0,P4
0.0,0.0,0.0,50000,0.5,3.3281196287452466,1.4,0.4991,2,13063987137191771380,160.0,P4
0.0,0.0,0.0,50000,0.5,3.480011125983018,1.4,0.50496,3,4728253076909917671,160.0,P4
0.0,0.0,0.0,50000,0.5,3.689589802927092,1.4,0.50426,4,18291958433653272040,160.0,P4
0.0,0.0,0.0,50000,0.5,3.606737554259512,1.4,0.4999,5,14003275384250378728,160.0,P4
0.0,0.0,0.0,50000,0.5,3.560245776390083,1.4,0.50218,6,5963980990526020480,160.0,P4
0.0,0.0,0.0,50000,0.5,3.575415496416525,1.4,0.5002,7,374312080754853497,160.0,P4
0.0,0.0,0.0,50000,0.5,3.5521215465912004,1.4,0.5044,8,9307049515733058968,160.0,P4
0.0,0.0,0.0,50000,0.5,3.2891212330505217,1.4,0.49796,9,16363817755890510700,160.0,P4
0.0,0.0,0.0,50000,0.5,3.53294826086877,1.4,0.49896,10,13774275180633705681,160.0,P4
0.0,0.0,0.0,50000,0.5,3.4095093484473664,1.4,0.50254,11,12202344877668312600,160.0,P4
0.0,0.0,0.0,50000,0.5,3.4848557444382617,1.4,0.50264,12,7915036189524150585,160.0,P4
0.0,0.0,0.0,50000,0.5,3.615873260564549,1.4,0.50098,13,1582538547232707227,160.0,P4
0.0,0.0,0.0,50000,0.5,3.557103273000986,1.4,0.49772,14,12692530617823584473,160.0,P4
0.0,0.0,0.0,50000,0.5,3.479959852122513,1.4,0.49968,15,10159828783856889185,160.0,P4
0.0,0.0,0.0,50000,0.5,3.3904458762293537,1.4,0.49786,16,9207786675885644615,160.0,P4
0.0,0.0,0.0,50000,0.5,3.2977991079384203,1.4,0.49962,17,9803933753391567401,160.0,P4
0.0,0.0,0.0,50000,0.5,3.5401169570191833,1.4,0.4974,18,14913639350704463672,160.0,P4
0.0,0.0,0.0,50000,0.5,3.420231568516704,1.4,0.49898,19,6732899417459259118,160.0,P4
0.0,0.0,0.0,50000,0.5,3.6044199844031275,1.4,0.50016,20,2238102592435906386,160.0,P4
0.0,0.0,0.0,50000,0.5,3.4697621650868498,1.4,0.50412,21,210687738973724807,160.0,P4
0.0,0.0,0.0,50000,0.5,3.3906269972815504,1.4,0.49804,22,10023249984530134725,160.0,P4
0.0,0.0,0.0,50000,0.5,3.6178642078408827,1.4,0.50122,23,2031551169256592087,160.0,P4
0.0,0.0,0.0,50000,0.5,3.4481639291104007,1.4,0.49936,24,12095922478660545274,160.0,P4
0.0,0.0,0.0,50000,0.5,3.5465201470203094,1.4,0.50132,25,6715184168015564067,160.0,P4
0.0,0.0,0.0,50000,0.5,3.454463105727499,1.4,0.49858,26,10230730485848762397,160.0,P4
0.0,0.0,0.0,50000,0.5,3.525761740918292,1.4,0.49728,27,11988891098379086047,160.0,P4
0.0,0.0,0.0,50000,0.5,3.3671251437809993,1.4,0.50086,28,11151544106591594504,160.0,P4
0.0,0.0,0.0,50000,0.5,3.4488264527237917,1.4,0.49986,29,3069392269793540244,160.0,P4
0.0,0.0,0.0,50000,0.5,3.466386667971698,1.4,0.49534,30,10700602784725433953,160.0,P4
0.0,0.0,0.0,50000,0.5,3.4919702601966933,1.4,0.50112,31,7097322902118225872,160.0,P4
0.0,0.0,0.0,50000,0.5,3.560376175953128,1.4,0.49802,32,388714119227534803,160.0,P4
0.0,0.0,0.0,50000,0.5,3.4460503377760383,1.4,0.49962,33,13964937882904711503,160.0,P4
0.0,0.0,0.0,50000,0.5,3.326880019104249,1.4,0.50072,34,16586275607843976179,160.0,P4
0.0,0.0,0.0,50000,0.5,3.409740947063327,1.4,0.49732,35,7785105843952608583,160.0,P4
0.0,0.0,0.0,50000,0.5,3.567105561562143,1.4,0.5008,36,11571064032575897264,160.0,P4
0.0,0.0,0.0,50000,0.5,3.4060614405615057,1.4,0.5028,37,12945662081639814996,160.0,P4
0.0,0.0,0.0,50000,0.5,3.6017736911459988,1.4,0.5042,38,10699565806109455668,160.0,P4
0.0,0.0,0.0,50000,0.5,3.3618146774430624,1.4,0.49852,39,11632024276467530028,160.0,P4
0.0,0.0,0.0,50000,0.5,3.583080258555388,1.4,0.50278,40,12958797077443979274,160.0,P4
0.0,0.0,0.0,50000,0.5,3.4628022674893137,1.4,0.50476,41,13779166211220918137,160.0,P4
0.0,0.0,0.0,50000,0.5,3.4421463902050013,1.4,0.49818,42,8363148387141191227,160.0,P4
0.0,0.0,0.0,50000,0.5,3.388184217487986,1.4,0.49586,43,1241080481308551656,160.0,P4
0.0,0.0,0.0,50000,0.5,3.518075607687253,1.4,0.50164,44,18002955743745472989,160.0,P4
0.0,0.0,0.0,50000,0.5,3.410390748354003,1.4,0.49876,45,8443154927528068373,160.0,P4
0.0,0.0,0.0,50000,0.5,3.413366630723765,1.4,0.50286,46,3256222770565588058,160.0,P4
0.0,0.0,0.0,50000,0.5,3.317483082146522,1.4,0.50048,47,10555408883848280054,160.0,P4
0.0,0.0,0.0,50000,0.5,3.3422733262792708,1.4,0.50034,48,8758616651733529506,160.0,P4
0.0,0.0,0.0,50000,0.5,3.43400455376578,1.4,0.50206,49,11836586547236374283,160.0,P4
0.0,0.0,0.0,50000,0.5,3.4493058252405806,1.4,0.50136,50,771374452593774548,160.0,P4
0.0,0.0,0.0,50000,0.5,3.3498961934992924,1.4,0.50032,51,4559453549710606482,160.0,P4
0.0,0.0,0.0,50000,0.5,3.5311320681824925,1.4,0.5013,52,1406963204683828326,160.0,P4
0.0,0.0,0.0,50000,0.5,3.638151340600432,1.4,0.49918,53,13864766601174731078,160.0,P4
0.0,0.0,0.0,50000,0.5,3.6439619847816824,1.4,0.5048,54,5411535225664639202,160.0,P4
0.0,0.0,0.0,50000,0.5,3.484349185456328,1.4,0.50032,55,15771816868692411147,160.0,P4
0.0,0.0,0.0,50000,0.5,3.597003484419842,1.4,0.499,56,2327128769991256748,160.0,P4
0.0,0.0,0.0,50000,0.5,3.450503165344792,1.4,0.50142,57,17521952919659674806,160.0,P4
0.0,0.0,0.0,50000,0.5,3.303133390282709,1.4,0.50058,58,11067505417873411241,160.0,P4
0.0,0.0,0.0,50000,0.5,3.361113112625964,1.4,0.49676,59,4103016099141208526,160.0,P4
0.0,0.0,0.0,50000,0.5,3.4049582453464304,1.4,0.49908,60,18063283525685668289,160.0,P4
0.0,0.0,0.0,50000,0.5,3.3956890121625114,1.4,0.4982,61,8590893557445818340,160.0,P4
0.0,0.0,0.0,50000,0.5,3.6413204788145017,1.4,0.49674,62,5413891334095973135,160.0,P4
0.0,0.0,0.0,50000,0.5,3.296839566744603,1.4,0.50112,63,12962400826672144017,160.0,P4
0.0,0.0,0.0,50000,0.5,3.5175912331145076,1.4,0.49886,64,2659309622773312684,160.0,P4
0.0,0.0,0.0,50000,0.5,3.3151077024623063,1.4,0.49818,65,12938672296945985169,160.0,P4
0.0,0.0,0.0,50000,0.5,3.4150457625565243,1.4,0.49998,66,4988559639439684509,160.0,P4
0.0,0.0,0.0,50000,0.5,3.4461512308461177,1.4,0.49928,67,2680289371466008940,160.0,P4
0.0,0.0,0.0,50000,0.5,3.4062093614544784,1.4,0.50528,68,12260052021009811127,160.0,P4
0.0,0.0,0.0,50000,0.5,3.4302995537316274,1.4,0.4955,69,8775068359532643843,160.0,P4
0.0,0.0,0.0,50000,0.5,3.475596630228314,1.4,0.49902,70,5115838671708069426,160.0,P4
0.0,0.0,0.0,50000,0.5,3.6801709001330676,1.4,0.50472,71,551788644913710969,160.0,P4
0.0,0.0,0.0,50000,0.5,3.573128004989258,1.4,0.50376,72,9982421248130145211,160.0,P4
0.0,0.0,0.0,50000,0.5,3.382282840650822,1.4,0.50156,73,12113279149243909303,160.0,P4
0.0,0.0,0.0,50000,0.5,3.4184897587716527,1.4,0.49518,74,5151961199440784469,160.0,P4
0.0,0.0,0.0,50000,0.5,3.5281673548406585,1.4,0.49922,75,5226849970739426376,160.0,P4
0.0,0.0,0.0,50000,0.5,3.1893292409662832,1.4,0.50014,76,7170183851685044471,160.0,P4
0.0,0.0,0.0,50000,0.5,3.4630308666345258,1.4,0.49746,77,9771207936808343228,160.0,P4
0.0,0.0,0.0,50000,0.5,3.5120009499726543,1.4,0.50198,78,2714587440783482357,160.0,P4
0.0,0.0,0.0,50000,0.5,3.565348710746677,1.4,0.49882,79,17426439058146208898,160.0,P4
0.0,0.0,0.0,50000,0.5,3.443763591113714,1.4,0.50202,80,5024163211453978203,160.0,P4
0.0,0.0,0.0,50000,0.5,3.620969137899092,1.4,0.5004,81,15998861677496875790,160.0,P4
0.0,0.0,0.0,50000,0.5,3.439983300861439,1.4,0.50144,82,829808508460241974,160.0,P4
0.0,0.0,0.0,50000,0.5,3.608181423527262,1.4,0.49932,83,17258322319981041103,160.0,P4
0.0,0.0,0.0,50000,0.5,3.698062270631276,1.4,0.50148,84,512307466479793377,160.0,P4
0.0,0.0,0.0,50000,0.5,3.544365470226897,1.4,0.50258,85,5899288153545547,160.0,P4
0.0,0.0,0.0,50000,0.5,3.3059890214884287,1.4,0.49884,86,15721459027625393877,160.0,P4
0.0,0.0,0.0,50000,0.5,3.546667099987702,1.4,0.50086,87,17932765809405622418,160.0,P4
0.0,0.0,0.0,50000,0.5,3.3971981149630643,1.4,0.49918,88,4085318333709746364,160.0,P4
0.0,0.0,0.0,50000,0.5,3.3807532213055853,1.4,0.49952,89,7692418203034295485,160.0,P4
0.0,0.0,0.0,50000,0.5,3.6289916233795254,1.4,0.49786,90,13108381511786633880,160.0,P4
0.0,0.0,0.0,50000,0.5,3.431092165762886,1.4,0.49844,91,6121739772052144853,160.0,P4
0.0,0.0,0.0,50000,0.5,3.592092192383692,1.4,0.50036,92,11540302588441166972,160.0,P4
0.0,0.0,0.0,50000,0.5,3.4029358775502634,1.4,0.50116,93,17500090032798791741,160.0,P4
0.0,0.0,0.0,50000,0.5,3.466149513511782,1.4,0.49996,94,4359237061314782392,160.0,P4
0.0,0.0,0.0,50000,0.5,3.391168134754679,1.4,0.49724,95,16822668016192302802,160.0,P4
0.0,0.0,0.0,50000,0.5,3.575195630739154,1.4,0.49864,96,1410845225302182343,160.0,P4
0.0,0.0,0.0,50000,0.5,3.2515631872257806,1.4,0.50142,97,891999721241999546,160.0,P4
0.0,0.0,0.0,50000,0.5,3.45077681911694,1.4,0.49882,98,5798820890888621357,160.0,P4
0.0,0.0,0.0,50000,0.5,3.458377956916242,1.4,0.50036,99,10210151702683478120,160.0,P4
0.0,0.0,0.0,50000,0.75,5.802452330456573,1.4,0.7491,0,17672695200483845543,160.0,P4
0.0,0.0,0.0,50000,0.75,5.355174138166412,1.4,0.75008,1,8733244506793943479,160.0,P4
0.0,0.0,0.0,50000,0.75,5.971255217749721,1.4,0.75108,2,17275194884589856200,160.0,P4
0.0,0.0,0.0,50000,0.75,5.567566794957872,1.4,0.74924,3,2849234252734059269,160.0,P4
0.0,0.0,0.0,50000,0.75,5.5840448846463335,1.4,0.74972,4,16117963653292078152,160.0,P4
0.0,0.0,0.0,50000,0.75,5.6009954655982055,1.4,0.7529,5,5017423437811789624,160.0,P4
0.0,0.0,0.0,50000,0.75,5.6998153627955155,1.4,0.7473,6,12691303976116072024,160.0,P4
0.0,0.0,0.0,50000,0.75,5.551430934972345,1.4,0.75042,7,8372543266225350401,160.0,P4
0.0,0.0,0.0,50000,0.75,5.5844707978383,1.4,0.75106,8,6554015983169448306,160.0,P4
0.0,0.0,0.0,50000,0.75,5.556784686066657,1.4,0.75074,9,4399138068151966603,160.0,P4
0.0,0.0,0.0,50000,0.75,5.493851630090677,1.4,0.7509,10,14019786853154631056,160.0,P4
0.0,0.0,0.0,50000,0.75,5.549717823146316,1.4,0.74816,11,12817517021033491585,160.0,P4
0.0,0.0,0.0,50000,0.75,5.835369398724729,1.4,0.75162,12,17619511238137062557,160.0,P4
0.0,0.0,0.0,50000,0.75,5.728769387354966,1.4,0.75386,13,5869352221888912571,160.0,P4
0.0,0.0,0.0,50000,0.75,5.656563343379431,1.4,0.7497,14,15750692242668969743,160.0,P4
0.0,0.0,0.0,50000,0.75,5.509001734435572,1.4,0.75028,15,16416938340320133452,160.0,P4
0.0,0.0,0.0,50000,0.75,5.559733032349978,1.4,0.75226,16,1995395758909733871,160.0,P4
0.0,0.0,0.0,50000,0.75,5.80561038327809,1.4,0.75056,17,12712983056662097297,160.0,P4
0.0,0.0,0.0,50000,0.75,5.6274833809752804,1.4,0.74988,18,5194166931696705183,160.0,P4
0.0,0.0,0.0,50000,0.75,5.678719351736905,1.4,0.74994,19,14912473779280038357,160.0,P4
0.0,0.0,0.0,50000,0.75,5.837016075274477,1.4,0.75,20,434669543362995814,160.0,P4
0.0,0.0,0.0,50000,0.75,5.770596827798014,1.4,0.7475,21,10510704044293641070,160.0,P4
0.0,0.0,0.0,50000,0.75,5.711989882056401,1.4,0.75,22,14571306668555339011,160.0,P4
0.0,0.0,0.0,50000,0.75,5.73699475118923,1.4,0.74926,23,1955610049507774822,160.0,P4
0.0,0.0,0.0,50000,0.75,5.7541095800924476,1.4,0.75064,24,2803246695870093291,160.0,P4
0.0,0.0,0.0,50000,0.75,5.862581778704807,1.4,0.74944,25,6147906268958469637,160.0,P4
0.0,0.0,0.0,50000,0.75,5.574321779967518,1.4,0.7456,26,17666692557952216396,160.0,P4
0.0,0.0,0.0,50000,0.75,5.706375240736276,1.4,0.74836,27,2580333730724681516,160.0,P4
0.0,0.0,0.0,50000,0.75,5.77941559533739,1.4,0.75094,28,10557203980866091227,160.0,P4
0.0,0.0,0.0,50000,0.75,5.599511882742907,1.4,0.75094,29,17312409673152495488,160.0,P4
0.0,0.0,0.0,50000,0.75,5.55398116897843,1.4,0.74866,30,10451162309817018078,160.0,P4
0.0,0.0,0.0,50000,0.75,5.542034192628912,1.4,0.75188,31,3974837211818195950,160.0,P4
0.0,0.0,0.0,50000,0.75,5.760423769502036,1.4,0.75086,32,11056615735138207207,160.0,P4
0.0,0.0,0.0,50000,0.75,5.564732786026888,1.4,0.75096,33,310284955433331608,160.0,P4
0.0,0.0,0.0,50000,0.75,5.5700218083601,1.4,0.75348,34,18178680232544184402,160.0,P4
0.0,0.0,0.0,50000,0.75,5.436760079288103,1.4,0.7513,35,11482659722190132795,160.0,P4
0.0,0.0,0.0,50000,0.75,5.756458520023919,1.4,0.74922,36,11102397072823543599,160.0,P4
0.0,0.0,0.0,50000,0.75,5.482416763290624,1.4,0.7496,37,14018222556711342363,160.0,P4
0.0,0.0,0.0,50000,0.75,5.6975587567790225,1.4,0.74784,38,12482915772818823126,160.0,P4
0.0,0.0,0.0,50000,0.75,5.7648476753671565,1.4,0.74972,39,17188105609176732725,160.0,P4
0.0,0.0,0.0,50000,0.75,5.648649862798478,1.4,0.74658,40,4245643978446000581,160.0,P4
0.0,0.0,0.0,50000,0.75,5.7378061144014225,1.4,0.75444,41,11931988261604105115,160.0,P4
0.0,0.0,0.0,50000,0.75,5.570713351641778,1.4,0.75332,42,272730032839867470,160.0,P4
0.0,0.0,0.0,50000,0.75,5.810544493005433,1.4,0.7509,43,15368098120034986406,160.0,P4
0.0,0.0,0.0,50000,0.75,5.833585145074965,1.4,0.74812,44,6449426792381533157,160.0,P4
0.0,0.0,0.0,50000,0.75,5.699961137320077,1.4,0.7524,45,13296372419125185471,160.0,P4
0.0,0.0,0.0,50000,0.75,5.867679698474378,1.4,0.74732,46,12335814869340939751,160.0,P4
0.0,0.0,0.0,50000,0.75,5.934989203567993,1.4,0.7509,47,10490798258601459490,160.0,P4
0.0,0.0,0.0,50000,0.75,5.755430209490782,1.4,0.75194,48,15536568597121868227,160.0,P4
0.0,0.0,0.0,50000,0.75,5.61947876864481,1.4,0.75236,49,6065621118950922987,160.0,P4
0.0,0.0,0.0,50000,0.75,5.788188961286611,1.4,0.74982,50,8270811657908129248,160.0,P4
0.0,0.0,0.0,50000,0.75,5.70950507431636,1.4,0.74894,51,1452338283955142447,160.0,P4
0.0,0.0,0.0,50000,0.75,5.897479310067442,1.4,0.75076,52,13167756836321602647,160.0,P4
0.0,0.0,0.0,50000,0.75,5.961719199441132,1.4,0.75216,53,2212654751434113931,160.0,P4
0.0,0.0,0.0,50000,0.75,5.727968041378661,1.4,0.7468,54,7862877175726981200,160.0,P4
0.0,0.0,0.0,50000,0.75,5.544035157426613,1.4,0.74886,55,8673365010214500512,160.0,P4
0.0,0.0,0.0,50000,0.75,5.760154337145482,1.4,0.74824,56,2707761220908123927,160.0,P4
0.0,0.0,0.0,50000,0.75,5.7936707917582915,1.4,0.74806,57,3828747379238775968,160.0,P4
0.0,0.0,0.0,50000,0.75,5.833515749795519,1.4,0.75044,58,13963525301942246789,160.0,P4
0.0,0.0,0.0,50000,0.75,5.52663627238329,1.4,0.74974,59,7137944608350272357,160.0,P4
0.0,0.0,0.0,50000,0.75,5.773521069970426,1.4,0.75216,60,14054273380104715751,160.0,P4
0.0,0.0,0.0,50000,0.75,6.065677667705703,1.4,0.74892,61,11431622523372681683,160.0,P4
0.0,0.0,0.0,50000,0.75,5.638430588452449,1.4,0.74632,62,18312263506289507905,160.0,P4
0.0,0.0,0.0,50000,0.75,5.362835767957074,1.4,0.74856,63,2627647639675203179,160.0,P4
0.0,0.0,0.0,50000,0.75,5.590858002465044,1.4,0.7504,64,3572994538185055243,160.0,P4
0.0,0.0,0.0,50000,0.75,5.555277027580558,1.4,0.7502,65,14128693103781927827,160.0,P4
0.0,0.0,0.0,50000,0.75,5.7116830568895445,1.4,0.7505,66,14667053622041912759,160.0,P4
0.0,0.0,0.0,50000,0.75,5.545359484326275,1.4,0.7473,67,1695448559172833111,160.0,P4
0.0,0.0,0.0,50000,0.75,5.558974321798561,1.4,0.7513,68,12994360134186553266,160.0,P4
0.0,0.0,0.0,50000,0.75,5.387748045547658,1.4,0.74862,69,16919699731517277314,160.0,P4
0.0,0.0,0.0,50000,0.75,5.619975354960533,1.4,0.74854,70,7788408063488335625,160.0,P4
0.0,0.0,0.0,50000,0.75,5.830075778498828,1.4,0.75012,71,1804021423628474309,160.0,P4
0.0,0.0,0.0,50000,0.75,5.695775640209223,1.4,0.7525,72,15084628149596894014,160.0,P4
0.0,0.0,0.0,50000,0.75,5.385224742208264,1.4,0.74672,73,14730509777037126689,160.0,P4
0.0,0.0,0.0,50000,0.75,5.634697942124774,1.4,0.7511,74,13873667944290937972,160.0,P4
0.0,0.0,0.0,50000,0.75,5.5487537741038375,1.4,0.75202,75,3633974207504581035,160.0,P4
0.0,0.0,0.0,50000,0.75,5.755201203667069,1.4,0.75042,76,18294826881570764759,160.0,P4
0.0,0.0,0.0,50000,0.75,5.726666249865057,1.4,0.74936,77,8929113311428864114,160.0,P4
0.0,0.0,0.0,50000,0.75,5.657288225465602,1.4,0.75058,78,671066526287686869,160.0,P4
0.0,0.0,0.0,50000,0.75,5.805760305987232,1.4,0.74994,79,7309219590958594157,160.0,P4
0.0,0.0,0.0,50000,0.75,5.662754479522985,1.4,0.7505,80,8772927112181511329,160.0,P4
0.0,0.0,0.0,50000,0.75,5.514092648293624,1.4,0.74874,81,1387259140538520787,160.0,P4
0.0,0.0,0.0,50000,0.75,5.532350281807621,1.4,0.74818,82,16309738038486309021,160.0,P4
0.0,0.0,0.0,50000,0.75,5.516467148396958,1.4,0.7498,83,5223547881149760819,160.0,P4
0.0,0.0,0.0,50000,0.75,5.447172444813192,1.4,0.75186,84,13966768029741497484,160.0,P4
0.0,0.0,0.0,50000,0.75,5.529758775302189,1.4,0.74814,85,14220720969350247683,160.0,P4
0.0,0.0,0.0,50000,0.75,5.58094568884754,1.4,0.7488,86,10336206126099540089,160.0,P4
0.0,0.0,0.0,50000,0.75,5.776838012671715,1.4,0.75006,87,11361186501980993048,160.0,P4
0.0,0.0,0.0,50000,0.75,5.601094568443079,1.4,0.74978,88,11093375721400438242,160.0,P4
0.0,0.0,0.0,50000,0.75,5.658767505036873,1.4,0.749,89,1882313490995478297,160.0,P4
0.0,0.0,0.0,50000,0.75,5.705966468552915,1.4,0.7513,90,502719276378623320,160.0,P4
0.0,0.0,0.0,50000,0.75,5.505890897792833,1.4,0.74724,91,5343237531709439921,160.0,P4
0.0,0.0,0.0,50000,0.75,5.51876330225948,1.4,0.74964,92,15014673025344281425,160.0,P4
0.0,0.0,0.0,50000,0.75,5.699278620576905,1.4,0.74908,93,7337146028870235789,160.0,P4
0.0,0.0,0.0,50000,0.75,5.628204242212273,1.4,0.75126,94,14171648530080908862,160.0,P4
0.0,0.0,0.0,50000,0.75,5.74778091258671,1.4,0.75194,95,354916327885770089,160.0,P4
0.0,0.0,0.0,50000,0.75,5.832649157887936,1.4,0.75128,96,17648835916536597718,160.0,P4
0.0,0.0,0.0,50000,0.75,5.621589307831317,1.4,0.7495,97,11157412700768787733,160.0,P4
0.0,0.0,0.0,50000,0.75,5.71232715961703,1.4,0.75166,98,14703929237745829366,160.0,P4
0.0,0.0,0.0,50000,0.75,5.655896045283551,1.4,0.75226,99,9832912251954471495,160.0,P4
0.0,0.0,0.0,50000,1.0,6.991992294938087,1.4,1.0,0,5501226094653918765,160.0,P4
0.0,0.0,0.0,50000,1.0,7.119451913103521,1.4,1.0,1,2931774705959922972,160.0,P4
0.0,0.0,0.0,50000,1.0,7.097550647192815,1.4,1.0,2,8969687065508201633,160.0,P4
0.0,0.0,0.0,50000,1.0,6.910501304452945,1.4,1.0,3,9970210336447946396,160.0,P4
0.0,0.0,0.0,50000,1.0,6.922838536567937,1.4,1.0,4,8189485447811068686,160.0,P4
0.0,0.0,0.0,50000,1.0,6.613928157957568,1.4,1.0,5,6192417617051840608,160.0,P4
0.0,0.0,0.0,50000,1.0,6.895239780375328,1.4,1.0,6,7002900905770860161,160.0,P4
0.0,0.0,0.0,50000,1.0,7.019024761417622,1.4,1.0,7,12963230548641327973,160.0,P4
0.0,0.0,0.0,50000,1.0,7.1736678575507264,1.4,1.0,8,5932912181404217280,160.0,P4
0.0,0.0,0.0,50000,1.0,6.706726068805408,1.4,1.0,9,739047811111427994,160.0,P4
0.0,0.0,0.0,50000,1.0,6.78073921792259,1.4,1.0,10,15735653015460993772,160.0,P4
0.0,0.0,0.0,50000,1.0,6.9423705939339975,1.4,1.0,11,15338053107288648993,160.0,P4
0.0,0.0,0.0,50000,1.0,6.84106543798995,1.4,1.0,12,5832218305518303070,160.0,P4
0.0,0.0,0.0,50000,1.0,6.911705518741034,1.4,1.0,13,6542837337118348422,160.0,P4
0.0,0.0,0.0,50000,1.0,7.026717517686759,1.4,1.0,14,1316541832039680156,160.0,P4
0.0,0.0,0.0,50000,1.0,7.011518882876065,1.4,1.0,15,13359586397609069175,160.0,P4
0.0,0.0,0.0,50000,1.0,6.8749559253963,1.4,1.0,16,6042608567627398,160.0,P4
0.0,0.0,0.0,50000,1.0,6.915199880193807,1.4,1.0,17,16103422696005009039,160.0,P4
0.0,0.0,0.0,50000,1.0,6.842990344494944,1.4,1.0,18,10661260409918970420,160.0,P4
0.0,0.0,0.0,50000,1.0,7.0384272654112054,1.4,1.0,19,3109678722730982154,160.0,P4
0.0,0.0,0.0,50000,1.0,6.967359979847177,1.4,1.0,20,9435008247740718318,160.0,P4
0.0,0.0,0.0,50000,1.0,6.953750451456333,1.4,1.0,21,9760930036825318700,160.0,P4
0.0,0.0,0.0,50000,1.0,6.9867874329215685,1.4,1.0,22,16320939714887061109,160.0,P4
0.0,0.0,0.0,50000,1.0,6.768974926017809,1.4,1.0,23,8795869221241321431,160.0,P4
0.0,0.0,0.0,50000,1.0,6.9433061640192975,1.4,1.0,24,5688457105520435743,160.0,P4
0.0,0.0,0.0,50000,1.0,6.812594929963008,1.4,1.0,25,13061983093331582913,160.0,P4
0.0,0.0,0.0,50000,1.0,6.942205712070042,1.4,1.0,26,11538971090096861437,160.0,P4
0.0,0.0,0.0,50000,1.0,6.9326219180208115,1.4,1.0,27,1021129733479823674,160.0,P4
0.0,0.0,0.0,50000,1.0,6.711398160546818,1.4,1.0,28,13938773914822742065,160.0,P4
0.0,0.0,0.0,50000,1.0,7.019137223767014,1.4,1.0,29,34756804029966735,160.0,P4
0.0,0.0,0.0,50000,1.0,6.93945552755305,1.4,1.0,30,7178945942147323528,160.0,P4
0.0,0.0,0.0,50000,1.0,6.851328935448569,1.4,1.0,31,14969297961111474887,160.0,P4
0.0,0.0,0.0,50000,1.0,7.220205950567809,1.4,1.0,32,11010445716031576151,160.0,P4
0.0,0.0,0.0,50000,1.0,6.679565254956306,1.4,1.0,33,10500161314650561668,160.0,P4
0.0,0.0,0.0,50000,1.0,6.804030755509011,1.4,1.0,34,13877993855118974085,160.0,P4
0.0,0.0,0.0,50000,1.0,6.96978558560156,1.4,1.0,35,3744752129320773324,160.0,P4
0.0,0.0,0.0,50000,1.0,6.863669731098821,1.4,1.0,36,4634731001342792956,160.0,P4
0.0,0.0,0.0,50000,1.0,7.005644180211189,1.4,1.0,37,3422113314215659834,160.0,P4
0.0,0.0,0.0,50000,1.0,6.94295500898804,1.4,1.0,38,10478779280007081109,160.0,P4
0.0,0.0,0.0,50000,1.0,6.909216268601157,1.4,1.0,39,12842833905774090273,160.0,P4
0.0,0.0,0.0,50000,1.0,6.979366651853616,1.4,1.0,40,3072701895128129573,160.0,P4
0.0,0.0,0.0,50000,1.0,6.724624026479429,1.4,1.0,41,6902345793241540969,160.0,P4
0.0,0.0,0.0,50000,1.0,6.9049902881534235,1.4,1.0,42,3694813314373944960,160.0,P4
0.0,0.0,0.0,50000,1.0,6.995871502962717,1.4,1.0,43,14144145713651505355,160.0,P4
0.0,0.0,0.0,50000,1.0,6.79637595971983,1.4,1.0,44,6547876693025564510,160.0,P4
0.0,0.0,0.0,50000,1.0,7.1277922358892605,1.4,1.0,45,747101979411592953,160.0,P4
0.0,0.0,0.0,50000,1.0,7.040346945398015,1.4,1.0,46,18364097747546925526,160.0,P4
0.0,0.0,0.0,50000,1.0,6.870210323134751,1.4,1.0,47,15072338794594565267,160.0,P4
0.0,0.0,0.0,50000,1.0,6.987700204824492,1.4,1.0,48,11425300115877387584,160.0,P4
0.0,0.0,0.0,50000,1.0,6.885316793771703,1.4,1.0,49,6850861588092806115,160.0,P4
0.0,0.0,0.0,50000,1.0,6.940150945688565,1.4,1.0,50,8029059432976309137,160.0,P4
0.0,0.0,0.0,50000,1.0,7.040474079838565,1.4,1.0,51,13312379246161341393,160.0,P4
0.0,0.0,0.0,50000,1.0,6.750080793824892,1.4,1.0,52,2347390444320332207,160.0,P4
0.0,0.0,0.0,50000,1.0,7.033773827388319,1.4,1.0,53,14175716311995612706,160.0,P4
0.0,0.0,0.0,50000,1.0,7.107175546684051,1.4,1.0,54,3657415003109771525,160.0,P4
0.0,0.0,0.0,50000,1.0,6.977727076838837,1.4,1.0,55,2228520224557330633,160.0,P4
0.0,0.0,0.0,50000,1.0,6.817728301315554,1.4,1.0,56,15848249414409325285,160.0,P4
0.0,0.0,0.0,50000,1.0,7.1590076024876685,1.4,1.0,57,4497682864236472473,160.0,P4
0.0,0.0,0.0,50000,1.0,6.834603550071703,1.4,1.0,58,9992703638686812826,160.0,P4
0.0,0.0,0.0,50000,1.0,7.1275576167008685,1.4,1.0,59,8572156311457543215,160.0,P4
0.0,0.0,0.0,50000,1.0,7.022075871928801,1.4,1.0,60,13769022076391848726,160.0,P4
0.0,0.0,0.0,50000,1.0,6.907525161918184,1.4,1.0,61,17880599065903966801,160.0,P4
0.0,0.0,0.0,50000,1.0,6.996542072594337,1.4,1.0,62,8110405785868213491,160.0,P4
0.0,0.0,0.0,50000,1.0,6.943011956323272,1.4,1.0,63,14017611310410627235,160.0,P4
0.0,0.0,0.0,50000,1.0,6.964681427067023,1.4,1.0,64,9090689755861012546,160.0,P4
0.0,0.0,0.0,50000,1.0,6.871293088454318,1.4,1.0,65,2107631582789819900,160.0,P4
0.0,0.0,0.0,50000,1.0,6.938539587293937,1.4,1.0,66,10329137494824931778,160.0,P4
0.0,0.0,0.0,50000,1.0,7.051719988007036,1.4,1.0,67,1711231280177898002,160.0,P4
0.0,0.0,0.0,50000,1.0,6.925664748700981,1.4,1.0,68,11497481329736304680,160.0,P4
0.0,0.0,0.0,50000,1.0,6.811369278080873,1.4,1.0,69,10063914401361849704,160.0,P4
0.0,0.0,0.0,50000,1.0,6.883563358718032,1.4,1.0,70,6571984770977772933,160.0,P4
0.0,0.0,0.0,50000,1.0,7.137025972534515,1.4,1.0,71,8898935906594768562,160.0,P4
0.0,0.0,0.0,50000,1.0,6.943590638392066,1.4,1.0,72,1442551158433114008,160.0,P4
0.0,0.0,0.0,50000,1.0,7.2082803782932405,1.4,1.0,73,1898324962700606192,160.0,P4
0.0,0.0,0.0,50000,1.0,6.819999692596532,1.4,1.0,74,241708566637145046,160.0,P4
0.0,0.0,0.0,50000,1.0,7.254892445380017,1.4,1.0,75,15426305856914397514,160.0,P4
0.0,0.0,0.0,50000,1.0,6.761077196021911,1.4,1.0,76,2453025752945856060,160.0,P4
0.0,0.0,0.0,50000,1.0,6.887881400663941,1.4,1.0,77,13887283659410504416,160.0,P4
0.0,0.0,0.0,50000,1.0,6.9054187542482675,1.4,1.0,78,8221284698295416231,160.0,P4
0.0,0.0,0.0,50000,1.0,6.976163004336673,1.4,1.0,79,6656593547718163924,160.0,P4
0.0,0.0,0.0,50000,1.0,6.761253410454213,1.4,1.0,80,1157329826867765620,160.0,P4
0.0,0.0,0.0,50000,1.0,6.576160306074733,1.4,1.0,81,1220217638666551979,160.0,P4
0.0,0.0,0.0,50000,1.0,7.204594310793555,1.4,1.0,82,429355185469329212,160.0,P4
0.0,0.0,0.0,50000,1.0,6.833131979499789,1.4,1.0,83,13100936023316278008,160.0,P4
0.0,0.0,0.0,50000,1.0,6.9727399130760235,1.4,1.0,84,2037920266969312593,160.0,P4
0.0,0.0,0.0,50000,1.0,6.992947723240027,1.4,1.0,85,14663340511107181774,160.0,P4
0.0,0.0,0.0,50000,1.0,6.891248163584537,1.4,1.0,86,5671768348215467842,160.0,P4
0.0,0.0,0.0,50000,1.0,7.0061014270653645,1.4,1.0,87,9384454242359414542,160.0,P4
0.0,0.0,0.0,50000,1.0,6.832746870190344,1.4,1.0,88,11948056910049032330,160.0,P4
0.0,0.0,0.0,50000,1.0,6.954740807801504,1.4,1.0,89,6660357352304222310,160.0,P4
0.0,0.0,0.0,50000,1.0,6.8024269864436375,1.4,1.0,90,8491678872986878049,160.0,P4
0.0,0.0,0.0,50000,1.0,7.0183240007218775,1.4,1.0,91,8989133167962866809,160.0,P4
0.0,0.0,0.0,50000,1.0,7.0631930326635946,1.4,1.0,92,9852902853396289098,160.0,P4
0.0,0.0,0.0,50000,1.0,6.819815374098177,1.4,1.0,93,14645142418547887925,160.0,P4
0.0,0.0,0.0,50000,1.0,7.117023607481769,1.4,1.0,94,18242060530024704816,160.0,P4
0.0,0.0,0.0,50000,1.0,6.796488008643836,1.4,1.0,95,6758682579472785835,160.0,P4
0.0,0.0,0.0,50000,1.0,6.9379272824860925,1.4,1.0,96,13269947481028648910,160.0,P4
0.0,0.0,0.0,50000,1.0,6.751792929294177,1.4,1.0,97,9424385448675479092,160.0,P4
0.0,0.0,0.0,50000,1.0,7.094298121592855,1.4,1.0,98,17580733649683894954,160.0,P4
0.0,0.0,0.0,50000,1.0,6.937251118825152,1.4,1.0,99,10165612915714281868,160.0,P4
0.0,0.0,0.0,50000,0.1,0.8174249302052851,1.6,0.10072,0,13797329688180254674,160.0,P4
0.0,0.0,0.0,50000,0.1,0.840685437311235,1.6,0.10162,1,13941108160376466609,160.0,P4
0.0,0.0,0.0,50000,0.1,0.7065033019167373,1.6,0.0983,2,5194702107330535199,160.0,P4
0.0,0.0,0.0,50000,0.1,0.6351642967307954,1.6,0.10104,3,9295233091840652425,160.0,P4
0.0,0.0,0.0,50000,0.1,0.8333533215617772,1.6,0.1001,4,14194850026930238784,160.0,P4
0.0,0.0,0.0,50000,0.1,0.6875494011429716,1.6,0.09832,5,12879323726721673748,160.0,P4
0.0,0.0,0.0,50000,0.1,0.6916600396690912,1.6,0.09884,6,17150948525483993247,160.0,P4
0.0,0.0,0.0,50000,0.1,0.8167801364200272,1.6,0.10064,7,381500126197386999,160.0,P4
0.0,0.0,0.0,50000,0.1,0.6861013200077304,1.6,0.09828,8,2897921065086214121,160.0,P4
0.0,0.0,0.0,50000,0.1,0.6109152305996429,1.6,0.0994,9,13546811890423726344,160.0,P4
0.0,0.0,0.0,50000,0.1,0.6927072806345412,1.6,0.09894,10,1539805113216768653,160.0,P4
0.0,0.0,0.0,50000,0.1,0.7059286642118991,1.6,0.1011,11,173585542129637475,160.0,P4
0.0,0.0,0.0,50000,0.1,0.7492101490264478,1.6,0.10156,12,13670781237646688403,160.0,P4
0.0,0.0,0.0,50000,0.1,0.6139145162978937,1.6,0.09936,13,8881644572500036707,160.0,P4
0.0,0.0,0.0,50000,0.1,0.7528880738329715,1.6,0.1013,14,3770246142655491151,160.0,P4
0.0,0.0,0.0,50000,0.1,0.748293718787464,1.6,0.09892,15,5148689409781733935,160.0,P4
0.0,0.0,0.0,50000,0.1,0.6732074145115508,1.6,0.09896,16,970796081190545905,160.0,P4
0.0,0.0,0.0,50000,0.1,0.8358824989006322,1.6,0.09786,17,15651740442682311827,160.0,P4
0.0,0.0,0.0,50000,0.1,0.7144228797886872,1.6,0.10106,18,14539767665932580813,160.0,P4
0.0,0.0,0.0,50000,0.1,0.7564713286620516,1.6,0.09988,19,14727152307368231233,160.0,P4
0.0,0.0,0.0,50000,0.1,0.802560487987277,1.6,0.09896,20,13277670903907398584,160.0,P4
0.0,0.0,0.0,50000,0.1,0.7715656170406059,1.6,0.09756,21,6088752552525458324,160.0,P4
0.0,0.0,0.0,50000,0.1,0.8306483321771487,1.6,0.1008,22,14926600744239852710,160.0,P4
0.0,0.0,0.0,50000,0.1,0.6736082956446077,1.6,0.09888,23,11464922177135237474,160.0,P4
0.0,0.0,0.0,50000,0.1,0.7800440798005952,1.6,0.10156,24,5166759522226545804,160.0,P4
0.0,0.0,0.0,50000,0.1,0.7848143615958253,1.6,0.10024,25,5992946687503549618,160.0,P4
0.0,0.0,0.0,50000,0.1,0.9065163094223642,1.6,0.09958,26,16182303770817529988,160.0,P4
0.0,0.0,0.0,50000,0.1,0.8565913839226845,1.6,0.09936,27,16372942187213567646,160.0,P4
0.0,0.0,0.0,50000,0.1,0.768848976528546,1.6,0.09972,28,15788387092977192196,160.0,P4
0.0,0.0,0.0,50000,0.1,0.6534666849678896,1.6,0.09952,29,2150631341414753746,160.0,P4
0.0,0.0,0.0,50000,0.1,0.7607765884481307,1.6,0.1025,30,11760775276998623220,160.0,P4
0.0,0.0,0.0,50000,0.1,0.6721202706517496,1.6,0.09858,31,7196823327518074141,160.0,P4
0.0,0.0,0.0,50000,0.1,0.6808880583729489,1.6,0.0993,32,9923439221128205878,160.0,P4
0.0,0.0,0.0,50000,0.1,0.753132924033924,1.6,0.10014,33,17935659026213264149,160.0,P4
0.0,0.0,0.0,50000,0.1,0.6867328838677078,1.6,0.09786,34,11866477849554693110,160.0,P4
0.0,0.0,0.0,50000,0.1,0.6817938165505985,1.6,0.10136,35,4265934826465267504,160.0,P4
0.0,0.0,0.0,50000,0.1,0.596257634376929,1.6,0.09886,36,2878135407028224807,160.0,P4
0.0,0.0,0.0,50000,0.1,0.7368065105015168,1.6,0.10028,37,132200071838552621,160.0,P4
0.0,0.0,0.0,50000,0.1,0.881976388127013,1.6,0.10208,38,14198077214980770687,160.0,P4
0.0,0.0,0.0,50000,0.1,0.8462544379113544,1.6,0.10172,39,9825817784234519349,160.0,P4
0.0,0.0,0.0,50000,0.1,0.7247450799965072,1.6,0.10056,40,7971938231626267622,160.0,P4
0.0,0.0,0.0,50000,0.1,0.9969239478727783,1.6,0.10186,41,12403473820015616226,160.0,P4
0.0,0.0,0.0,50000,0.1,0.7427765058021979,1.6,0.10222,42,3724615361617189928,160.0,P4
0.0,0.0,0.0,50000,0.1,0.8016212447108662,1.6,0.1018,43,44928637308973475,160.0,P4
0.0,0.0,0.0,50000,0.1,0.6984397804842123,1.6,0.10006,44,5872851676689321997,160.0,P4
0.0,0.0,0.0,50000,0.1,0.7019752923118592,1.6,0.10138,45,7992775153973406367,160.0,P4
0.0,0.0,0.0,50000,0.1,0.6591706032254794,1.6,0.10036,46,10100901225881817945,160.0,P4
0.0,0.0,0.0,50000,0.1,0.6368960903571765,1.6,0.09826,47,5727722670111363571,160.0,P4
0.0,0.0,0.0,50000,0.1,0.7201745493344996,1.6,0.09988,48,9054903726702564817,160.0,P4
0.0,0.0,0.0,50000,0.1,0.7610703156216463,1.6,0.1018,49,4398993699240574361,160.0,P4
0.0,0.0,0.0,50000,0.1,0.6904286597521938,1.6,0.09896,50,12140706666455305092,160.0,P4
0.0,0.0,0.0,50000,0.1,0.7281284965314838,1.6,0.09868,51,8188939431362772925,160.0,P4
0.0,0.0,0.0,50000,0.1,0.7271825057279032,1.6,0.09782,52,14346717747891988931,160.0,P4
0.0,0.0,0.0,50000,0.1,0.7676467774104689,1.6,0.10272,53,1465973933567597128,160.0,P4
0.0,0.0,0.0,50000,0.1,0.6767117477266649,1.6,0.0984,54,8046167669216344107,160.0,P4
0.0,0.0,0.0,50000,0.1,0.7123800747855473,1.6,0.09916,55,2637651691391634232,160.0,P4
0.0,0.0,0.0,50000,0.1,0.6629599653906177,1.6,0.0992,56,18429412207977054665,160.0,P4
0.0,0.0,0.0,50000,0.1,0.7133489797023119,1.6,0.09762,57,7647723513322307831,160.0,P4
0.0,0.0,0.0,50000,0.1,0.7687886657531517,1.6,0.09854,58,13564188541077894499,160.0,P4
0.0,0.0,0.0,50000,0.1,0.8402016055992515,1.6,0.10008,59,10531707826811709721,160.0,P4
0.0,0.0,0.0,50000,0.1,0.739434935686413,1.6,0.10178,60,4171518428820300321,160.0,P4
0.0,0.0,0.0,50000,0.1,0.6293166488974076,1.6,0.09788,61,424747663271347143,160.0,P4
0.0,0.0,0.0,50000,0.1,0.8486831634869871,1.6,0.10078,62,6018410692882514270,160.0,P4
0.0,0.0,0.0,50000,0.1,0.8148081163545644,1.6,0.10022,63,648983749697613057,160.0,P4
0.0,0.0,0.0,50000,0.1,0.7397079544286772,1.6,0.10226,64,16838492811580942283,160.0,P4
0.0,0.0,0.0,50000,0.1,0.6446499950929301,1.6,0.1002,65,12956377981363069061,160.0,P4
0.0,0.0,0.0,50000,0.1,0.7621203879870866,1.6,0.09974,66,3410853571541304854,160.0,P4
0.0,0.0,0.0,50000,0.1,0.8732201387856979,1.6,0.10046,67,8773686224080590587,160.0,P4
0.0,0.0,0.0,50000,0.1,0.6525465397537183,1.6,0.1005,68,16857980920494718156,160.0,P4
0.0,0.0,0.0,50000,0.1,0.641034017303899,1.6,0.10022,69,6748429877229851423,160.0,P4
0.0,0.0,0.0,50000,0.1,0.6933987245494476,1.6,0.10014,70,16689444104465922130,160.0,P4
0.0,0.0,0.0,50000,0.1,0.7064520979176527,1.6,0.10094,71,7069172594788755491,160.0,P4
0.0,0.0,0.0,50000,0.1,0.7205766725330581,1.6,0.09874,72,4402026174196660275,160.0,P4
0.0,0.0,0.0,50000,0.1,0.6716861782832371,1.6,0.10036,73,17594677051982846166,160.0,P4
0.0,0.0,0.0,50000,0.1,0.826991245221575,1.6,0.10118,74,11322465372037549235,160.0,P4
0.0,0.0,0.0,50000,0.1,0.6933034167750823,1.6,0.1001,75,7822500580151704206,160.0,P4
0.0,0.0,0.0,50000,0.1,0.8722262836697463,1.6,0.09994,76,12715752144426324401,160.0,P4
0.0,0.0,0.0,50000,0.1,0.647905818891903,1.6,0.09906,77,15694062888922913577,160.0,P4
0.0,0.0,0.0,50000,0.1,0.7219427753935351,1.6,0.09988,78,14494244078280119327,160.0,P4
0.0,0.0,0.0,50000,0.1,0.7223624398062237,1.6,0.10156,79,3454051216702345714,160.0,P4
0.0,0.0,0.0,50000,0.1,0.7585015111320287,1.6,0.10028,80,9085148068654073036,160.0,P4
0.0,0.0,0.0,50000,0.1,0.7745304757949111,1.6,0.10208,81,6263991809481846525,160.0,P4
0.0,0.0,0.0,50000,0.1,0.7231802988563755,1.6,0.09818,82,1817274093682760081,160.0,P4
0.0,0.0,0.0,50000,0.1,0.7433140873393632,1.6,0.10078,83,15760380676347022314,160.0,P4
0.0,0.0,0.0,50000,0.1,0.8282254070293935,1.6,0.10006,84,1403637669583018681,160.0,P4
0.0,0.0,0.0,50000,0.1,0.6878086696490994,1.6,0.10036,85,14773963484630074976,160.0,P4
0.0,0.0,0.0,50000,0.1,0.616378568062985,1.6,0.10084,86,15372509631186538969,160.0,P4
0.0,0.0,0.0,50000,0.1,0.7342011659284292,1.6,0.10026,87,10814396156011148551,160.0,P4
0.0,0.0,0.0,50000,0.1,0.7790174237679185,1.6,0.1005,88,9690363614324244947,160.0,P4
0.0,0.0,0.0,50000,0.1,0.7681413810091489,1.6,0.09934,89,8625994902210560176,160.0,P4
0.0,0.0,0.0,50000,0.1,0.7639532434809604,1.6,0.09876,90,1126272921277490938,160.0,P4
0.0,0.0,0.0,50000,0.1,0.7664044536689417,1.6,0.09982,91,3136178525437158462,160.0,P4
0.0,0.0,0.0,50000,0.1,0.8668749372076497,1.6,0.10014,92,16645462672627911500,160.0,P4
0.0,0.0,0.0,50000,0.1,0.6934074066048412,1.6,0.09672,93,15408516376844431123,160.0,P4
0.0,0.0,0.0,50000,0.1,0.7143746986203701,1.6,0.10104,94,17603664624961393775,160.0,P4
0.0,0.0,0.0,50000,0.1,0.6905753133243194,1.6,0.10082,95,3297818390163705361,160.0,P4
0.0,0.0,0.0,50000,0.1,0.7278729919163553,1.6,0.09618,96,4700806810574641078,160.0,P4
0.0,0.0,0.0,50000,0.1,0.7263517980523149,1.6,0.10016,97,1780572897621111827,160.0,P4
0.0,0.0,0.0,50000,0.1,0.8149026059246516,1.6,0.1008,98,3117019866611327699,160.0,P4
0.0,0.0,0.0,50000,0.1,0.7433293001482041,1.6,0.09978,99,6962540831291217706,160.0,P4
0.0,0.0,0.0,50000,0.11,1.0020462876784717,1.6,0.11032,0,11993436394315181321,160.0,P4
0.0,0.0,0.0,50000,0.11,0.9575758842879807,1.6,0.10732,1,2774232240535709556,160.0,P4
0.0,0.0,0.0,50000,0.11,0.9670616934292701,1.6,0.11022,2,7559441588378517871,160.0,P4
0.0,0.0,0.0,50000,0.11,1.012716699134369,1.6,0.10844,3,8161518071790942141,160.0,P4
0.0,0.0,0.0,50000,0.11,1.0693497531731837,1.6,0.11092,4,6827054218518994439,160.0,P4
0.0,0.0,0.0,50000,0.11,0.9158678703283377,1.6,0.1097,5,6304052137413088405,160.0,P4
0.0,0.0,0.0,50000,0.11,0.8261054455704687,1.6,0.10794,6,3732780259227166185,160.0,P4
0.0,0.0,0.0,50000,0.11,1.0245767845915061,1.6,0.10832,7,13608861601180337877,160.0,P4
0.0,0.0,0.0,50000,0.11,1.0341316737010726,1.6,0.1078,8,4184220284150431392,160.0,P4
0.0,0.0,0.0,50000,0.11,0.9223419639613324,1.6,0.1098,9,5412577685925587895,160.0,P4
0.0,0.0,0.0,50000,0.11,1.0500171536886551,1.6,0.11084,10,17545271203071173383,160.0,P4
0.0,0.0,0.0,50000,0.11,1.0321607091260536,1.6,0.10916,11,850897346578805013,160.0,P4
0.0,0.0,0.0,50000,0.11,1.1626494901390967,1.6,0.10896,12,12980965180885963592,160.0,P4
0.0,0.0,0.0,50000,0.11,0.8609523748376846,1.6,0.1099,13,626457571425133482,160.0,P4
0.0,0.0,0.0,50000,0.11,0.9594714066224341,1.6,0.10952,14,5241571780700787412,160.0,P4
0.0,0.0,0.0,50000,0.11,0.9527176513093841,1.6,0.10856,15,725769431228284219,160.0,P4
0.0,0.0,0.0,50000,0.11,0.9847675452550457,1.6,0.11106,16,10302103547361979846,160.0,P4
0.0,0.0,0.0,50000,0.11,1.1331955251695434,1.6,0.11206,17,17329529207808132490,160.0,P4
0.0,0.0,0.0,50000,0.11,0.9667662344391085,1.6,0.10874,18,3426945643883153035,160.0,P4
0.0,0.0,0.0,50000,0.11,0.9867157488675762,1.6,0.11024,19,15275024363167462034,160.0,P4
0.0,0.0,0.0,50000,0.11,1.0157318434839415,1.6,0.10852,20,17657478631672697955,160.0,P4
0.0,0.0,0.0,50000,0.11,0.9061602881063793,1.6,0.11064,21,13884884026832865768,160.0,P4
0.0,0.0,0.0,50000,0.11,0.9951288132196902,1.6,0.11104,22,8422515327141387641,160.0,P4
0.0,0.0,0.0,50000,0.11,0.916901898838197,1.6,0.11154,23,3261221871923251393,160.0,P4
0.0,0.0,0.0,50000,0.11,0.958402635353424,1.6,0.10856,24,16805379797903375367,160.0,P4
0.0,0.0,0.0,50000,0.11,1.1755599191820545,1.6,0.11108,25,1497187753984164740,160.0,P4
0.0,0.0,0.0,50000,0.11,1.0046602827272175,1.6,0.11098,26,412925204219410800,160.0,P4
0.0,0.0,0.0,50000,0.11,1.0592988944575412,1.6,0.11022,27,4038421040238602766,160.0,P4
0.0,0.0,0.0,50000,0.11,1.0314361498619833,1.6,0.11122,28,3288498588441844082,160.0,P4
0.0,0.0,0.0,50000,0.11,1.0235220400816218,1.6,0.11126,29,14614254436457574565,160.0,P4
0.0,0.0,0.0,50000,0.11,0.9519122385128949,1.6,0.1098,30,11949190126164098927,160.0,P4
0.0,0.0,0.0,50000,0.11,1.1092627973293994,1.6,0.11128,31,4665838036151991006,160.0,P4
0.0,0.0,0.0,50000,0.11,0.9153070969108815,1.6,0.11128,32,936018878836392729,160.0,P4
0.0,0.0,0.0,50000,0.11,0.9598001183253544,1.6,0.11034,33,16217795413977567915,160.0,P4
0.0,0.0,0.0,50000,0.11,1.012512217783362,1.6,0.10894,34,12249883481101224109,160.0,P4
0.0,0.0,0.0,50000,0.11,0.8539519957369551,1.6,0.10972,35,12511118285340509042,160.0,P4
0.0,0.0,0.0,50000,0.11,0.8782688768091591,1.6,0.10856,36,9684325146932463847,160.0,P4
0.0,0.0,0.0,50000,0.11,1.186084765106765,1.6,0.11136,37,5415996236400239352,160.0,P4
0.0,0.0,0.0,50000,0.11,0.8783915686276125,1.6,0.10928,38,13250279462678446285,160.0,P4
0.0,0.0,0.0,50000,0.11,1.541610578525325,1.6,0.1125,39,4033847790672682117,160.0,P4
0.0,0.0,0.0,50000,0.11,1.030151509406323,1.6,0.10886,40,11130080844976309516,160.0,P4
0.0,0.0,0.0,50000,0.11,0.9123492707795429,1.6,0.10854,41,7026312096757207004,160.0,P4
0.0,0.0,0.0,50000,0.11,0.9944599925064952,1.6,0.11068,42,1098905880063781487,160.0,P4
0.0,0.0,0.0,50000,0.11,1.0128234055309442,1.6,0.1113,43,3729763903147378507,160.0,P4
0.0,0.0,0.0,50000,0.11,0.9519717524669967,1.6,0.11144,44,3665277354626563064,160.0,P4
0.0,0.0,0.0,50000,0.11,0.8031903776370626,1.6,0.11078,45,1078910199415128431,160.0,P4
0.0,0.0,0.0,50000,0.11,0.970736562556442,1.6,0.10968,46,15632097015967587360,160.0,P4
0.0,0.0,0.0,50000,0.11,0.9216681615165997,1.6,0.10968,47,11396245003120744231,160.0,P4
0.0,0.0,0.0,50000,0.11,1.0261968247769304,1.6,0.111,48,17513274257620582566,160.0,P4
0.0,0.0,0.0,50000,0.11,0.9755635337992382,1.6,0.11062,49,15557067684565775751,160.0,P4
0.0,0.0,0.0,50000,0.11,1.0177803255283802,1.6,0.11172,50,11216173543649104157,160.0,P4
0.0,0.0,0.0,50000,0.11,1.0045746070289032,1.6,0.1104,51,14241736376552653251,160.0,P4
0.0,0.0,0.0,50000,0.11,1.3062733432607558,1.6,0.11334,52,13273075538542742414,160.0,P4
0.0,0.0,0.0,50000,0.11,0.8899407727622981,1.6,0.10982,53,9435151974244545615,160.0,P4
0.0,0.0,0.0,50000,0.11,1.0702758131474432,1.6,0.11078,54,5941622385328965620,160.0,P4
0.0,0.0,0.0,50000,0.11,0.9084031089473182,1.6,0.11004,55,821806144709736648,160.0,P4
0.0,0.0,0.0,50000,0.11,0.9338681406740595,1.6,0.10958,56,17639640543798196601,160.0,P4
0.0,0.0,0.0,50000,0.11,1.09407278932079,1.6,0.10968,57,9693428609333079041,160.0,P4
0.0,0.0,0.0,50000,0.11,1.0696524108252596,1.6,0.11218,58,94301740942247821,160.0,P4
0.0,0.0,0.0,50000,0.11,0.8603267935588418,1.6,0.10798,59,5207415625423145601,160.0,P4
0.0,0.0,0.0,50000,0.11,0.8751352570003266,1.6,0.10802,60,8259900603157064178,160.0,P4
0.0,0.0,0.0,50000,0.11,1.0858346931047993,1.6,0.11142,61,15430129749218625395,160.0,P4
0.0,0.0,0.0,50000,0.11,0.9036285093245715,1.6,0.11324,62,15004911696521615008,160.0,P4
0.0,0.0,0.0,50000,0.11,0.9379967119851008,1.6,0.11108,63,6601694851105499661,160.0,P4
0.0,0.0,0.0,50000,0.11,1.0844635011862962,1.6,0.11024,64,8711541528510042811,160.0,P4
0.0,0.0,0.0,50000,0.11,0.9112607906515829,1.6,0.1082,65,10645444157541783170,160.0,P4
0.0,0.0,0.0,50000,0.11,0.8936318617914022,1.6,0.1094,66,13552803410677923671,160.0,P4
0.0,0.0,0.0,50000,0.11,0.9282585692823061,1.6,0.10676,67,12708829932004107899,160.0,P4
0.0,0.0,0.0,50000,0.11,0.8576197708545943,1.6,0.1093,68,11498653315128232810,160.0,P4
0.0,0.0,0.0,50000,0.11,0.9495520770182649,1.6,0.11012,69,6060765904441716064,160.0,P4
0.0,0.0,0.0,50000,0.11,0.7624158597501708,1.6,0.10882,70,1311082183040038020,160.0,P4
0.0,0.0,0.0,50000,0.11,0.9144749761142049,1.6,0.1086,71,7298064674080713726,160.0,P4
0.0,0.0,0.0,50000,0.11,1.1013716624144525,1.6,0.11004,72,4340557025005906569,160.0,P4
0.0,0.0,0.0,50000,0.11,0.9184090517018687,1.6,0.1086,73,8379851246834247251,160.0,P4
0.0,0.0,0.0,50000,0.11,0.7611452960946248,1.6,0.10918,74,12738488253409782108,160.0,P4
0.0,0.0,0.0,50000,0.11,0.8950095037278482,1.6,0.11074,75,6882927898336706122,160.0,P4
0.0,0.0,0.0,50000,0.11,0.9682851853749844,1.6,0.11118,76,13885906860394883203,160.0,P4
0.0,0.0,0.0,50000,0.11,0.9606995719699215,1.6,0.11154,77,4592691690398884037,160.0,P4
0.0,0.0,0.0,50000,0.11,0.9065351098130027,1.6,0.10844,78,16665784134969720994,160.0,P4
0.0,0.0,0.0,50000,0.11,1.6400035534030764,1.6,0.11222,79,601689289507361233,160.0,P4
0.0,0.0,0.0,50000,0.11,1.043489028787261,1.6,0.10918,80,6501449146063928686,160.0,P4
0.0,0.0,0.0,50000,0.11,1.0663111297387768,1.6,0.11032,81,16262544901818576558,160.0,P4
0.0,0.0,0.0,50000,0.11,0.8585568391559032,1.6,0.10808,82,16978088312831063417,160.0,P4
0.0,0.0,0.0,50000,0.11,0.934521738329955,1.6,0.10938,83,13923499405745192595,160.0,P4
0.0,0.0,0.0,50000,0.11,0.8763411643730233,1.6,0.11018,84,7942349851533654666,160.0,P4
0.0,0.0,0.0,50000,0.11,0.9666499724089429,1.6,0.11196,85,9217035088946150921,160.0,P4
0.0,0.0,0.0,50000,0.11,0.9190715965090998,1.6,0.11184,86,11949554834048161992,160.0,P4
0.0,0.0,0.0,50000,0.11,0.7762980861728364,1.6,0.11064,87,11016687792351040207,160.0,P4
0.0,0.0,0.0,50000,0.11,0.933319935216707,1.6,0.10966,88,12795188215275617661,160.0,P4
0.0,0.0,0.0,50000,0.11,1.0852761453319018,1.6,0.10992,89,5937434566421985152,160.0,P4
0.0,0.0,0.0,50000,0.11,0.9232707177347801,1.6,0.11056,90,13399450290308505023,160.0,P4
0.0,0.0,0.0,50000,0.11,0.8690444571403193,1.6,0.10942,91,11295607867968177409,160.0,P4
0.0,0.0,0.0,50000,0.11,1.010318200420178,1.6,0.1102,92,13653046401917575192,160.0,P4
0.0,0.0,0.0,50000,0.11,1.068203270259728,1.6,0.11162,93,13828225743834383821,160.0,P4
0.0,0.0,0.0,50000,0.11,0.9402860529557675,1.6,0.10892,94,5425813080353075322,160.0,P4
0.0,0.0,0.0,50000,0.11,1.6830343755344879,1.6,0.11192,95,3144081426783914834,160.0,P4
0.0,0.0,0.0,50000,0.11,1.0965596848072343,1.6,0.10884,96,8143239940030765618,160.0,P4
0.0,0.0,0.0,50000,0.11,1.03300221086782,1.6,0.1086,97,10430949689277337224,160.0,P4
0.0,0.0,0.0,50000,0.11,0.9874932936692457,1.6,0.11154,98,2472263539555583609,160.0,P4
0.0,0.0,0.0,50000,0.11,1.0918005387314627,1.6,0.11036,99,10464347575263575176,160.0,P4
0.0,0.0,0.0,50000,0.118,1.5315744231940174,1.6,0.11846,0,1844534611181031917,160.0,P4
0.0,0.0,0.0,50000,0.118,1.3910675432839523,1.6,0.11932,1,1141125143393411431,160.0,P4
0.0,0.0,0.0,50000,0.118,1.269493336738373,1.6,0.1201,2,10060864114116035323,160.0,P4
0.0,0.0,0.0,50000,0.118,1.163960030675015,1.6,0.11988,3,11282368720426859038,160.0,P4
0.0,0.0,0.0,50000,0.118,1.2483640629436927,1.6,0.11854,4,16065865040997671142,160.0,P4
0.0,0.0,0.0,50000,0.118,1.2330616850028437,1.6,0.11786,5,7834658080475214988,160.0,P4
0.0,0.0,0.0,50000,0.118,1.0113887433856292,1.6,0.1152,6,15696545795679410177,160.0,P4
0.0,0.0,0.0,50000,0.118,1.2923445177141837,1.6,0.11554,7,5167971160533575935,160.0,P4
0.0,0.0,0.0,50000,0.118,1.2184244448245658,1.6,0.11442,8,13685043274801271063,160.0,P4
0.0,0.0,0.0,50000,0.118,1.0132893416824345,1.6,0.114,9,16647106971568736375,160.0,P4
0.0,0.0,0.0,50000,0.118,1.4540284905386547,1.6,0.11842,10,739938283996014669,160.0,P4
0.0,0.0,0.0,50000,0.118,1.038150281443954,1.6,0.11594,11,11200825393806828213,160.0,P4
0.0,0.0,0.0,50000,0.118,1.386004822887994,1.6,0.11968,12,17041247323402883745,160.0,P4
0.0,0.0,0.0,50000,0.118,1.173749839296915,1.6,0.11722,13,1473668849848696220,160.0,P4
0.0,0.0,0.0,50000,0.118,1.4009148228086274,1.6,0.11706,14,3780782808950162731,160.0,P4
0.0,0.0,0.0,50000,0.118,1.206597098698601,1.6,0.11972,15,7488521566001953888,160.0,P4
0.0,0.0,0.0,50000,0.118,1.363221161282372,1.6,0.11842,16,10785088486272361350,160.0,P4
0.0,0.0,0.0,50000,0.118,1.454745503628249,1.6,0.1192,17,13000620034839875821,160.0,P4
0.0,0.0,0.0,50000,0.118,1.205038671888726,1.6,0.11626,18,17967566510674805861,160.0,P4
0.0,0.0,0.0,50000,0.118,1.5081910405768166,1.6,0.1204,19,6455516494425729182,160.0,P4
0.0,0.0,0.0,50000,0.118,1.2642734996522023,1.6,0.11842,20,12109674723576228950,160.0,P4
0.0,0.0,0.0,50000,0.118,1.167575636196253,1.6,0.11786,21,16095817358772189542,160.0,P4
0.0,0.0,0.0,50000,0.118,1.1476969292427943,1.6,0.11742,22,13210199799099634493,160.0,P4
0.0,0.0,0.0,50000,0.118,1.370829275278451,1.6,0.11856,23,4012014252391449726,160.0,P4
0.0,0.0,0.0,50000,0.118,1.2417740653344078,1.6,0.12052,24,12009438925687899524,160.0,P4
0.0,0.0,0.0,50000,0.118,1.3443518758565443,1.6,0.12066,25,9501706094105983307,160.0,P4
0.0,0.0,0.0,50000,0.118,1.5765386232257088,1.6,0.12006,26,1920291013448849870,160.0,P4
0.0,0.0,0.0,50000,0.118,1.7452929053439765,1.6,0.11938,27,16963940810466438349,160.0,P4
0.0,0.0,0.0,50000,0.118,1.2130098246200431,1.6,0.12046,28,13682241301204137310,160.0,P4
0.0,0.0,0.0,50000,0.118,1.1466924243194494,1.6,0.11622,29,6312820399020543862,160.0,P4
0.0,0.0,0.0,50000,0.118,1.2342999806311588,1.6,0.1185,30,1837275884312203003,160.0,P4
0.0,0.0,0.0,50000,0.118,1.4657309652509347,1.6,0.11702,31,7036976426572538800,160.0,P4
0.0,0.0,0.0,50000,0.118,1.4578163494312473,1.6,0.1197,32,7003250694041807172,160.0,P4
0.0,0.0,0.0,50000,0.118,1.1889845113934105,1.6,0.11822,33,3066429836936987071,160.0,P4
0.0,0.0,0.0,50000,0.118,1.0863652574745633,1.6,0.12002,34,17586944107279499808,160.0,P4
0.0,0.0,0.0,50000,0.118,1.9978698160747064,1.6,0.1197,35,17447549009699895734,160.0,P4
0.0,0.0,0.0,50000,0.118,1.233152030795345,1.6,0.11698,36,2071993437666170296,160.0,P4
0.0,0.0,0.0,50000,0.118,1.393407323146167,1.6,0.11788,37,14392189521849757643,160.0,P4
0.0,0.0,0.0,50000,0.118,1.5862778900668155,1.6,0.11954,38,3650713678127014353,160.0,P4
0.0,0.0,0.0,50000,0.118,1.2119325665334484,1.6,0.1174,39,16036565836840792176,160.0,P4
0.0,0.0,0.0,50000,0.118,1.1300833065227454,1.6,0.11596,40,16546510568665734564,160.0,P4
0.0,0.0,0.0,50000,0.118,1.502056749964561,1.6,0.11842,41,2374319232168172958,160.0,P4
0.0,0.0,0.0,50000,0.118,1.3065506043441446,1.6,0.11952,42,15120430441272838659,160.0,P4
0.0,0.0,0.0,50000,0.118,1.1393891461077148,1.6,0.12104,43,7174871685060958547,160.0,P4
0.0,0.0,0.0,50000,0.118,1.42560674663128,1.6,0.1194,44,12479009828914999049,160.0,P4
0.0,0.0,0.0,50000,0.118,1.2443492379081376,1.6,0.11916,45,9413788126305860588,160.0,P4
0.0,0.0,0.0,50000,0.118,1.299318195592762,1.6,0.1196,46,8293076481344345370,160.0,P4
0.0,0.0,0.0,50000,0.118,1.22112669899631,1.6,0.11922,47,17462970384941224727,160.0,P4
0.0,0.0,0.0,50000,0.118,1.2307099238283121,1.6,0.11934,48,350567018917473671,160.0,P4
0.0,0.0,0.0,50000,0.118,1.3059760330743797,1.6,0.11536,49,14187807257914786388,160.0,P4
0.0,0.0,0.0,50000,0.118,1.103162204869482,1.6,0.11704,50,12186150008843422884,160.0,P4
0.0,0.0,0.0,50000,0.118,1.2112242899796732,1.6,0.11772,51,645124284349560857,160.0,P4
0.0,0.0,0.0,50000,0.118,1.2239409109251156,1.6,0.11862,52,6611064093118853246,160.0,P4
0.0,0.0,0.0,50000,0.118,1.2533568201983702,1.6,0.11684,53,6210497018220626220,160.0,P4
0.0,0.0,0.0,50000,0.118,1.1278199672440985,1.6,0.11794,54,2238234266302171207,160.0,P4
0.0,0.0,0.0,50000,0.118,1.182277676141927,1.6,0.1184,55,10709671015490851738,160.0,P4
0.0,0.0,0.0,50000,0.118,1.262828602548516,1.6,0.11844,56,17626651206271539236,160.0,P4
0.0,0.0,0.0,50000,0.118,1.9099486757995334,1.6,0.12074,57,2721872974302979827,160.0,P4
0.0,0.0,0.0,50000,0.118,1.0880015126653424,1.6,0.1173,58,14855023199685574373,160.0,P4
0.0,0.0,0.0,50000,0.118,1.1518687420002536,1.6,0.11856,59,833236949399496988,160.0,P4
0.0,0.0,0.0,50000,0.118,1.1535039014950828,1.6,0.11836,60,12489976427070216988,160.0,P4
0.0,0.0,0.0,50000,0.118,0.9877360987165958,1.6,0.11648,61,2514770366886734325,160.0,P4
0.0,0.0,0.0,50000,0.118,1.002276960465184,1.6,0.1162,62,6158862873343398308,160.0,P4
0.0,0.0,0.0,50000,0.118,1.010771584510619,1.6,0.11514,63,3326268848246210940,160.0,P4
0.0,0.0,0.0,50000,0.118,1.3343600502368156,1.6,0.11938,64,4357645890193668523,160.0,P4
0.0,0.0,0.0,50000,0.118,1.4268222682735652,1.6,0.11858,65,13205612677202774889,160.0,P4
0.0,0.0,0.0,50000,0.118,1.289699473595682,1.6,0.11842,66,12576501221735116205,160.0,P4
0.0,0.0,0.0,50000,0.118,1.1494256383147556,1.6,0.11822,67,720512843386332812,160.0,P4
0.0,0.0,0.0,50000,0.118,1.209095906957183,1.6,0.11748,68,3454417004125074295,160.0,P4
0.0,0.0,0.0,50000,0.118,1.3565954303468286,1.6,0.1183,69,1182149509171245390,160.0,P4
0.0,0.0,0.0,50000,0.118,1.1030080725432843,1.6,0.11766,70,833592943804702524,160.0,P4
0.0,0.0,0.0,50000,0.118,1.487419315486906,1.6,0.119,71,9074332256094998873,160.0,P4
0.0,0.0,0.0,50000,0.118,1.1213951227753556,1.6,0.11776,72,8899085127617227362,160.0,P4
0.0,0.0,0.0,50000,0.118,1.2001625096330477,1.6,0.11796,73,7912687786586093870,160.0,P4
0.0,0.0,0.0,50000,0.118,1.0025986270932044,1.6,0.11964,74,2916642592889055680,160.0,P4
0.0,0.0,0.0,50000,0.118,1.2328829090664235,1.6,0.11906,75,7328760633385131313,160.0,P4
0.0,0.0,0.0,50000,0.118,1.6255122149580752,1.6,0.11908,76,16779303470495438527,160.0,P4
0.0,0.0,0.0,50000,0.118,1.2490540336860991,1.6,0.11948,77,5459308140115828265,160.0,P4
0.0,0.0,0.0,50000,0.118,1.2277558646498221,1.6,0.11812,78,14788881859568797279,160.0,P4
0.0,0.0,0.0,50000,0.118,1.0850452582574175,1.6,0.1187,79,13603426266707805353,160.0,P4
0.0,0.0,0.0,50000,0.118,1.0196035313775544,1.6,0.11706,80,881434220123127815,160.0,P4
0.0,0.0,0.0,50000,0.118,1.4591623677165833,1.6,0.11862,81,17398056209810686468,160.0,P4
0.0,0.0,0.0,50000,0.118,1.3853524512813231,1.6,0.12038,82,8158484811601458575,160.0,P4
0.0,0.0,0.0,50000,0.118,1.483496146135098,1.6,0.11794,83,4968823807459338740,160.0,P4
0.0,0.0,0.0,50000,0.118,1.2369549996367726,1.6,0.1182,84,14568037544880030068,160.0,P4
0.0,0.0,0.0,50000,0.118,1.4320850050628724,1.6,0.11644,85,16544308815865005749,160.0,P4
0.0,0.0,0.0,50000,0.118,1.0019000032065961,1.6,0.1155,86,4640066136551446007,160.0,P4
0.0,0.0,0.0,50000,0.118,1.085873990132026,1.6,0.11658,87,5784189362241541767,160.0,P4
0.0,0.0,0.0,50000,0.118,1.251106712265042,1.6,0.11514,88,13474417071858159156,160.0,P4
0.0,0.0,0.0,50000,0.118,1.4812949689956567,1.6,0.11592,89,8509699932443651062,160.0,P4
0.0,0.0,0.0,50000,0.118,1.1619476026186601,1.6,0.11786,90,9756786699568949143,160.0,P4
0.0,0.0,0.0,50000,0.118,1.134512370849841,1.6,0.11688,91,1160051461229900590,160.0,P4
0.0,0.0,0.0,50000,0.118,1.316889128712565,1.6,0.11948,92,7788360194780139687,160.0,P4
0.0,0.0,0.0,50000,0.118,1.0148093502762152,1.6,0.11466,93,8189949579853926742,160.0,P4
0.0,0.0,0.0,50000,0.118,1.358365729727892,1.6,0.11866,94,729216377174224229,160.0,P4
0.0,0.0,0.0,50000,0.118,1.0184668921339943,1.6,0.11886,95,11961105258138848491,160.0,P4
0.0,0.0,0.0,50000,0.118,1.2974137246287833,1.6,0.1158,96,11154805583283872961,160.0,P4
0.0,0.0,0.0,50000,0.118,1.082245543452389,1.6,0.11742,97,7372307868365578121,160.0,P4
0.0,0.0,0.0,50000,0.118,1.7286578626486386,1.6,0.12226,98,10199716990051157152,160.0,P4
0.0,0.0,0.0,50000,0.118,1.758413692456388,1.6,0.11868,99,15388106622599226420,160.0,P4
0.0,0.0,0.0,50000,0.123,1.3843754161253714,1.6,0.12184,0,8009764829211540574,160.0,P4
0.0,0.0,0.0,50000,0.123,1.3710030341829833,1.6,0.12322,1,3118757354152265169,160.0,P4
0.0,0.0,0.0,50000,0.123,1.7240860409994925,1.6,0.12242,2,14566329172631457114,160.0,P4
0.0,0.0,0.0,50000,0.123,1.285881511150739,1.6,0.12214,3,13399534562651623296,160.0,P4
0.0,0.0,0.0,50000,0.123,1.9007487664350862,1.6,0.12328,4,8139767277571864766,160.0,P4
0.0,0.0,0.0,50000,0.123,1.686150811354648,1.6,0.124,5,13235176307847005972,160.0,P4
0.0,0.0,0.0,50000,0.123,1.5524827361929325,1.6,0.12474,6,6346722029578814101,160.0,P4
0.0,0.0,0.0,50000,0.123,1.2167522242079447,1.6,0.12206,7,17581493944543456834,160.0,P4
0.63482,0.63714,0.63454,50000,0.123,90.5334926437371,1.6,0.12512,8,7915115252184362365,160.0,P4
0.0,0.0,0.0,50000,0.123,2.1576983018327867,1.6,0.12308,9,16677293692373553936,160.0,P4
0.0,0.0,0.0,50000,0.123,1.5636899211633093,1.6,0.12406,10,3627110809825506331,160.0,P4
0.0,0.0,0.0,50000,0.123,1.9025897860310925,1.6,0.12278,11,13059275161467093055,160.0,P4
0.0,0.0,0.0,50000,0.123,1.5585214119324167,1.6,0.12134,12,12632715259600107497,160.0,P4
0.0,0.0,0.0,50000,0.123,1.464179402405689,1.6,0.11876,13,3134846402075579662,160.0,P4
0.0,0.0,0.0,50000,0.123,1.4765505418428415,1.6,0.12592,14,6425250940785439867,160.0,P4
0.0,0.0,0.0,50000,0.123,1.5907821600823797,1.6,0.12026,15,13995189052774270310,160.0,P4
0.0,0.0,0.0,50000,0.123,1.6941530153005444,1.6,0.12154,16,3000927839749910322,160.0,P4
0.0,0.0,0.0,50000,0.123,1.8945304235211131,1.6,0.1227,17,16562603251497953836,160.0,P4
0.0,0.0,0.0,50000,0.123,1.4997238620218323,1.6,0.12432,18,591906897230375359,160.0,P4
0.0,0.0,0.0,50000,0.123,1.6363583770288106,1.6,0.12176,19,666057384715112052,160.0,P4
0.0,0.0,0.0,50000,0.123,1.6795505488576226,1.6,0.1229,20,17564286058381156487,160.0,P4
0.0,0.0,0.0,50000,0.123,2.2022045356401145,1.6,0.12144,21,10928532586628940936,160.0,P4
0.0,0.0,0.0,50000,0.123,1.7515935670916503,1.6,0.12564,22,4595508909084249762,160.0,P4
0.0,0.0,0.0,50000,0.123,1.4651626651568275,1.6,0.12378,23,14616253020438125985,160.0,P4
0.0,0.0,0.0,50000,0.123,1.8233389183230797,1.6,0.12418,24,5924592449917715281,160.0,P4
0.0,0.0,0.0,50000,0.123,1.4253874566013889,1.6,0.12044,25,11662336876667300153,160.0,P4
0.0,0.0,0.0,50000,0.123,1.4269137135253525,1.6,0.12682,26,18431914986929711745,160.0,P4
0.0,0.0,0.0,50000,0.123,1.9443717549754176,1.6,0.1252,27,9265227089761246576,160.0,P4
0.0,0.0,0.0,50000,0.123,1.4871353360473234,1.6,0.12324,28,7083569199457752192,160.0,P4
0.0,0.0,0.0,50000,0.123,1.309666558630574,1.6,0.12288,29,4728375109848372311,160.0,P4
0.0,0.0,0.0,50000,0.123,1.7918007503119417,1.6,0.12294,30,4524557575673449762,160.0,P4
0.0,0.0,0.0,50000,0.123,1.3856109773958165,1.6,0.12278,31,5807099199115090654,160.0,P4
0.0,0.0,0.0,50000,0.123,1.6337180338695243,1.6,0.12148,32,106958857732687973,160.0,P4
0.0,0.0,0.0,50000,0.123,1.931333550231822,1.6,0.12244,33,12949058412492347735,160.0,P4
0.0,0.0,0.0,50000,0.123,1.4773706771898,1.6,0.12324,34,8092632624651565711,160.0,P4
0.0,0.0,0.0,50000,0.123,1.5689060989231718,1.6,0.12208,35,13536037106664995681,160.0,P4
0.0,0.0,0.0,50000,0.123,1.7229561594451126,1.6,0.12362,36,14814205741882481296,160.0,P4
0.0,0.0,0.0,50000,0.123,1.3906389828280574,1.6,0.1233,37,17183466784068197035,160.0,P4
0.0,0.0,0.0,50000,0.123,1.9201045702438677,1.6,0.1234,38,9713811354478624180,160.0,P4
0.0,0.0,0.0,50000,0.123,2.0693547060111337,1.6,0.12328,39,892645346485886027,160.0,P4
0.0,0.0,0.0,50000,0.123,1.4170786244821072,1.6,0.12342,40,10018358542490935660,160.0,P4
0.0,0.0,0.0,50000,0.123,1.46083715144005,1.6,0.12188,41,6624434862766170837,160.0,P4
0.0,0.0,0.0,50000,0.123,2.093894405122619,1.6,0.12388,42,6889241107718836154,160.0,P4
0.0,0.0,0.0,50000,0.123,1.4203722653555082,1.6,0.12438,43,12638445976567087219,160.0,P4
0.0,0.0,0.0,50000,0.123,1.6549269580999655,1.6,0.1239,44,6810764148067131940,160.0,P4
0.0,0.0,0.0,50000,0.123,1.796707588897316,1.6,0.12362,45,2843278625347858710,160.0,P4
0.0,0.0,0.0,50000,0.123,1.8270267424680933,1.6,0.1221,46,11217764842317885683,160.0,P4
0.0,0.0,0.0,50000,0.123,1.3403110627771746,1.6,0.12198,47,17087528450956030571,160.0,P4
0.0,0.0,0.0,50000,0.123,1.3857370125567017,1.6,0.12114,48,15959290340884689758,160.0,P4
0.0,0.0,0.0,50000,0.123,1.612511723730786,1.6,0.1195,49,14009037919307310155,160.0,P4
0.0,0.0,0.0,50000,0.123,1.79823487598936,1.6,0.1234,50,11146126665187576024,160.0,P4
0.0,0.0,0.0,50000,0.123,2.576371499605635,1.6,0.1244,51,17712925731650528098,160.0,P4
0.0,0.0,0.0,50000,0.123,1.7152452055564578,1.6,0.1227,52,18418141669413042615,160.0,P4
0.0,0.0,0.0,50000,0.123,1.690327502865499,1.6,0.12354,53,1065414169545932741,160.0,P4
0.0,0.00012,0.0,50000,0.123,3.379916727495994,1.6,0.1247,54,17257911399783213259,160.0,P4
0.0,0.0,0.0,50000,0.123,1.4244053299666866,1.6,0.1228,55,2977196983333076097,160.0,P4
0.0,0.0,0.0,50000,0.123,1.1551230779475972,1.6,0.12232,56,18136840580718099363,160.0,P4
0.0,0.0,0.0,50000,0.123,1.5170311724142689,1.6,0.12176,57,2713500081471709630,160.0,P4
0.0,0.0,0.0,50000,0.123,1.4757429345255877,1.6,0.12222,58,6056914723174499686,160.0,P4
0.0,0.0,0.0,50000,0.123,1.5786729915617976,1.6,0.124,59,18157823171002033776,160.0,P4
0.0,0.0,0.0,50000,0.123,1.5457928685182742,1.6,0.12242,60,10974014737883590725,160.0,P4
0.0,0.0,0.0,50000,0.123,2.329036102245934,1.6,0.12536,61,6570922060326827188,160.0,P4
0.0,0.0,0.0,50000,0.123,1.716106818226473,1.6,0.12514,62,7551240785757953257,160.0,P4
0.0,0.0,0.0,50000,0.123,1.9208598792275586,1.6,0.12266,63,14025954399851926076,160.0,P4
0.0,0.0,0.0,50000,0.123,1.7132686736831424,1.6,0.12094,64,10855078628110371526,160.0,P4
0.0,0.0,0.0,50000,0.123,1.5461386528898087,1.6,0.1225,65,12294576544020137590,160.0,P4
0.0,0.0,0.0,50000,0.123,1.2864663965521814,1.6,0.12366,66,14358679231351152247,160.0,P4
0.0,0.0,0.0,50000,0.123,1.7159731000215086,1.6,0.12272,67,18073882362230246240,160.0,P4
0.0,0.0,0.0,50000,0.123,1.2739564054606969,1.6,0.12266,68,5467486266994644655,160.0,P4
0.0,0.0,0.0,50000,0.123,1.9252057696909126,1.6,0.12362,69,2652171915396936885,160.0,P4
0.0,0.0,0.0,50000,0.123,1.2771663573407857,1.6,0.1239,70,4694072382332099982,160.0,P4
0.0,0.0,0.0,50000,0.123,1.409970644114222,1.6,0.12246,71,4613001184580687338,160.0,P4
0.0,0.0,0.0,50000,0.123,1.3617013424037083,1.6,0.12348,72,13660212437509187094,160.0,P4
0.0,0.0,0.0,50000,0.123,1.6534542534212955,1.6,0.12344,73,5962626133670025040,160.0,P4
0.0,0.0,0.0,50000,0.123,1.5076059684838712,1.6,0.11998,74,516460385249913354,160.0,P4
0.0,0.0,0.0,50000,0.123,1.640671146398382,1.6,0.12176,75,16668724627651310474,160.0,P4
0.0,0.0,0.0,50000,0.123,1.4084740598903385,1.6,0.12202,76,17172019313062586975,160.0,P4
0.0,0.0,0.0,50000,0.123,1.3582236349447596,1.6,0.12248,77,2126012168827178019,160.0,P4
0.0,0.0,0.0,50000,0.123,1.7402675923453048,1.6,0.1252,78,6298676482379694615,160.0,P4
0.0,0.0,0.0,50000,0.123,1.4440401232058793,1.6,0.12344,79,1406764361211522870,160.0,P4
0.0,0.0,0.0,50000,0.123,1.2848309260576682,1.6,0.1239,80,8491929659349109601,160.0,P4
0.0,0.0,0.0,50000,0.123,1.3102227241588684,1.6,0.12332,81,12796657787055908052,160.0,P4
0.0,0.0,0.0,50000,0.123,1.1990099967696417,1.6,0.12328,82,7020871799722783241,160.0,P4
0.0,0.0,0.0,50000,0.123,1.8815165737118495,1.6,0.12284,83,17394926933699778919,160.0,P4
0.0,0.0,0.0,50000,0.123,1.3284934720597796,1.6,0.11948,84,14415200411834031591,160.0,P4
0.0,0.0,0.0,50000,0.123,1.7718028578180631,1.6,0.12402,85,88145743315514777,160.0,P4
0.0,0.0,0.0,50000,0.123,2.094915755683987,1.6,0.12478,86,10230281672425552404,160.0,P4
0.0,0.0,0.0,50000,0.123,1.3383526583585146,1.6,0.12058,87,7396231535456295161,160.0,P4
0.0,0.0,0.0,50000,0.123,1.385711947819313,1.6,0.12568,88,13247788771143800629,160.0,P4
0.0,0.0,0.0,50000,0.123,1.7787254180056573,1.6,0.12204,89,11697494417580729043,160.0,P4
0.0,0.0,0.0,50000,0.123,1.5693996827927597,1.6,0.12108,90,14619786851030002884,160.0,P4
0.0,0.0,0.0,50000,0.123,1.4851741491457016,1.6,0.12296,91,14029386767535147959,160.0,P4
0.0,0.0,0.0,50000,0.123,1.44731737112958,1.6,0.12088,92,17437288888663053124,160.0,P4
0.0,0.0,0.0,50000,0.123,2.0184992118647886,1.6,0.12398,93,2921815097777602834,160.0,P4
0.0,0.0,0.0,50000,0.123,1.9357587379300862,1.6,0.12378,94,2877685896127516454,160.0,P4
0.0,0.0,0.0,50000,0.123,2.541012456143167,1.6,0.12568,95,7195963106901248835,160.0,P4
0.0,0.0,0.0,50000,0.123,1.2707706609552067,1.6,0.1232,96,6297294638985787437,160.0,P4
0.0,0.0,0.0,50000,0.123,1.7197497050300778,1.6,0.12454,97,12234328989370960395,160.0,P4
0.0,0.0,0.0,50000,0.123,1.218235940929122,1.6,0.12414,98,16170495390208755208,160.0,P4
0.0,0.0,0.0,50000,0.123,1.5521006612814605,1.6,0.12336,99,11744807556845369694,160.0,P4
0.0,0.0,0.0,50000,0.127,1.4004010894034735,1.6,0.1251,0,8012374939503662520,160.0,P4
0.0,8e-05,0.0,50000,0.127,3.5307860866358265,1.6,0.12948,1,6365541249675613013,160.0,P4
0.0,0.0,0.0,50000,0.127,2.4207291217398983,1.6,0.12792,2,16317925301441681320,160.0,P4
0.63354,0.63572,0.63672,50000,0.127,92.27883465414124,1.6,0.12834,3,7811430592147622016,160.0,P4
0.0,0.0,0.0,50000,0.127,1.5650700681323009,1.6,0.1244,4,12979556336179095461,160.0,P4
0.0,0.0,0.0,50000,0.127,2.350210104454689,1.6,0.1266,5,4573258176170982391,160.0,P4
0.0,0.0,0.0,50000,0.127,1.3076202710293077,1.6,0.12502,6,6126221765453402327,160.0,P4
0.0,0.0,0.0,50000,0.127,1.7134485619581075,1.6,0.12626,7,1964889268957680783,160.0,P4
0.0,0.0,0.0,50000,0.127,1.9969535611299505,1.6,0.12792,8,1114898212849348836,160.0,P4
0.0,0.0,0.0,50000,0.127,1.4587333907960085,1.6,0.1264,9,4025393715498650046,160.0,P4
0.0,0.0,0.0,50000,0.127,1.5969151546217248,1.6,0.12684,10,14607135318700442126,160.0,P4
0.0,0.0,0.0,50000,0.127,2.588285058423751,1.6,0.12656,11,4862410139019672116,160.0,P4
0.0,0.0,0.0,50000,0.127,1.6377653183074499,1.6,0.12684,12,11367632891740523524,160.0,P4
0.0,0.0,0.0,50000,0.127,1.881508552152355,1.6,0.1295,13,7845131227617311172,160.0,P4
0.0,0.0,0.0,50000,0.127,1.8683874781119443,1.6,0.12566,14,6297576544749489571,160.0,P4
0.0,0.0,0.0,50000,0.127,1.4598982472261963,1.6,0.12634,15,4370300606777791052,160.0,P4
0.0,0.0,0.0,50000,0.127,1.6276513230390586,1.6,0.12634,16,10527288915050302251,160.0,P4
0.0,0.0,0.0,50000,0.127,1.4968634539693577,1.6,0.12866,17,4757974466446402561,160.0,P4
0.0,0.0,0.0,50000,0.127,1.3890586411419725,1.6,0.12598,18,2369191118961147757,160.0,P4
0.0,0.0,0.0,50000,0.127,1.2236041194397944,1.6,0.12588,19,9745692413735687260,160.0,P4
0.0,0.00014,0.0,50000,0.127,3.27631478743062,1.6,0.13056,20,13771092615649461164,160.0,P4
0.0,0.0,0.0,50000,0.127,1.3375481709843628,1.6,0.12322,21,15960925004671484620,160.0,P4
0.6337,0.43278,0.6359,50000,0.127,82.96003193832277,1.6,0.1265,22,16182649716841459345,160.0,P4
0.0,0.0,0.0,50000,0.127,1.4480859531465937,1.6,0.1291,23,17647287135573013919,160.0,P4
0.0,0.0,0.0,50000,0.127,2.856600210348082,1.6,0.12674,24,11714185558823394803,160.0,P4
0.0,0.0,0.0,50000,0.127,3.34764518907762,1.6,0.12766,25,4725927662992277924,160.0,P4
0.0,0.0,0.0,50000,0.127,2.2077323681117846,1.6,0.12672,26,7198876702236844341,160.0,P4
0.0,0.0,0.0,50000,0.127,1.8820032707101528,1.6,0.12628,27,3427919346708394350,160.0,P4
0.0,0.0,0.0,50000,0.127,1.8128632660662352,1.6,0.1286,28,3446744914384538635,160.0,P4
0.0,0.0,0.0,50000,0.127,1.3007205434699507,1.6,0.1252,29,2826812916881558972,160.0,P4
0.6347,0.6268,0.63576,50000,0.127,88.09426391034121,1.6,0.12818,30,14787691906718965018,160.0,P4
0.0,0.0,0.0,50000,0.127,3.0895521929376173,1.6,0.12666,31,16854544321432646536,160.0,P4
0.0,0.0,0.0,50000,0.127,1.3608788428014702,1.6,0.1265,32,9235273613500142304,160.0,P4
0.63454,0.63844,0.62982,50000,0.127,92.63209277474256,1.6,0.13118,33,18331184281720634837,160.0,P4
0.0,0.0,0.0,50000,0.127,1.5698863148829891,1.6,0.12798,34,18202192176008627386,160.0,P4
0.0,0.0,0.0,50000,0.127,1.3847789790037361,1.6,0.12454,35,18342266371734840155,160.0,P4
0.0,0.0,0.0,50000,0.127,2.1654707714433883,1.6,0.12732,36,17710658246304057496,160.0,P4
0.0,0.0,0.0,50000,0.127,1.607404850378245,1.6,0.12734,37,15907352894436463780,160.0,P4
0.0,0.0,0.0,50000,0.127,2.175822733968155,1.6,0.12818,38,10422262528666564951,160.0,P4
0.0,0.0,0.0,50000,0.127,2.072972266996293,1.6,0.12544,39,17694874765348133148,160.0,P4
0.0,0.0,0.0,50000,0.127,1.652049921138545,1.6,0.12472,40,16102843103983436835,160.0,P4
0.0,0.00066,0.0,50000,0.127,4.1352669804835696,1.6,0.12488,41,2311083512114080585,160.0,P4
0.0,0.0,0.0,50000,0.127,1.7006037278857942,1.6,0.12742,42,9196123158512162959,160.0,P4
0.0,0.0,0.0,50000,0.127,1.7787040885399314,1.6,0.12516,43,898969689987278685,160.0,P4
0.0,0.0,0.0,50000,0.127,2.37944341138417,1.6,0.12612,44,9803669095314096427,160.0,P4
0.0,0.0,0.0,50000,0.127,1.9569964360423595,1.6,0.12838,45,12760763877288687421,160.0,P4
0.0,0.0,0.0,50000,0.127,1.5873926595295396,1.6,0.12918,46,10037594231752454040,160.0,P4
0.0,0.0,0.0,50000,0.127,1.6601649321860281,1.6,0.1284,47,13033595033888269933,160.0,P4
0.0,0.0,0.0,50000,0.127,1.776193767880013,1.6,0.12558,48,16980154080177961918,160.0,P4
0.0,0.0,0.0,50000,0.127,1.2899470471305046,1.6,0.12878,49,8956122851351528046,160.0,P4
0.0,0.0,0.0,50000,0.127,2.2139694595136925,1.6,0.12872,50,13775121426812360128,160.0,P4
0.0,0.0,0.0,50000,0.127,2.0005123181349393,1.6,0.12554,51,8388450087165738909,160.0,P4
0.63206,0.6349,0.63832,50000,0.127,92.3608773628588,1.6,0.12814,52,8589774241098158567,160.0,P4
0.0,0.0,0.0,50000,0.127,2.1531293406469127,1.6,0.12914,53,588140119869791181,160.0,P4
0.0,0.0,0.0,50000,0.127,2.055512907082752,1.6,0.12806,54,10569087497960917919,160.0,P4
0.0,0.0,0.0,50000,0.127,1.3947745733390084,1.6,0.1266,55,6855454529369450743,160.0,P4
0.6346,0.62754,0.63306,50000,0.127,88.70807769341363,1.6,0.1287,56,14659003673689077849,160.0,P4
0.0,0.0,0.0,50000,0.127,1.728556048320912,1.6,0.12902,57,6721738452959006434,160.0,P4
0.0,0.0,0.0,50000,0.127,1.5680809947686078,1.6,0.1257,58,16779759823829661072,160.0,P4
0.0,0.0,0.0,50000,0.127,2.388649371193702,1.6,0.12778,59,6463043024049539051,160.0,P4
0.0,0.0,0.0,50000,0.127,3.127284445904389,1.6,0.1295,60,16184755512128661272,160.0,P4
0.0,0.0,0.0,50000,0.127,1.9007517083115335,1.6,0.12842,61,4722995944632268362,160.0,P4
0.0,0.0,0.0,50000,0.127,1.544535890689685,1.6,0.1253,62,2423297730198317901,160.0,P4
0.0,0.0,0.0,50000,0.127,2.8894995276486095,1.6,0.12888,63,8727325080118298611,160.0,P4
0.0,0.0,0.0,50000,0.127,2.748734845610472,1.6,0.12814,64,14073659515325904435,160.0,P4
0.0,0.0,0.0,50000,0.127,1.9990471660449194,1.6,0.12682,65,1620123290846806992,160.0,P4
0.0,0.0,0.0,50000,0.127,3.169053768580002,1.6,0.12784,66,17805251759609354691,160.0,P4
0.0,0.0,0.0,50000,0.127,1.6245388957478901,1.6,0.12596,67,12492753550067088788,160.0,P4
0.0,0.0,0.0,50000,0.127,1.2794298905789172,1.6,0.1259,68,14295086871418676220,160.0,P4
0.63698,0.63758,0.63876,50000,0.127,90.20135802701374,1.6,0.12762,69,15816749388684504392,160.0,P4
0.0,0.0,0.0,50000,0.127,1.5386404930581037,1.6,0.12704,70,9342572273777135087,160.0,P4
0.0,0.0,0.0,50000,0.127,1.5145438705454122,1.6,0.12618,71,6750508772274648229,160.0,P4
0.0,0.0,0.0,50000,0.127,2.71338744174438,1.6,0.12682,72,9701026032031853697,160.0,P4
0.0,0.0,0.0,50000,0.127,2.7773121292330445,1.6,0.12646,73,17113001557518001240,160.0,P4
0.0,0.0,0.0,50000,0.127,1.233184678609497,1.6,0.12806,74,11590660309038332811,160.0,P4
0.0,0.0,0.0,50000,0.127,1.6005123572234632,1.6,0.1273,75,9433488669663288777,160.0,P4
0.0,0.0,0.0,50000,0.127,1.732465142710557,1.6,0.12834,76,11767420681172023253,160.0,P4
0.0,0.0,0.0,50000,0.127,1.3863805697779588,1.6,0.12606,77,7901201619393245676,160.0,P4
0.0,0.0,0.0,50000,0.127,1.8526805289836328,1.6,0.12646,78,8162942812623745015,160.0,P4
0.0,0.0,0.0,50000,0.127,1.396123993722843,1.6,0.12448,79,10070661506204388505,160.0,P4
0.0,0.0,0.0,50000,0.127,1.3467414504288873,1.6,0.12574,80,10748247914390696846,160.0,P4
0.0,0.0,0.0,50000,0.127,2.2523094629437193,1.6,0.12818,81,12204938038685909449,160.0,P4
0.0,0.0,0.0,50000,0.127,1.924656804323633,1.6,0.1265,82,16724242705255252299,160.0,P4
0.0,0.0,0.0,50000,0.127,2.9664602705157095,1.6,0.12706,83,2243819885561070350,160.0,P4
0.63792,0.62872,0.6344,50000,0.127,88.80162197742908,1.6,0.12674,84,10141635119543595284,160.0,P4
0.0,0.0,0.0,50000,0.127,1.7972668182624,1.6,0.1261,85,15387372522160815275,160.0,P4
0.0,0.0,0.0,50000,0.127,1.8972707166539635,1.6,0.12666,86,14745924677557583431,160.0,P4
0.0,0.0,0.0,50000,0.127,1.813319916844501,1.6,0.12626,87,14288449545693633032,160.0,P4
0.0,2e-05,0.0,50000,0.127,3.6331199427558603,1.6,0.12806,88,2820135751617370373,160.0,P4
0.0,0.0,0.0,50000,0.127,2.914845444886168,1.6,0.13016,89,16534274047399325680,160.0,P4
0.63246,0.6279,0.63458,50000,0.127,90.4484245556499,1.6,0.12636,90,7645979560687558473,160.0,P4
0.0,0.0,0.0,50000,0.127,2.665018129337928,1.6,0.12326,91,715197033446774211,160.0,P4
0.0,0.0,0.0,50000,0.127,3.173394537627405,1.6,0.12622,92,17085737045638632866,160.0,P4
0.0,0.0,0.0,50000,0.127,2.6845653329588512,1.6,0.12876,93,11600074459330476048,160.0,P4
0.0,0.0,0.0,50000,0.127,1.86566483903995,1.6,0.12504,94,963576203969085839,160.0,P4
0.0,0.0,0.0,50000,0.127,1.6608676903388822,1.6,0.12766,95,2351590981034681998,160.0,P4
0.0,0.0,0.0,50000,0.127,2.109090537513429,1.6,0.12798,96,14696246603191324752,160.0,P4
0.0,0.0,0.0,50000,0.127,1.4653842455689725,1.6,0.12644,97,4207189263629479037,160.0,P4
0.0,0.0,0.0,50000,0.127,2.1798076403267603,1.6,0.12748,98,9697259455470274401,160.0,P4
0.0,0.0,0.0,50000,0.127,1.5105720894989505,1.6,0.12854,99,6916223019359228389,160.0,P4
0.63528,0.6426,0.63996,50000,0.131,91.3103024107492,1.6,0.13142,0,2222316140305914250,160.0,P4
0.6317,0.631,0.63198,50000,0.131,89.32200264275492,1.6,0.13074,1,10027543926019468088,160.0,P4
0.0,0.0,0.0,50000,0.131,2.268356161799947,1.6,0.13142,2,7448803885615526788,160.0,P4
0.0,0.0,0.0,50000,0.131,2.060266767694453,1.6,0.12968,3,4631417223653731038,160.0,P4
0.0,0.0,0.0,50000,0.131,2.2437182448253497,1.6,0.1311,4,5795721017753704979,160.0,P4
0.0,0.0,0.0,50000,0.131,2.24015770926484,1.6,0.13348,5,15842065331691693051,160.0,P4
0.0,0.0,0.0,50000,0.131,2.117791497282983,1.6,0.12978,6,15754505685535223975,160.0,P4
0.0,0.0,0.0,50000,0.131,1.9453231907247226,1.6,0.1308,7,10527045891597043630,160.0,P4
0.0,0.0,0.0,50000,0.131,1.9040774167107384,1.6,0.12926,8,859314188569658168,160.0,P4
0.0,0.0,0.0,50000,0.131,1.8589436642381376,1.6,0.1311,9,10518654636111334923,160.0,P4
0.0,0.0,0.0,50000,0.131,1.3408223806814774,1.6,0.13066,10,6075812667728130521,160.0,P4
0.0,0.0,0.0,50000,0.131,1.6943588347071592,1.6,0.1305,11,6923427713111363595,160.0,P4
0.63492,0.63142,0.6319,50000,0.131,92.39892633306803,1.6,0.1314,12,10385789858880219181,160.0,P4
0.0,0.0,0.0,50000,0.131,1.7235680264701927,1.6,0.12962,13,2200967830089481814,160.0,P4
0.63612,0.6393,0.64392,50000,0.131,90.24271656606359,1.6,0.13262,14,4318836038406227841,160.0,P4
0.0,0.0,0.0,50000,0.131,2.8749055349068304,1.6,0.13118,15,18059937880005552656,160.0,P4
0.0,0.0,0.0,50000,0.131,1.9400392664514554,1.6,0.13018,16,2246623767168762398,160.0,P4
0.64262,0.62488,0.63354,50000,0.131,88.28300844451232,1.6,0.13076,17,10201757789414358448,160.0,P4
0.0,0.0,0.0,50000,0.131,1.8822534566795752,1.6,0.12998,18,14004689425451453432,160.0,P4
0.0,0.0,0.0,50000,0.131,1.8510868239798135,1.6,0.12978,19,16216089869723064942,160.0,P4
0.63234,0.6364,0.64168,50000,0.131,91.59045219251902,1.6,0.13214,20,5204723766735104821,160.0,P4
0.0,0.0,0.0,50000,0.131,2.6059293720145087,1.6,0.13338,21,15417848360717790672,160.0,P4
0.63506,0.6346,0.6331,50000,0.131,90.28708904325975,1.6,0.12998,22,15269805114585224971,160.0,P4
0.0,0.0,0.0,50000,0.131,1.7423317380638759,1.6,0.13052,23,14529145345565246757,160.0,P4
0.0,0.0,0.0,50000,0.131,2.096578732955954,1.6,0.12902,24,3016340509328909541,160.0,P4
0.0,0.0,0.0,50000,0.131,2.1127539258552908,1.6,0.13182,25,8067166774775533806,160.0,P4
0.63672,0.59682,0.63526,50000,0.131,85.64406939178613,1.6,0.13094,26,12009897026000766356,160.0,P4
0.0,0.0,0.0,50000,0.131,1.7580558960656625,1.6,0.12968,27,9093008454443986345,160.0,P4
0.63754,0.62594,0.63372,50000,0.131,87.65710094622519,1.6,0.13364,28,5627436894948593819,160.0,P4
0.0,0.0,0.0,50000,0.131,2.178130515879437,1.6,0.13062,29,6734244381607365532,160.0,P4
0.0,0.0001,0.0,50000,0.131,3.374282561822733,1.6,0.13028,30,5721269045301373164,160.0,P4
0.0,0.0,0.0,50000,0.131,1.9931917504380263,1.6,0.13064,31,13244761527137689300,160.0,P4
0.63788,0.62208,0.63578,50000,0.131,87.7978722333579,1.6,0.13096,32,940263319049047069,160.0,P4
0.0,0.0,0.0,50000,0.131,2.6841719761738765,1.6,0.13068,33,11224046599663485188,160.0,P4
0.0,0.0,0.0,50000,0.131,2.734366524259616,1.6,0.13208,34,1025194535657240528,160.0,P4
0.0,0.0,0.0,50000,0.131,2.750049262877574,1.6,0.1311,35,16194219879858645472,160.0,P4
0.0,0.0,0.0,50000,0.131,3.0751421568508035,1.6,0.12948,36,15593774639662275623,160.0,P4
0.0,0.0,0.0,50000,0.131,1.724580705746533,1.6,0.13042,37,15892803733557314490,160.0,P4
0.0,0.0,0.0,50000,0.131,2.424526685091906,1.6,0.12794,38,15774326512375757061,160.0,P4
0.0,0.00122,0.0,50000,0.131,4.203829172620953,1.6,0.1314,39,17863109610786499802,160.0,P4
0.0,0.0,0.0,50000,0.131,2.924647037430554,1.6,0.13236,40,499174911101193324,160.0,P4
0.0,0.0,0.0,50000,0.131,3.822614020042374,1.6,0.13126,41,9164408605297560396,160.0,P4
0.6333,0.63462,0.63476,50000,0.131,92.09199266096782,1.6,0.13178,42,3440364891061664150,160.0,P4
0.0,0.0,0.0,50000,0.131,2.869657672213555,1.6,0.13056,43,2054814845811235893,160.0,P4
0.63304,0.60302,0.63892,50000,0.131,86.0303689203499,1.6,0.13086,44,3448923795726311805,160.0,P4
0.0,0.0,0.0,50000,0.131,2.268660751843268,1.6,0.13054,45,18057028561717149901,160.0,P4
0.63318,0.63738,0.63772,50000,0.131,88.95374912441447,1.6,0.1317,46,13704003786955200145,160.0,P4
0.0,0.0,0.0,50000,0.131,2.4284768277082596,1.6,0.13048,47,11844593875584553616,160.0,P4
0.0,0.0,0.0,50000,0.131,1.9124375153637398,1.6,0.13068,48,5861571179128266002,160.0,P4
0.63578,0.6278,0.63788,50000,0.131,88.40875220757458,1.6,0.13008,49,3161628998137469356,160.0,P4
0.63912,0.6417,0.63746,50000,0.131,93.65277966613772,1.6,0.13344,50,9579806628427889008,160.0,P4
0.0,0.0,0.0,50000,0.131,1.7800790931775863,1.6,0.12672,51,5483059979433912242,160.0,P4
0.63394,0.63654,0.63236,50000,0.131,92.01054623685766,1.6,0.1345,52,7391690293407162797,160.0,P4
0.63264,0.63142,0.6333,50000,0.131,89.98044491794873,1.6,0.13034,53,9165043362745542598,160.0,P4
0.0,0.0,0.0,50000,0.131,3.015179570110447,1.6,0.13192,54,5573299526583842760,160.0,P4
0.63464,0.63538,0.6449,50000,0.131,89.92392252833841,1.6,0.13022,55,1308956150170703628,160.0,P4
0.0,0.0,0.0,50000,0.131,1.9825806938346575,1.6,0.13056,56,16579013312291331512,160.0,P4
0.64204,0.63196,0.63872,50000,0.131,90.45103269130328,1.6,0.1309,57,5671661416531768589,160.0,P4
0.0,0.0,0.0,50000,0.131,2.6581710169175423,1.6,0.13196,58,1214771369536307200,160.0,P4
0.0,0.0,0.0,50000,0.131,3.0789418654671037,1.6,0.12944,59,16671495793598824439,160.0,P4
0.0,0.0,0.0,50000,0.131,1.6326007395954973,1.6,0.13208,60,7533320297771143332,160.0,P4
0.63698,0.63696,0.6342,50000,0.131,92.53634653737461,1.6,0.13072,61,2004244820674756299,160.0,P4
0.0,0.0,0.0,50000,0.131,1.8850380086433856,1.6,0.12738,62,4962176725895471304,160.0,P4
0.6389,0.6405,0.64354,50000,0.131,90.33387521833971,1.6,0.13268,63,12262190986346915869,160.0,P4
0.63684,0.6383,0.63374,50000,0.131,92.88449996499162,1.6,0.13192,64,14797268121793707705,160.0,P4
0.6371,0.63538,0.63856,50000,0.131,90.28462890784866,1.6,0.13166,65,17865784625151234620,160.0,P4
0.0,0.0,0.0,50000,0.131,3.2609510989549664,1.6,0.1321,66,1699821585012076439,160.0,P4
0.0,0.0,0.0,50000,0.131,2.8990460925073194,1.6,0.1301,67,580284287498381471,160.0,P4
0.0,0.0,0.0,50000,0.131,1.8641641836736633,1.6,0.12938,68,2135074886766388729,160.0,P4
0.0,0.00026,0.0,50000,0.131,3.6204337482986624,1.6,0.12938,69,9831557864421288712,160.0,P4
0.0,0.0,0.0,50000,0.131,3.2877475806923524,1.6,0.13238,70,11636968025644580717,160.0,P4
0.0,0.0,0.0,50000,0.131,2.3743665682376176,1.6,0.13142,71,4679566892278383288,160.0,P4
0.0,0.0156,0.0,50000,0.131,4.781422873726502,1.6,0.13064,72,4968625460425579041,160.0,P4
0.63272,0.62948,0.63868,50000,0.131,90.2449806892149,1.6,0.13184,73,16424880344273669923,160.0,P4
0.0,0.05464,0.0,50000,0.131,5.46600949312604,1.6,0.13226,74,8436428887985475891,160.0,P4
0.63524,0.60514,0.64108,50000,0.131,86.15422887146053,1.6,0.13012,75,16932969361964443632,160.0,P4
0.0,0.0,0.0,50000,0.131,2.634900844844833,1.6,0.1303,76,11644716882274711103,160.0,P4
0.63106,0.63948,0.63666,50000,0.131,94.02433980128315,1.6,0.13312,77,11948150569816304219,160.0,P4
0.0,0.0,0.0,50000,0.131,3.283721260911298,1.6,0.13186,78,2318668181539008159,160.0,P4
0.0,0.0,0.0,50000,0.131,2.0841490151693987,1.6,0.13042,79,17295103367572416630,160.0,P4
0.63694,0.63374,0.63974,50000,0.131,91.34316221861303,1.6,0.13206,80,5863656182713635729,160.0,P4
0.0,0.0,0.0,50000,0.131,2.4034409820936236,1.6,0.13236,81,9097745916239827208,160.0,P4
0.0,0.0,0.0,50000,0.131,1.6857266514414913,1.6,0.1298,82,4753047522610016335,160.0,P4
0.0,0.0,0.0,50000,0.131,2.812679244438896,1.6,0.12994,83,3569651929375415612,160.0,P4
0.63248,0.63372,0.63408,50000,0.131,90.48784808938464,1.6,0.1328,84,9033863811480389680,160.0,P4
0.63974,0.62822,0.63648,50000,0.131,88.56438823023642,1.6,0.1297,85,11444971729155498659,160.0,P4
0.63246,0.6199,0.64408,50000,0.131,87.2193884183988,1.6,0.13042,86,16053292037540304799,160.0,P4
0.0,0.00104,0.0,50000,0.131,4.077651302412509,1.6,0.13194,87,393771849159713061,160.0,P4
0.0,0.0,0.0,50000,0.131,1.9306936985513146,1.6,0.13146,88,8499541398452920028,160.0,P4
0.0,0.0,0.0,50000,0.131,1.9785683129798026,1.6,0.13114,89,10598515302784114688,160.0,P4
0.0,0.0,0.0,50000,0.131,2.674928148448483,1.6,0.13346,90,6444798491676379223,160.0,P4
0.63438,0.63732,0.63698,50000,0.131,91.47269390896318,1.6,0.13432,91,16926820797289990889,160.0,P4
0.63544,0.61898,0.63436,50000,0.131,87.04591782441146,1.6,0.13064,92,1901849245682177384,160.0,P4
0.63418,0.63346,0.638,50000,0.131,89.54598131727012,1.6,0.12982,93,8401186327081520474,160.0,P4
0.0,0.0,0.0,50000,0.131,1.8230882297932571,1.6,0.12898,94,8112763852932458624,160.0,P4
0.0,0.0,0.0,50000,0.131,2.306501825895497,1.6,0.13174,95,4240115767926056505,160.0,P4
0.0,0.0,0.0,50000,0.131,1.932196037935182,1.6,0.1286,96,4151105140058453203,160.0,P4
0.0,0.0,0.0,50000,0.131,1.6024688137837024,1.6,0.12916,97,9213456233396010560,160.0,P4
0.0,0.0,0.0,50000,0.131,1.8963862215333054,1.6,0.12852,98,10612253004899875877,160.0,P4
0.63362,0.6225,0.63454,50000,0.131,87.21094566683743,1.6,0.12994,99,17887331921672014406,160.0,P4
0.6344,0.57196,0.6368,50000,0.136,85.02832793895207,1.6,0.13614,0,4338811604628532731,160.0,P4
0.63332,0.6345,0.63344,50000,0.136,92.66992915191855,1.6,0.13894,1,17936880233133293430,160.0,P4
0.64052,0.63654,0.64256,50000,0.136,93.15327912726136,1.6,0.13576,2,5366793075918693425,160.0,P4
0.63436,0.63484,0.63804,50000,0.136,90.03775309071085,1.6,0.13666,3,4444324518269598108,160.0,P4
0.63582,0.63928,0.63758,50000,0.136,92.8929533627861,1.6,0.1355,4,9763858232358119724,160.0,P4
0.636,0.63554,0.64114,50000,0.136,94.29737802008272,1.6,0.1365,5,18410230605350290972,160.0,P4
0.63398,0.63504,0.63676,50000,0.136,91.64094917265861,1.6,0.1385,6,7640237248222894565,160.0,P4
0.0,0.0,0.0,50000,0.136,2.9419386485497996,1.6,0.13394,7,11872325145441617367,160.0,P4
0.63954,0.6352,0.63836,50000,0.136,93.85419496734464,1.6,0.13682,8,624910589608775564,160.0,P4
0.0,0.0,0.0,50000,0.136,2.3378258229089552,1.6,0.13582,9,17076184880538027822,160.0,P4
0.63048,0.62808,0.63654,50000,0.136,88.21299073544375,1.6,0.13632,10,8250562175802861753,160.0,P4
0.0,0.0001,0.0,50000,0.136,3.5276708888958237,1.6,0.13726,11,6111905758341334452,160.0,P4
0.63728,0.63478,0.6286,50000,0.136,89.931135581244,1.6,0.13502,12,5465952963265950603,160.0,P4
0.63794,0.63868,0.64326,50000,0.136,93.7210126815293,1.6,0.13716,13,476878243093832840,160.0,P4
0.6347,0.6119,0.64242,50000,0.136,86.57426393655538,1.6,0.13462,14,14093716857003550292,160.0,P4
0.0,0.0,0.0,50000,0.136,2.895072139605775,1.6,0.13682,15,861115673118109235,160.0,P4
0.63692,0.64252,0.63814,50000,0.136,92.67248387273925,1.6,0.13616,16,2972087698010503206,160.0,P4
0.63602,0.63532,0.64178,50000,0.136,93.93809888543421,1.6,0.13886,17,2716676514603675078,160.0,P4
0.63816,0.63696,0.63524,50000,0.136,89.95844313130422,1.6,0.13684,18,4139076167279500629,160.0,P4
0.634,0.63694,0.63994,50000,0.136,92.09081859816395,1.6,0.13514,19,17995129838853939651,160.0,P4
0.6359,0.63884,0.63852,50000,0.136,92.31888035354191,1.6,0.13776,20,9505756437201226780,160.0,P4
0.0,0.0,0.0,50000,0.136,2.747004150435704,1.6,0.13476,21,8654330825569465352,160.0,P4
0.63904,0.63708,0.63654,50000,0.136,92.48810785565144,1.6,0.13624,22,14602745978609149223,160.0,P4
0.63616,0.63078,0.6458,50000,0.136,90.72942979645376,1.6,0.13514,23,14993670870195856194,160.0,P4
0.63826,0.6443,0.63874,50000,0.136,92.29091468505155,1.6,0.13546,24,10020810130379667546,160.0,P4
0.63716,0.6365,0.63654,50000,0.136,93.90706997286686,1.6,0.13934,25,2446347324599787499,160.0,P4
0.0,0.0,0.0,50000,0.136,3.3790857676214126,1.6,0.1351,26,16131071160519508376,160.0,P4
0.63088,0.56806,0.63684,50000,0.136,85.3284327819951,1.6,0.13382,27,7314192155341609398,160.0,P4
0.6419,0.63934,0.63836,50000,0.136,93.22972634648151,1.6,0.13882,28,14481226483442897900,160.0,P4
0.63548,0.63198,0.63422,50000,0.136,93.69227536205992,1.6,0.13954,29,17953401459525907024,160.0,P4
0.63076,0.63366,0.64244,50000,0.136,93.24119442065196,1.6,0.13684,30,9538838320997410858,160.0,P4
0.63606,0.63364,0.64034,50000,0.136,90.59490002276942,1.6,0.13728,31,2538817842197898102,160.0,P4
0.63184,0.64502,0.63996,50000,0.136,91.43240230033093,1.6,0.13514,32,8250643064442197504,160.0,P4
0.63676,0.63696,0.63962,50000,0.136,90.69607394838046,1.6,0.1367,33,18190308984658151361,160.0,P4
0.63644,0.63776,0.63698,50000,0.136,93.20622743388711,1.6,0.13878,34,7902813007780080613,160.0,P4
0.0,0.0,0.0,50000,0.136,3.4656826476749654,1.6,0.13832,35,15837003067516601915,160.0,P4
0.63298,0.63392,0.63242,50000,0.136,89.62579610949706,1.6,0.1347,36,17123883758423181061,160.0,P4
0.63362,0.62888,0.63434,50000,0.136,93.9070833334807,1.6,0.13816,37,16320122479978626304,160.0,P4
0.63968,0.63868,0.63724,50000,0.136,91.3161391251464,1.6,0.13676,38,13073291295505045143,160.0,P4
0.63498,0.63532,0.64286,50000,0.136,92.8550994130736,1.6,0.1394,39,17274743527324935903,160.0,P4
0.63812,0.63528,0.63598,50000,0.136,93.53646177245956,1.6,0.13496,40,5262638486654547305,160.0,P4
0.0,0.0,0.0,50000,0.136,2.427885806880322,1.6,0.13662,41,1151314548823421282,160.0,P4
0.6406,0.62818,0.63132,50000,0.136,92.71403575064218,1.6,0.1358,42,17358824602899597084,160.0,P4
0.6401,0.64136,0.6364,50000,0.136,92.73841731610496,1.6,0.13622,43,10272626551047994410,160.0,P4
0.63598,0.62902,0.64104,50000,0.136,89.49367081281731,1.6,0.13658,44,1573711617646599553,160.0,P4
0.63536,0.6383,0.6433,50000,0.136,92.86086778825879,1.6,0.13444,45,11461539077694504031,160.0,P4
0.0,0.0001,0.0,50000,0.136,3.724940712075858,1.6,0.1324,46,17655981186660296807,160.0,P4
0.0,0.0,0.0,50000,0.136,2.4153212366845955,1.6,0.13624,47,8986692670485984487,160.0,P4
0.63714,0.64198,0.64028,50000,0.136,95.2465101434409,1.6,0.13782,48,10243233646932404063,160.0,P4
0.62928,0.53624,0.63592,50000,0.136,84.69692293359293,1.6,0.13658,49,17394208938040606495,160.0,P4
0.63926,0.64154,0.6379,50000,0.136,91.94693929983622,1.6,0.13486,50,11536711374520168986,160.0,P4
0.63814,0.63344,0.63738,50000,0.136,89.88939516993824,1.6,0.13802,51,10077745826524187222,160.0,P4
0.63852,0.63258,0.63424,50000,0.136,93.66764868900336,1.6,0.13542,52,18275509472228384501,160.0,P4
0.63462,0.6405,0.6316,50000,0.136,91.68922825267346,1.6,0.13556,53,3601401581112406649,160.0,P4
0.63988,0.63582,0.63708,50000,0.136,90.47431330001143,1.6,0.13564,54,9660753924184612929,160.0,P4
0.63526,0.63618,0.6341,50000,0.136,88.44146048873047,1.6,0.13542,55,6535623444822925329,160.0,P4
0.63928,0.5756,0.63318,50000,0.136,85.34113626799454,1.6,0.13394,56,1644828614670867033,160.0,P4
0.63588,0.63796,0.63748,50000,0.136,93.10105164028212,1.6,0.13422,57,8749291861877003461,160.0,P4
0.6471,0.64334,0.64166,50000,0.136,90.02312466575894,1.6,0.13608,58,9774683825707325682,160.0,P4
0.0,0.0,0.0,50000,0.136,2.0961269404448335,1.6,0.13496,59,11450889312345912394,160.0,P4
0.63964,0.62976,0.63572,50000,0.136,91.1355733148892,1.6,0.13572,60,5305893299409510220,160.0,P4
0.63224,0.63072,0.6345,50000,0.136,93.27532889585342,1.6,0.13574,61,15706748246628279496,160.0,P4
0.63448,0.63372,0.63952,50000,0.136,94.2590315679798,1.6,0.1384,62,4917764812605639864,160.0,P4
0.6358,0.63314,0.6352,50000,0.136,92.98596045656147,1.6,0.14,63,1582424122126405168,160.0,P4
0.0,0.0,0.0,50000,0.136,3.3423237905999086,1.6,0.1332,64,14043265817275173808,160.0,P4
0.63522,0.63908,0.63552,50000,0.136,92.48359229849463,1.6,0.13704,65,8517581130784258496,160.0,P4
0.0,0.0,0.0,50000,0.136,2.0416292026308875,1.6,0.1355,66,4011308091833662456,160.0,P4
0.63376,0.63634,0.63482,50000,0.136,92.6957059019604,1.6,0.13518,67,6966522397118233121,160.0,P4
0.0,0.0,0.0,50000,0.136,2.169162404358057,1.6,0.13472,68,273269565632808142,160.0,P4
0.0,0.0,0.0,50000,0.136,1.57261660856392,1.6,0.13258,69,15542350263588271949,160.0,P4
0.63384,0.63372,0.642,50000,0.136,93.18321864858179,1.6,0.1355,70,6501233979553128857,160.0,P4
0.63416,0.63048,0.63716,50000,0.136,90.85749137309132,1.6,0.1374,71,5327049611519167949,160.0,P4
0.63556,0.6328,0.64088,50000,0.136,91.41124703358648,1.6,0.1361,72,15530384896697582432,160.0,P4
0.62984,0.6403,0.63048,50000,0.136,93.63930231258504,1.6,0.13692,73,5263288102673513689,160.0,P4
0.63506,0.6339,0.64272,50000,0.136,90.00738536215351,1.6,0.13576,74,16064970077028270045,160.0,P4
0.64016,0.63694,0.63094,50000,0.136,91.88974675700132,1.6,0.13638,75,16899639179476021018,160.0,P4
0.63352,0.63722,0.63194,50000,0.136,92.87947309862211,1.6,0.13642,76,1831483340304078690,160.0,P4
0.63914,0.63476,0.6397,50000,0.136,92.82261529062843,1.6,0.13588,77,8684729193665560555,160.0,P4
0.6479,0.63792,0.63646,50000,0.136,93.19890512879336,1.6,0.13576,78,6258488590997625961,160.0,P4
0.6413,0.63718,0.6412,50000,0.136,93.88938682334481,1.6,0.1379,79,8122688280788699818,160.0,P4
0.64308,0.63482,0.635,50000,0.136,93.40494028627127,1.6,0.13796,80,11624837313478565116,160.0,P4
0.63254,0.63586,0.63618,50000,0.136,91.83660233005507,1.6,0.1368,81,7885494469551019579,160.0,P4
0.63232,0.6366,0.64114,50000,0.136,92.68691347527242,1.6,0.13566,82,2339827725105338833,160.0,P4
0.0,0.0,0.0,50000,0.136,2.6846765304002003,1.6,0.13342,83,1946028072505863312,160.0,P4
0.63506,0.63604,0.63396,50000,0.136,92.867549784751,1.6,0.13678,84,1760469166367313946,160.0,P4
0.62932,0.62926,0.64304,50000,0.136,89.37646105322679,1.6,0.1358,85,10727821056144951724,160.0,P4
0.0,0.0,0.0,50000,0.136,2.465869391185732,1.6,0.13378,86,14062644131858349522,160.0,P4
0.6365,0.62824,0.63654,50000,0.136,92.93649170148213,1.6,0.13688,87,18179828032872937632,160.0,P4
0.0,0.0,0.0,50000,0.136,1.5117701772946943,1.6,0.13426,88,11275107850424472255,160.0,P4
0.63158,0.63784,0.63962,50000,0.136,93.24779220393788,1.6,0.13416,89,12616584974476672800,160.0,P4
0.63806,0.63884,0.63688,50000,0.136,94.52330466935332,1.6,0.1379,90,6088936316238690483,160.0,P4
0.63662,0.30302,0.63842,50000,0.136,81.04677594875207,1.6,0.13484,91,2637459326797102485,160.0,P4
0.633,0.62636,0.63682,50000,0.136,88.27733950976265,1.6,0.13608,92,8025756800163013944,160.0,P4
0.6362,0.63198,0.63922,50000,0.136,91.08023212632754,1.6,0.13632,93,8910756346399865386,160.0,P4
0.63492,0.21342,0.6338,50000,0.136,78.95465516560131,1.6,0.1342,94,16893228693005585890,160.0,P4
0.63442,0.6291,0.64246,50000,0.136,88.1362090269271,1.6,0.1369,95,13824648927263376128,160.0,P4
0.63622,0.6289,0.63358,50000,0.136,90.67751732493413,1.6,0.13738,96,5442185836552117421,160.0,P4
0.63134,0.63618,0.63882,50000,0.136,91.09631142963707,1.6,0.13612,97,5250594532236983693,160.0,P4
0.6376,0.63922,0.63492,50000,0.136,91.35991941636158,1.6,0.13632,98,15989094104661632760,160.0,P4
0.63364,0.63268,0.6391,50000,0.136,92.52012297966174,1.6,0.13578,99,2204949395514417792,160.0,P4
0.63522,0.633,0.63866,50000,0.145,94.34469695641678,1.6,0.14602,0,291843102960630814,160.0,P4
0.63512,0.6383,0.63542,50000,0.145,93.46661747934286,1.6,0.14312,1,15288039896539484663,160.0,P4
0.64086,0.63948,0.6358,50000,0.145,94.92754799730824,1.6,0.14596,2,4999176696356423869,160.0,P4
0.63666,0.63556,0.6367,50000,0.145,92.60365247898882,1.6,0.1451,3,17623005541002736069,160.0,P4
0.64096,0.62898,0.63422,50000,0.145,92.65704538539151,1.6,0.1495,4,15679318137963443498,160.0,P4
0.63886,0.63296,0.64022,50000,0.145,93.86750333133907,1.6,0.14568,5,3922925983855971107,160.0,P4
0.63268,0.6422,0.63312,50000,0.145,94.11371049920734,1.6,0.14416,6,16836305758227232238,160.0,P4
0.63474,0.63656,0.63144,50000,0.145,90.6970935173388,1.6,0.14386,7,10673696056389698941,160.0,P4
0.63172,0.63764,0.62984,50000,0.145,93.82265963223644,1.6,0.14524,8,6334908579831002032,160.0,P4
0.63952,0.63198,0.63694,50000,0.145,95.01550490002032,1.6,0.14396,9,8859861964969200763,160.0,P4
0.63158,0.63528,0.63592,50000,0.145,95.65974085464413,1.6,0.14594,10,2853881687921520172,160.0,P4
0.63718,0.63674,0.63752,50000,0.145,94.72381208566517,1.6,0.14274,11,5733275252232372426,160.0,P4
0.6309,0.63672,0.63026,50000,0.145,92.19760432585791,1.6,0.14226,12,11734184866294294758,160.0,P4
0.63316,0.63972,0.64202,50000,0.145,94.87304052154465,1.6,0.1469,13,1872561316342783016,160.0,P4
0.6334,0.64314,0.64116,50000,0.145,92.5211051982149,1.6,0.1447,14,12648782139814335460,160.0,P4
0.63924,0.63888,0.63212,50000,0.145,95.19720488110401,1.6,0.14844,15,12483164754480210399,160.0,P4
0.63444,0.63694,0.63456,50000,0.145,93.92909672660679,1.6,0.14618,16,17098334801687537836,160.0,P4
0.63606,0.63804,0.63712,50000,0.145,93.03613179831466,1.6,0.14664,17,5996693031646445204,160.0,P4
0.63706,0.63364,0.6303,50000,0.145,94.78503504344188,1.6,0.14494,18,12605146320489335447,160.0,P4
0.63238,0.63516,0.63776,50000,0.145,94.80544897766232,1.6,0.14444,19,8522835159890069419,160.0,P4
0.62628,0.63824,0.62972,50000,0.145,94.80017561833395,1.6,0.14618,20,3778797758487144724,160.0,P4
0.634,0.63414,0.6321,50000,0.145,95.16923781898521,1.6,0.14876,21,12583873180036396223,160.0,P4
0.63522,0.63948,0.63496,50000,0.145,94.28380931069064,1.6,0.1457,22,14435480463539881878,160.0,P4
0.63318,0.63752,0.63624,50000,0.145,93.80618648646578,1.6,0.14478,23,11134788168634503306,160.0,P4
0.6407,0.63932,0.63796,50000,0.145,93.7722008645957,1.6,0.141,24,13590672657050291905,160.0,P4
0.64062,0.63738,0.63654,50000,0.145,94.67402995608848,1.6,0.14756,25,12531385945045476702,160.0,P4
0.63882,0.63738,0.63468,50000,0.145,94.18255536029896,1.6,0.14438,26,17375559606512605686,160.0,P4
0.63858,0.63444,0.6358,50000,0.145,93.60913018081926,1.6,0.1448,27,7735640866659523661,160.0,P4
0.6362,0.63034,0.6403,50000,0.145,91.96483331856189,1.6,0.14408,28,2516413168155384556,160.0,P4
0.64088,0.63418,0.63378,50000,0.145,94.20689186339786,1.6,0.14278,29,10510088902136098465,160.0,P4
0.63626,0.63552,0.6298,50000,0.145,94.36430550232205,1.6,0.14428,30,7967898512186819583,160.0,P4
0.63964,0.64596,0.63352,50000,0.145,94.03474811665902,1.6,0.14382,31,11913284022943756260,160.0,P4
0.63344,0.63366,0.63768,50000,0.145,95.33227530584567,1.6,0.14522,32,11333359285053559,160.0,P4
0.6435,0.62912,0.63662,50000,0.145,93.82203529581409,1.6,0.14438,33,4821494282681449251,160.0,P4
0.63954,0.6313,0.63812,50000,0.145,93.29124012067808,1.6,0.14344,34,10710724314498581858,160.0,P4
0.63668,0.63736,0.6347,50000,0.145,93.41542993360225,1.6,0.14546,35,14797623019377002817,160.0,P4
0.64676,0.6341,0.63804,50000,0.145,94.24130710570533,1.6,0.14524,36,14678934100994368498,160.0,P4
0.63436,0.63212,0.6381,50000,0.145,95.57605620347073,1.6,0.14612,37,9879350966883916232,160.0,P4
0.63936,0.63892,0.63234,50000,0.145,94.3731789704416,1.6,0.14426,38,12021964122085882979,160.0,P4
0.63884,0.63768,0.63814,50000,0.145,94.22946260346484,1.6,0.14774,39,8360849633772426078,160.0,P4
0.63672,0.62784,0.6452,50000,0.145,94.6152290015701,1.6,0.14652,40,17961557896222993108,160.0,P4
0.63224,0.63706,0.633,50000,0.145,92.07508247258754,1.6,0.14536,41,12414333815820472106,160.0,P4
0.63448,0.63844,0.6394,50000,0.145,93.07540526805191,1.6,0.14232,42,3527616777468458554,160.0,P4
0.63758,0.63532,0.64172,50000,0.145,94.23054600722651,1.6,0.14536,43,4932639243928849763,160.0,P4
0.63804,0.63832,0.63618,50000,0.145,93.99316447520803,1.6,0.1438,44,5839459036832803605,160.0,P4
0.64254,0.63968,0.6357,50000,0.145,94.23570276640297,1.6,0.14512,45,4948728883404083396,160.0,P4
0.63828,0.63846,0.63664,50000,0.145,93.31531600178745,1.6,0.14652,46,15720622366760712821,160.0,P4
0.63166,0.63398,0.637,50000,0.145,94.5761622982874,1.6,0.14556,47,2439171888246375474,160.0,P4
0.63646,0.63786,0.63688,50000,0.145,94.46832392873124,1.6,0.14498,48,2129201596029626907,160.0,P4
0.63934,0.64234,0.63758,50000,0.145,93.43280493843197,1.6,0.14366,49,4996959701983131359,160.0,P4
0.63714,0.63344,0.63634,50000,0.145,93.90557671691344,1.6,0.1449,50,5647150048705859102,160.0,P4
0.6408,0.63582,0.6379,50000,0.145,93.53384441468583,1.6,0.14582,51,4341480184693545565,160.0,P4
0.63618,0.64086,0.6314,50000,0.145,92.55638186633293,1.6,0.14666,52,4007730054132250109,160.0,P4
0.63632,0.63718,0.63832,50000,0.145,95.31960727711852,1.6,0.14438,53,678529569026267361,160.0,P4
0.63792,0.64438,0.63656,50000,0.145,93.50957393361587,1.6,0.14224,54,13717303085133443870,160.0,P4
0.63722,0.64318,0.63996,50000,0.145,95.16947709229501,1.6,0.14496,55,15732035229217243495,160.0,P4
0.63462,0.6372,0.63522,50000,0.145,94.16645264345833,1.6,0.14562,56,14640665719272404014,160.0,P4
0.63808,0.62834,0.64158,50000,0.145,92.88858894625358,1.6,0.14706,57,4108256900947315370,160.0,P4
0.6295,0.63098,0.64026,50000,0.145,92.44105126808897,1.6,0.14702,58,16585030907369102178,160.0,P4
0.63634,0.63982,0.64108,50000,0.145,94.75667974349228,1.6,0.14656,59,853463685339339110,160.0,P4
0.63544,0.63492,0.63698,50000,0.145,93.21690984227097,1.6,0.14508,60,7862325742505946793,160.0,P4
0.63688,0.6393,0.63722,50000,0.145,93.58839574724517,1.6,0.1433,61,15486534036447179940,160.0,P4
0.63852,0.63436,0.63592,50000,0.145,93.78974763007434,1.6,0.14342,62,2809162742916841881,160.0,P4
0.63422,0.63362,0.64226,50000,0.145,94.26216684365744,1.6,0.1462,63,999926390351217103,160.0,P4
0.63974,0.61254,0.63444,50000,0.145,87.04109887361031,1.6,0.14416,64,12010252215140878965,160.0,P4
0.64126,0.6391,0.63942,50000,0.145,93.6183441426676,1.6,0.14584,65,2105601539629361421,160.0,P4
0.63854,0.63214,0.64184,50000,0.145,92.5419175221003,1.6,0.14208,66,10869786932025051512,160.0,P4
0.64004,0.63788,0.63168,50000,0.145,92.65457348450155,1.6,0.14392,67,15895667596396641725,160.0,P4
0.6385,0.63378,0.63802,50000,0.145,93.95082019359717,1.6,0.14484,68,10932417966319947768,160.0,P4
0.63176,0.63628,0.6305,50000,0.145,94.52632474764502,1.6,0.14564,69,2551310383998202173,160.0,P4
0.63186,0.64266,0.63078,50000,0.145,94.15213903793416,1.6,0.1442,70,10722517974331413005,160.0,P4
0.6359,0.64332,0.63168,50000,0.145,93.29296279295767,1.6,0.14594,71,5150241914358747677,160.0,P4
0.6389,0.6331,0.63742,50000,0.145,92.916717027852,1.6,0.14522,72,14345553135706550575,160.0,P4
0.63204,0.635,0.6418,50000,0.145,94.77916025125366,1.6,0.14394,73,12234942756072406171,160.0,P4
0.64052,0.63354,0.63676,50000,0.145,94.62276329799819,1.6,0.14574,74,7501676699820386810,160.0,P4
0.6348,0.63464,0.63882,50000,0.145,93.97912975865977,1.6,0.146,75,8292973221628315391,160.0,P4
0.63328,0.63116,0.6394,50000,0.145,94.34589834596177,1.6,0.14382,76,723839700695677487,160.0,P4
0.6359,0.63232,0.63664,50000,0.145,94.99052516664752,1.6,0.1451,77,15800929383833184910,160.0,P4
0.64062,0.63802,0.63094,50000,0.145,92.19540405380808,1.6,0.1438,78,12348122603001564647,160.0,P4
0.6361,0.64106,0.6271,50000,0.145,92.80652910219952,1.6,0.144,79,11186603882970849373,160.0,P4
0.63462,0.63814,0.63034,50000,0.145,92.84414715485771,1.6,0.14612,80,16035745477463132600,160.0,P4
0.64524,0.6359,0.63842,50000,0.145,94.00348130609014,1.6,0.14266,81,7284323845504026617,160.0,P4
0.63482,0.63568,0.6393,50000,0.145,95.05734220164871,1.6,0.14566,82,8607391168963971876,160.0,P4
0.63224,0.6364,0.64072,50000,0.145,93.75380654803591,1.6,0.14504,83,12269498124475867545,160.0,P4
0.6367,0.63422,0.64126,50000,0.145,94.87515226601013,1.6,0.1442,84,9911932760741103547,160.0,P4
0.64048,0.63406,0.63462,50000,0.145,94.3388610118304,1.6,0.14604,85,11822444813247400072,160.0,P4
0.63238,0.63832,0.63428,50000,0.145,92.39767632870911,1.6,0.1449,86,14756085083883747630,160.0,P4
0.63766,0.63886,0.63952,50000,0.145,95.09014044253573,1.6,0.14668,87,16602022555271394797,160.0,P4
0.63828,0.63408,0.6328,50000,0.145,95.00570797084164,1.6,0.14736,88,671663355746646330,160.0,P4
0.63968,0.63434,0.63548,50000,0.145,94.00525473755582,1.6,0.1422,89,61027310440236511,160.0,P4
0.6405,0.63544,0.63352,50000,0.145,94.86057626608758,1.6,0.14572,90,4415361429764750864,160.0,P4
0.64466,0.63718,0.63588,50000,0.145,93.6721472973534,1.6,0.1452,91,14211808016506449041,160.0,P4
0.63684,0.63574,0.63866,50000,0.145,95.47881197008171,1.6,0.14744,92,14639167269692157428,160.0,P4
0.63556,0.64136,0.64032,50000,0.145,92.57111991362815,1.6,0.14476,93,15343616555751898052,160.0,P4
0.63482,0.64098,0.6358,50000,0.145,95.1387109219888,1.6,0.14672,94,2031961820764326538,160.0,P4
0.63794,0.63464,0.64318,50000,0.145,93.03666150785607,1.6,0.1463,95,971987545641753880,160.0,P4
0.63576,0.6342,0.63812,50000,0.145,94.82559073962975,1.6,0.14758,96,18238969646331645548,160.0,P4
0.63754,0.64252,0.63776,50000,0.145,94.10197288971906,1.6,0.14388,97,16302366249109064771,160.0,P4
0.63436,0.63148,0.63518,50000,0.145,93.52731413382405,1.6,0.14738,98,9555500578494654638,160.0,P4
0.64128,0.62978,0.6334,50000,0.145,94.80027548699528,1.6,0.14604,99,17053230839243911707,160.0,P4
0.62824,0.63952,0.6367,50000,0.16,95.46671350587586,1.6,0.15968,0,6277869583240573241,160.0,P4
0.6384,0.63566,0.62972,50000,0.16,96.08354728618261,1.6,0.1607,1,13649485183549899307,160.0,P4
0.6276,0.6412,0.6236,50000,0.16,95.46520746669903,1.6,0.15888,2,2876967843198884078,160.0,P4
0.64526,0.64042,0.64412,50000,0.16,96.6798993285545,1.6,0.15816,3,5518936244938579909,160.0,P4
0.63548,0.6375,0.6411,50000,0.16,95.72239920397261,1.6,0.16002,4,6986255436456490495,160.0,P4
0.63652,0.63346,0.63718,50000,0.16,95.85503712388835,1.6,0.16314,5,16529391523325679709,160.0,P4
0.63626,0.63216,0.63974,50000,0.16,95.97295241318739,1.6,0.16114,6,17115859753553406305,160.0,P4
0.63702,0.63928,0.63948,50000,0.16,95.28251789422087,1.6,0.15976,7,6369805223072922979,160.0,P4
0.63496,0.637,0.6328,50000,0.16,96.26159987754426,1.6,0.16254,8,6205675269433961034,160.0,P4
0.63208,0.63692,0.63514,50000,0.16,95.94123975505799,1.6,0.16032,9,808004572175479191,160.0,P4
0.63258,0.63778,0.63672,50000,0.16,96.4147311054975,1.6,0.15952,10,9016702552963521038,160.0,P4
0.637,0.63938,0.64166,50000,0.16,95.57368805588726,1.6,0.15728,11,2240351468059116388,160.0,P4
0.63498,0.63668,0.64226,50000,0.16,96.02505230888063,1.6,0.16004,12,9979167788662648641,160.0,P4
0.63322,0.6422,0.63808,50000,0.16,96.4907327448299,1.6,0.1591,13,16030747011910581258,160.0,P4
0.64002,0.63234,0.63338,50000,0.16,96.47613683556088,1.6,0.15938,14,16742926643534127858,160.0,P4
0.63904,0.6407,0.63568,50000,0.16,96.35132362863887,1.6,0.16108,15,14885987203859715754,160.0,P4
0.63494,0.6371,0.63206,50000,0.16,95.62362802473146,1.6,0.1599,16,18417796318563069817,160.0,P4
0.63782,0.63566,0.63412,50000,0.16,95.38226638567153,1.6,0.159,17,6071058259825675818,160.0,P4
0.6377,0.6363,0.63554,50000,0.16,96.5780188208603,1.6,0.16068,18,499449033314130616,160.0,P4
0.63928,0.6327,0.63332,50000,0.16,95.19189580371105,1.6,0.15662,19,10377257239675999969,160.0,P4
0.63922,0.63396,0.63136,50000,0.16,95.83166294595664,1.6,0.1565,20,4759181190233605484,160.0,P4
0.6419,0.63604,0.63294,50000,0.16,96.1369713379103,1.6,0.16178,21,8385856443203828939,160.0,P4
0.6362,0.63696,0.63544,50000,0.16,95.50570906243385,1.6,0.161,22,10252223712694174852,160.0,P4
0.62852,0.63614,0.63596,50000,0.16,96.35241780869609,1.6,0.15852,23,11897404969418095056,160.0,P4
0.63482,0.64098,0.63458,50000,0.16,96.53037969243647,1.6,0.15972,24,449682502864978817,160.0,P4
0.63446,0.64356,0.6417,50000,0.16,96.09873102476993,1.6,0.1596,25,12768598769205363271,160.0,P4
0.6335,0.63366,0.62932,50000,0.16,95.91023327052832,1.6,0.15832,26,12494550150500082036,160.0,P4
0.6401,0.6292,0.63724,50000,0.16,96.57725681659639,1.6,0.158,27,12220204889884889571,160.0,P4
0.63976,0.63234,0.63326,50000,0.16,96.50745935566378,1.6,0.1608,28,12820610906940343930,160.0,P4
0.63292,0.63876,0.64096,50000,0.16,95.51229081267805,1.6,0.15832,29,9086437433870358061,160.0,P4
0.63672,0.63164,0.63424,50000,0.16,95.52065119217335,1.6,0.16154,30,9515955075060362413,160.0,P4
0.63548,0.636,0.63388,50000,0.16,96.44459571081177,1.6,0.1583,31,9682578387927746658,160.0,P4
0.63776,0.63746,0.63464,50000,0.16,96.29055578211236,1.6,0.1597,32,9345763783732506460,160.0,P4
0.6379,0.63346,0.64114,50000,0.16,97.28218028690424,1.6,0.16474,33,4936255190729927068,160.0,P4
0.63644,0.63618,0.6347,50000,0.16,95.93853264931946,1.6,0.15924,34,17916000209747018534,160.0,P4
0.63784,0.64236,0.63514,50000,0.16,96.3071123033116,1.6,0.16146,35,2147755160323441640,160.0,P4
0.63398,0.63856,0.63358,50000,0.16,96.64323055018271,1.6,0.15892,36,16640117032365423548,160.0,P4
0.6389,0.6348,0.63398,50000,0.16,95.84203843817737,1.6,0.16122,37,12839887079656281536,160.0,P4
0.6338,0.63884,0.64036,50000,0.16,96.11637426558259,1.6,0.15942,38,12686370674817202455,160.0,P4
0.63656,0.63066,0.64068,50000,0.16,96.40637314382026,1.6,0.16036,39,1180302392718329289,160.0,P4
0.63836,0.6403,0.63614,50000,0.16,95.37562867830668,1.6,0.1584,40,16210715278817255005,160.0,P4
0.63814,0.63104,0.63528,50000,0.16,96.12727426486009,1.6,0.16034,41,12197729044547517505,160.0,P4
0.63682,0.63912,0.6326,50000,0.16,96.44801187171906,1.6,0.16144,42,12493039800297856782,160.0,P4
0.6372,0.63508,0.64144,50000,0.16,96.36014129652699,1.6,0.15866,43,677101660962804202,160.0,P4
0.63616,0.64022,0.6356,50000,0.16,96.52674089103874,1.6,0.16008,44,10169616506454021218,160.0,P4
0.6313,0.64082,0.63816,50000,0.16,96.51545578841252,1.6,0.16096,45,11522183042052587282,160.0,P4
0.63748,0.64004,0.63406,50000,0.16,96.4015065039925,1.6,0.15978,46,15419697190820289790,160.0,P4
0.64048,0.63516,0.63646,50000,0.16,96.1158012984939,1.6,0.15816,47,1474793381732574682,160.0,P4
0.63682,0.63624,0.64272,50000,0.16,94.77799022209048,1.6,0.15846,48,10338699530313401405,160.0,P4
0.63606,0.6323,0.63806,50000,0.16,95.52523210822332,1.6,0.15902,49,9275376035034389891,160.0,P4
0.64034,0.63218,0.63998,50000,0.16,95.37623645046189,1.6,0.15878,50,489024571979185789,160.0,P4
0.63152,0.63524,0.63636,50000,0.16,96.08461026709134,1.6,0.16154,51,8693523178114558723,160.0,P4
0.6363,0.6373,0.62952,50000,0.16,95.53504552743271,1.6,0.15818,52,8783645451127254104,160.0,P4
0.64062,0.63862,0.63776,50000,0.16,96.09175487109512,1.6,0.15598,53,12024276125724389204,160.0,P4
0.63174,0.63662,0.64224,50000,0.16,95.64692665164607,1.6,0.15838,54,14576071325622040741,160.0,P4
0.6365,0.63526,0.63516,50000,0.16,96.17626928515189,1.6,0.15886,55,10224075865032634526,160.0,P4
0.63594,0.6397,0.64324,50000,0.16,95.72143019489813,1.6,0.15876,56,15495827798903598331,160.0,P4
0.63792,0.64054,0.6303,50000,0.16,95.63939541069428,1.6,0.16004,57,11036333920802607549,160.0,P4
0.64756,0.64326,0.63092,50000,0.16,95.38254344423615,1.6,0.16342,58,12631736870172885336,160.0,P4
0.6363,0.6333,0.63634,50000,0.16,96.40941314073298,1.6,0.159,59,850302266602958751,160.0,P4
0.64224,0.63634,0.63852,50000,0.16,96.13606486937859,1.6,0.15712,60,15472338867213340666,160.0,P4
0.64122,0.63676,0.6402,50000,0.16,96.29029249633356,1.6,0.16024,61,7192002028322324553,160.0,P4
0.63458,0.63218,0.6376,50000,0.16,95.90005890287222,1.6,0.15892,62,13988573097751017152,160.0,P4
0.63698,0.63774,0.63902,50000,0.16,95.6875164280836,1.6,0.15828,63,17896780162100839855,160.0,P4
0.6376,0.63394,0.6374,50000,0.16,95.58373802091589,1.6,0.1612,64,12756824728865469135,160.0,P4
0.63182,0.63606,0.6372,50000,0.16,95.77727510426696,1.6,0.1588,65,12417529087114569378,160.0,P4
0.63222,0.63628,0.63886,50000,0.16,95.76296573309249,1.6,0.1614,66,11772101625138324679,160.0,P4
0.64166,0.63762,0.64078,50000,0.16,95.75623567286716,1.6,0.16128,67,13292169528043465310,160.0,P4
0.6368,0.63742,0.63664,50000,0.16,95.98172655835658,1.6,0.1605,68,13669240773931813871,160.0,P4
0.63514,0.63804,0.6383,50000,0.16,95.57087960133329,1.6,0.15948,69,15528336696750100687,160.0,P4
0.63572,0.63392,0.64222,50000,0.16,95.33393543060365,1.6,0.15844,70,8021112273275196788,160.0,P4
0.64052,0.63726,0.63504,50000,0.16,96.59995377904245,1.6,0.16164,71,15425346178596063619,160.0,P4
0.64088,0.63534,0.63472,50000,0.16,95.98034398789369,1.6,0.16042,72,4597629088563177817,160.0,P4
0.63528,0.6409,0.6368,50000,0.16,96.20925190466342,1.6,0.15792,73,17617388983309938344,160.0,P4
0.63984,0.64494,0.6377,50000,0.16,96.51312675583472,1.6,0.15904,74,1522366163001668245,160.0,P4
0.6364,0.63728,0.63746,50000,0.16,96.2841719591962,1.6,0.16136,75,4294254236184948257,160.0,P4
0.63846,0.64268,0.64014,50000,0.16,96.42658675248038,1.6,0.16218,76,6932656226861190700,160.0,P4
0.63212,0.63882,0.62534,50000,0.16,95.92636301347606,1.6,0.1595,77,17687990471037996884,160.0,P4
0.63132,0.62876,0.63396,50000,0.16,96.50261875566024,1.6,0.15996,78,14507476872477016541,160.0,P4
0.63914,0.6388,0.6293,50000,0.16,95.99059729058979,1.6,0.16074,79,15327750170180636145,160.0,P4
0.63502,0.63762,0.63534,50000,0.16,96.54042857678522,1.6,0.16362,80,17447127043113617961,160.0,P4
0.63712,0.63912,0.6297,50000,0.16,95.45115199237405,1.6,0.15962,81,10887961670945596427,160.0,P4
0.63774,0.63766,0.63398,50000,0.16,96.27956581760148,1.6,0.1614,82,15497720385196480154,160.0,P4
0.63412,0.63984,0.6442,50000,0.16,95.91947649002203,1.6,0.15848,83,2246969811406712984,160.0,P4
0.63434,0.63628,0.63858,50000,0.16,96.27160432506878,1.6,0.16202,84,11426540108664774665,160.0,P4
0.63506,0.6307,0.63542,50000,0.16,94.69472021230499,1.6,0.15882,85,14519533671773222848,160.0,P4
0.63594,0.63722,0.6359,50000,0.16,96.09423214463565,1.6,0.15968,86,10229062520471617647,160.0,P4
0.6327,0.64066,0.63264,50000,0.16,96.85300241388956,1.6,0.16316,87,5613528828675901333,160.0,P4
0.63716,0.63222,0.64042,50000,0.16,96.16864309354199,1.6,0.1572,88,16743483690935526536,160.0,P4
0.63834,0.641,0.63874,50000,0.16,95.67815592481186,1.6,0.1604,89,15687535069425103897,160.0,P4
0.63144,0.6366,0.6306,50000,0.16,96.30620757510293,1.6,0.16002,90,12554486912890914930,160.0,P4
0.63308,0.6365,0.63258,50000,0.16,96.00277463508004,1.6,0.15916,91,2255666568818486459,160.0,P4
0.63728,0.63684,0.63612,50000,0.16,96.11880839951465,1.6,0.1613,92,7543246148395460270,160.0,P4
0.64072,0.63406,0.63706,50000,0.16,96.93002204849788,1.6,0.16074,93,17748881833819284170,160.0,P4
0.63982,0.6317,0.63978,50000,0.16,95.77964637410389,1.6,0.15942,94,8212805611371466147,160.0,P4
0.63514,0.63666,0.63208,50000,0.16,95.97083177020667,1.6,0.16038,95,7160373316027374934,160.0,P4
0.63436,0.63332,0.63368,50000,0.16,95.94764269656504,1.6,0.15946,96,17742260555069357082,160.0,P4
0.63412,0.6372,0.64074,50000,0.16,96.24685063905686,1.6,0.1619,97,17454160302379406619,160.0,P4
0.64088,0.63988,0.63694,50000,0.16,95.54564955907684,1.6,0.1605,98,5466373570364551032,160.0,P4
0.63898,0.63252,0.62874,50000,0.16,96.76770530339718,1.6,0.16176,99,197498622961042349,160.0,P4
0.0,0.0,0.0,50000,0.028,0.2561062675517212,1.75,0.02722,0,6149502398163712422,160.0,P4
0.0,0.0,0.0,50000,0.028,0.2389048087487409,1.75,0.02742,1,14359941159372936861,160.0,P4
0.0,0.0,0.0,50000,0.028,0.2585230311172705,1.75,0.02744,2,11237896518563634623,160.0,P4
0.0,0.0,0.0,50000,0.028,0.26254400379669185,1.75,0.02778,3,4259983547746165935,160.0,P4
0.0,0.0,0.0,50000,0.028,0.22799200350494256,1.75,0.02934,4,3655430084618477219,160.0,P4
0.0,0.0,0.0,50000,0.028,0.20160095385893056,1.75,0.02828,5,6852814943541884131,160.0,P4
0.0,0.0,0.0,50000,0.028,0.26827226764158113,1.75,0.0283,6,9611235299463813885,160.0,P4
0.0,0.0,0.0,50000,0.028,0.20569700365711036,1.75,0.02756,7,8237014164672720315,160.0,P4
0.0,0.0,0.0,50000,0.028,0.213546346070458,1.75,0.02698,8,12327020303999218752,160.0,P4
0.0,0.0,0.0,50000,0.028,0.2764697297673999,1.75,0.0282,9,6220322965185352250,160.0,P4
0.0,0.0,0.0,50000,0.028,0.2532270510616084,1.75,0.02748,10,6544699617056505490,160.0,P4
0.0,0.0,0.0,50000,0.028,0.2014809885725276,1.75,0.02782,11,8888960220350953786,160.0,P4
0.0,0.0,0.0,50000,0.028,0.24090009327162418,1.75,0.0275,12,4770521708018836717,160.0,P4
0.0,0.0,0.0,50000,0.028,0.20590587921849457,1.75,0.02746,13,11486555140584886152,160.0,P4
0.0,0.0,0.0,50000,0.028,0.24132080126743516,1.75,0.02782,14,12376587084087224874,160.0,P4
0.0,0.0,0.0,50000,0.028,0.24658031181149515,1.75,0.02822,15,6990866732871034716,160.0,P4
0.0,0.0,0.0,50000,0.028,0.22266222568538627,1.75,0.02822,16,749002000121621927,160.0,P4
0.0,0.0,0.0,50000,0.028,0.2541092792141946,1.75,0.02856,17,12238771315477266022,160.0,P4
0.0,0.0,0.0,50000,0.028,0.23759449906313096,1.75,0.02792,18,13001562001640128375,160.0,P4
0.0,0.0,0.0,50000,0.028,0.37342402485055637,1.75,0.02752,19,4361946872791640343,160.0,P4
0.0,0.0,0.0,50000,0.028,0.29769524906665584,1.75,0.02642,20,6969528208160482430,160.0,P4
0.0,0.0,0.0,50000,0.028,0.25470631939542926,1.75,0.0269,21,9802746542640796442,160.0,P4
0.0,0.0,0.0,50000,0.028,0.2164512973015333,1.75,0.02728,22,12611524025885344126,160.0,P4
0.0,0.0,0.0,50000,0.028,0.20055163780831842,1.75,0.02788,23,14721104395240086572,160.0,P4
0.0,0.0,0.0,50000,0.028,0.2915295941362323,1.75,0.0289,24,14341927077074178231,160.0,P4
0.0,0.0,0.0,50000,0.028,0.27617384277557916,1.75,0.0286,25,11634444005680932731,160.0,P4
0.0,0.0,0.0,50000,0.028,0.2482346639224231,1.75,0.02816,26,3557532894715763339,160.0,P4
0.0,0.0,0.0,50000,0.028,0.251488072193313,1.75,0.02774,27,12437500447232348886,160.0,P4
0.0,0.0,0.0,50000,0.028,0.22609075110261598,1.75,0.02742,28,5237903984380570800,160.0,P4
0.0,0.0,0.0,50000,0.028,0.2465135332897611,1.75,0.02654,29,1085188529908171056,160.0,P4
0.0,0.0,0.0,50000,0.028,0.21313024636619735,1.75,0.0274,30,17112526115385188072,160.0,P4
0.0,0.0,0.0,50000,0.028,0.24304767501124414,1.75,0.02684,31,8162839711039420374,160.0,P4
0.0,0.0,0.0,50000,0.028,0.22139614716917622,1.75,0.0279,32,12007167070039385484,160.0,P4
0.0,0.0,0.0,50000,0.028,0.2169368276857134,1.75,0.02716,33,7102460564705231949,160.0,P4
0.0,0.0,0.0,50000,0.028,0.2755958929503707,1.75,0.02778,34,16954648853983466516,160.0,P4
0.0,0.0,0.0,50000,0.028,0.2317648395887242,1.75,0.02726,35,17643465154519095796,160.0,P4
0.0,0.0,0.0,50000,0.028,0.2563846333042792,1.75,0.02804,36,10193586875112346061,160.0,P4
0.0,0.0,0.0,50000,0.028,0.2637284129127642,1.75,0.02722,37,5782429464764915020,160.0,P4
0.0,0.0,0.0,50000,0.028,0.19772894160715931,1.75,0.0283,38,3229937811058171231,160.0,P4
0.0,0.0,0.0,50000,0.028,0.25715593815195825,1.75,0.02712,39,293468874366455334,160.0,P4
0.0,0.0,0.0,50000,0.028,0.2813135897378736,1.75,0.02916,40,8805427946673439128,160.0,P4
0.0,0.0,0.0,50000,0.028,0.20558913856087324,1.75,0.0293,41,7278269522576909927,160.0,P4
0.0,0.0,0.0,50000,0.028,0.2545329735411813,1.75,0.0297,42,5833347321725099831,160.0,P4
0.0,0.0,0.0,50000,0.028,0.23741383893266121,1.75,0.02902,43,12001073433306400755,160.0,P4
0.0,0.0,0.0,50000,0.028,0.2493424527308788,1.75,0.02736,44,17117318755465362763,160.0,P4
0.0,0.0,0.0,50000,0.028,0.2573848732779676,1.75,0.02746,45,6531009293931775058,160.0,P4
0.0,0.0,0.0,50000,0.028,0.2514232813610055,1.75,0.02836,46,17476537632182569590,160.0,P4
0.0,0.0,0.0,50000,0.028,0.26984014790363386,1.75,0.02762,47,9162326376933397212,160.0,P4
0.0,0.0,0.0,50000,0.028,0.2135878307426087,1.75,0.02864,48,8009375968792293801,160.0,P4
0.0,0.0,0.0,50000,0.028,0.22978074844124882,1.75,0.028,49,3227680472068097002,160.0,P4
0.0,0.0,0.0,50000,0.028,0.2008891204063074,1.75,0.02828,50,1810225749725583346,160.0,P4
0.0,0.0,0.0,50000,0.028,0.2565271226853444,1.75,0.0271,51,16054692514140602700,160.0,P4
0.0,0.0,0.0,50000,0.028,0.23234368013233073,1.75,0.02774,52,8564753050043953954,160.0,P4
0.0,0.0,0.0,50000,0.028,0.2003295371037137,1.75,0.02798,53,17832632838062715195,160.0,P4
0.0,0.0,0.0,50000,0.028,0.2595667996750733,1.75,0.02872,54,10846605772324506240,160.0,P4
0.0,0.0,0.0,50000,0.028,0.24645228002064642,1.75,0.02948,55,11377541919811689237,160.0,P4
0.0,0.0,0.0,50000,0.028,0.25422552265947185,1.75,0.02812,56,11443985674794716253,160.0,P4
0.0,0.0,0.0,50000,0.028,0.24067861098994295,1.75,0.02898,57,11843936497690972243,160.0,P4
0.0,0.0,0.0,50000,0.028,0.2748415305802089,1.75,0.02952,58,17049424410260275865,160.0,P4
0.0,0.0,0.0,50000,0.028,0.2821991114885524,1.75,0.02812,59,8440464617842147979,160.0,P4
0.0,0.0,0.0,50000,0.028,0.2629655081993703,1.75,0.02948,60,17010780226810529993,160.0,P4
0.0,0.0,0.0,50000,0.028,0.3280251949696106,1.75,0.02924,61,12199056568181805871,160.0,P4
0.0,0.0,0.0,50000,0.028,0.18842255714540646,1.75,0.028,62,646265784039770966,160.0,P4
0.0,0.0,0.0,50000,0.028,0.27621327004720303,1.75,0.0278,63,17926421116900080401,160.0,P4
0.0,0.0,0.0,50000,0.028,0.2169980503619044,1.75,0.02782,64,12580721475337952147,160.0,P4
0.0,0.0,0.0,50000,0.028,0.2659976269074929,1.75,0.029,65,13859390246923991084,160.0,P4
0.0,0.0,0.0,50000,0.028,0.23490555868150778,1.75,0.0275,66,8489980376211478375,160.0,P4
0.0,0.0,0.0,50000,0.028,0.22826141308393574,1.75,0.02598,67,8539588551120396835,160.0,P4
0.0,0.0,0.0,50000,0.028,0.22534182874309902,1.75,0.0277,68,9905797747164957636,160.0,P4
0.0,0.0,0.0,50000,0.028,0.21208065498489362,1.75,0.0278,69,13453198937513991900,160.0,P4
0.0,0.0,0.0,50000,0.028,0.23778340632403314,1.75,0.02804,70,5442760019802077315,160.0,P4
0.0,0.0,0.0,50000,0.028,0.29617991105105607,1.75,0.02784,71,6440304187778557633,160.0,P4
0.0,0.0,0.0,50000,0.028,0.2309494077759524,1.75,0.02888,72,10185479511939273723,160.0,P4
0.0,0.0,0.0,50000,0.028,0.18509617900886063,1.75,0.02796,73,3269996977611942770,160.0,P4
0.0,0.0,0.0,50000,0.028,0.3156634344396936,1.75,0.0278,74,2105938733153370780,160.0,P4
0.0,0.0,0.0,50000,0.028,0.19781752462609387,1.75,0.02828,75,17254666293191811336,160.0,P4
0.0,0.0,0.0,50000,0.028,0.2301771244914371,1.75,0.0268,76,3281895361306191911,160.0,P4
0.0,0.0,0.0,50000,0.028,0.2606316441946962,1.75,0.02754,77,17002740279635949234,160.0,P4
0.0,0.0,0.0,50000,0.028,0.2476755076510895,1.75,0.02848,78,2681725153952431168,160.0,P4
0.0,0.0,0.0,50000,0.028,0.2284381425187421,1.75,0.02922,79,18201256209945148812,160.0,P4
0.0,0.0,0.0,50000,0.028,0.23025178682407738,1.75,0.02808,80,11731389979136943927,160.0,P4
0.0,0.0,0.0,50000,0.028,0.36151319211539623,1.75,0.02804,81,10106281034706882437,160.0,P4
0.0,0.0,0.0,50000,0.028,0.22388650981524064,1.75,0.02826,82,12122857257077351070,160.0,P4
0.0,0.0,0.0,50000,0.028,0.2509765140107228,1.75,0.02874,83,1874131846375733331,160.0,P4
0.0,0.0,0.0,50000,0.028,0.32975054057169007,1.75,0.02786,84,14105258311171223463,160.0,P4
0.0,0.0,0.0,50000,0.028,0.2321537509063305,1.75,0.02764,85,15426689738732916847,160.0,P4
0.0,0.0,0.0,50000,0.028,0.26628371407031437,1.75,0.0282,86,16383478917813857528,160.0,P4
0.0,0.0,0.0,50000,0.028,0.23717241789456958,1.75,0.02822,87,1244928818032438354,160.0,P4
0.0,0.0,0.0,50000,0.028,0.30443858669565493,1.75,0.02858,88,8677121769697703171,160.0,P4
0.0,0.0,0.0,50000,0.028,0.21147383861731942,1.75,0.02858,89,2375525819204079155,160.0,P4
0.0,0.0,0.0,50000,0.028,0.22412167718435871,1.75,0.02806,90,1203608405366685863,160.0,P4
0.0,0.0,0.0,50000,0.028,0.322352266103786,1.75,0.03008,91,2401564066983850391,160.0,P4
0.0,0.0,0.0,50000,0.028,0.2596664378778922,1.75,0.02892,92,9036948410870505549,160.0,P4
0.0,0.0,0.0,50000,0.028,0.3077504693066364,1.75,0.0282,93,14220449029730629224,160.0,P4
0.0,0.0,0.0,50000,0.028,0.27828081729189663,1.75,0.0278,94,4487279434937819810,160.0,P4
0.0,0.0,0.0,50000,0.028,0.24164493558443514,1.75,0.02812,95,7023839763623187079,160.0,P4
0.0,0.0,0.0,50000,0.028,0.24613442194289833,1.75,0.02718,96,14477097057494888149,160.0,P4
0.0,0.0,0.0,50000,0.028,0.216573997506265,1.75,0.02696,97,11810648549329710376,160.0,P4
0.0,0.0,0.0,50000,0.028,0.22508344099716607,1.75,0.02886,98,13039821533970706584,160.0,P4
0.0,0.0,0.0,50000,0.028,0.24253374095667124,1.75,0.02892,99,2394711794783798767,160.0,P4
0.0,0.0,0.0,50000,0.032,0.3812370520897458,1.75,0.03262,0,12669487649795847022,160.0,P4
0.0,0.0,0.0,50000,0.032,0.3862489971339977,1.75,0.03256,1,12462941518407086994,160.0,P4
0.0,0.0,0.0,50000,0.032,0.3031180221890319,1.75,0.03272,2,17132404308112960653,160.0,P4
0.0,0.0,0.0,50000,0.032,0.27476834587516136,1.75,0.03214,3,11514294656013159791,160.0,P4
0.0,0.0,0.0,50000,0.032,0.30277779319785125,1.75,0.03182,4,8749087143553940654,160.0,P4
0.0,0.0,0.0,50000,0.032,0.27756948090525274,1.75,0.03234,5,12372682397415164532,160.0,P4
0.0,0.0,0.0,50000,0.032,0.3011424917976271,1.75,0.0327,6,14187772033299700789,160.0,P4
0.0,0.0,0.0,50000,0.032,0.33841733212086256,1.75,0.03252,7,10104633170680660029,160.0,P4
0.0,0.0,0.0,50000,0.032,0.33710464632653575,1.75,0.03148,8,14354253769054163488,160.0,P4
0.0,0.0,0.0,50000,0.032,0.4875123286114624,1.75,0.03172,9,2191750409095955001,160.0,P4
0.0,0.0,0.0,50000,0.032,0.4044730665649733,1.75,0.03188,10,17372221435464988422,160.0,P4
0.0,0.0,0.0,50000,0.032,0.2926816579288227,1.75,0.03226,11,9193438575210965793,160.0,P4
0.0,0.0,0.0,50000,0.032,0.4454600574823352,1.75,0.03328,12,2538341328387251465,160.0,P4
0.0,0.0,0.0,50000,0.032,0.25760758827924973,1.75,0.0315,13,14183347046857816014,160.0,P4
0.0,0.0,0.0,50000,0.032,0.2858902752837441,1.75,0.03306,14,435615317652917357,160.0,P4
0.0,0.0,0.0,50000,0.032,0.3432329830560032,1.75,0.03202,15,12268910163157366634,160.0,P4
0.0,0.0,0.0,50000,0.032,0.3112357553857636,1.75,0.03184,16,17152469529955675864,160.0,P4
0.0,0.0,0.0,50000,0.032,0.3498142461838486,1.75,0.03178,17,1046560457901093339,160.0,P4
0.0,0.0,0.0,50000,0.032,0.36808842905353506,1.75,0.032,18,6529586104064555476,160.0,P4
0.0,0.0,0.0,50000,0.032,0.34434660042704107,1.75,0.0326,19,10689017133517578750,160.0,P4
0.0,0.0,0.0,50000,0.032,0.30591251020237725,1.75,0.03164,20,15880190152015814977,160.0,P4
0.0,0.0,0.0,50000,0.032,0.26119293029396684,1.75,0.0309,21,4909563852882044391,160.0,P4
0.0,0.0,0.0,50000,0.032,0.3302029420724841,1.75,0.03158,22,13320030121166054203,160.0,P4
0.0,0.0,0.0,50000,0.032,0.4250877417631407,1.75,0.03254,23,15696972475593310470,160.0,P4
0.0,0.0,0.0,50000,0.032,0.3491598126626751,1.75,0.03254,24,15727552793839479556,160.0,P4
0.0,0.0,0.0,50000,0.032,0.3638639020446666,1.75,0.03168,25,5084361230305301643,160.0,P4
0.0,0.0,0.0,50000,0.032,0.28729965938676627,1.75,0.0308,26,8657888042575661008,160.0,P4
0.0,0.0,0.0,50000,0.032,0.3782194726513758,1.75,0.0325,27,14583368809959865814,160.0,P4
0.0,0.0,0.0,50000,0.032,0.2899277131505697,1.75,0.03294,28,16260785384714796781,160.0,P4
0.0,0.0,0.0,50000,0.032,0.3155979776556179,1.75,0.03254,29,18144698086217998490,160.0,P4
0.0,0.0,0.0,50000,0.032,0.44155134200008556,1.75,0.03296,30,17279158200544757389,160.0,P4
0.0,0.0,0.0,50000,0.032,0.35985909393779963,1.75,0.03164,31,12223565328549457544,160.0,P4
0.0,0.0,0.0,50000,0.032,0.24713395096123328,1.75,0.0314,32,16161334923505002711,160.0,P4
0.0,0.0,0.0,50000,0.032,0.34650460750659534,1.75,0.03122,33,11496231664305279554,160.0,P4
0.0,0.0,0.0,50000,0.032,0.2692390193788366,1.75,0.03138,34,7576477222137212316,160.0,P4
0.0,0.0,0.0,50000,0.032,0.27573313263886284,1.75,0.0318,35,17617512123155367651,160.0,P4
0.0,0.0,0.0,50000,0.032,0.34674866072081373,1.75,0.03212,36,10626155701303118904,160.0,P4
0.0,0.0,0.0,50000,0.032,0.34342400043533716,1.75,0.03384,37,7839554976414174099,160.0,P4
0.0,0.0,0.0,50000,0.032,0.3435672565601312,1.75,0.03172,38,11720082597785351529,160.0,P4
0.0,0.0,0.0,50000,0.032,0.46726535892379184,1.75,0.03136,39,4772865456051473602,160.0,P4
0.0,0.0,0.0,50000,0.032,0.3993823995278595,1.75,0.03164,40,16149399787900716971,160.0,P4
0.0,0.0,0.0,50000,0.032,0.3833832359236783,1.75,0.03268,41,11046176770698159505,160.0,P4
0.0,0.0,0.0,50000,0.032,0.25969495688475464,1.75,0.0314,42,12139210213652350287,160.0,P4
0.0,0.0,0.0,50000,0.032,0.3336351210989578,1.75,0.03174,43,2088588099571117745,160.0,P4
0.0,0.0,0.0,50000,0.032,0.34903676853555093,1.75,0.03164,44,3359801172142257166,160.0,P4
0.0,0.0,0.0,50000,0.032,0.34434453049663544,1.75,0.03144,45,15830609002979969136,160.0,P4
0.0,0.0,0.0,50000,0.032,0.29193511108003684,1.75,0.03162,46,9625990759846309428,160.0,P4
0.0,0.0,0.0,50000,0.032,0.32152931731729395,1.75,0.03236,47,5483043354753335501,160.0,P4
0.0,0.0,0.0,50000,0.032,0.3233566081729352,1.75,0.0327,48,12555719159779419942,160.0,P4
0.0,0.0,0.0,50000,0.032,0.2810332745834159,1.75,0.03232,49,16458493897296451279,160.0,P4
0.0,0.0,0.0,50000,0.032,0.3379827923421381,1.75,0.03322,50,8742105596389568738,160.0,P4
0.0,0.0,0.0,50000,0.032,0.3628236747591439,1.75,0.03266,51,17973830778875251344,160.0,P4
0.0,0.0,0.0,50000,0.032,0.34022626042488313,1.75,0.03224,52,10721761753835523862,160.0,P4
0.0,0.0,0.0,50000,0.032,0.3933490992837356,1.75,0.03212,53,11536943058293202450,160.0,P4
0.0,0.0,0.0,50000,0.032,0.3578762194198188,1.75,0.0329,54,5422724951350509814,160.0,P4
0.0,0.0,0.0,50000,0.032,0.36091173401652754,1.75,0.03116,55,17439185036949089808,160.0,P4
0.0,0.0,0.0,50000,0.032,0.34288011384274325,1.75,0.03214,56,8794528609378162462,160.0,P4
0.0,0.0,0.0,50000,0.032,0.3212248640501342,1.75,0.03134,57,16605205240492505282,160.0,P4
0.0,0.0,0.0,50000,0.032,0.4036986734746858,1.75,0.0316,58,6860856040583136745,160.0,P4
0.0,0.0,0.0,50000,0.032,0.3382783288013887,1.75,0.03154,59,418043503305772729,160.0,P4
0.0,0.0,0.0,50000,0.032,0.3436092946679257,1.75,0.03228,60,6767392342059732616,160.0,P4
0.0,0.0,0.0,50000,0.032,0.2796397856775544,1.75,0.032,61,3211104708946131706,160.0,P4
0.0,0.0,0.0,50000,0.032,0.4892988260456289,1.75,0.03348,62,7914203921761944808,160.0,P4
0.0,0.0,0.0,50000,0.032,0.33814211887252027,1.75,0.03192,63,16204774293571154598,160.0,P4
0.0,0.0,0.0,50000,0.032,0.35923295713751774,1.75,0.03206,64,7081215372819427403,160.0,P4
0.0,0.0,0.0,50000,0.032,0.2970606257196535,1.75,0.03138,65,2384210901540460778,160.0,P4
0.0,0.0,0.0,50000,0.032,0.421099468807938,1.75,0.03206,66,12740234844907821671,160.0,P4
0.0,0.0,0.0,50000,0.032,0.36058224357683166,1.75,0.03174,67,5916575140743747806,160.0,P4
0.0,0.0,0.0,50000,0.032,0.2544490110570375,1.75,0.03256,68,12218436318809115924,160.0,P4
0.0,0.0,0.0,50000,0.032,0.34910624036674626,1.75,0.03258,69,14339184797372202315,160.0,P4
0.0,0.0,0.0,50000,0.032,0.43804379078442485,1.75,0.03144,70,6272296766094780315,160.0,P4
0.0,0.0,0.0,50000,0.032,0.3124044114173901,1.75,0.03436,71,3323935869297738205,160.0,P4
0.0,0.0,0.0,50000,0.032,0.39673907873038294,1.75,0.03188,72,17486167480978151953,160.0,P4
0.0,0.0,0.0,50000,0.032,0.3788231158740705,1.75,0.03188,73,10895916573221584578,160.0,P4
0.0,0.0,0.0,50000,0.032,0.35084379054729004,1.75,0.03276,74,7634373232174009065,160.0,P4
0.0,0.0,0.0,50000,0.032,0.2910962491553168,1.75,0.0323,75,17304178354193899806,160.0,P4
0.0,0.0,0.0,50000,0.032,0.3579211743906445,1.75,0.03192,76,420477263903775822,160.0,P4
0.0,0.0,0.0,50000,0.032,0.299985546258008,1.75,0.03134,77,13474872509150153878,160.0,P4
0.0,0.0,0.0,50000,0.032,0.25433439887995457,1.75,0.03186,78,3399834114323991052,160.0,P4
0.0,0.0,0.0,50000,0.032,0.24163582492485336,1.75,0.0303,79,15754826646931836262,160.0,P4
0.0,0.0,0.0,50000,0.032,0.2845692440925653,1.75,0.03012,80,3971516646174637321,160.0,P4
0.0,0.0,0.0,50000,0.032,0.3307833079713003,1.75,0.03252,81,6243395762756653960,160.0,P4
0.0,0.0,0.0,50000,0.032,0.2853093486369066,1.75,0.03278,82,3744041513029597722,160.0,P4
0.0,0.0,0.0,50000,0.032,0.3250996692074949,1.75,0.03102,83,9651426349662253717,160.0,P4
0.0,0.0,0.0,50000,0.032,0.24125827224503743,1.75,0.0311,84,15177161529806463885,160.0,P4
0.0,0.0,0.0,50000,0.032,0.3387902237200567,1.75,0.0321,85,15345654190272601045,160.0,P4
0.0,0.0,0.0,50000,0.032,0.2609512812240612,1.75,0.03184,86,2477406824443936468,160.0,P4
0.0,0.0,0.0,50000,0.032,0.3610907608968714,1.75,0.03272,87,73185538012170770,160.0,P4
0.0,0.0,0.0,50000,0.032,0.2749742702399563,1.75,0.03228,88,15044579051310595672,160.0,P4
0.0,0.0,0.0,50000,0.032,0.23849531874516844,1.75,0.03118,89,8006697369173555535,160.0,P4
0.0,0.0,0.0,50000,0.032,0.3579776899436402,1.75,0.032,90,13561454081071734185,160.0,P4
0.0,0.0,0.0,50000,0.032,0.260298715236462,1.75,0.03086,91,2152500939416790402,160.0,P4
0.0,0.0,0.0,50000,0.032,0.3216973308915949,1.75,0.03216,92,6322839946982696867,160.0,P4
0.0,0.0,0.0,50000,0.032,0.4314240995005054,1.75,0.03258,93,2270944299955435761,160.0,P4
0.0,0.0,0.0,50000,0.032,0.3229353489759603,1.75,0.0334,94,10428926178193426345,160.0,P4
0.0,0.0,0.0,50000,0.032,0.34353946436757854,1.75,0.03218,95,14751416960211132400,160.0,P4
0.0,0.0,0.0,50000,0.032,0.3495610263842705,1.75,0.03288,96,2596577780311195301,160.0,P4
0.0,0.0,0.0,50000,0.032,0.3804321350659747,1.75,0.03166,97,17749798759411977466,160.0,P4
0.0,0.0,0.0,50000,0.032,0.33132937538082313,1.75,0.03308,98,5016275106700591271,160.0,P4
0.0,0.0,0.0,50000,0.032,0.29263438260170005,1.75,0.03302,99,2602382631679258602,160.0,P4
0.0,0.0,0.0,50000,0.035,0.39515792636023195,1.75,0.03446,0,4225798659399451113,160.0,P4
0.0,0.0,0.0,50000,0.035,0.3945595542137638,1.75,0.0347,1,16308614837485102537,160.0,P4
0.0,0.0,0.0,50000,0.035,0.33793432662813017,1.75,0.03284,2,3754731689485357557,160.0,P4
0.0,0.0,0.0,50000,0.035,0.3492189375627686,1.75,0.03528,3,11479066515905007933,160.0,P4
0.0,0.0,0.0,50000,0.035,0.3644771015852036,1.75,0.03428,4,5152895311428278585,160.0,P4
0.0,0.0,0.0,50000,0.035,0.4386889671747809,1.75,0.03516,5,3562536585368352722,160.0,P4
0.0,0.0,0.0,50000,0.035,0.368640016880511,1.75,0.03304,6,15055871287513424054,160.0,P4
0.0,0.0,0.0,50000,0.035,0.36586134611628424,1.75,0.03506,7,9429715932416682831,160.0,P4
0.0,0.0,0.0,50000,0.035,0.3217778914794318,1.75,0.03394,8,9418070947655853886,160.0,P4
0.0,0.0,0.0,50000,0.035,0.498353380655499,1.75,0.03478,9,10595661481159708827,160.0,P4
0.0,0.0,0.0,50000,0.035,0.332686145426428,1.75,0.0346,10,1457042666691211218,160.0,P4
0.0,0.0,0.0,50000,0.035,0.43431562453082506,1.75,0.03526,11,16750884552490626212,160.0,P4
0.0,0.0,0.0,50000,0.035,0.39633148888909175,1.75,0.03486,12,3040792337919578858,160.0,P4
0.0,0.0,0.0,50000,0.035,0.4554627995812158,1.75,0.03454,13,7057407187096183966,160.0,P4
0.0,0.0,0.0,50000,0.035,0.6946559316784569,1.75,0.0355,14,16512582423790475730,160.0,P4
0.0,0.0,0.0,50000,0.035,0.290797461688653,1.75,0.0358,15,3113905728673727923,160.0,P4
0.0,0.0,0.0,50000,0.035,0.2985076629997892,1.75,0.03508,16,15102836388023590905,160.0,P4
0.0,0.0,0.0,50000,0.035,0.3398983538643092,1.75,0.03422,17,10638970952416617000,160.0,P4
0.0,0.0,0.0,50000,0.035,0.4047365934857183,1.75,0.03474,18,624622813589983116,160.0,P4
0.0,0.0,0.0,50000,0.035,0.3907697309857033,1.75,0.03528,19,17835375703953115520,160.0,P4
0.0,0.0,0.0,50000,0.035,0.34574785442466993,1.75,0.0354,20,8347293182380506850,160.0,P4
0.0,0.0,0.0,50000,0.035,0.37196582216253804,1.75,0.03462,21,10460591770996344103,160.0,P4
0.0,0.0,0.0,50000,0.035,0.4758939728071999,1.75,0.0353,22,18232911822823882865,160.0,P4
0.0,0.0,0.0,50000,0.035,0.3595644034263587,1.75,0.03436,23,14529807725514014391,160.0,P4
0.0,0.0,0.0,50000,0.035,0.5690462791604882,1.75,0.0338,24,15562970220440861837,160.0,P4
0.0,0.0,0.0,50000,0.035,0.4285706652424764,1.75,0.03394,25,16228594534793342842,160.0,P4
0.0,0.0,0.0,50000,0.035,0.5383446105162849,1.75,0.03526,26,8124122013373055110,160.0,P4
0.0,0.0,0.0,50000,0.035,0.43415887767061156,1.75,0.03456,27,15204882737275156568,160.0,P4
0.0,0.0,0.0,50000,0.035,0.5513660631136477,1.75,0.03492,28,10364648101423996826,160.0,P4
0.0,0.0,0.0,50000,0.035,0.3705932606402483,1.75,0.03526,29,595146270077186153,160.0,P4
0.0,0.0,0.0,50000,0.035,0.30379435300010454,1.75,0.0343,30,11782807898840227968,160.0,P4
0.0,0.0,0.0,50000,0.035,0.38013712270693484,1.75,0.03438,31,4102050949279975914,160.0,P4
0.0,0.0,0.0,50000,0.035,0.399485996967227,1.75,0.0348,32,11615464323583431349,160.0,P4
0.0,0.0,0.0,50000,0.035,0.39958519059288417,1.75,0.03542,33,7784285378989467977,160.0,P4
0.0,0.0,0.0,50000,0.035,0.6593932409466283,1.75,0.03542,34,14184199078987256511,160.0,P4
0.0,0.0,0.0,50000,0.035,0.3518820250343955,1.75,0.03434,35,3573288007553109742,160.0,P4
0.0,0.0,0.0,50000,0.035,0.35873573933588493,1.75,0.03524,36,13955304808106878542,160.0,P4
0.0,0.0,0.0,50000,0.035,0.2638958923310064,1.75,0.03458,37,18255930342972688711,160.0,P4
0.0,0.0,0.0,50000,0.035,0.31473711884050126,1.75,0.03566,38,1653285520438919092,160.0,P4
0.0,0.0,0.0,50000,0.035,0.3035861051840703,1.75,0.03542,39,8471670686225542089,160.0,P4
0.0,0.0,0.0,50000,0.035,0.6049482638631812,1.75,0.03474,40,12880536447600194649,160.0,P4
0.0,0.0,0.0,50000,0.035,0.3675435669481034,1.75,0.03454,41,5317543779986014481,160.0,P4
0.0,0.0,0.0,50000,0.035,0.3857257981786046,1.75,0.03442,42,8307076955690095986,160.0,P4
0.0,0.0,0.0,50000,0.035,0.3384537907899854,1.75,0.0354,43,6602034926515364464,160.0,P4
0.0,0.0,0.0,50000,0.035,0.3723689586702765,1.75,0.03466,44,15506561277030508438,160.0,P4
0.0,0.0,0.0,50000,0.035,0.45108005483516456,1.75,0.03498,45,14327327666393346826,160.0,P4
0.0,0.0,0.0,50000,0.035,0.4467310489956555,1.75,0.03534,46,7950044408463027447,160.0,P4
0.0,0.0,0.0,50000,0.035,0.34269839235025856,1.75,0.03544,47,2621461936070586559,160.0,P4
0.0,0.0,0.0,50000,0.035,0.5334028550439958,1.75,0.0344,48,8690746274382217358,160.0,P4
0.0,0.0,0.0,50000,0.035,0.3815469162024015,1.75,0.03394,49,15938973870533366851,160.0,P4
0.0,0.0,0.0,50000,0.035,0.5706732451551185,1.75,0.03492,50,9048866233894361404,160.0,P4
0.0,0.0,0.0,50000,0.035,0.39140304183620284,1.75,0.03444,51,1675883277989634654,160.0,P4
0.0,0.0,0.0,50000,0.035,0.5511849255206012,1.75,0.0357,52,14839177180390285356,160.0,P4
0.0,0.0,0.0,50000,0.035,0.48314823011812763,1.75,0.0359,53,9494893931294870229,160.0,P4
0.0,0.0,0.0,50000,0.035,0.4461365033426868,1.75,0.03608,54,9462410497350425680,160.0,P4
0.0,0.0,0.0,50000,0.035,0.36247797545716,1.75,0.03546,55,9134179433796500490,160.0,P4
0.0,0.0,0.0,50000,0.035,0.41323820258153465,1.75,0.03488,56,10347265323328855748,160.0,P4
0.0,0.0,0.0,50000,0.035,0.39595340987620664,1.75,0.03524,57,8555034363979591919,160.0,P4
0.0,0.0,0.0,50000,0.035,0.5576697387928112,1.75,0.03656,58,14904642199201189205,160.0,P4
0.0,0.0,0.0,50000,0.035,0.3862121334967871,1.75,0.03456,59,4430004987259245623,160.0,P4
0.0,0.0,0.0,50000,0.035,0.47312957907658254,1.75,0.0346,60,15885922092656607834,160.0,P4
0.0,0.0,0.0,50000,0.035,0.4826675633915015,1.75,0.03556,61,4896519762073567925,160.0,P4
0.0,0.0,0.0,50000,0.035,0.5870457344168608,1.75,0.03528,62,5735013449018767637,160.0,P4
0.0,0.0,0.0,50000,0.035,0.38561536751563663,1.75,0.03488,63,6517396420351494353,160.0,P4
0.0,0.0,0.0,50000,0.035,0.3974078365513937,1.75,0.03656,64,3771460280022659862,160.0,P4
0.0,0.0,0.0,50000,0.035,0.4926980653513728,1.75,0.03522,65,17631091041225959956,160.0,P4
0.0,0.0,0.0,50000,0.035,0.39081857760089384,1.75,0.03508,66,392383856219330754,160.0,P4
0.0,0.0,0.0,50000,0.035,0.3813653565369588,1.75,0.0362,67,8196471584360192756,160.0,P4
0.0,0.0,0.0,50000,0.035,0.3647196647500423,1.75,0.03578,68,1335216014748171796,160.0,P4
0.0,0.0,0.0,50000,0.035,0.49885264000156715,1.75,0.03534,69,5373122007879905152,160.0,P4
0.0,0.0,0.0,50000,0.035,0.4318666796018353,1.75,0.03538,70,9897470371640479452,160.0,P4
0.0,0.0,0.0,50000,0.035,0.48091128818440776,1.75,0.0344,71,15194524482556888183,160.0,P4
0.0,0.0,0.0,50000,0.035,0.33410937248087,1.75,0.0349,72,4538409701272864265,160.0,P4
0.0,0.0,0.0,50000,0.035,0.47554307117824923,1.75,0.03488,73,612089986281811115,160.0,P4
0.0,0.0,0.0,50000,0.035,0.40892682010456183,1.75,0.03426,74,15339795199087788202,160.0,P4
0.0,0.0,0.0,50000,0.035,0.4610750385031344,1.75,0.03372,75,2242018188751624628,160.0,P4
0.0,0.0,0.0,50000,0.035,0.39536504801989913,1.75,0.03606,76,17419866164095924909,160.0,P4
0.0,0.0,0.0,50000,0.035,0.6378479295413046,1.75,0.03672,77,4955066259843240589,160.0,P4
0.0,0.0,0.0,50000,0.035,0.3968125779731049,1.75,0.03576,78,10914160373056144789,160.0,P4
0.0,0.0,0.0,50000,0.035,0.4925268862721691,1.75,0.03508,79,12089450521581544098,160.0,P4
0.0,0.0,0.0,50000,0.035,0.4101364863980377,1.75,0.03422,80,3566099120299122947,160.0,P4
0.0,0.0,0.0,50000,0.035,0.4000165413111611,1.75,0.03636,81,3613889209249474171,160.0,P4
0.0,0.0,0.0,50000,0.035,0.42059276139909874,1.75,0.03668,82,3832979484711012315,160.0,P4
0.0,0.0,0.0,50000,0.035,0.3532824695781263,1.75,0.03486,83,8365596639089908652,160.0,P4
0.0,0.0,0.0,50000,0.035,0.3860763149212367,1.75,0.03572,84,2990723564660716016,160.0,P4
0.0,0.0,0.0,50000,0.035,0.48067052049496023,1.75,0.03596,85,14351574061091378497,160.0,P4
0.0,0.0,0.0,50000,0.035,0.31217217459948,1.75,0.03418,86,14906694981696110746,160.0,P4
0.0,0.0,0.0,50000,0.035,0.7177318932686234,1.75,0.03624,87,12929021768355623778,160.0,P4
0.0,0.0,0.0,50000,0.035,0.2608644777984706,1.75,0.03418,88,13788140296640556418,160.0,P4
0.0,0.0,0.0,50000,0.035,0.4241629732052915,1.75,0.0349,89,4651599786217201630,160.0,P4
0.0,0.0,0.0,50000,0.035,0.4025423754187976,1.75,0.03528,90,17377126851918173406,160.0,P4
0.0,0.0,0.0,50000,0.035,0.4405477413570882,1.75,0.03492,91,15662972626960579373,160.0,P4
0.0,0.0,0.0,50000,0.035,0.4918626594262766,1.75,0.0354,92,998401630619521353,160.0,P4
0.0,0.0,0.0,50000,0.035,0.38752136224105205,1.75,0.03492,93,13495509078140144292,160.0,P4
0.0,0.0,0.0,50000,0.035,0.43056160828846024,1.75,0.03412,94,484794184265607576,160.0,P4
0.0,0.0,0.0,50000,0.035,0.4236730982721303,1.75,0.03434,95,16351506194914475247,160.0,P4
0.0,0.0,0.0,50000,0.035,0.6053456458308136,1.75,0.0353,96,115729620620859560,160.0,P4
0.0,0.0,0.0,50000,0.035,0.3150016109066655,1.75,0.03458,97,10673771210499766698,160.0,P4
0.0,0.0,0.0,50000,0.035,0.3821795201452045,1.75,0.03386,98,1067082140200493079,160.0,P4
0.0,0.0,0.0,50000,0.035,0.6027914769819329,1.75,0.03418,99,16328787274393722848,160.0,P4
0.0,0.0,0.0,50000,0.037,0.3498552967230507,1.75,0.03554,0,13874191147510629905,160.0,P4
0.0,0.0,0.0,50000,0.037,0.5442145661800457,1.75,0.03684,1,15880857457211710827,160.0,P4
0.0,0.0,0.0,50000,0.037,0.4764702375483489,1.75,0.03804,2,6564773197461506543,160.0,P4
0.0,0.0,0.0,50000,0.037,0.6238326572411309,1.75,0.03664,3,13325426993696272539,160.0,P4
0.0,0.0,0.0,50000,0.037,0.3502356664120279,1.75,0.03572,4,4441332142079847048,160.0,P4
0.0,0.0,0.0,50000,0.037,0.46507215757428944,1.75,0.03676,5,13221366561439414634,160.0,P4
0.0,0.0,0.0,50000,0.037,0.5748819799901153,1.75,0.03616,6,9927068036896982534,160.0,P4
0.0,0.0,0.0,50000,0.037,0.4431881294399145,1.75,0.03558,7,2945977193152991076,160.0,P4
0.0,0.0,0.0,50000,0.037,0.4548798680934756,1.75,0.03704,8,16292961481883286983,160.0,P4
0.0,0.0,0.0,50000,0.037,0.4028981731226513,1.75,0.03784,9,10502490746343645754,160.0,P4
0.0,0.0,0.0,50000,0.037,0.3561745799577831,1.75,0.03556,10,1141139306587350573,160.0,P4
0.0,0.0,0.0,50000,0.037,0.359618607790178,1.75,0.03618,11,12206458453304982671,160.0,P4
0.0,0.0,0.0,50000,0.037,0.4608786675373912,1.75,0.03822,12,1644891342869558017,160.0,P4
0.0,0.0,0.0,50000,0.037,0.4412201540328786,1.75,0.03696,13,14020136588392860173,160.0,P4
0.0,0.0,0.0,50000,0.037,0.7238381509915568,1.75,0.0382,14,1673671653057351412,160.0,P4
0.0,0.0,0.0,50000,0.037,0.4369203905471543,1.75,0.03734,15,16745362463701151786,160.0,P4
0.0,0.0,0.0,50000,0.037,0.3746277786965076,1.75,0.03652,16,9473332555659143312,160.0,P4
0.0,0.0,0.0,50000,0.037,0.35470097690260766,1.75,0.03688,17,9812665988309819659,160.0,P4
0.0,0.0,0.0,50000,0.037,0.769314694897371,1.75,0.03824,18,3217645169169600789,160.0,P4
0.0,0.0,0.0,50000,0.037,0.47361862044547304,1.75,0.03774,19,16358523426626371058,160.0,P4
0.0,0.0,0.0,50000,0.037,0.6187441758706869,1.75,0.03806,20,14321624126770180524,160.0,P4
0.0,0.0,0.0,50000,0.037,0.32397131359104897,1.75,0.03758,21,9487547848803811123,160.0,P4
0.0,0.0,0.0,50000,0.037,0.39257946908707536,1.75,0.03698,22,7479488789283915342,160.0,P4
0.0,0.0,0.0,50000,0.037,0.46664415924794567,1.75,0.0387,23,17893805771827917656,160.0,P4
0.0,0.0,0.0,50000,0.037,0.46168275484095184,1.75,0.03524,24,15192096560730007675,160.0,P4
0.0,0.0,0.0,50000,0.037,0.4386211070937259,1.75,0.03612,25,2247715069332777445,160.0,P4
0.0,0.0,0.0,50000,0.037,0.8386553299588553,1.75,0.0375,26,1967241611953359433,160.0,P4
0.0,0.0,0.0,50000,0.037,0.5268259474845934,1.75,0.03792,27,17938071104160338534,160.0,P4
0.0,0.0,0.0,50000,0.037,0.4343192256946932,1.75,0.03736,28,1678923273007083999,160.0,P4
0.0,0.0,0.0,50000,0.037,0.5280403091004972,1.75,0.03784,29,2698747403099673814,160.0,P4
0.0,0.0,0.0,50000,0.037,0.5434439232802631,1.75,0.03864,30,270692463359425199,160.0,P4
0.0,0.0,0.0,50000,0.037,0.4634825627662496,1.75,0.03728,31,17056708628862049639,160.0,P4
0.0,0.0,0.0,50000,0.037,0.41459864285292536,1.75,0.0377,32,18121582786306571980,160.0,P4
0.0,0.0,0.0,50000,0.037,0.7608177091951535,1.75,0.03758,33,13113098900198356681,160.0,P4
0.0,0.0,0.0,50000,0.037,0.3580188715878725,1.75,0.03696,34,1167055496380770631,160.0,P4
0.0,0.0,0.0,50000,0.037,0.44322035719605934,1.75,0.0376,35,11967271768657486256,160.0,P4
0.0,0.0,0.0,50000,0.037,0.5866722186494444,1.75,0.0366,36,2122148613158209030,160.0,P4
0.0,0.0,0.0,50000,0.037,0.40147882114653455,1.75,0.03706,37,11321885399272117564,160.0,P4
0.0,0.0,0.0,50000,0.037,0.5450119513992236,1.75,0.03622,38,2453957885849440969,160.0,P4
0.0,0.0,0.0,50000,0.037,0.876044701787972,1.75,0.0364,39,6010391781691567534,160.0,P4
0.0,0.0,0.0,50000,0.037,0.49565253272045784,1.75,0.03734,40,11318874918619022974,160.0,P4
0.0,0.0,0.0,50000,0.037,0.48191278274564153,1.75,0.03724,41,12414712515730977911,160.0,P4
0.0,0.0,0.0,50000,0.037,0.4444394049138424,1.75,0.0373,42,13985791790264314497,160.0,P4
0.0,0.0,0.0,50000,0.037,0.3534361852397806,1.75,0.03712,43,5669475786454344956,160.0,P4
0.0,0.0,0.0,50000,0.037,0.43370695292420736,1.75,0.03772,44,6368203179460324377,160.0,P4
0.0,0.0,0.0,50000,0.037,0.5355720132045506,1.75,0.03738,45,16914044147453143822,160.0,P4
0.0,0.0,0.0,50000,0.037,0.5274359842547978,1.75,0.03668,46,2128496683901825341,160.0,P4
0.0,0.0,0.0,50000,0.037,0.4170416367359583,1.75,0.03688,47,9218802291788689890,160.0,P4
0.0,0.0,0.0,50000,0.037,0.4697047548636538,1.75,0.03634,48,17749010361495155607,160.0,P4
0.0,0.0,0.0,50000,0.037,0.40567064995999325,1.75,0.03666,49,16064124131954694471,160.0,P4
0.0,0.0,0.0,50000,0.037,0.35447633330361,1.75,0.0363,50,15070863456381723460,160.0,P4
0.0,0.0,0.0,50000,0.037,0.5271847348681701,1.75,0.03764,51,3556926713260989887,160.0,P4
0.0,0.0,0.0,50000,0.037,0.4709564742579605,1.75,0.03628,52,5638253091990807662,160.0,P4
0.0,0.0,0.0,50000,0.037,0.5042997966450136,1.75,0.03776,53,1561993078970821332,160.0,P4
0.0,0.0,0.0,50000,0.037,0.5693126492585329,1.75,0.03766,54,14322017989774353706,160.0,P4
0.0,0.0,0.0,50000,0.037,0.5188447505446,1.75,0.03602,55,17248326249132166135,160.0,P4
0.0,0.0,0.0,50000,0.037,0.351428470437085,1.75,0.03622,56,10047069263020255459,160.0,P4
0.0,0.0,0.0,50000,0.037,0.33895603314048867,1.75,0.03688,57,10496861491041296057,160.0,P4
0.74858,0.74784,0.74712,50000,0.037,100.98850427963983,1.75,0.03728,58,11327601287929977154,160.0,P4
0.0,0.0,0.0,50000,0.037,0.48132147222450183,1.75,0.03728,59,2711627808749862688,160.0,P4
0.0,0.0,0.0,50000,0.037,0.688103072437392,1.75,0.03704,60,16351507807785734385,160.0,P4
0.0,0.0,0.0,50000,0.037,0.4208639718529512,1.75,0.03562,61,15711756840323596973,160.0,P4
0.0,0.0,0.0,50000,0.037,0.529934267940992,1.75,0.03784,62,2716526410985946484,160.0,P4
0.0,0.0,0.0,50000,0.037,0.5908743051580317,1.75,0.03638,63,10274284342394204768,160.0,P4
0.0,0.0,0.0,50000,0.037,0.4500359576894439,1.75,0.03836,64,9235879915844468931,160.0,P4
0.0,0.0,0.0,50000,0.037,0.49257346590599094,1.75,0.0375,65,17866126744424155915,160.0,P4
0.0,0.0,0.0,50000,0.037,0.5085193279200431,1.75,0.03894,66,18047387295783126346,160.0,P4
0.0,0.0,0.0,50000,0.037,0.3392821375956244,1.75,0.03762,67,6382420564661545628,160.0,P4
0.0,0.0,0.0,50000,0.037,0.4678915840419595,1.75,0.03646,68,12193974028577356956,160.0,P4
0.0,0.0,0.0,50000,0.037,0.5690231231123916,1.75,0.03722,69,12529803368127030586,160.0,P4
0.0,0.0,0.0,50000,0.037,0.5590211517026497,1.75,0.0375,70,754767796266749747,160.0,P4
0.0,0.0,0.0,50000,0.037,0.3660011663863521,1.75,0.03776,71,13255114882506418060,160.0,P4
0.0,0.0,0.0,50000,0.037,0.37134199931544587,1.75,0.03658,72,8364658714104609642,160.0,P4
0.0,0.0,0.0,50000,0.037,0.44043013853242907,1.75,0.03704,73,6630125185420345534,160.0,P4
0.0,0.0,0.0,50000,0.037,0.44066506499007213,1.75,0.03718,74,14175501965381072871,160.0,P4
0.0,0.0,0.0,50000,0.037,0.4627417288816211,1.75,0.0381,75,13128127482338243636,160.0,P4
0.0,0.0,0.0,50000,0.037,0.5591442765384783,1.75,0.03678,76,7811472031952343184,160.0,P4
0.0,0.0,0.0,50000,0.037,0.4751685716663851,1.75,0.03728,77,3826650105239131800,160.0,P4
0.0,0.0,0.0,50000,0.037,0.48039782700920164,1.75,0.03664,78,8860046713998721013,160.0,P4
0.0,0.0,0.0,50000,0.037,0.8045905571228367,1.75,0.03758,79,14872222406770516601,160.0,P4
0.0,0.0,0.0,50000,0.037,0.4054331983433884,1.75,0.03696,80,17160149673703549121,160.0,P4
0.0,0.0,0.0,50000,0.037,0.5193123898179888,1.75,0.0369,81,4004459907444316379,160.0,P4
0.0,0.0,0.0,50000,0.037,0.3582171762863854,1.75,0.0359,82,3032284460040568818,160.0,P4
0.0,0.0,0.0,50000,0.037,0.34259628826554445,1.75,0.03632,83,16239854581356394494,160.0,P4
0.0,0.0,0.0,50000,0.037,0.5179665859648485,1.75,0.03628,84,3685660593087481571,160.0,P4
0.0,0.0,0.0,50000,0.037,0.5107022416868701,1.75,0.03776,85,13527136486058769219,160.0,P4
0.0,0.0,0.0,50000,0.037,0.6995752044617091,1.75,0.03726,86,14622713382086382101,160.0,P4
0.0,0.0,0.0,50000,0.037,0.47705295597953773,1.75,0.03802,87,3365449141660252906,160.0,P4
0.0,0.0,0.0,50000,0.037,0.5052999330776782,1.75,0.0371,88,4776575331868708822,160.0,P4
0.0,0.0,0.0,50000,0.037,0.534051629850102,1.75,0.0374,89,17649972900153062998,160.0,P4
0.0,0.0,0.0,50000,0.037,0.721158659632365,1.75,0.03674,90,3061508999938415411,160.0,P4
0.0,0.0,0.0,50000,0.037,0.36235601840626774,1.75,0.0371,91,18196313272886212054,160.0,P4
0.0,0.0,0.0,50000,0.037,0.28921386511782765,1.75,0.03648,92,10900020735693810416,160.0,P4
0.0,0.0,0.0,50000,0.037,0.4630857691697823,1.75,0.03682,93,16855219871217732369,160.0,P4
0.0,0.0,0.0,50000,0.037,0.47126032139615165,1.75,0.03928,94,7094773160756345711,160.0,P4
0.0,0.0,0.0,50000,0.037,0.3716064164282756,1.75,0.03656,95,14239696587199361967,160.0,P4
0.0,0.0,0.0,50000,0.037,0.5261797413350846,1.75,0.03782,96,2075026768838327472,160.0,P4
0.0,0.0,0.0,50000,0.037,0.551833670320095,1.75,0.03644,97,3019460501306327006,160.0,P4
0.0,0.0,0.0,50000,0.037,0.43229361463591287,1.75,0.0361,98,17582834105275636339,160.0,P4
0.0,0.0,0.0,50000,0.037,0.5286206975660293,1.75,0.03706,99,11628842836533985304,160.0,P4
0.0,0.0,0.0,50000,0.038,0.6530315794752164,1.75,0.03892,0,13694807019990755191,160.0,P4
0.0,0.0,0.0,50000,0.038,0.44166453520355164,1.75,0.0373,1,4851492855532874033,160.0,P4
0.0,0.0,0.0,50000,0.038,0.5654618283942956,1.75,0.03766,2,13858337198644192820,160.0,P4
0.75118,0.74938,0.74608,50000,0.038,102.799716109402,1.75,0.04002,3,13092731982176319017,160.0,P4
0.0,0.0,0.0,50000,0.038,0.47765104728581986,1.75,0.0372,4,1832272065936995482,160.0,P4
0.0,0.0,0.0,50000,0.038,0.5018205913350735,1.75,0.0396,5,6844287129591704932,160.0,P4
0.0,0.0,0.0,50000,0.038,0.4479210831805661,1.75,0.03742,6,7556402039574734494,160.0,P4
0.0,0.0,0.0,50000,0.038,0.4742212703884122,1.75,0.03838,7,12279734035936142785,160.0,P4
0.0,0.0,0.0,50000,0.038,0.9359078774365571,1.75,0.03984,8,1672877580492603590,160.0,P4
0.0,0.0,0.0,50000,0.038,0.4310094072217263,1.75,0.03606,9,11320117919039383456,160.0,P4
0.0,0.0,0.0,50000,0.038,0.4518240624843173,1.75,0.0362,10,2706761950695738423,160.0,P4
0.0,0.0,0.0,50000,0.038,0.5034629011220167,1.75,0.03666,11,15921755525739930914,160.0,P4
0.0,0.0,0.0,50000,0.038,0.4839684757595957,1.75,0.03748,12,11562055238003543790,160.0,P4
0.0,0.0,0.0,50000,0.038,0.7910039001521674,1.75,0.03854,13,12208120578120207997,160.0,P4
0.0,0.0,0.0,50000,0.038,0.5374682476660774,1.75,0.03842,14,13465961838232960287,160.0,P4
0.0,0.0,0.0,50000,0.038,0.5284273325210556,1.75,0.03702,15,4224072020077369172,160.0,P4
0.0,0.0,0.0,50000,0.038,0.524124543197341,1.75,0.03696,16,16667801404370709730,160.0,P4
0.0,0.0,0.0,50000,0.038,0.35989632997323046,1.75,0.03644,17,3995938313522790106,160.0,P4
0.0,0.0,0.0,50000,0.038,0.6031377334022124,1.75,0.0378,18,15551850208738766742,160.0,P4
0.0,0.0,0.0,50000,0.038,0.6336540862851746,1.75,0.03896,19,17349919013948293869,160.0,P4
0.74998,0.7469,0.74552,50000,0.038,99.73508214918594,1.75,0.03752,20,10697753104654309514,160.0,P4
0.0,0.0,0.0,50000,0.038,0.5186889640064603,1.75,0.03702,21,5643636418181179913,160.0,P4
0.0,0.0,0.0,50000,0.038,0.4708343846784819,1.75,0.03704,22,679051921653637442,160.0,P4
0.0,0.0,0.0,50000,0.038,0.33812131311732047,1.75,0.0373,23,4773085461980604356,160.0,P4
0.0,0.0,0.0,50000,0.038,0.4441141152136497,1.75,0.03778,24,17405993195074104231,160.0,P4
0.0,0.0,0.0,50000,0.038,0.4302137794592359,1.75,0.03842,25,18208003671426209669,160.0,P4
0.0,0.0,0.0,50000,0.038,0.5410790832048551,1.75,0.0395,26,9742446899044078109,160.0,P4
0.0,0.0,0.0,50000,0.038,0.37880653734206543,1.75,0.03698,27,17191006778313089317,160.0,P4
0.0,0.0,0.0,50000,0.038,0.5064669745481237,1.75,0.03884,28,3684889540171730254,160.0,P4
0.0,0.0,0.0,50000,0.038,0.4956801233217337,1.75,0.03908,29,17047462125279658843,160.0,P4
0.0,0.0,0.0,50000,0.038,0.6310519623676087,1.75,0.0371,30,3321087045858729504,160.0,P4
0.0,0.0,0.0,50000,0.038,0.4000250678318281,1.75,0.03704,31,6108503463785800365,160.0,P4
0.74796,0.74362,0.74168,50000,0.038,103.788130125276,1.75,0.03892,32,3077543593275585570,160.0,P4
0.0,0.0,0.0,50000,0.038,0.497288292697886,1.75,0.03924,33,2239250487871864503,160.0,P4
0.0,0.0,0.0,50000,0.038,0.5285785425928419,1.75,0.03954,34,18085778490873377739,160.0,P4
0.0,0.0,0.0,50000,0.038,0.6175661277121515,1.75,0.03704,35,13714082362529457982,160.0,P4
0.0,0.0,0.0,50000,0.038,0.4456719783431716,1.75,0.03858,36,12142023376930941133,160.0,P4
0.0,0.0,0.0,50000,0.038,0.3907317982531187,1.75,0.03788,37,16149043787491899652,160.0,P4
0.0,0.0,0.0,50000,0.038,0.6517434103637957,1.75,0.03782,38,9236908309592719145,160.0,P4
0.0,0.0,0.0,50000,0.038,0.5665935721696869,1.75,0.03918,39,10309906406763446589,160.0,P4
0.0,0.0,0.0,50000,0.038,0.5861551475411768,1.75,0.03864,40,16232767731930628238,160.0,P4
0.0,0.0,0.0,50000,0.038,0.7006993017027089,1.75,0.03862,41,8922234398490551408,160.0,P4
0.0,0.0,0.0,50000,0.038,0.3392626774877771,1.75,0.03796,42,10455909315629666437,160.0,P4
0.0,0.0,0.0,50000,0.038,0.597497781835821,1.75,0.0396,43,6921907767498995169,160.0,P4
0.0,0.0,0.0,50000,0.038,0.6658718384655888,1.75,0.03776,44,15915317255946388484,160.0,P4
0.0,0.0,0.0,50000,0.038,1.0323881473849594,1.75,0.03808,45,10290645157758979594,160.0,P4
0.0,0.0,0.0,50000,0.038,0.4166705042631278,1.75,0.03716,46,12413009990064673372,160.0,P4
0.0,0.0,0.0,50000,0.038,0.5049476174384879,1.75,0.03898,47,7586423682346970721,160.0,P4
0.0,0.0,0.0,50000,0.038,0.4479464603487985,1.75,0.03702,48,4400079482005017638,160.0,P4
0.0,0.0,0.0,50000,0.038,0.546424791412477,1.75,0.03814,49,5271584570755402239,160.0,P4
0.0,0.0,0.0,50000,0.038,0.7672685537522125,1.75,0.03726,50,3769244993496582845,160.0,P4
0.0,0.0,0.0,50000,0.038,0.5019209291098089,1.75,0.03672,51,3451289106224174218,160.0,P4
0.0,0.0,0.0,50000,0.038,0.5892533432624223,1.75,0.03792,52,12877150394765050398,160.0,P4
0.0,0.0,0.0,50000,0.038,0.49389120162252353,1.75,0.0366,53,4130482182459496217,160.0,P4
0.0,0.0,0.0,50000,0.038,0.4665602729671065,1.75,0.0388,54,13416228319801136593,160.0,P4
0.0,0.0001,0.0,50000,0.038,0.5387220483799863,1.75,0.03682,55,8831194579322679527,160.0,P4
0.0,0.0,0.0,50000,0.038,0.5720037685938505,1.75,0.03582,56,11614107966246235248,160.0,P4
0.0,0.0,0.0,50000,0.038,0.6103622054242592,1.75,0.03856,57,14306264275503762360,160.0,P4
0.0,0.0,0.0,50000,0.038,0.5945540145101171,1.75,0.03874,58,5806515008222654994,160.0,P4
0.0,0.0,0.0,50000,0.038,0.5848300616362744,1.75,0.03888,59,14787207583552475388,160.0,P4
0.0,0.0,0.0,50000,0.038,0.34069637309632794,1.75,0.03812,60,69618344673684458,160.0,P4
0.0,0.0,0.0,50000,0.038,0.40752015332625985,1.75,0.03672,61,3686451080437319611,160.0,P4
0.0,0.0,0.0,50000,0.038,0.6073531752899866,1.75,0.03822,62,11871159100582030819,160.0,P4
0.0,0.0,0.0,50000,0.038,0.6129800936920438,1.75,0.03874,63,5132109633671006774,160.0,P4
0.0,0.0,0.0,50000,0.038,0.5736362074161377,1.75,0.03804,64,10926208959826039181,160.0,P4
0.0,0.0,0.0,50000,0.038,0.4052367902278801,1.75,0.03764,65,2734146406867070242,160.0,P4
0.0,0.0,0.0,50000,0.038,0.427686781017199,1.75,0.03844,66,5944917987213914251,160.0,P4
0.0,0.0,0.0,50000,0.038,0.6085262638036129,1.75,0.03844,67,14985058055609938442,160.0,P4
0.0,0.0,0.0,50000,0.038,0.4982343365786992,1.75,0.0381,68,13706978154299982852,160.0,P4
0.0,0.0,0.0,50000,0.038,0.42205866078907234,1.75,0.03712,69,6047490330030881697,160.0,P4
0.0,0.0,0.0,50000,0.038,0.79435583443657,1.75,0.03892,70,1227872865024751953,160.0,P4
0.0,0.0,0.0,50000,0.038,0.43205539818753835,1.75,0.038,71,2120577919071540458,160.0,P4
0.74768,0.74894,0.7499,50000,0.038,101.78646986296361,1.75,0.03878,72,9082516930646873746,160.0,P4
0.0,0.0,0.0,50000,0.038,0.3985736628005664,1.75,0.03834,73,10458857672694277803,160.0,P4
0.0,0.0,0.0,50000,0.038,0.46484224564472615,1.75,0.03772,74,9580436125742739062,160.0,P4
0.0,0.0,0.0,50000,0.038,0.42188489776143057,1.75,0.0363,75,14281003038101182700,160.0,P4
0.0,0.0,0.0,50000,0.038,0.49940300225937156,1.75,0.037,76,12327705651195682944,160.0,P4
0.0,0.0,0.0,50000,0.038,0.4615832838870441,1.75,0.0381,77,7151249228088383607,160.0,P4
0.0,0.00052,0.0,50000,0.038,1.231359039668713,1.75,0.03804,78,9017863118153893587,160.0,P4
0.0,0.0,0.0,50000,0.038,0.5842132506271007,1.75,0.03752,79,8109553133303521785,160.0,P4
0.0,0.0,0.0,50000,0.038,0.5116669980340497,1.75,0.03906,80,16134515786138281220,160.0,P4
0.0,0.0,0.0,50000,0.038,0.5482690998641679,1.75,0.03926,81,3218098699199351350,160.0,P4
0.0,0.0,0.0,50000,0.038,0.7694890725357311,1.75,0.04014,82,4948512789275819234,160.0,P4
0.0,4e-05,0.0,50000,0.038,1.0743627894560528,1.75,0.03948,83,3561645940231085184,160.0,P4
0.0,0.0,0.0,50000,0.038,0.4148234458509996,1.75,0.03884,84,8282006943672012586,160.0,P4
0.0,0.0,0.0,50000,0.038,0.567560017776214,1.75,0.0385,85,9829818781600680862,160.0,P4
0.0,0.0,0.0,50000,0.038,0.6072358149509481,1.75,0.03952,86,1014811891277690019,160.0,P4
0.0,0.0,0.0,50000,0.038,0.4267350586546512,1.75,0.03766,87,12308099949043737696,160.0,P4
0.0,0.0,0.0,50000,0.038,0.44325866976138983,1.75,0.03694,88,13575200673474015594,160.0,P4
0.0,0.0,0.0,50000,0.038,0.595770534009233,1.75,0.0376,89,12845570782515008197,160.0,P4
0.0,0.0,0.0,50000,0.038,0.424387652518784,1.75,0.03828,90,425739892867391814,160.0,P4
0.0,0.0,0.0,50000,0.038,0.5497207556962043,1.75,0.03768,91,4096619519094683567,160.0,P4
0.0,0.0,0.0,50000,0.038,0.50068004889883,1.75,0.03802,92,10885714224951325235,160.0,P4
0.0,0.0,0.0,50000,0.038,0.5923977499668256,1.75,0.03912,93,6316898105658776192,160.0,P4
0.0,0.0,0.0,50000,0.038,0.48904918377173306,1.75,0.03866,94,3681271791586844987,160.0,P4
0.0,0.0,0.0,50000,0.038,0.44914343118505423,1.75,0.0377,95,9712231713241710429,160.0,P4
0.0,0.0,0.0,50000,0.038,0.46245897868882313,1.75,0.03834,96,14578194375792019725,160.0,P4
0.0,0.0,0.0,50000,0.038,0.6793139936766558,1.75,0.03904,97,4483452427346669631,160.0,P4
0.0,0.0,0.0,50000,0.038,0.5736868064764117,1.75,0.03896,98,13894949027133302859,160.0,P4
0.0,0.0,0.0,50000,0.038,0.5315321312406331,1.75,0.03854,99,8740715037833204321,160.0,P4
0.0,0.0,0.0,50000,0.039,0.5547351723302387,1.75,0.03838,0,2767239355661805536,160.0,P4
0.0,0.0,0.0,50000,0.039,0.6657495526404102,1.75,0.04014,1,16359273980300676239,160.0,P4
0.0,0.0,0.0,50000,0.039,0.5555682669183967,1.75,0.0383,2,13710562495301111510,160.0,P4
0.0,0.0,0.0,50000,0.039,0.46709683140469527,1.75,0.03966,3,5450136817449206827,160.0,P4
0.0,0.0,0.0,50000,0.039,0.7281645780327698,1.75,0.04142,4,14469718320343007073,160.0,P4
0.0,0.00212,0.0,50000,0.039,1.6567429093020436,1.75,0.03952,5,6496518610646128297,160.0,P4
0.0,0.0,0.0,50000,0.039,0.4246252313532769,1.75,0.03818,6,12349920799026691883,160.0,P4
0.74836,0.71102,0.7449,50000,0.039,96.05127839098742,1.75,0.04054,7,13726825539369953392,160.0,P4
0.0,0.0,0.0,50000,0.039,0.41912206187972,1.75,0.0375,8,5716574756434635576,160.0,P4
0.0,0.0,0.0,50000,0.039,0.8111117538368832,1.75,0.03994,9,15626629280141191813,160.0,P4
0.0,0.0,0.0,50000,0.039,0.525607207231743,1.75,0.03888,10,8796535934157277212,160.0,P4
0.0,0.0,0.0,50000,0.039,0.42440314347641744,1.75,0.03874,11,10634482371640869961,160.0,P4
0.0,0.0,0.0,50000,0.039,0.5137920194699492,1.75,0.03982,12,2583281615803474762,160.0,P4
0.0,0.0,0.0,50000,0.039,0.38482808533455287,1.75,0.03814,13,14106749324775199138,160.0,P4
0.0,0.0,0.0,50000,0.039,0.7808457315091631,1.75,0.03878,14,12776014843645366065,160.0,P4
0.0,0.0,0.0,50000,0.039,0.48633475060701464,1.75,0.03806,15,17460950517461056212,160.0,P4
0.0,0.0,0.0,50000,0.039,0.9361817445331198,1.75,0.04056,16,5100043333636731330,160.0,P4
0.0,0.0,0.0,50000,0.039,0.3570925822558322,1.75,0.0389,17,9202696805855431952,160.0,P4
0.0,0.0,0.0,50000,0.039,0.8775125773095674,1.75,0.03982,18,1728314942876476452,160.0,P4
0.0,0.0,0.0,50000,0.039,0.40022549382740974,1.75,0.03854,19,7679655444822479674,160.0,P4
0.0,0.0,0.0,50000,0.039,0.4654340545630951,1.75,0.03918,20,16977217027321335950,160.0,P4
0.0,0.0,0.0,50000,0.039,0.37430305407800035,1.75,0.03668,21,8865758191312376160,160.0,P4
0.0,0.0,0.0,50000,0.039,1.0548536420382801,1.75,0.04014,22,15317142988654367078,160.0,P4
0.0,0.0,0.0,50000,0.039,0.5887294529829445,1.75,0.04004,23,2961922507568114003,160.0,P4
0.0,0.0,0.0,50000,0.039,0.38989136099464233,1.75,0.03828,24,6186438092438673755,160.0,P4
0.0,0.0,0.0,50000,0.039,0.6934131093794547,1.75,0.03822,25,14959542922094877807,160.0,P4
0.0,0.0,0.0,50000,0.039,0.492856221273748,1.75,0.0392,26,9477916656505530154,160.0,P4
0.0,0.0,0.0,50000,0.039,0.9801541881184489,1.75,0.04144,27,11188248127023045146,160.0,P4
0.0,0.0,0.0,50000,0.039,0.4067746519543003,1.75,0.03888,28,15670654608204335956,160.0,P4
0.0,0.0,0.0,50000,0.039,1.0485354891379206,1.75,0.04034,29,762073538464309304,160.0,P4
0.0,0.0,0.0,50000,0.039,0.465597686409829,1.75,0.03728,30,1889032868498394753,160.0,P4
0.0,0.0,0.0,50000,0.039,0.8944784646642483,1.75,0.03746,31,10089285815992692590,160.0,P4
0.0,0.0,0.0,50000,0.039,0.7486711710572181,1.75,0.03928,32,11153008550853428734,160.0,P4
0.0,0.0,0.0,50000,0.039,1.1288769953671816,1.75,0.03908,33,10598110516874829764,160.0,P4
0.0,0.0,0.0,50000,0.039,0.49086042966903803,1.75,0.03936,34,5285921244949605928,160.0,P4
0.0,0.0,0.0,50000,0.039,0.3789775063401415,1.75,0.03806,35,7278641041940596098,160.0,P4
0.0,0.0,0.0,50000,0.039,0.5978300337014176,1.75,0.03828,36,6985504402751119916,160.0,P4
0.0,0.0,0.0,50000,0.039,0.51675811046023,1.75,0.04,37,3854320526898423843,160.0,P4
0.0,0.0,0.0,50000,0.039,0.5807880348126054,1.75,0.03954,38,6580499319758543595,160.0,P4
0.0,0.0,0.0,50000,0.039,0.45023133461278814,1.75,0.03802,39,16008622905465360983,160.0,P4
0.0,0.0,0.0,50000,0.039,0.4809310517140828,1.75,0.03832,40,15421000760193102580,160.0,P4
0.0,0.0,0.0,50000,0.039,0.5323917984390584,1.75,0.03884,41,13762841802349093210,160.0,P4
0.0,0.0,0.0,50000,0.039,0.5346487727080109,1.75,0.0388,42,3884235515822943878,160.0,P4
0.0,0.0,0.0,50000,0.039,0.540321113347934,1.75,0.03892,43,3913167462778693514,160.0,P4
0.0,0.0,0.0,50000,0.039,0.6325835812447343,1.75,0.03924,44,18100400954982245922,160.0,P4
0.0,0.0,0.0,50000,0.039,0.6073574179246999,1.75,0.03898,45,16670022293188106873,160.0,P4
0.0,0.0,0.0,50000,0.039,0.4931981224070488,1.75,0.0394,46,8020106317621544973,160.0,P4
0.0,0.0,0.0,50000,0.039,0.5845352156175727,1.75,0.03952,47,1581568888532560213,160.0,P4
0.0,0.02212,0.0,50000,0.039,2.0973585565848487,1.75,0.03948,48,12231103570776297397,160.0,P4
0.0,0.0,0.0,50000,0.039,0.4936061864096021,1.75,0.03944,49,17055683298959679645,160.0,P4
0.0,0.0,0.0,50000,0.039,0.7785067689565289,1.75,0.03916,50,17589184558142783591,160.0,P4
0.0,0.0,0.0,50000,0.039,0.6898364734709042,1.75,0.0401,51,8939135989226217891,160.0,P4
0.0,0.0,0.0,50000,0.039,0.7844781808408581,1.75,0.0388,52,7861828166251868131,160.0,P4
0.0,0.0,0.0,50000,0.039,0.8591913399949956,1.75,0.03946,53,11613086734311149188,160.0,P4
0.0,0.0,0.0,50000,0.039,0.8606258103258975,1.75,0.0407,54,15764649731058131927,160.0,P4
0.0,0.0,0.0,50000,0.039,0.43569235223222813,1.75,0.03964,55,11439697322387465410,160.0,P4
0.0,0.0,0.0,50000,0.039,0.4847291974068526,1.75,0.03958,56,6551674921081015132,160.0,P4
0.0,0.0,0.0,50000,0.039,0.5144461015869084,1.75,0.03814,57,6986746790062825818,160.0,P4
0.0,0.0,0.0,50000,0.039,0.37251589330478013,1.75,0.03788,58,18116956149183276535,160.0,P4
0.0,0.0,0.0,50000,0.039,0.5589296129247093,1.75,0.04006,59,3302743576811574117,160.0,P4
0.0,0.0,0.0,50000,0.039,0.40720224969373625,1.75,0.03716,60,12326243757128237589,160.0,P4
0.0,0.0,0.0,50000,0.039,0.45210110393455893,1.75,0.039,61,13408336410148375030,160.0,P4
0.0,0.0,0.0,50000,0.039,0.6138175582187024,1.75,0.03944,62,13157397616290736330,160.0,P4
0.74684,0.74946,0.74272,50000,0.039,100.24598815328383,1.75,0.04074,63,7650679924940431097,160.0,P4
0.0,0.0,0.0,50000,0.039,0.6010492726186382,1.75,0.03966,64,17010424937877948475,160.0,P4
0.0,0.0,0.0,50000,0.039,0.4423601334617084,1.75,0.03894,65,2269058435237453255,160.0,P4
0.0,0.0,0.0,50000,0.039,0.6309734694124154,1.75,0.03828,66,13606100963603879949,160.0,P4
0.0,0.0,0.0,50000,0.039,0.48128009693704554,1.75,0.03894,67,13751651243779922857,160.0,P4
0.0,0.0,0.0,50000,0.039,0.6814105933509585,1.75,0.0392,68,16661325742151766273,160.0,P4
0.74822,0.7452,0.74808,50000,0.039,104.60472498930912,1.75,0.0383,69,5607280322094251713,160.0,P4
0.0,0.0,0.0,50000,0.039,0.4880676894721435,1.75,0.0392,70,511975088560737748,160.0,P4
0.0,0.0,0.0,50000,0.039,0.4873654716918388,1.75,0.03836,71,2978398330657480080,160.0,P4
0.0,0.0,0.0,50000,0.039,0.5871468671091342,1.75,0.0399,72,3659360724020985977,160.0,P4
0.0,0.0,0.0,50000,0.039,0.7498622775127098,1.75,0.04006,73,9742860610134442093,160.0,P4
0.0,0.0,0.0,50000,0.039,0.45483349708659765,1.75,0.0375,74,1606616948223773409,160.0,P4
0.0,0.0,0.0,50000,0.039,0.640476461077986,1.75,0.03982,75,3293426063607627894,160.0,P4
0.0,0.0,0.0,50000,0.039,0.49310013135395026,1.75,0.03838,76,8094362649671209150,160.0,P4
0.0,0.0,0.0,50000,0.039,0.5993296715062677,1.75,0.04034,77,4050941866989830171,160.0,P4
0.0,0.0,0.0,50000,0.039,0.6263867523585317,1.75,0.03942,78,5113231069216893675,160.0,P4
0.0,0.0,0.0,50000,0.039,0.4882853248327223,1.75,0.03888,79,6654010950961441574,160.0,P4
0.0,0.0,0.0,50000,0.039,0.53787280072899,1.75,0.03966,80,13434547027752929838,160.0,P4
0.0,0.0,0.0,50000,0.039,0.3843005518579725,1.75,0.0367,81,5143326605595329199,160.0,P4
0.0,0.0,0.0,50000,0.039,0.3988864846247001,1.75,0.03812,82,17890537752411363636,160.0,P4
0.0,0.0,0.0,50000,0.039,0.45498848131283615,1.75,0.03916,83,6538282932109270374,160.0,P4
0.74542,0.74618,0.74658,50000,0.039,103.85361440829908,1.75,0.03922,84,3842123044697503219,160.0,P4
0.0,0.0,0.0,50000,0.039,0.5539530813690536,1.75,0.03934,85,3933510052923690913,160.0,P4
0.0,0.0,0.0,50000,0.039,0.5823185165913056,1.75,0.03784,86,17925029682892536054,160.0,P4
0.74866,0.74918,0.74434,50000,0.039,103.5460503274302,1.75,0.03934,87,5221529695463481690,160.0,P4
0.0,0.0,0.0,50000,0.039,0.6337481530787182,1.75,0.03664,88,13971932638591849275,160.0,P4
0.0,0.0,0.0,50000,0.039,0.4412994622813534,1.75,0.03894,89,10137260934633710104,160.0,P4
0.0,0.0,0.0,50000,0.039,0.5752025704350804,1.75,0.03868,90,6676022051561294803,160.0,P4
0.0,0.0,0.0,50000,0.039,0.5334074094751841,1.75,0.03746,91,5747380848449689809,160.0,P4
0.0,0.0,0.0,50000,0.039,0.5428574633255774,1.75,0.0384,92,6560122413147079611,160.0,P4
0.0,0.0,0.0,50000,0.039,0.6103530183690038,1.75,0.03862,93,5854136119031004476,160.0,P4
0.0,0.0,0.0,50000,0.039,0.5135566775675561,1.75,0.03922,94,14911956499690135458,160.0,P4
0.0,0.0,0.0,50000,0.039,0.662800532695632,1.75,0.04064,95,18088414884402394452,160.0,P4
0.0,0.0,0.0,50000,0.039,0.44121891950406084,1.75,0.03932,96,15668754059824810032,160.0,P4
0.0,0.0,0.0,50000,0.039,0.6529872885363086,1.75,0.03888,97,9365440687164239837,160.0,P4
0.0,0.0,0.0,50000,0.039,0.5278293893327126,1.75,0.03828,98,443659843018913483,160.0,P4
0.0,0.0,0.0,50000,0.039,0.561806653885408,1.75,0.0391,99,16698663858112254536,160.0,P4
0.0,0.0,0.0,50000,0.041,0.5655872351194444,1.75,0.0402,0,13571971941107505114,160.0,P4
0.0,0.0,0.0,50000,0.041,0.95948882184628,1.75,0.04242,1,13209560597168987457,160.0,P4
0.0,0.0,0.0,50000,0.041,0.7882998007915668,1.75,0.04088,2,14977692669171552943,160.0,P4
0.0,0.0,0.0,50000,0.041,0.7327465613031973,1.75,0.04026,3,18007601712061215696,160.0,P4
0.0,0.0,0.0,50000,0.041,1.1979129739167642,1.75,0.04104,4,2382492349741387628,160.0,P4
0.0,0.0,0.0,50000,0.041,0.7778585423907067,1.75,0.04064,5,2508684150633903980,160.0,P4
0.0,0.0,0.0,50000,0.041,0.7019905233851257,1.75,0.04144,6,10144130234897270756,160.0,P4
0.0,0.0,0.0,50000,0.041,0.37535362649328,1.75,0.03964,7,5172491700174447923,160.0,P4
0.0,0.0,0.0,50000,0.041,1.0443520034288734,1.75,0.04058,8,6781087556201659633,160.0,P4
0.0,0.0001,0.0,50000,0.041,1.1114171829263193,1.75,0.04142,9,13743584135063450973,160.0,P4
0.0,0.0,0.0,50000,0.041,0.5492929403106974,1.75,0.04088,10,17562697735217864683,160.0,P4
0.0,0.0,0.0,50000,0.041,0.7877304628351779,1.75,0.0415,11,7007869022214446163,160.0,P4
0.74476,0.74984,0.74832,50000,0.041,100.67176727324893,1.75,0.04158,12,5987755453192682085,160.0,P4
0.0,0.0,0.0,50000,0.041,0.49444197346338037,1.75,0.04016,13,4793802873554201249,160.0,P4
0.0,0.0,0.0,50000,0.041,0.7509449449568996,1.75,0.03946,14,12992725648440240944,160.0,P4
0.0,0.0,0.0,50000,0.041,0.5284668289585768,1.75,0.0425,15,15621172242887844930,160.0,P4
0.0,0.0,0.0,50000,0.041,0.5126467655852257,1.75,0.0399,16,14622172072937923623,160.0,P4
0.0,0.0,0.0,50000,0.041,0.620922708285389,1.75,0.04038,17,14253725130116100453,160.0,P4
0.0,0.0,0.0,50000,0.041,0.9986930127461988,1.75,0.04096,18,10953154925917127856,160.0,P4
0.0,0.0,0.0,50000,0.041,0.7984236493766009,1.75,0.04128,19,11947113227137809182,160.0,P4
0.0,0.0,0.0,50000,0.041,0.6690926069661668,1.75,0.04082,20,11671621823857484093,160.0,P4
0.7495,0.50102,0.74962,50000,0.041,93.17221927412737,1.75,0.0417,21,16660286494377569242,160.0,P4
0.0,0.0,0.0,50000,0.041,0.9176498918588881,1.75,0.0392,22,2992706203930001545,160.0,P4
0.0,0.0,0.0,50000,0.041,0.7995179072365638,1.75,0.04008,23,1985460318313542725,160.0,P4
0.0,0.0,0.0,50000,0.041,0.8863267542354861,1.75,0.04014,24,911369469492778964,160.0,P4
0.0,0.0,0.0,50000,0.041,0.3913423278116699,1.75,0.04002,25,658603063326253072,160.0,P4
0.0,0.0,0.0,50000,0.041,0.7313933710324688,1.75,0.04096,26,18178230980020013040,160.0,P4
0.74798,0.7467,0.749,50000,0.041,99.03032883290167,1.75,0.04134,27,2438946741029765356,160.0,P4
0.74244,0.73664,0.748,50000,0.041,97.75535153631138,1.75,0.04134,28,14077418993048055075,160.0,P4
0.0,0.0,0.0,50000,0.041,0.836357205410754,1.75,0.04036,29,17849419449968164146,160.0,P4
0.0,0.0,0.0,50000,0.041,0.8383359029397127,1.75,0.04234,30,9430858558490501675,160.0,P4
0.75018,0.7442,0.74852,50000,0.041,106.14911800309415,1.75,0.04024,31,10928047933830622627,160.0,P4
0.0,0.0,0.0,50000,0.041,0.49955173721016755,1.75,0.0419,32,14650768319557673586,160.0,P4
0.74838,0.7444,0.747,50000,0.041,106.44106610026576,1.75,0.04076,33,13074709234051948667,160.0,P4
0.0,0.0,0.0,50000,0.041,0.6886328051456468,1.75,0.0413,34,9477778123737532152,160.0,P4
0.0,0.0,0.0,50000,0.041,0.6788036984860413,1.75,0.04108,35,6643012032313214111,160.0,P4
0.0,0.00328,0.0,50000,0.041,1.8528941074160343,1.75,0.04102,36,1334021204006259434,160.0,P4
0.7455,0.74456,0.74614,50000,0.041,100.34293354747653,1.75,0.04218,37,3039435855282914761,160.0,P4
0.0,0.0,0.0,50000,0.041,0.498247610580486,1.75,0.0394,38,10317106387414149405,160.0,P4
0.0,0.0,0.0,50000,0.041,0.8996901513507911,1.75,0.03976,39,11583943536683191581,160.0,P4
0.0,0.0,0.0,50000,0.041,0.44637819328609046,1.75,0.0413,40,11145122907741260074,160.0,P4
0.0,0.0,0.0,50000,0.041,0.7227247736028182,1.75,0.04186,41,12615262436086586264,160.0,P4
0.0,0.0,0.0,50000,0.041,0.8133416428437797,1.75,0.04054,42,10584357355633858961,160.0,P4
0.0,0.0001,0.0,50000,0.041,0.964598694749863,1.75,0.0415,43,3716085374989123351,160.0,P4
0.0,0.0,0.0,50000,0.041,0.49991551872376105,1.75,0.04088,44,4183385933286667884,160.0,P4
0.0,0.0,0.0,50000,0.041,0.9470167041107157,1.75,0.04124,45,4204288410772821775,160.0,P4
0.0,0.0,0.0,50000,0.041,0.5151841496916388,1.75,0.0409,46,10559916272126591432,160.0,P4
0.0,0.0,0.0,50000,0.041,0.684226200519267,1.75,0.04116,47,4890158981678054545,160.0,P4
0.0,0.0,0.0,50000,0.041,0.770489270646124,1.75,0.0391,48,16152218595028931156,160.0,P4
0.0,0.0,0.0,50000,0.041,0.7363840806439353,1.75,0.04164,49,4780487656056681976,160.0,P4
0.0,0.0,0.0,50000,0.041,0.8155780818928858,1.75,0.04094,50,16691326761680838968,160.0,P4
0.0,0.0,0.0,50000,0.041,0.7626408092247949,1.75,0.04096,51,7221433098295108635,160.0,P4
0.0,8e-05,0.0,50000,0.041,0.5620428903590149,1.75,0.0403,52,16916781874520578756,160.0,P4
0.0,0.0,0.0,50000,0.041,0.7322266621155136,1.75,0.04058,53,17093170460992710697,160.0,P4
0.0,0.0,0.0,50000,0.041,0.551683543899958,1.75,0.04178,54,14502867170160389424,160.0,P4
0.0,0.0,0.0,50000,0.041,1.0642919081206914,1.75,0.04034,55,1458547547899403353,160.0,P4
0.0,0.0,0.0,50000,0.041,0.682653283547443,1.75,0.04258,56,14705556429434183605,160.0,P4
0.0,0.0,0.0,50000,0.041,0.6700431965616582,1.75,0.03944,57,1835036697373584953,160.0,P4
0.74468,0.746,0.74894,50000,0.041,101.9869502330592,1.75,0.04162,58,9195885822582145328,160.0,P4
0.0,0.0,0.0,50000,0.041,0.5555406237235061,1.75,0.04148,59,17325420167330999253,160.0,P4
0.0,0.01442,0.0,50000,0.041,1.9683111773360311,1.75,0.04128,60,4418022518785749344,160.0,P4
0.0,0.0,0.0,50000,0.041,0.6229539212596367,1.75,0.04044,61,8507530911970165230,160.0,P4
0.0,0.0,0.0,50000,0.041,0.7314559329816285,1.75,0.0407,62,8226935113886267451,160.0,P4
0.0,0.0,0.0,50000,0.041,0.7238792734497139,1.75,0.04088,63,7954261320929585856,160.0,P4
0.0,0.0,0.0,50000,0.041,1.075751838592435,1.75,0.041,64,9112941432288924541,160.0,P4
0.0,0.0,0.0,50000,0.041,0.8882703361837482,1.75,0.0419,65,1711836196753263603,160.0,P4
0.0,0.0,0.0,50000,0.041,0.8371569967261927,1.75,0.04074,66,12205473940561401603,160.0,P4
0.0,0.0,0.0,50000,0.041,0.6431841565630285,1.75,0.04162,67,7922221488001345184,160.0,P4
0.0,0.0,0.0,50000,0.041,0.7246137948703402,1.75,0.04014,68,14867378311705475813,160.0,P4
0.0,0.0,0.0,50000,0.041,0.7814707302918942,1.75,0.04066,69,6993603690809015029,160.0,P4
0.74424,0.75056,0.74408,50000,0.041,101.29891706989328,1.75,0.04396,70,5079560738595853351,160.0,P4
0.0,0.0,0.0,50000,0.041,0.7663414246334348,1.75,0.0405,71,16717484673824848798,160.0,P4
0.0,0.0,0.0,50000,0.041,0.5876696668368155,1.75,0.0408,72,3660750265114280514,160.0,P4
0.0,0.0,0.0,50000,0.041,0.7425901245674755,1.75,0.0402,73,4573996683305486484,160.0,P4
0.0,0.0,0.0,50000,0.041,0.6276396833777926,1.75,0.03974,74,12805352520766839001,160.0,P4
0.74822,0.74854,0.7488,50000,0.041,106.9452195945128,1.75,0.04142,75,2319778201286178891,160.0,P4
0.75074,0.74156,0.75318,50000,0.041,99.82949587518465,1.75,0.04224,76,17815931678107063489,160.0,P4
0.0,0.0,0.0,50000,0.041,0.6552942899658586,1.75,0.04086,77,16683324382790014355,160.0,P4
0.0,0.0,0.0,50000,0.041,0.960665982078448,1.75,0.04108,78,18249764814896886934,160.0,P4
0.0,0.0,0.0,50000,0.041,0.9549126445880668,1.75,0.04036,79,9274704757941693669,160.0,P4
0.0,0.0,0.0,50000,0.041,0.48523670715457656,1.75,0.04178,80,3883586650997321236,160.0,P4
0.0,0.00044,0.0,50000,0.041,1.5069361529554641,1.75,0.04248,81,9821667030185149604,160.0,P4
0.0,0.0,0.0,50000,0.041,0.639168552099773,1.75,0.04064,82,3864619508302090409,160.0,P4
0.0,0.0,0.0,50000,0.041,0.597302983816545,1.75,0.0406,83,4995764298907678933,160.0,P4
0.0,0.0,0.0,50000,0.041,0.6955566757886982,1.75,0.0421,84,4670675015845110758,160.0,P4
0.0,2e-05,0.0,50000,0.041,1.1513921020028839,1.75,0.04066,85,15996762962222837069,160.0,P4
0.0,0.0,0.0,50000,0.041,0.636544097546365,1.75,0.04154,86,3307391724378631953,160.0,P4
0.0,0.0,0.0,50000,0.041,0.5940672411831688,1.75,0.04234,87,1955138801035112239,160.0,P4
0.74922,0.74276,0.74748,50000,0.041,106.60873653066557,1.75,0.04098,88,12970093765093353903,160.0,P4
0.74634,0.74876,0.74908,50000,0.041,101.67996511554864,1.75,0.04194,89,1680032881513750355,160.0,P4
0.0,0.0,0.0,50000,0.041,0.5082296848340765,1.75,0.04218,90,17444524161742567729,160.0,P4
0.0,0.0,0.0,50000,0.041,0.6437867026267877,1.75,0.0421,91,1730475920819470272,160.0,P4
0.0,0.0,0.0,50000,0.041,0.7210628333144017,1.75,0.0411,92,3890581470854253378,160.0,P4
0.0,0.0,0.0,50000,0.041,0.3873203068027587,1.75,0.0396,93,17175079881774825718,160.0,P4
0.0,0.0,0.0,50000,0.041,0.7884941990302554,1.75,0.0409,94,1530856522206984699,160.0,P4
0.0,0.0,0.0,50000,0.041,0.5292454438135442,1.75,0.04094,95,955441344882057935,160.0,P4
0.0,0.00056,0.0,50000,0.041,1.474000737062833,1.75,0.04146,96,5622461595307428939,160.0,P4
0.0,0.0,0.0,50000,0.041,0.8056125415098939,1.75,0.04194,97,9347453449986017934,160.0,P4
0.0,0.0,0.0,50000,0.041,0.5153124825949864,1.75,0.04136,98,16321189951358259792,160.0,P4
0.74922,0.74676,0.74764,50000,0.041,100.2504156283609,1.75,0.041,99,15832262534721689785,160.0,P4
0.0,0.00044,0.0,50000,0.045,1.4468405249245393,1.75,0.0448,0,8863788376795473694,160.0,P4
0.74468,0.74904,0.74436,50000,0.045,102.82183919196339,1.75,0.04616,1,14910847997391332611,160.0,P4
0.74992,0.74796,0.7477,50000,0.045,102.83252524929242,1.75,0.04526,2,732095903388757549,160.0,P4
0.75,0.74906,0.74788,50000,0.045,106.97745778930303,1.75,0.04376,3,5650571385563044193,160.0,P4
0.0,0.0,0.0,50000,0.045,0.9015043250828628,1.75,0.04528,4,6796914975533458047,160.0,P4
0.74872,0.7438,0.75034,50000,0.045,105.66679660705535,1.75,0.04332,5,12690201241282672436,160.0,P4
0.74354,0.74408,0.75208,50000,0.045,103.85095041887604,1.75,0.04572,6,3728831910188065232,160.0,P4
0.0,0.0,0.0,50000,0.045,0.8904895214762598,1.75,0.04376,7,13303883725298600039,160.0,P4
0.74648,0.74396,0.74752,50000,0.045,105.69480888074703,1.75,0.04604,8,15562658099358378535,160.0,P4
0.74462,0.74888,0.74836,50000,0.045,104.01409329064667,1.75,0.04546,9,1308237519584382810,160.0,P4
0.0,0.0,0.0,50000,0.045,0.9806122943916609,1.75,0.04532,10,11776964143583246689,160.0,P4
0.7478,0.74586,0.74966,50000,0.045,106.86357993960806,1.75,0.04586,11,13692866212225686998,160.0,P4
0.74816,0.74532,0.74882,50000,0.045,107.62644716445388,1.75,0.04558,12,8718722168841898,160.0,P4
0.74774,0.74694,0.7459,50000,0.045,108.92565731670825,1.75,0.045,13,13494459997654169280,160.0,P4
0.74918,0.75204,0.7491,50000,0.045,106.71612878704435,1.75,0.04532,14,1714493322678889187,160.0,P4
0.0,0.00062,0.0,50000,0.045,0.965469614460434,1.75,0.04334,15,630322285866818862,160.0,P4
0.0,0.0,0.0,50000,0.045,0.8852846034384713,1.75,0.04488,16,13118185941173557282,160.0,P4
0.74104,0.7463,0.74352,50000,0.045,107.56755267229799,1.75,0.04442,17,17213739289356632596,160.0,P4
0.0,0.0,0.0,50000,0.045,1.0956148964745023,1.75,0.04352,18,11895836526712009645,160.0,P4
0.74512,0.6109,0.74678,50000,0.045,94.31164882038902,1.75,0.04614,19,6010620371042799519,160.0,P4
0.74976,0.7443,0.74596,50000,0.045,105.39178990214413,1.75,0.04666,20,16465035017301597175,160.0,P4
0.74794,0.75218,0.74484,50000,0.045,107.36718547569424,1.75,0.04648,21,15257962937871959668,160.0,P4
0.74742,0.7455,0.75014,50000,0.045,106.71526401776215,1.75,0.04468,22,7983339501192869579,160.0,P4
0.74764,0.74856,0.7449,50000,0.045,110.1501341021796,1.75,0.04628,23,5720769027280579896,160.0,P4
0.74872,0.745,0.7521,50000,0.045,103.5671525830388,1.75,0.0456,24,11141437492818082147,160.0,P4
0.74608,0.7467,0.7448,50000,0.045,104.616187012294,1.75,0.04454,25,7083539209878885260,160.0,P4
0.74536,0.1841,0.74672,50000,0.045,89.81483517951477,1.75,0.0445,26,2061737116411223985,160.0,P4
0.74264,0.74296,0.74776,50000,0.045,106.2478844672538,1.75,0.04512,27,7498232574489570774,160.0,P4
0.0,0.0,0.0,50000,0.045,1.229357258637575,1.75,0.04426,28,588700141869710946,160.0,P4
0.0,0.0,0.0,50000,0.045,0.907364154304759,1.75,0.04574,29,12118307417829270355,160.0,P4
0.74916,0.74514,0.74524,50000,0.045,106.4511398890802,1.75,0.04438,30,14434670141347898872,160.0,P4
0.74812,0.74948,0.7464,50000,0.045,103.25849414884037,1.75,0.04602,31,13312172963307072052,160.0,P4
0.74524,0.748,0.74704,50000,0.045,106.19961708908578,1.75,0.0443,32,17625386735074146577,160.0,P4
0.74658,0.75174,0.74662,50000,0.045,108.17760287317493,1.75,0.04548,33,13908245351329823966,160.0,P4
0.74804,0.74914,0.74726,50000,0.045,107.51677588100968,1.75,0.04498,34,18120680553781941712,160.0,P4
0.0,0.0,0.0,50000,0.045,1.263508801005733,1.75,0.04348,35,18396726782304933433,160.0,P4
0.7559,0.74266,0.74898,50000,0.045,109.05586475486672,1.75,0.04514,36,783895396883268596,160.0,P4
0.75276,0.75008,0.74374,50000,0.045,101.2327848590375,1.75,0.0471,37,17269310936032688071,160.0,P4
0.0,0.0,0.0,50000,0.045,1.322821387712905,1.75,0.04534,38,2388700083862643263,160.0,P4
0.0,0.0,0.0,50000,0.045,0.6107175984138754,1.75,0.04296,39,16862284914962370403,160.0,P4
0.75326,0.7453,0.74924,50000,0.045,105.19224398786254,1.75,0.0444,40,13663148545648188885,160.0,P4
0.745,0.74892,0.74946,50000,0.045,107.62253571311308,1.75,0.04512,41,17281495032972864368,160.0,P4
0.0,0.0,0.0,50000,0.045,0.6434927120608033,1.75,0.0428,42,6951476826360678595,160.0,P4
0.75118,0.7426,0.74674,50000,0.045,106.79955611670613,1.75,0.04524,43,15702058564691720842,160.0,P4
0.74984,0.7491,0.73968,50000,0.045,107.73281522767192,1.75,0.04522,44,11359548405007755995,160.0,P4
0.0,0.0,0.0,50000,0.045,0.6187389695444808,1.75,0.04366,45,12584036444902065231,160.0,P4
0.0,0.00138,0.0,50000,0.045,1.420936605213627,1.75,0.04534,46,16788056921460088671,160.0,P4
0.74766,0.74426,0.73858,50000,0.045,106.58599012435002,1.75,0.04714,47,1504310793064037515,160.0,P4
0.74806,0.74718,0.75298,50000,0.045,102.8806873054888,1.75,0.04314,48,8686546785018940665,160.0,P4
0.0,0.0001,0.0,50000,0.045,1.0386211132477516,1.75,0.04562,49,1527852833502636618,160.0,P4
0.0,0.0,0.0,50000,0.045,0.8939232754651475,1.75,0.04412,50,15626063012218575753,160.0,P4
0.0,0.00022,0.0,50000,0.045,1.440189907545189,1.75,0.04626,51,17632967047772848740,160.0,P4
0.0,0.0,0.0,50000,0.045,0.6380861692744751,1.75,0.0446,52,3887077106544991551,160.0,P4
0.7429,0.75074,0.74302,50000,0.045,104.75223228679835,1.75,0.04548,53,12491175632421392785,160.0,P4
0.0,0.0,0.0,50000,0.045,1.0612005420834614,1.75,0.04612,54,7211400006190032556,160.0,P4
0.0,0.0,0.0,50000,0.045,1.29943927330575,1.75,0.0445,55,16174742988671819752,160.0,P4
0.0,0.0,0.0,50000,0.045,0.6730081527837282,1.75,0.04448,56,18169716053409588676,160.0,P4
0.74782,0.74918,0.74892,50000,0.045,105.61729701078315,1.75,0.04588,57,12247046813446073870,160.0,P4
0.0,0.0,0.0,50000,0.045,1.0051874397778924,1.75,0.04516,58,9943904113196240146,160.0,P4
0.75272,0.73902,0.74508,50000,0.045,98.27394615151293,1.75,0.04528,59,7297605380059821934,160.0,P4
0.0,0.0,0.0,50000,0.045,0.7789776836738788,1.75,0.04444,60,17631711053827431713,160.0,P4
0.0,0.00032,0.0,50000,0.045,1.4082266188400152,1.75,0.04622,61,14680633468581713067,160.0,P4
0.0,0.0,0.0,50000,0.045,0.46572835978747074,1.75,0.04442,62,12320094616442056577,160.0,P4
0.74646,0.74542,0.7541,50000,0.045,102.74977469135979,1.75,0.04442,63,10780574032556627187,160.0,P4
0.75066,0.47946,0.74902,50000,0.045,92.94922256144524,1.75,0.04512,64,390796426004738998,160.0,P4
0.7469,0.66122,0.7485,50000,0.045,95.00493348042775,1.75,0.04482,65,16128508485613860111,160.0,P4
0.0,0.0,0.0,50000,0.045,0.6716507574339066,1.75,0.04532,66,3037615200719396361,160.0,P4
0.0,0.0,0.0,50000,0.045,1.2076185870495524,1.75,0.04672,67,13324457754754162820,160.0,P4
0.747,0.75082,0.74562,50000,0.045,105.56907710578291,1.75,0.04564,68,7824432506436570042,160.0,P4
0.74976,0.74586,0.75044,50000,0.045,106.53910748893995,1.75,0.04694,69,10704568193826679190,160.0,P4
0.0,0.0,0.0,50000,0.045,0.6936257317770647,1.75,0.04392,70,3369616551665923443,160.0,P4
0.74724,0.744,0.75088,50000,0.045,102.13766105529659,1.75,0.04348,71,9515095266075264156,160.0,P4
0.0,0.0,0.0,50000,0.045,0.7681951018462131,1.75,0.04562,72,10480876415038141393,160.0,P4
0.0,0.0,0.0,50000,0.045,1.0966620893314087,1.75,0.0442,73,1576748342248082061,160.0,P4
0.0,0.0,0.0,50000,0.045,1.0389755488508592,1.75,0.04378,74,12436323029328937836,160.0,P4
0.74484,0.7507,0.74676,50000,0.045,101.5708494141645,1.75,0.04362,75,12690631423647460767,160.0,P4
0.0,0.0,0.0,50000,0.045,0.682431834401956,1.75,0.04466,76,10664184860336923447,160.0,P4
0.0,0.0,0.0,50000,0.045,1.2681825066242849,1.75,0.04396,77,6263161087628434959,160.0,P4
0.74424,0.74732,0.74818,50000,0.045,107.94721000725269,1.75,0.04342,78,1709148137711972793,160.0,P4
0.74828,0.74592,0.74472,50000,0.045,99.56460631902674,1.75,0.04492,79,10134063393132510784,160.0,P4
0.74916,0.74656,0.74296,50000,0.045,107.11068002653427,1.75,0.04574,80,2846441762349251154,160.0,P4
0.74332,0.7462,0.74838,50000,0.045,109.17787143958185,1.75,0.0441,81,14795109974512195514,160.0,P4
0.0,0.00012,0.0,50000,0.045,1.2461161370347,1.75,0.0444,82,14721574915453632313,160.0,P4
0.74734,0.7455,0.74668,50000,0.045,103.318589988486,1.75,0.04518,83,13726356873039064498,160.0,P4
0.0,0.0,0.0,50000,0.045,0.9878528115029716,1.75,0.04658,84,15561827711706210195,160.0,P4
0.7465,0.74468,0.74904,50000,0.045,103.21544098900506,1.75,0.04444,85,14099725739161535687,160.0,P4
0.74856,0.74578,0.7456,50000,0.045,100.86351536910313,1.75,0.04462,86,3744619489803282869,160.0,P4
0.0,0.0,0.0,50000,0.045,0.9874150059057062,1.75,0.04446,87,18346590603890400885,160.0,P4
0.74768,0.7475,0.74894,50000,0.045,101.79037640249565,1.75,0.04628,88,8181120404078091755,160.0,P4
0.74638,0.74882,0.74428,50000,0.045,102.30346787482976,1.75,0.04382,89,9258167202553682452,160.0,P4
0.0,0.0,0.0,50000,0.045,0.9123127552923566,1.75,0.04532,90,16043066513065677785,160.0,P4
0.0,0.01976,0.0,50000,0.045,2.161277027558455,1.75,0.0447,91,8930087410407697982,160.0,P4
0.74774,0.74522,0.7469,50000,0.045,104.87793183874582,1.75,0.04472,92,5969604082758323201,160.0,P4
0.0,0.0,0.0,50000,0.045,0.5904241648147605,1.75,0.0427,93,18080522879960444222,160.0,P4
0.74634,0.75038,0.74602,50000,0.045,103.7743083732279,1.75,0.04512,94,1809278990683046320,160.0,P4
0.0,0.0,0.0,50000,0.045,0.6204917416247209,1.75,0.0457,95,12596457177010707309,160.0,P4
0.0,0.0,0.0,50000,0.045,0.7048368394885434,1.75,0.04454,96,18107324250324466044,160.0,P4
0.74624,0.74674,0.7498,50000,0.045,107.7214675254297,1.75,0.04606,97,17070910040650433780,160.0,P4
0.0,0.00086,0.0,50000,0.045,1.326627612939986,1.75,0.0464,98,2410735297753627919,160.0,P4
0.74722,0.74928,0.74732,50000,0.045,106.8033950690148,1.75,0.04326,99,5307411445712080374,160.0,P4
0.7489,0.74676,0.747,50000,0.052,110.32534415251055,1.75,0.05326,0,18195409965094704337,160.0,P4
0.74342,0.74808,0.74928,50000,0.052,109.42470533156147,1.75,0.05028,1,3750304923669861745,160.0,P4
0.74426,0.7441,0.74636,50000,0.052,108.74419006928791,1.75,0.0525,2,6700091326414044481,160.0,P4
0.74518,0.7498,0.74632,50000,0.052,110.66063417661493,1.75,0.0528,3,12139091728711243864,160.0,P4
0.7467,0.74676,0.7484,50000,0.052,110.57132240050151,1.75,0.05104,4,10079427884757893776,160.0,P4
0.74704,0.74848,0.7463,50000,0.052,109.99467983047938,1.75,0.05194,5,17466821358736564019,160.0,P4
0.74562,0.74436,0.74696,50000,0.052,110.28793624149532,1.75,0.05252,6,16154201017341901466,160.0,P4
0.74822,0.7483,0.74976,50000,0.052,110.81255090903338,1.75,0.05296,7,17903083564377851446,160.0,P4
0.74674,0.74548,0.7482,50000,0.052,107.38788547522327,1.75,0.05254,8,1152538181959873812,160.0,P4
0.75034,0.74084,0.74946,50000,0.052,111.54741676240786,1.75,0.05226,9,10365994688618921100,160.0,P4
0.74836,0.75038,0.74764,50000,0.052,111.30424926263733,1.75,0.05196,10,2814570935464048209,160.0,P4
0.74554,0.74042,0.74518,50000,0.052,109.65755102631827,1.75,0.05066,11,12969731877661771744,160.0,P4
0.74454,0.74606,0.74422,50000,0.052,110.44859415483559,1.75,0.05264,12,18074242010827095774,160.0,P4
0.74624,0.74666,0.74904,50000,0.052,109.90129645488952,1.75,0.05316,13,2825387178776263564,160.0,P4
0.74584,0.7455,0.74764,50000,0.052,110.38981031223483,1.75,0.05104,14,7286270999775932978,160.0,P4
0.74556,0.74718,0.74608,50000,0.052,109.31425415498751,1.75,0.052,15,14736220665908956133,160.0,P4
0.75186,0.74638,0.74644,50000,0.052,109.21417897859911,1.75,0.0496,16,2000521184553047378,160.0,P4
0.74702,0.7401,0.74842,50000,0.052,103.47466045628266,1.75,0.05174,17,13415496808929864961,160.0,P4
0.74286,0.7486,0.74488,50000,0.052,108.89366116322422,1.75,0.05002,18,18108703664756895039,160.0,P4
0.74608,0.74828,0.74916,50000,0.052,108.06830742535188,1.75,0.0523,19,15820268747621273055,160.0,P4
0.74842,0.74412,0.74414,50000,0.052,107.99766935965944,1.75,0.05106,20,3408767700482714126,160.0,P4
0.74534,0.7422,0.7454,50000,0.052,110.22169924869496,1.75,0.05218,21,4013950011529779582,160.0,P4
0.7476,0.75094,0.74458,50000,0.052,107.99320151455073,1.75,0.05196,22,11444667334747611572,160.0,P4
0.74952,0.74558,0.74544,50000,0.052,109.82409529880654,1.75,0.05174,23,812767455798730929,160.0,P4
0.746,0.74586,0.7485,50000,0.052,111.02317324112903,1.75,0.05248,24,17350003227484587277,160.0,P4
0.74308,0.74364,0.74664,50000,0.052,109.63194871316395,1.75,0.0509,25,17974241007533904808,160.0,P4
0.74558,0.74844,0.74382,50000,0.052,110.40313349745522,1.75,0.05274,26,15921346695378642037,160.0,P4
0.74426,0.75062,0.74586,50000,0.052,110.2346422325945,1.75,0.05138,27,12369618903267777979,160.0,P4
0.74356,0.75008,0.74566,50000,0.052,110.82019405850637,1.75,0.0522,28,17704932467722427785,160.0,P4
0.75022,0.75202,0.75166,50000,0.052,111.07871997555058,1.75,0.05432,29,5785530961786349372,160.0,P4
0.74802,0.74416,0.74918,50000,0.052,110.40373224305031,1.75,0.0532,30,13629431654579079731,160.0,P4
0.74806,0.74706,0.7483,50000,0.052,108.9735568778738,1.75,0.0513,31,3723253952897696371,160.0,P4
0.74678,0.75164,0.74718,50000,0.052,107.75108103778564,1.75,0.0511,32,4762779861491735772,160.0,P4
0.0,0.0,0.0,50000,0.052,1.1841699796671603,1.75,0.05004,33,4129238037762759921,160.0,P4
0.74484,0.74692,0.7516,50000,0.052,109.35117274288338,1.75,0.0526,34,7495069536058562377,160.0,P4
0.74308,0.75116,0.74946,50000,0.052,110.31802321949937,1.75,0.05222,35,14479366218573745140,160.0,P4
0.74766,0.74846,0.74512,50000,0.052,108.09528958718992,1.75,0.05182,36,14244388989848271100,160.0,P4
0.75026,0.74892,0.74704,50000,0.052,109.54176595084743,1.75,0.05162,37,5541826989976132400,160.0,P4
0.74726,0.75188,0.74524,50000,0.052,109.9192846784674,1.75,0.0517,38,301191277923627345,160.0,P4
0.75232,0.74804,0.75138,50000,0.052,110.0402764262796,1.75,0.05172,39,16549794049375638212,160.0,P4
0.75066,0.75298,0.75148,50000,0.052,108.80743871316342,1.75,0.05216,40,2248663381819140407,160.0,P4
0.74744,0.75252,0.74814,50000,0.052,108.70065511203344,1.75,0.05288,41,17489734200680315543,160.0,P4
0.74366,0.74468,0.74596,50000,0.052,110.61801051784884,1.75,0.05316,42,12999854502147004456,160.0,P4
0.74662,0.7425,0.7462,50000,0.052,109.31888393066146,1.75,0.052,43,1025944545734521396,160.0,P4
0.74716,0.74484,0.74528,50000,0.052,108.83002644797463,1.75,0.05416,44,6228720609090994205,160.0,P4
0.7507,0.75004,0.74858,50000,0.052,108.66228951965631,1.75,0.05236,45,13917290886707873625,160.0,P4
0.74798,0.74932,0.74994,50000,0.052,109.81004893961894,1.75,0.05116,46,9724174365526417935,160.0,P4
0.74804,0.7461,0.74804,50000,0.052,108.4746199363592,1.75,0.05128,47,11561211103782034283,160.0,P4
0.74332,0.74752,0.74528,50000,0.052,108.88011365168548,1.75,0.05186,48,14794909793874549778,160.0,P4
0.74624,0.74748,0.74686,50000,0.052,107.92899061830816,1.75,0.05066,49,6400922604439960002,160.0,P4
0.74632,0.74432,0.74748,50000,0.052,109.8796294524985,1.75,0.05188,50,1780835673638932020,160.0,P4
0.74048,0.74362,0.746,50000,0.052,110.30602436518151,1.75,0.05348,51,10966792164625824527,160.0,P4
0.74672,0.75278,0.7505,50000,0.052,109.74173669893052,1.75,0.05038,52,5557112415534268713,160.0,P4
0.74676,0.75036,0.74908,50000,0.052,110.67036743090064,1.75,0.05468,53,12480629459984905789,160.0,P4
0.75048,0.75056,0.75132,50000,0.052,109.51084531315135,1.75,0.05186,54,5949075105626079594,160.0,P4
0.74188,0.75096,0.74934,50000,0.052,110.17845637154304,1.75,0.05218,55,9049226688618043585,160.0,P4
0.74928,0.74688,0.74492,50000,0.052,110.59935034771243,1.75,0.05174,56,1295006573168684310,160.0,P4
0.74626,0.74788,0.74786,50000,0.052,109.99054561664848,1.75,0.05194,57,15095994380618099541,160.0,P4
0.74552,0.74564,0.74892,50000,0.052,109.70965680463463,1.75,0.05066,58,15712541728702956552,160.0,P4
0.74992,0.74204,0.74708,50000,0.052,110.5324752730906,1.75,0.05218,59,8275915258894884538,160.0,P4
0.7444,0.75336,0.74506,50000,0.052,107.99380408139557,1.75,0.05116,60,9760747219252178885,160.0,P4
0.74712,0.74486,0.745,50000,0.052,110.27348741055367,1.75,0.05164,61,10811149906356571829,160.0,P4
0.74754,0.74496,0.74342,50000,0.052,109.39787944193024,1.75,0.05172,62,280504090796496487,160.0,P4
0.74746,0.74782,0.74504,50000,0.052,108.95209029956575,1.75,0.05222,63,1274734424929488467,160.0,P4
0.74904,0.74784,0.74736,50000,0.052,108.47820151665373,1.75,0.05372,64,3075162954573433142,160.0,P4
0.7496,0.75032,0.75066,50000,0.052,110.0260741020139,1.75,0.05304,65,10759559656334274728,160.0,P4
0.747,0.74858,0.75106,50000,0.052,105.47273703605579,1.75,0.05232,66,10649011926680498136,160.0,P4
0.74192,0.74782,0.75086,50000,0.052,104.87881116461324,1.75,0.05082,67,6708523023427101891,160.0,P4
0.7476,0.75006,0.74764,50000,0.052,110.30696259390272,1.75,0.0522,68,13146747877051259562,160.0,P4
0.7498,0.75092,0.74658,50000,0.052,110.02388856752094,1.75,0.05244,69,13227938633825691313,160.0,P4
0.74438,0.74462,0.75086,50000,0.052,111.69828417181857,1.75,0.0522,70,9744064005297842931,160.0,P4
0.7478,0.74426,0.7449,50000,0.052,110.39717119367327,1.75,0.05324,71,4467257581269940616,160.0,P4
0.74416,0.74982,0.7483,50000,0.052,109.30221374771583,1.75,0.05336,72,7021303875905280563,160.0,P4
0.74504,0.74138,0.7473,50000,0.052,108.97439228660195,1.75,0.05124,73,1650709080965589568,160.0,P4
0.74706,0.74484,0.74872,50000,0.052,108.78853555188871,1.75,0.0502,74,1914799976370171196,160.0,P4
0.75052,0.7458,0.7478,50000,0.052,109.36040367108701,1.75,0.05146,75,2572906191329268520,160.0,P4
0.743,0.74556,0.74446,50000,0.052,110.3259470830877,1.75,0.05164,76,2282441061989136970,160.0,P4
0.74428,0.74518,0.74606,50000,0.052,106.45019926850945,1.75,0.0496,77,2485221856380298274,160.0,P4
0.7474,0.74528,0.74764,50000,0.052,110.73978445258936,1.75,0.05312,78,12078515389030277933,160.0,P4
0.74348,0.74836,0.74972,50000,0.052,109.5455020228796,1.75,0.05144,79,14392015034806224700,160.0,P4
0.7453,0.7539,0.74792,50000,0.052,107.4909903450655,1.75,0.05028,80,18434923168304042507,160.0,P4
0.7483,0.74728,0.75034,50000,0.052,108.79948020976254,1.75,0.05214,81,15562931607085652610,160.0,P4
0.74366,0.74878,0.74642,50000,0.052,109.63857382483644,1.75,0.05206,82,2221094471019749580,160.0,P4
0.74642,0.75212,0.74732,50000,0.052,107.10875836701874,1.75,0.0517,83,7918658959156800608,160.0,P4
0.7541,0.749,0.74728,50000,0.052,109.82525795075638,1.75,0.05358,84,12285318267334490636,160.0,P4
0.74814,0.74844,0.74764,50000,0.052,109.95062239667888,1.75,0.05066,85,8400727290784283080,160.0,P4
0.7431,0.74832,0.7488,50000,0.052,108.76482638561465,1.75,0.05306,86,8250774177589363578,160.0,P4
0.74716,0.74494,0.7506,50000,0.052,110.42909488003859,1.75,0.04898,87,15789135422938302286,160.0,P4
0.74574,0.74288,0.74688,50000,0.052,111.79319856056787,1.75,0.052,88,2657298983963793584,160.0,P4
0.74548,0.74664,0.75206,50000,0.052,111.47793584916036,1.75,0.05416,89,2631145826450941165,160.0,P4
0.74622,0.74682,0.74234,50000,0.052,109.58934254191972,1.75,0.05152,90,10536343806331672783,160.0,P4
0.74668,0.74684,0.75016,50000,0.052,110.11344785777374,1.75,0.05198,91,10972336678956060349,160.0,P4
0.74706,0.74588,0.74734,50000,0.052,109.50664598049734,1.75,0.05276,92,5726417307314453,160.0,P4
0.74986,0.75104,0.7458,50000,0.052,108.36800252548399,1.75,0.052,93,16335683342028509948,160.0,P4
0.74096,0.7488,0.74622,50000,0.052,110.61325516715549,1.75,0.053,94,9489244220403865574,160.0,P4
0.75258,0.7487,0.74586,50000,0.052,110.56007270476647,1.75,0.05098,95,14004279618159035153,160.0,P4
0.0,0.01662,0.0,50000,0.052,2.1317620727457642,1.75,0.05284,96,10096074055778293966,160.0,P4
0.74706,0.7461,0.7457,50000,0.052,110.46231672704516,1.75,0.05334,97,8429865891816860413,160.0,P4
0.74804,0.74754,0.74538,50000,0.052,110.98031805919027,1.75,0.05132,98,17942649525926511530,160.0,P4
0.74606,0.74494,0.74622,50000,0.052,106.00407477020804,1.75,0.04966,99,1887093030983115299,160.0,P4
0.0,0.00048,0.0,50000,0.005,0.13209101761965697,1.9,0.00504,0,11750956419330213867,160.0,P4
0.81294,0.02818,0.80994,50000,0.005,87.75697471723228,1.9,0.00516,1,10864153743768964374,160.0,P4
0.0,0.0,0.0,50000,0.005,0.10617365483755282,1.9,0.00484,2,11950366570316184147,160.0,P4
0.0,4e-05,0.0,50000,0.005,0.2077273086566235,1.9,0.00514,3,16019328347110079425,160.0,P4
0.0,0.00082,0.0,50000,0.005,0.13320257446558698,1.9,0.00478,4,1328809676702146669,160.0,P4
0.0,0.00172,0.0,50000,0.005,0.24214704487882557,1.9,0.00464,5,14324661616441382267,160.0,P4
0.0,0.0,0.0,50000,0.005,0.19403460010022117,1.9,0.00486,6,3373992866895046501,160.0,P4
0.0,0.0,0.0,50000,0.005,0.11965112906098681,1.9,0.00506,7,16002935176942331089,160.0,P4
0.0,0.00102,0.0,50000,0.005,0.1559362857995885,1.9,0.0052,8,835721364541379882,160.0,P4
0.0,0.0,0.0,50000,0.005,0.08690336511079597,1.9,0.00478,9,16923812736683007047,160.0,P4
0.0,0.0,0.0,50000,0.005,0.0881659389871442,1.9,0.00498,10,352816412035778217,160.0,P4
0.0,0.0,0.0,50000,0.005,0.1427465588767934,1.9,0.00534,11,2633025510193211043,160.0,P4
0.0,0.00582,0.0,50000,0.005,0.37751026904328233,1.9,0.00534,12,7676191913053586660,160.0,P4
0.0,0.00034,0.0,50000,0.005,0.11505779274247123,1.9,0.00524,13,5827355229406236016,160.0,P4
0.81124,0.81308,0.81286,50000,0.005,105.17418218084445,1.9,0.00508,14,2031533284890316800,160.0,P4
0.0,0.00018,0.0,50000,0.005,0.13327722678910384,1.9,0.00464,15,2971929486908616956,160.0,P4
0.0,0.0,0.0,50000,0.005,0.09357938046763482,1.9,0.00506,16,14637578453673903652,160.0,P4
0.0,0.00038,0.0,50000,0.005,0.2524840891581349,1.9,0.0043,17,6600502208345506506,160.0,P4
0.0,0.0026,0.0,50000,0.005,0.24515567656755635,1.9,0.00562,18,5764726473416858826,160.0,P4
0.0,0.0,0.0,50000,0.005,0.07171423049794999,1.9,0.00558,19,5064967755325310317,160.0,P4
0.0,0.0052,8e-05,50000,0.005,0.2730604713010592,1.9,0.00462,20,14130920522385463501,160.0,P4
0.0,0.01374,0.0,50000,0.005,0.626397804580419,1.9,0.00484,21,14410859744476064012,160.0,P4
0.0,0.00048,0.0,50000,0.005,0.08389457844430477,1.9,0.00496,22,12751016334579153770,160.0,P4
0.0,0.0,0.0,50000,0.005,0.17767345026166892,1.9,0.0051,23,12698607008135234856,160.0,P4
0.81628,0.15704,0.81446,50000,0.005,96.37755859496225,1.9,0.00512,24,16570450193115305276,160.0,P4
0.0,0.0017,0.0001,50000,0.005,0.23793092238634087,1.9,0.00502,25,6052515122591653936,160.0,P4
0.0,0.0,0.0,50000,0.005,0.094386391409593,1.9,0.00538,26,6739241652723640269,160.0,P4
0.81392,0.81224,0.8176,50000,0.005,111.90978484885237,1.9,0.00458,27,12201566268505014430,160.0,P4
0.0,0.00138,0.0,50000,0.005,0.25669300339842394,1.9,0.00464,28,8240747659374046467,160.0,P4
0.0,0.00106,0.0,50000,0.005,0.26174211112702483,1.9,0.00514,29,3994584176030244569,160.0,P4
0.0,0.0,0.0,50000,0.005,0.07812729410175877,1.9,0.00538,30,6217347240017490395,160.0,P4
0.0,0.0,0.0,50000,0.005,0.0852491625638876,1.9,0.00538,31,4199798114998007594,160.0,P4
0.0,0.00026,0.0,50000,0.005,0.14680400021991055,1.9,0.00496,32,5509821178110245520,160.0,P4
0.0,0.00052,0.0,50000,0.005,0.100096347237414,1.9,0.0046,33,3323283274807908677,160.0,P4
0.0,0.0,0.0,50000,0.005,0.10030984948992105,1.9,0.00496,34,14231072186360961210,160.0,P4
0.81276,0.81334,0.81356,50000,0.005,115.20989466105269,1.9,0.00472,35,3598122585983482756,160.0,P4
0.0,0.00298,0.0,50000,0.005,0.23502538540481696,1.9,0.00476,36,9936776978511310335,160.0,P4
0.0,0.0,0.0,50000,0.005,0.1006730709736377,1.9,0.0052,37,11286159863275870483,160.0,P4
0.0,0.00012,0.0,50000,0.005,0.18468832694329815,1.9,0.00536,38,9532487537687131193,160.0,P4
0.0,0.0,0.0,50000,0.005,0.17050426719388814,1.9,0.0053,39,4003032892946585006,160.0,P4
0.0,0.0,0.0,50000,0.005,0.10999896084250757,1.9,0.00506,40,9519711224243818526,160.0,P4
0.0,0.0016,0.0,50000,0.005,0.1586922583038704,1.9,0.00558,41,16130705449529053299,160.0,P4
0.0,0.00094,0.0,50000,0.005,0.14347947751360057,1.9,0.00468,42,3443179487430228476,160.0,P4
0.0,0.0,0.0,50000,0.005,0.10636127549169258,1.9,0.00522,43,15652782052012433707,160.0,P4
0.0,0.00026,0.0,50000,0.005,0.1068472749530733,1.9,0.0052,44,12084442229294908917,160.0,P4
0.0,0.0,0.0,50000,0.005,0.0937086025697212,1.9,0.00492,45,18025084053447538724,160.0,P4
0.0,0.00332,0.0,50000,0.005,0.14156442816841192,1.9,0.0051,46,10407488258151676055,160.0,P4
0.0,0.0,0.0,50000,0.005,0.07374454498574448,1.9,0.00494,47,16802408127493569276,160.0,P4
0.0,0.0,0.0,50000,0.005,0.052381200671706735,1.9,0.00484,48,11095183309629764744,160.0,P4
0.0,0.0,0.0,50000,0.005,0.08973270912800706,1.9,0.00464,49,5347485053079062756,160.0,P4
0.81094,0.01662,0.81608,50000,0.005,82.17254707758168,1.9,0.00524,50,193893502513109020,160.0,P4
0.0,0.00068,0.0,50000,0.005,0.14778456268812212,1.9,0.00498,51,3854850685712808126,160.0,P4
0.8126,0.81024,0.81374,50000,0.005,109.57412416099271,1.9,0.00496,52,6659411191904506081,160.0,P4
0.0,0.0,0.0,50000,0.005,0.0527268017178826,1.9,0.00452,53,2601351077727636270,160.0,P4
0.81282,0.81378,0.81446,50000,0.005,111.3843246069861,1.9,0.00544,54,4943366978927310068,160.0,P4
0.0,0.00176,0.0,50000,0.005,0.28315114177196565,1.9,0.0052,55,17628074576771650796,160.0,P4
0.0,0.0064,0.0,50000,0.005,0.29669148928788347,1.9,0.00456,56,8226447472348228640,160.0,P4
0.0,0.0,0.0,50000,0.005,0.11986390562725205,1.9,0.00498,57,8602216725732697647,160.0,P4
0.0,0.0,0.0,50000,0.005,0.09653380486313513,1.9,0.00484,58,9756300065927497202,160.0,P4
0.0,0.0,0.0,50000,0.005,0.08652061194132804,1.9,0.00502,59,3352652953461937624,160.0,P4
0.0,0.0,0.0,50000,0.005,0.13979825219443676,1.9,0.00504,60,7164293164225388729,160.0,P4
0.0,0.00022,0.0,50000,0.005,0.18799081770937445,1.9,0.0053,61,135681319310267934,160.0,P4
0.0,0.0,0.0,50000,0.005,0.07268222930751492,1.9,0.00508,62,3352929963593836910,160.0,P4
0.8162,0.09126,0.81724,50000,0.005,94.686918196904,1.9,0.00546,63,2500134003290221492,160.0,P4
0.0,0.0,0.0,50000,0.005,0.09733574488366535,1.9,0.00506,64,17887474627492718455,160.0,P4
0.0,0.0,0.0,50000,0.005,0.08861300140076014,1.9,0.00484,65,17469354454965124664,160.0,P4
0.0,0.0,0.0,50000,0.005,0.21735539455488737,1.9,0.00566,66,13925665698798023636,160.0,P4
0.0,0.0008,0.0,50000,0.005,0.09603607836620023,1.9,0.00478,67,11765449716980722156,160.0,P4
0.0,0.00272,0.0,50000,0.005,0.3057418359060749,1.9,0.00502,68,9864247552522628588,160.0,P4
0.80982,0.80862,0.80812,50000,0.005,107.67849114199348,1.9,0.00476,69,3125503449447616250,160.0,P4
0.81436,0.63706,0.81238,50000,0.005,100.02235804710357,1.9,0.0053,70,2582016971040956920,160.0,P4
0.0,0.0,0.0,50000,0.005,0.059054967365809924,1.9,0.00486,71,4250636086565287032,160.0,P4
0.0,0.0,0.0,50000,0.005,0.1445793212122821,1.9,0.00494,72,17179602965125215359,160.0,P4
0.81376,0.01842,0.814,50000,0.005,80.20797578596367,1.9,0.00484,73,14242062344666670390,160.0,P4
0.0,0.00028,0.0,50000,0.005,0.2639368802636167,1.9,0.00476,74,1768297135784024108,160.0,P4
0.0,0.00052,0.0,50000,0.005,0.13434716667191854,1.9,0.00492,75,7500032099972501211,160.0,P4
0.0,0.00118,0.0,50000,0.005,0.1630832575283272,1.9,0.00516,76,11079345689460235611,160.0,P4
0.0,0.0,0.0,50000,0.005,0.12533564909079914,1.9,0.00464,77,17446225472259554276,160.0,P4
0.81396,0.01004,0.81162,50000,0.005,74.53161070081609,1.9,0.00536,78,10074329937579723812,160.0,P4
0.0,0.0,0.0,50000,0.005,0.06335348863899873,1.9,0.00522,79,18077586851743405002,160.0,P4
0.0,0.00264,0.0,50000,0.005,0.21729485196456189,1.9,0.00464,80,13288558434004419957,160.0,P4
0.0,0.0055,0.0,50000,0.005,0.488138946174994,1.9,0.00558,81,6083822039921467153,160.0,P4
0.0,8e-05,0.0,50000,0.005,0.1328557467383499,1.9,0.00504,82,16308689299998925298,160.0,P4
0.8159,0.80664,0.81028,50000,0.005,104.665554273171,1.9,0.00454,83,3886458159642893510,160.0,P4
0.0,0.00288,0.0,50000,0.005,0.3435375848576393,1.9,0.00484,84,430815553918491616,160.0,P4
0.0,0.00062,0.0,50000,0.005,0.18865349985071095,1.9,0.00536,85,2829513203762809733,160.0,P4
0.81204,0.81422,0.81182,50000,0.005,105.00966035330005,1.9,0.0048,86,9744275097812607294,160.0,P4
0.0,0.0,0.0,50000,0.005,0.13531317502039938,1.9,0.00444,87,11319467391040798397,160.0,P4
0.0,0.00044,0.0,50000,0.005,0.15636413657183343,1.9,0.0053,88,18021101115293838870,160.0,P4
0.0,0.0002,0.0,50000,0.005,0.12607584001247907,1.9,0.00512,89,15551668260911974884,160.0,P4
0.0,0.00204,0.0,50000,0.005,0.23361311565858756,1.9,0.00504,90,15828759166501833578,160.0,P4
0.0,0.0,0.0,50000,0.005,0.0704254896823154,1.9,0.00488,91,1858827158367690536,160.0,P4
0.0,0.00278,0.0,50000,0.005,0.32604529553188355,1.9,0.00546,92,4412781534523411213,160.0,P4
0.0,0.0,0.0,50000,0.005,0.09110325536128058,1.9,0.00472,93,13998221248780005942,160.0,P4
0.0,0.0,0.0,50000,0.005,0.1776828128081825,1.9,0.00546,94,6503518203001057322,160.0,P4
0.0,0.00096,0.0,50000,0.005,0.15674641453945876,1.9,0.00508,95,10160673373593922365,160.0,P4
0.0,0.0,0.0,50000,0.005,0.07790880101806141,1.9,0.00528,96,8757434200400236952,160.0,P4
0.0,0.00334,0.0,50000,0.005,0.226266540771117,1.9,0.00504,97,2930544152427313088,160.0,P4
0.0,0.0,0.0,50000,0.005,0.05083623946204072,1.9,0.00474,98,4054084435889328418,160.0,P4
0.0,0.00174,0.00024,50000,0.005,0.2210588873664912,1.9,0.00462,99,2769070988420825987,160.0,P4
0.81206,0.29998,0.81506,50000,0.0065,97.77451510454125,1.9,0.0065,0,1534258839130295363,160.0,P4
0.81536,0.81108,0.812,50000,0.0065,106.31676920914464,1.9,0.00612,1,6297479365872816983,160.0,P4
0.0,0.00368,0.0,50000,0.0065,0.29103816888283157,1.9,0.00714,2,11484150069072178819,160.0,P4
0.0,0.00158,0.0,50000,0.0065,0.30147519092978114,1.9,0.00634,3,15024423776970005389,160.0,P4
0.0,0.00018,0.0,50000,0.0065,0.2320983409171104,1.9,0.00688,4,12486986587349777341,160.0,P4
0.80952,0.81152,0.81416,50000,0.0065,105.47821460960009,1.9,0.00658,5,12169838886149530589,160.0,P4
0.81292,0.01646,0.81132,50000,0.0065,83.10102427358082,1.9,0.00686,6,9255422853234081358,160.0,P4
0.0,0.00598,0.00032,50000,0.0065,0.5238110928081854,1.9,0.00694,7,18445070058209495679,160.0,P4
0.0,0.00314,0.0,50000,0.0065,0.30114816962429297,1.9,0.00624,8,17030163070111931202,160.0,P4
0.0,0.0,0.0,50000,0.0065,0.08250072357636816,1.9,0.0067,9,1942381649451631591,160.0,P4
0.0,0.002,0.0,50000,0.0065,0.4207544828411072,1.9,0.0063,10,14022751149790687220,160.0,P4
0.0,0.0,0.0,50000,0.0065,0.10145399096656685,1.9,0.00654,11,7682737609355617793,160.0,P4
0.81174,0.81222,0.81468,50000,0.0065,106.6045769492727,1.9,0.0063,12,6149175766417491289,160.0,P4
0.0,0.0,0.0,50000,0.0065,0.15262818326964436,1.9,0.00656,13,2413603529959265897,160.0,P4
0.80976,0.81232,0.81304,50000,0.0065,106.25540292145789,1.9,0.00654,14,1495224761806221235,160.0,P4
0.81722,0.81344,0.81712,50000,0.0065,111.4536140426497,1.9,0.00676,15,3687343675078929922,160.0,P4
0.8093,0.81328,0.81138,50000,0.0065,113.24785326072944,1.9,0.00644,16,2153771618185709056,160.0,P4
0.0,0.00088,0.0,50000,0.0065,0.15276894891001047,1.9,0.00608,17,5473075881981293703,160.0,P4
0.0,0.0,0.0,50000,0.0065,0.12020638172096235,1.9,0.0064,18,15568085353481866834,160.0,P4
0.0,0.0,0.0,50000,0.0065,0.10247589340669269,1.9,0.0062,19,8902904044785681370,160.0,P4
0.0,0.0,0.0,50000,0.0065,0.08580428863201994,1.9,0.00622,20,17257089028563635839,160.0,P4
0.81424,0.80858,0.81258,50000,0.0065,104.39743012559956,1.9,0.00652,21,7508785484414141127,160.0,P4
0.0,0.0,0.0,50000,0.0065,0.06354354772497582,1.9,0.00624,22,12949587875977789679,160.0,P4
0.0,0.00718,0.0,50000,0.0065,0.42220236265442157,1.9,0.00656,23,1466868756517225511,160.0,P4
0.8129,0.02302,0.81404,50000,0.0065,85.18984595886879,1.9,0.00642,24,17219674335335558152,160.0,P4
0.0,0.0017,0.0,50000,0.0065,0.35116659268865397,1.9,0.00672,25,13258937856072301160,160.0,P4
0.0,0.0021,0.0,50000,0.0065,0.2956292307205126,1.9,0.00698,26,9043998629778627959,160.0,P4
0.0,0.00044,0.0,50000,0.0065,0.19232582290584674,1.9,0.00636,27,11945019437931651505,160.0,P4
0.0,0.00348,0.0002,50000,0.0065,0.4079968535314478,1.9,0.00648,28,9700418644830850695,160.0,P4
0.0,0.0,0.0,50000,0.0065,0.08448119957404002,1.9,0.00622,29,16650185064056531294,160.0,P4
0.81276,0.7984,0.8133,50000,0.0065,102.71639130353344,1.9,0.00634,30,10078481700017653911,160.0,P4
0.81622,0.02358,0.81074,50000,0.0065,87.53460373586222,1.9,0.00642,31,10853863077312830219,160.0,P4
0.0,0.0,0.0,50000,0.0065,0.14105037280113522,1.9,0.00694,32,17562431219678519602,160.0,P4
0.81396,0.0378,0.81432,50000,0.0065,90.67854824723307,1.9,0.00694,33,15472975471544576958,160.0,P4
0.0,0.0008,0.0,50000,0.0065,0.20871563206592292,1.9,0.00596,34,15993280462853953470,160.0,P4
0.0,0.0,0.0,50000,0.0065,0.07051976130612028,1.9,0.00656,35,56333328464790984,160.0,P4
0.81322,0.81364,0.81378,50000,0.0065,109.36843811645689,1.9,0.00646,36,11522455689669536243,160.0,P4
0.0,0.0001,0.0,50000,0.0065,0.1307730668395427,1.9,0.00636,37,537732158646547589,160.0,P4
0.8104,0.17424,0.8139,50000,0.0065,96.62243818871161,1.9,0.00668,38,13935775872960660066,160.0,P4
0.8126,0.814,0.81348,50000,0.0065,110.87560236682583,1.9,0.007,39,17148012720528793645,160.0,P4
0.0,0.0,0.0,50000,0.0065,0.10608767045677821,1.9,0.00628,40,2496161031958490645,160.0,P4
0.0,0.0,0.0,50000,0.0065,0.14827613512412055,1.9,0.00674,41,3159672856954810514,160.0,P4
0.0,0.00044,0.0,50000,0.0065,0.2141849205203917,1.9,0.00712,42,16256878781483015246,160.0,P4
0.0,0.00352,0.0,50000,0.0065,0.3046744427313062,1.9,0.00656,43,1251430514020598531,160.0,P4
0.0,0.00036,0.0,50000,0.0065,0.11083094988635461,1.9,0.00664,44,7715781091899495985,160.0,P4
0.0,0.0,0.0,50000,0.0065,0.13741548795588537,1.9,0.00662,45,6181728056628755920,160.0,P4
0.0,0.0017,0.0,50000,0.0065,0.28914790694267556,1.9,0.00686,46,14403080614480434417,160.0,P4
0.0,0.0025,0.0,50000,0.0065,0.23338739688320337,1.9,0.00648,47,3134318656030371544,160.0,P4
0.81554,0.81256,0.81246,50000,0.0065,110.77261632554323,1.9,0.00682,48,2510694492321678168,160.0,P4
0.0,0.0,0.0,50000,0.0065,0.13927192529233207,1.9,0.00652,49,1787406172533872075,160.0,P4
0.0,0.00032,0.0,50000,0.0065,0.294332667135714,1.9,0.00634,50,9592031085591021899,160.0,P4
0.80924,0.78052,0.81314,50000,0.0065,101.97370008263154,1.9,0.00626,51,2630221894796680122,160.0,P4
0.0,0.0087,0.0,50000,0.0065,0.5135671535394973,1.9,0.00698,52,15906032839256615107,160.0,P4
0.0,0.0,0.0,50000,0.0065,0.13320407105916815,1.9,0.00624,53,9910719937331486788,160.0,P4
0.0,0.0,0.0,50000,0.0065,0.1757933992090823,1.9,0.00666,54,11489764503698884253,160.0,P4
0.0,0.00034,0.0,50000,0.0065,0.21008250057053723,1.9,0.00612,55,16374647766442930789,160.0,P4
0.80988,0.81566,0.81506,50000,0.0065,109.37119693644658,1.9,0.00648,56,6184162007782635284,160.0,P4
0.8102,0.8133,0.81136,50000,0.0065,105.5019131845615,1.9,0.00674,57,15849666892718463091,160.0,P4
0.816,0.03828,0.81532,50000,0.0065,91.55170411449544,1.9,0.00716,58,10826705698602970133,160.0,P4
0.81208,0.8119,0.81728,50000,0.0065,107.56639510871861,1.9,0.00722,59,18080854165054160983,160.0,P4
0.0,0.0,0.0,50000,0.0065,0.16719069159999542,1.9,0.0065,60,14402551648952927405,160.0,P4
0.81234,0.51712,0.81116,50000,0.0065,99.13015102784641,1.9,0.00624,61,1738554299448275110,160.0,P4
0.81358,0.78514,0.81762,50000,0.0065,102.3503119503719,1.9,0.00604,62,5534132096818658486,160.0,P4
0.0,0.0,0.0,50000,0.0065,0.17294268940891477,1.9,0.0064,63,4938818411236774290,160.0,P4
0.81216,0.03442,0.81268,50000,0.0065,90.56003541231125,1.9,0.00672,64,5332590610994532689,160.0,P4
0.0,0.0,0.0,50000,0.0065,0.11924757042569464,1.9,0.0061,65,10659168668741810883,160.0,P4
0.81652,0.8097,0.81538,50000,0.0065,105.68932149993805,1.9,0.00656,66,3725566629175147196,160.0,P4
0.0,0.00164,0.0,50000,0.0065,0.32122725503640565,1.9,0.00692,67,4109999499535548528,160.0,P4
0.81212,0.8162,0.80918,50000,0.0065,112.85678336193885,1.9,0.00618,68,17876868532863939183,160.0,P4
0.0,0.00048,0.0,50000,0.0065,0.22758737902123655,1.9,0.00672,69,5252334318034685591,160.0,P4
0.0,0.0,0.0,50000,0.0065,0.1310302658704019,1.9,0.00644,70,3842180436980973351,160.0,P4
0.0,0.0064,0.0,50000,0.0065,0.43043598748431955,1.9,0.00672,71,15685955204551308637,160.0,P4
0.8142,0.8129,0.8154,50000,0.0065,106.69850088826682,1.9,0.00642,72,9585244898170961206,160.0,P4
0.0,0.0034,0.00032,50000,0.0065,0.2876000969352211,1.9,0.00618,73,10607898818651571564,160.0,P4
0.0,0.00282,0.0,50000,0.0065,0.4133055936314904,1.9,0.00662,74,11781449177606822316,160.0,P4
0.0,0.0,0.0,50000,0.0065,0.08812215267391181,1.9,0.00614,75,11069478129700512160,160.0,P4
0.0,0.00056,0.0,50000,0.0065,0.21064891066226094,1.9,0.0074,76,16134998511850571669,160.0,P4
0.81392,0.81382,0.81298,50000,0.0065,107.7641382893762,1.9,0.00674,77,13104986840023111262,160.0,P4
0.0,0.0,0.0,50000,0.0065,0.10599191799768595,1.9,0.00584,78,5264527319528399680,160.0,P4
0.0,0.00038,0.0,50000,0.0065,0.2511631417232329,1.9,0.00658,79,1972750531279488704,160.0,P4
0.0,0.0,0.0,50000,0.0065,0.25223618453088037,1.9,0.00678,80,8262849768289740860,160.0,P4
0.0,0.00016,0.0,50000,0.0065,0.22981826850448564,1.9,0.00642,81,9975082923854098629,160.0,P4
0.81064,0.80966,0.81576,50000,0.0065,106.93878259708181,1.9,0.00626,82,7153032873310093624,160.0,P4
0.81248,0.07908,0.81172,50000,0.0065,94.21291759343013,1.9,0.00662,83,10026063630851236480,160.0,P4
0.0,0.0051,0.0,50000,0.0065,0.37083010997958643,1.9,0.00662,84,6332535816956791571,160.0,P4
0.0,0.00136,0.0,50000,0.0065,0.17650450930234213,1.9,0.00584,85,652419115538732102,160.0,P4
0.0,0.0,0.0,50000,0.0065,0.25515376638438725,1.9,0.00628,86,5580004795673806183,160.0,P4
0.81478,0.1205,0.81254,50000,0.0065,95.52120992264804,1.9,0.00672,87,4356336772844235303,160.0,P4
0.81306,0.78972,0.81592,50000,0.0065,102.32890509953074,1.9,0.00578,88,16569271231658931641,160.0,P4
0.0,0.00012,0.0,50000,0.0065,0.14382115400420833,1.9,0.0061,89,4810230043262929304,160.0,P4
0.0,0.0,0.0,50000,0.0065,0.1344858713413444,1.9,0.0061,90,6562793367429142888,160.0,P4
0.81584,0.80248,0.81164,50000,0.0065,102.96722379333343,1.9,0.00612,91,12139735694667671478,160.0,P4
0.0,0.00068,0.0,50000,0.0065,0.25015351449970924,1.9,0.0066,92,14704369696460946961,160.0,P4
0.0,0.0,0.0,50000,0.0065,0.08198707018426785,1.9,0.00592,93,14353677818208710449,160.0,P4
0.0,0.0,0.0,50000,0.0065,0.07151580152004632,1.9,0.00628,94,14696590423284615331,160.0,P4
0.8111,0.03452,0.8144,50000,0.0065,90.00196109902079,1.9,0.00676,95,12238736897110588977,160.0,P4
0.81468,0.81198,0.81312,50000,0.0065,108.51397771704228,1.9,0.00686,96,1650932404565847874,160.0,P4
0.0,0.00328,0.0,50000,0.0065,0.3157117932778017,1.9,0.00716,97,9695632405530540851,160.0,P4
0.81274,0.3712,0.81248,50000,0.0065,98.39194347115189,1.9,0.00678,98,5752994874353199531,160.0,P4
0.0,0.0004,0.0,50000,0.0065,0.20694321102453914,1.9,0.00646,99,7965249329248621883,160.0,P4
0.811,0.81526,0.81638,50000,0.0075,111.12348498841853,1.9,0.00708,0,10063530815940514652,160.0,P4
0.0,0.00146,0.0,50000,0.0075,0.299656040405533,1.9,0.00814,1,7370590446662749232,160.0,P4
0.0,0.0,0.0,50000,0.0075,0.20396796037313433,1.9,0.007,2,16972646229269402564,160.0,P4
0.81418,0.77812,0.81424,50000,0.0075,101.91065322596259,1.9,0.00724,3,7109373326336666455,160.0,P4
0.8121,0.81482,0.81426,50000,0.0075,111.77858882959437,1.9,0.00808,4,13705908376530100157,160.0,P4
0.0,0.00048,0.0,50000,0.0075,0.1339741674697194,1.9,0.00668,5,12092165754722103166,160.0,P4
0.0,0.00486,0.0,50000,0.0075,0.5008984156673495,1.9,0.0073,6,1194741188166354741,160.0,P4
0.81034,0.81494,0.81248,50000,0.0075,106.59689381351076,1.9,0.00728,7,905132888224866779,160.0,P4
0.0,0.00064,0.0,50000,0.0075,0.2877449455836149,1.9,0.00768,8,17152723284933323378,160.0,P4
0.80978,0.77728,0.81222,50000,0.0075,101.83388345901514,1.9,0.007,9,13440359137250634335,160.0,P4
0.0,0.0,0.0,50000,0.0075,0.14042181634181936,1.9,0.00702,10,2753031211468117263,160.0,P4
0.81374,0.25178,0.81534,50000,0.0075,97.49966169967611,1.9,0.00826,11,10951277762253945174,160.0,P4
0.0,0.0,0.0,50000,0.0075,0.12620553654368694,1.9,0.00756,12,15377897711875448061,160.0,P4
0.81224,0.81332,0.81162,50000,0.0075,115.0765842474158,1.9,0.00694,13,8707178804829073919,160.0,P4
0.8183,0.09692,0.8131,50000,0.0075,95.00677534631618,1.9,0.00764,14,7848107538312429666,160.0,P4
0.0,0.0,0.0,50000,0.0075,0.24622079954736048,1.9,0.00732,15,8486215520907984919,160.0,P4
0.0,0.00084,0.0,50000,0.0075,0.23180402517387894,1.9,0.0071,16,11833754030141074749,160.0,P4
0.0,0.0102,0.0,50000,0.0075,0.4499851240263084,1.9,0.0072,17,16795934862450634047,160.0,P4
0.0,0.00588,0.0,50000,0.0075,0.5629060988229109,1.9,0.00828,18,5975364552046679042,160.0,P4
0.81558,0.8105,0.81336,50000,0.0075,109.01726369496623,1.9,0.00748,19,5372001620100475577,160.0,P4
0.81246,0.81366,0.80864,50000,0.0075,111.5342702862955,1.9,0.00814,20,13698681083783499893,160.0,P4
0.81668,0.81542,0.81144,50000,0.0075,113.87102068998692,1.9,0.00768,21,8826402425847060146,160.0,P4
0.81078,0.8125,0.81396,50000,0.0075,112.1234188510634,1.9,0.00696,22,5262093209792124377,160.0,P4
0.81432,0.0399,0.8129,50000,0.0075,91.8539791932518,1.9,0.00802,23,1278188258338554454,160.0,P4
0.0,0.00686,0.00026,50000,0.0075,0.4663172138500786,1.9,0.00728,24,7049466273301416994,160.0,P4
0.0,0.00088,0.0,50000,0.0075,0.2952855912390023,1.9,0.007,25,17945984085383355651,160.0,P4
0.80932,0.81514,0.813,50000,0.0075,107.12419618736502,1.9,0.00696,26,14070964735283124763,160.0,P4
0.0,0.0,0.0,50000,0.0075,0.17170534192892137,1.9,0.00804,27,990984270544856948,160.0,P4
0.0,0.0,0.0,50000,0.0075,0.12222444102137033,1.9,0.0067,28,3566750465682147164,160.0,P4
0.80874,0.02638,0.81164,50000,0.0075,88.7981685457775,1.9,0.00762,29,16725273792888517981,160.0,P4
0.0,0.00646,0.0,50000,0.0075,0.39446380999367203,1.9,0.00778,30,897528087974675926,160.0,P4
0.0,0.00284,0.0,50000,0.0075,0.3993013882265109,1.9,0.00754,31,6574557871839233000,160.0,P4
0.81732,0.81556,0.81012,50000,0.0075,116.21115854994295,1.9,0.00758,32,11686933433306883103,160.0,P4
0.81476,0.80912,0.81438,50000,0.0075,106.6771369830386,1.9,0.00786,33,1252080437703553754,160.0,P4
0.81434,0.8139,0.8174,50000,0.0075,109.94835942318417,1.9,0.00774,34,13840656521519367908,160.0,P4
0.81366,0.8111,0.8164,50000,0.0075,112.49225054996124,1.9,0.00714,35,9971204597754757169,160.0,P4
0.8203,0.8156,0.8149,50000,0.0075,108.81805319646494,1.9,0.00762,36,8989663245667405238,160.0,P4
0.0,0.00046,0.0,50000,0.0075,0.2919575662912839,1.9,0.00722,37,2128500014363038426,160.0,P4
0.81498,0.81818,0.81402,50000,0.0075,112.1586071514851,1.9,0.00686,38,7982648735908153750,160.0,P4
0.0,0.0,0.0,50000,0.0075,0.19592607719926783,1.9,0.0079,39,6154986298336170460,160.0,P4
0.81498,0.81076,0.81128,50000,0.0075,105.9713078444794,1.9,0.00776,40,10328205110581749690,160.0,P4
0.0,0.0073,0.0,50000,0.0075,0.4860923641791523,1.9,0.00704,41,4266695801637835607,160.0,P4
0.81398,0.81578,0.81544,50000,0.0075,108.51958293757366,1.9,0.00708,42,15794247285045219897,160.0,P4
0.0,0.00128,0.0,50000,0.0075,0.26804292077620334,1.9,0.0077,43,12877195297748133711,160.0,P4
0.81716,0.0559,0.81664,50000,0.0075,93.49464932400346,1.9,0.00654,44,4923303794964018459,160.0,P4
0.8155,0.81836,0.81386,50000,0.0075,113.3081588261614,1.9,0.00782,45,9109289824067409909,160.0,P4
0.81018,0.80536,0.81492,50000,0.0075,103.36789243971764,1.9,0.00766,46,7846795551963726927,160.0,P4
0.0,0.00324,0.0,50000,0.0075,0.24492112279377998,1.9,0.00732,47,2817091249202073929,160.0,P4
0.81348,0.05192,0.81276,50000,0.0075,92.65434501479837,1.9,0.00686,48,13926308355870778052,160.0,P4
0.81276,0.81438,0.8149,50000,0.0075,112.07226291816231,1.9,0.00786,49,1738723396963793910,160.0,P4
0.81424,0.81554,0.81566,50000,0.0075,108.44144986403244,1.9,0.00788,50,698336130740371181,160.0,P4
0.8171,0.8185,0.8121,50000,0.0075,111.78437227428569,1.9,0.00768,51,17866869146295486163,160.0,P4
0.0,0.00284,0.0,50000,0.0075,0.4374073368565332,1.9,0.00696,52,12108388962255247435,160.0,P4
0.0,0.0,0.0,50000,0.0075,0.2281328811505442,1.9,0.00746,53,2489221277589774884,160.0,P4
0.81022,0.81486,0.81242,50000,0.0075,114.36587555534246,1.9,0.0081,54,6309359673466570815,160.0,P4
0.0,0.0108,0.0,50000,0.0075,0.7295291438110826,1.9,0.00766,55,15344050310028471202,160.0,P4
0.81168,0.21166,0.81418,50000,0.0075,97.14147229215617,1.9,0.00734,56,18111617615041460215,160.0,P4
0.81224,0.02064,0.81134,50000,0.0075,86.09287301341746,1.9,0.00786,57,12082739569865655537,160.0,P4
0.81476,0.8145,0.81552,50000,0.0075,111.65368958984772,1.9,0.00806,58,3270012783322379244,160.0,P4
0.81616,0.81,0.8117,50000,0.0075,105.40034580128301,1.9,0.00794,59,5555440261188443645,160.0,P4
0.81446,0.29412,0.8123,50000,0.0075,97.77289883555204,1.9,0.0072,60,3055159764546183616,160.0,P4
0.0,0.00074,0.0,50000,0.0075,0.22906314113671164,1.9,0.00766,61,9834174319189439345,160.0,P4
0.81114,0.74588,0.81312,50000,0.0075,101.17936698862063,1.9,0.00786,62,8838530439126546867,160.0,P4
0.8127,0.8133,0.81732,50000,0.0075,107.71035308573948,1.9,0.00676,63,18162151029374379754,160.0,P4
0.81132,0.81346,0.80582,50000,0.0075,106.8189690614189,1.9,0.00798,64,14552493003017575206,160.0,P4
0.0,0.00224,0.0,50000,0.0075,0.35514612543915186,1.9,0.00758,65,1553665621727488762,160.0,P4
0.81328,0.73776,0.81334,50000,0.0075,101.10301884833487,1.9,0.008,66,7737542828383289076,160.0,P4
0.0,0.0,0.0,50000,0.0075,0.2012508898531307,1.9,0.00706,67,17734542313163632343,160.0,P4
0.81134,0.8123,0.81092,50000,0.0075,105.44549544067556,1.9,0.00778,68,6116387959145271603,160.0,P4
0.81282,0.81654,0.81288,50000,0.0075,109.72067484807303,1.9,0.00806,69,1981216182660008460,160.0,P4
0.81922,0.71708,0.81168,50000,0.0075,100.92990257896241,1.9,0.0083,70,17279176681636367841,160.0,P4
0.81686,0.8111,0.8159,50000,0.0075,111.00016369578236,1.9,0.00764,71,4767334935228013998,160.0,P4
0.81072,0.75752,0.81068,50000,0.0075,101.30467809115856,1.9,0.00748,72,8052786725750016359,160.0,P4
0.81128,0.11072,0.81358,50000,0.0075,95.48441812910353,1.9,0.00746,73,7159888969801882980,160.0,P4
0.81526,0.8137,0.8143,50000,0.0075,110.05738050954983,1.9,0.00752,74,13626193276905652910,160.0,P4
0.0,2e-05,0.0,50000,0.0075,0.18814324977019312,1.9,0.00772,75,10523853512171241774,160.0,P4
0.81192,0.8146,0.81072,50000,0.0075,109.43336238603808,1.9,0.0081,76,3224442011158034378,160.0,P4
0.8107,0.81154,0.81116,50000,0.0075,106.32865114666956,1.9,0.0079,77,12389398535298564680,160.0,P4
0.81184,0.01948,0.80988,50000,0.0075,86.08200509885825,1.9,0.00684,78,1461844144413110648,160.0,P4
0.8118,0.81444,0.81376,50000,0.0075,111.5972493643579,1.9,0.00736,79,1057320402087554463,160.0,P4
0.0,0.0,0.0,50000,0.0075,0.15898152468040966,1.9,0.00794,80,261469602160996322,160.0,P4
0.0,0.0,0.0,50000,0.0075,0.22047260488034837,1.9,0.00786,81,1268703308581869905,160.0,P4
0.0,0.00062,0.0,50000,0.0075,0.3043550942908841,1.9,0.00708,82,434026184981479756,160.0,P4
0.0,0.0,0.0,50000,0.0075,0.21570878606561247,1.9,0.00766,83,9540742805845303995,160.0,P4
0.813,0.81274,0.81186,50000,0.0075,109.42722680877107,1.9,0.0077,84,7529350923379886457,160.0,P4
0.0,0.0021,0.0,50000,0.0075,0.30380745329328035,1.9,0.00768,85,7102087349231014334,160.0,P4
0.0,0.0,0.0,50000,0.0075,0.24613639839660603,1.9,0.00772,86,3115379604011411006,160.0,P4
0.0,0.00716,0.0,50000,0.0075,0.5200663462458776,1.9,0.00662,87,14883815142997061493,160.0,P4
0.81184,0.81482,0.81166,50000,0.0075,110.81890197824053,1.9,0.00758,88,11412299111440264366,160.0,P4
0.0,0.00142,0.0,50000,0.0075,0.3171279233959569,1.9,0.00748,89,7729392124848158853,160.0,P4
0.0,0.0,0.0,50000,0.0075,0.12546330849053963,1.9,0.00708,90,4017825186614632285,160.0,P4
0.81394,0.59782,0.81432,50000,0.0075,99.70114135963013,1.9,0.00772,91,5932962236443431464,160.0,P4
0.8132,0.7849,0.81208,50000,0.0075,102.21056317245626,1.9,0.00776,92,9561627498464275216,160.0,P4
0.81666,0.05658,0.81216,50000,0.0075,93.26437679353096,1.9,0.0074,93,5246933054493847746,160.0,P4
0.0,0.0001,0.0,50000,0.0075,0.16402118218538872,1.9,0.00738,94,8461085189569970534,160.0,P4
0.0,0.0,0.0,50000,0.0075,0.20007593766489204,1.9,0.00752,95,15618515324024990892,160.0,P4
0.0,0.0,0.0,50000,0.0075,0.1612356444831342,1.9,0.0078,96,9970031131937322735,160.0,P4
0.81104,0.8137,0.81214,50000,0.0075,110.1528342024988,1.9,0.00768,97,752820412192126464,160.0,P4
0.81684,0.80844,0.81228,50000,0.0075,111.71773230832042,1.9,0.00752,98,9262127780092435055,160.0,P4
0.0,0.0,0.0,50000,0.0075,0.20056263966208543,1.9,0.0075,99,2956418662627010230,160.0,P4
0.81688,0.81242,0.81356,50000,0.0082,105.5865620721958,1.9,0.00764,0,6874318015655660267,160.0,P4
0.8153,0.81264,0.81238,50000,0.0082,108.8099771871459,1.9,0.00752,1,15944612679181151243,160.0,P4
0.8157,0.81086,0.81156,50000,0.0082,112.87293788817185,1.9,0.00836,2,13278449108375219715,160.0,P4
0.0,0.0082,0.0,50000,0.0082,0.5039402793771127,1.9,0.0074,3,4133019728161368312,160.0,P4
0.81512,0.78786,0.81346,50000,0.0082,102.45099556743367,1.9,0.00856,4,10924611113988300098,160.0,P4
0.80926,0.7991,0.8139,50000,0.0082,102.87742426184305,1.9,0.00798,5,6915846700609997197,160.0,P4
0.81102,0.81712,0.81526,50000,0.0082,107.5470132719495,1.9,0.00804,6,564228568774198669,160.0,P4
0.0,0.00472,0.0,50000,0.0082,0.3418003985894232,1.9,0.0083,7,7056683997054727457,160.0,P4
0.0,0.0,0.0,50000,0.0082,0.28471736430685596,1.9,0.00818,8,15190269488531645186,160.0,P4
0.81526,0.81454,0.81638,50000,0.0082,115.32262623489423,1.9,0.00904,9,3433614581950072142,160.0,P4
0.0,0.00168,0.0,50000,0.0082,0.38010397088223924,1.9,0.0075,10,9199169018577852598,160.0,P4
0.0,0.0,0.0,50000,0.0082,0.17751173537177636,1.9,0.00846,11,14164802861033099065,160.0,P4
0.81412,0.8168,0.8193,50000,0.0082,111.44488856751882,1.9,0.00906,12,5892691013572130740,160.0,P4
0.81502,0.26834,0.81564,50000,0.0082,97.61915724093282,1.9,0.0085,13,10661326909874843999,160.0,P4
0.0,0.00382,0.0,50000,0.0082,0.45718044695127624,1.9,0.00818,14,10630022918837292449,160.0,P4
0.81142,0.8172,0.81136,50000,0.0082,113.8351866222726,1.9,0.00826,15,12889258251484405229,160.0,P4
0.81008,0.81422,0.81316,50000,0.0082,113.57372333156076,1.9,0.00846,16,17839187784841926195,160.0,P4
0.0,0.0058,0.0,50000,0.0082,0.3948080793191517,1.9,0.00778,17,12790285554503265039,160.0,P4
0.8156,0.81566,0.8169,50000,0.0082,115.02308227172647,1.9,0.00908,18,12162131908472347027,160.0,P4
0.81464,0.8149,0.80934,50000,0.0082,114.5928339418946,1.9,0.00868,19,522892699426151249,160.0,P4
0.81374,0.0174,0.8138,50000,0.0082,83.63425450280755,1.9,0.0084,20,789862553094412950,160.0,P4
0.81796,0.81188,0.81448,50000,0.0082,109.44217253137607,1.9,0.0075,21,3727861514124508167,160.0,P4
0.81416,0.08178,0.81326,50000,0.0082,94.69327724990298,1.9,0.00846,22,5481787198722632003,160.0,P4
0.81076,0.0194,0.81248,50000,0.0082,85.00580549248805,1.9,0.00818,23,14064496685779667900,160.0,P4
0.81206,0.17178,0.81472,50000,0.0082,96.51834876782955,1.9,0.00754,24,15521587265171093845,160.0,P4
0.81556,0.8132,0.81214,50000,0.0082,114.53275682509518,1.9,0.0079,25,15705703363960146518,160.0,P4
0.81354,0.7919,0.81442,50000,0.0082,102.29915329722768,1.9,0.00884,26,3300318631607950077,160.0,P4
0.8152,0.81376,0.80962,50000,0.0082,112.17760727570983,1.9,0.0085,27,1091426120903515924,160.0,P4
0.81254,0.80974,0.81354,50000,0.0082,105.71658647866741,1.9,0.00806,28,3767985996894281885,160.0,P4
0.0,0.01418,0.0038,50000,0.0082,0.9526595558004837,1.9,0.00834,29,13262451933044721190,160.0,P4
0.8142,0.81142,0.8141,50000,0.0082,104.6310860219787,1.9,0.00812,30,7628437044335912753,160.0,P4
0.81176,0.81656,0.81794,50000,0.0082,107.85813385199687,1.9,0.00848,31,15211708770215975619,160.0,P4
0.81652,0.81396,0.8137,50000,0.0082,111.3320929599339,1.9,0.0078,32,13557958183598181291,160.0,P4
0.8125,0.74828,0.81196,50000,0.0082,101.17999637162897,1.9,0.00768,33,2006995714675892569,160.0,P4
0.81232,0.8159,0.81262,50000,0.0082,117.23715339306511,1.9,0.00824,34,13329530458533804970,160.0,P4
0.81134,0.81582,0.8115,50000,0.0082,109.49518130960669,1.9,0.0085,35,5921974142369052680,160.0,P4
0.81502,0.81542,0.8124,50000,0.0082,116.5730800965131,1.9,0.00778,36,4975626574107737499,160.0,P4
0.0,0.00016,0.0,50000,0.0082,0.22781414081252066,1.9,0.00748,37,3449762018916201291,160.0,P4
0.0,0.00792,0.00228,50000,0.0082,0.6735516689753652,1.9,0.00814,38,1938598066560091656,160.0,P4
0.0,0.0,0.0,50000,0.0082,0.14115431362353437,1.9,0.00752,39,2165464347025971165,160.0,P4
0.0,0.00222,0.0,50000,0.0082,0.32199619204139746,1.9,0.0086,40,813364243087506016,160.0,P4
0.81432,0.81,0.81284,50000,0.0082,112.22648453206756,1.9,0.00874,41,6488996341669786527,160.0,P4
0.81196,0.81228,0.8129,50000,0.0082,113.96056467596988,1.9,0.00814,42,744730615191539133,160.0,P4
0.817,0.81594,0.81416,50000,0.0082,109.89347859929244,1.9,0.00758,43,16446803164231737101,160.0,P4
0.81276,0.8156,0.81396,50000,0.0082,116.75529360864587,1.9,0.00844,44,6648248084595593421,160.0,P4
0.81336,0.8072,0.81522,50000,0.0082,109.17993065611856,1.9,0.00788,45,11851370385870913959,160.0,P4
0.0,0.0014,0.0,50000,0.0082,0.42276426871400674,1.9,0.00786,46,18214802693863890448,160.0,P4
0.81308,0.81724,0.81414,50000,0.0082,106.72881512507644,1.9,0.00786,47,8941968390513527682,160.0,P4
0.8141,0.81328,0.81506,50000,0.0082,108.38153170032514,1.9,0.00804,48,7570341729959237532,160.0,P4
0.0,0.0122,0.00232,50000,0.0082,0.771385607530463,1.9,0.00796,49,2362032022877325484,160.0,P4
0.81412,0.37096,0.81464,50000,0.0082,98.26085700354263,1.9,0.00766,50,4322235236713136366,160.0,P4
0.81236,0.8117,0.81778,50000,0.0082,105.43086051640766,1.9,0.00824,51,4841978978554540168,160.0,P4
0.0,0.0,0.0,50000,0.0082,0.11359388767996308,1.9,0.00772,52,1248002815511097753,160.0,P4
0.812,0.80944,0.81196,50000,0.0082,109.12097416946662,1.9,0.00812,53,15212984427646864263,160.0,P4
0.8169,0.01258,0.81058,50000,0.0082,76.95625646627599,1.9,0.0085,54,83619384499896742,160.0,P4
0.0,0.00158,0.0,50000,0.0082,0.3463007302763094,1.9,0.00872,55,6118435036829185917,160.0,P4
0.0,0.0,0.0,50000,0.0082,0.1637982261873851,1.9,0.00824,56,6875348207594515511,160.0,P4
0.0,0.001,0.0,50000,0.0082,0.2527915070643539,1.9,0.00808,57,8165786815191841863,160.0,P4
0.0,0.00418,0.0,50000,0.0082,0.40843846197014905,1.9,0.0073,58,15153261794218644970,160.0,P4
0.8126,0.79152,0.81086,50000,0.0082,102.40174442959835,1.9,0.00854,59,17894294954403109565,160.0,P4
0.81452,0.8181,0.81264,50000,0.0082,112.52365744303233,1.9,0.00804,60,7728495765521197838,160.0,P4
0.0,0.00554,0.0,50000,0.0082,0.3594807138845479,1.9,0.00812,61,14214567226204547933,160.0,P4
0.0,0.0,0.0,50000,0.0082,0.19950372209869383,1.9,0.00836,62,5974857086476348712,160.0,P4
0.0,0.00218,0.0,50000,0.0082,0.29942330722915167,1.9,0.00804,63,11378319788065906164,160.0,P4
0.81414,0.81224,0.81204,50000,0.0082,115.44844520312289,1.9,0.0082,64,2814933434529103712,160.0,P4
0.81984,0.81376,0.8145,50000,0.0082,106.5980885700728,1.9,0.00812,65,13881476563265067689,160.0,P4
0.81328,0.81732,0.81716,50000,0.0082,111.04181377656921,1.9,0.00858,66,4809695991313016575,160.0,P4
0.8168,0.81496,0.81692,50000,0.0082,116.09876316237435,1.9,0.00798,67,2922130277204526287,160.0,P4
0.80648,0.81692,0.81064,50000,0.0082,111.59961609586321,1.9,0.00828,68,9276361892558082716,160.0,P4
0.81034,0.81536,0.81268,50000,0.0082,112.29968244295837,1.9,0.00774,69,4370991625554316156,160.0,P4
0.0,0.0,0.0,50000,0.0082,0.25068233973659376,1.9,0.00816,70,12756847611584988256,160.0,P4
0.0,0.0,0.0,50000,0.0082,0.2379625907482487,1.9,0.0084,71,15491489262254987244,160.0,P4
0.0,0.00086,0.0,50000,0.0082,0.46486373655106467,1.9,0.00886,72,805367277129437808,160.0,P4
0.81216,0.81182,0.81158,50000,0.0082,110.41223028624303,1.9,0.00862,73,11899310429546694522,160.0,P4
0.81232,0.14662,0.81228,50000,0.0082,96.21759716072675,1.9,0.00854,74,1784862152843974757,160.0,P4
0.0,0.0124,0.00232,50000,0.0082,0.7347540361887701,1.9,0.00828,75,10397513433794757517,160.0,P4
0.81162,0.81486,0.80796,50000,0.0082,108.39866956761527,1.9,0.00806,76,13858994540107670900,160.0,P4
0.0,0.00038,0.0,50000,0.0082,0.3900799137867552,1.9,0.00902,77,13523433852080588904,160.0,P4
0.8145,0.09152,0.8113,50000,0.0082,94.89097712312977,1.9,0.00862,78,14081946137849246047,160.0,P4
0.81434,0.8122,0.81312,50000,0.0082,113.32774422614317,1.9,0.00826,79,217094741859171457,160.0,P4
0.0,0.0,0.0,50000,0.0082,0.261696643893,1.9,0.0077,80,16182207382679414354,160.0,P4
0.81542,0.81216,0.81008,50000,0.0082,110.56715472684633,1.9,0.0091,81,1836920244011879495,160.0,P4
0.0,0.00294,0.0,50000,0.0082,0.23818598956418416,1.9,0.0083,82,15546603442460471935,160.0,P4
0.81482,0.8123,0.81488,50000,0.0082,107.66666975274768,1.9,0.00812,83,1880534607774639867,160.0,P4
0.816,0.81204,0.81416,50000,0.0082,111.12313700627307,1.9,0.00794,84,17485575153434450939,160.0,P4
0.0,0.0,0.0,50000,0.0082,0.1458129082683625,1.9,0.0082,85,3371661501157717142,160.0,P4
0.0,0.00556,2e-05,50000,0.0082,0.445852059555684,1.9,0.00844,86,13145424285842266355,160.0,P4
0.80996,0.81676,0.82046,50000,0.0082,106.86198968190956,1.9,0.00884,87,3142487056870347009,160.0,P4
0.8155,0.12852,0.81674,50000,0.0082,95.90122762473126,1.9,0.00738,88,16191532981295561844,160.0,P4
0.80996,0.8119,0.81384,50000,0.0082,108.77855519009697,1.9,0.00892,89,3666522628825635102,160.0,P4
0.81448,0.81696,0.81276,50000,0.0082,113.39853084520215,1.9,0.00842,90,11724988483792609562,160.0,P4
0.0,0.00066,0.0,50000,0.0082,0.2579738787998499,1.9,0.0078,91,2759492892639281001,160.0,P4
0.8109,0.81116,0.81336,50000,0.0082,116.16012484566053,1.9,0.00818,92,16393794429418157602,160.0,P4
0.81322,0.81346,0.81588,50000,0.0082,110.53654151370259,1.9,0.00778,93,18273178518372198586,160.0,P4
0.81254,0.8141,0.81398,50000,0.0082,113.91247323463652,1.9,0.0086,94,13310079882145577522,160.0,P4
0.0,0.0076,0.0,50000,0.0082,0.35168745546215335,1.9,0.0079,95,7372303952540192970,160.0,P4
0.81068,0.81544,0.81638,50000,0.0082,110.38696604678391,1.9,0.0092,96,7905811534613893094,160.0,P4
0.81146,0.8107,0.81268,50000,0.0082,109.7127902808377,1.9,0.00842,97,13100517831542067790,160.0,P4
0.0,0.0005,0.0,50000,0.0082,0.3370654918560248,1.9,0.00792,98,15544835033378091656,160.0,P4
0.817,0.20856,0.81592,50000,0.0082,96.99796239228922,1.9,0.00876,99,15640364535205768688,160.0,P4
0.81308,0.01882,0.81744,50000,0.0086,86.17868528448099,1.9,0.00832,0,6132007305607134714,160.0,P4
0.80976,0.80964,0.8146,50000,0.0086,111.76962752902384,1.9,0.00856,1,2222405460646512282,160.0,P4
0.81548,0.81402,0.81242,50000,0.0086,112.22517112065073,1.9,0.00896,2,8520000411482176437,160.0,P4
0.81152,0.8145,0.81352,50000,0.0086,106.7766494970595,1.9,0.00894,3,460510871887632254,160.0,P4
0.81418,0.81478,0.81474,50000,0.0086,117.00158618813133,1.9,0.0086,4,13696708755010296966,160.0,P4
0.81656,0.81346,0.81722,50000,0.0086,113.76845049404537,1.9,0.00862,5,972811288420920158,160.0,P4
0.8099,0.62138,0.81694,50000,0.0086,99.92360727097153,1.9,0.00822,6,5812327861349276735,160.0,P4
0.0,0.00554,0.0,50000,0.0086,0.49475632663370583,1.9,0.00824,7,7635581114348618832,160.0,P4
0.81648,0.81046,0.81494,50000,0.0086,110.16201457757559,1.9,0.00896,8,3583484611974066566,160.0,P4
0.0,0.00192,0.0,50000,0.0086,0.3158331670734994,1.9,0.00828,9,2280077402291082712,160.0,P4
0.81408,0.19886,0.81422,50000,0.0086,96.93661084701822,1.9,0.00872,10,4243117597326702805,160.0,P4
0.80922,0.01138,0.75216,50000,0.0086,69.34000107273982,1.9,0.00902,11,13924077461281525586,160.0,P4
0.81588,0.80858,0.81678,50000,0.0086,104.0052737146338,1.9,0.00836,12,8353910722447211185,160.0,P4
0.0,0.0,0.0,50000,0.0086,0.161758464506974,1.9,0.0088,13,9815623055880702751,160.0,P4
0.0,0.00026,0.0,50000,0.0086,0.26410483438556714,1.9,0.00786,14,14292566072886835407,160.0,P4
0.81396,0.8108,0.81138,50000,0.0086,116.26831817494394,1.9,0.0091,15,9314897844590381946,160.0,P4
0.81276,0.81304,0.81486,50000,0.0086,109.8341578507504,1.9,0.0079,16,15638624729462575283,160.0,P4
0.81254,0.80742,0.8174,50000,0.0086,105.00448532337526,1.9,0.00876,17,16236152834185966511,160.0,P4
0.81366,0.81176,0.8128,50000,0.0086,108.66400234865586,1.9,0.00814,18,13840239870165285261,160.0,P4
0.81184,0.8121,0.8157,50000,0.0086,106.09621861535895,1.9,0.00828,19,12673547333901366547,160.0,P4
0.81356,0.81596,0.81306,50000,0.0086,110.23425121117519,1.9,0.00854,20,2634060077525996965,160.0,P4
0.81564,0.81254,0.80822,50000,0.0086,107.57934255207496,1.9,0.00864,21,7843677631861572727,160.0,P4
0.0,0.00218,0.0,50000,0.0086,0.3369063636838067,1.9,0.009,22,9058233651193293910,160.0,P4
0.0,0.0065,0.0,50000,0.0086,0.5595795741229311,1.9,0.00858,23,8749087050810737314,160.0,P4
0.811,0.8144,0.8158,50000,0.0086,112.04506990245949,1.9,0.00836,24,3771838619086846101,160.0,P4
0.81106,0.81374,0.81248,50000,0.0086,110.92349046670212,1.9,0.00866,25,4650391885850655134,160.0,P4
0.80908,0.81506,0.8156,50000,0.0086,110.5198719556482,1.9,0.00794,26,2112084568386783085,160.0,P4
0.81452,0.81902,0.81646,50000,0.0086,113.10337380612411,1.9,0.00874,27,8669737761927170947,160.0,P4
0.81022,0.81358,0.81132,50000,0.0086,113.37450191532781,1.9,0.00804,28,10012426210061944424,160.0,P4
0.81232,0.80878,0.81542,50000,0.0086,112.42933314168043,1.9,0.0083,29,17237409539107882135,160.0,P4
0.81522,0.8089,0.81012,50000,0.0086,104.8197071370041,1.9,0.00796,30,10194839434075901721,160.0,P4
0.8166,0.81458,0.81286,50000,0.0086,108.60623621817761,1.9,0.00856,31,8960051564653668002,160.0,P4
0.0,0.0013,0.0,50000,0.0086,0.21200462766763764,1.9,0.00876,32,369556501610536631,160.0,P4
0.0,0.0,0.0,50000,0.0086,0.18784267833982815,1.9,0.00842,33,6619562082903640380,160.0,P4
0.0,0.0,0.0,50000,0.0086,0.26432517312673803,1.9,0.00808,34,8590370065016971447,160.0,P4
0.0,0.00356,0.0,50000,0.0086,0.36146789440302574,1.9,0.00832,35,9413837085278371740,160.0,P4
0.8169,0.8135,0.81104,50000,0.0086,110.67944907068329,1.9,0.0085,36,18261339633585930692,160.0,P4
0.81472,0.8118,0.81414,50000,0.0086,106.2126053224488,1.9,0.0086,37,11637442658651592448,160.0,P4
0.0,0.00526,0.0,50000,0.0086,0.40324301266549156,1.9,0.0086,38,14238519937959747607,160.0,P4
0.81522,0.80438,0.8136,50000,0.0086,103.44306780524748,1.9,0.00906,39,17822107979141114906,160.0,P4
0.81576,0.03148,0.81088,50000,0.0086,90.0464080077703,1.9,0.00832,40,6236201941167523727,160.0,P4
0.81196,0.0107,0.81596,50000,0.0086,76.19415016458757,1.9,0.00924,41,3532492735252681033,160.0,P4
0.80828,0.81316,0.81174,50000,0.0086,111.6853792630375,1.9,0.00836,42,14797273213266403414,160.0,P4
0.81184,0.81292,0.81676,50000,0.0086,112.84259116289111,1.9,0.00856,43,9302607235841938357,160.0,P4
0.0,0.00322,0.0,50000,0.0086,0.397462035892964,1.9,0.0086,44,10520552382050706418,160.0,P4
0.81722,0.81852,0.8123,50000,0.0086,110.04107099427608,1.9,0.00826,45,9661210359633410666,160.0,P4
0.8136,0.81156,0.81702,50000,0.0086,114.79971573959435,1.9,0.00872,46,10450420289448502789,160.0,P4
0.8135,0.81226,0.81662,50000,0.0086,107.32538934450537,1.9,0.00878,47,17633959198641915335,160.0,P4
0.8124,0.80804,0.81532,50000,0.0086,113.8422947111949,1.9,0.0084,48,15722526261912435675,160.0,P4
0.0,0.00158,0.0,50000,0.0086,0.31845164414638394,1.9,0.00868,49,7273091228117250000,160.0,P4
0.81504,0.81144,0.81546,50000,0.0086,116.78419397255966,1.9,0.0088,50,7305820161715123614,160.0,P4
0.81414,0.8134,0.81054,50000,0.0086,110.15077005569074,1.9,0.00792,51,13115897044626712376,160.0,P4
0.81178,0.81182,0.81292,50000,0.0086,113.11030960547609,1.9,0.00846,52,1284583232164700478,160.0,P4
0.81328,0.79844,0.8118,50000,0.0086,103.30120920270774,1.9,0.00822,53,2156233084066667766,160.0,P4
0.81394,0.81168,0.81152,50000,0.0086,109.697225875327,1.9,0.00896,54,4860419967799817748,160.0,P4
0.81104,0.79662,0.81644,50000,0.0086,102.92074389067953,1.9,0.0087,55,5215741742570188244,160.0,P4
0.81422,0.01594,0.81248,50000,0.0086,81.92100498888513,1.9,0.00846,56,370732674003472734,160.0,P4
0.81106,0.81496,0.81364,50000,0.0086,112.07291124925055,1.9,0.00864,57,1302522126214030692,160.0,P4
0.0,0.00038,0.0,50000,0.0086,0.22254641419591198,1.9,0.00876,58,9870677689170974475,160.0,P4
0.81266,0.8076,0.81238,50000,0.0086,103.51904391151605,1.9,0.00904,59,6163952726111807766,160.0,P4
0.0,0.0009,0.00038,50000,0.0086,0.31039989257945877,1.9,0.00868,60,16785115141955766353,160.0,P4
0.8111,0.81218,0.80846,50000,0.0086,116.02930597253075,1.9,0.0084,61,10098838625736627117,160.0,P4
0.81448,0.81366,0.81268,50000,0.0086,114.880204295522,1.9,0.0087,62,1801579749847486194,160.0,P4
0.0,0.0003,0.0,50000,0.0086,0.21011306855659598,1.9,0.00782,63,1158052323561067901,160.0,P4
0.81284,0.81166,0.8142,50000,0.0086,109.08889350046437,1.9,0.0085,64,14523137312138074780,160.0,P4
0.81332,0.81338,0.81392,50000,0.0086,114.62778531723232,1.9,0.00798,65,568482028770315633,160.0,P4
0.0,0.00388,0.0,50000,0.0086,0.4262839303512846,1.9,0.00808,66,14158649587712644106,160.0,P4
0.0,0.00034,0.0,50000,0.0086,0.29824995946948796,1.9,0.00864,67,11689225550723623856,160.0,P4
0.8096,0.81142,0.81072,50000,0.0086,112.55927355848351,1.9,0.00838,68,5203478814488207055,160.0,P4
0.814,0.80886,0.81162,50000,0.0086,115.4427862326362,1.9,0.00878,69,12650581476760410514,160.0,P4
0.81096,0.0126,0.81424,50000,0.0086,78.4121576352051,1.9,0.0086,70,10017699579565298891,160.0,P4
0.81038,0.81688,0.81606,50000,0.0086,114.0236879011948,1.9,0.00888,71,16512612405269506726,160.0,P4
0.8141,0.80836,0.80864,50000,0.0086,113.24310347517192,1.9,0.0085,72,7221898930729081451,160.0,P4
0.81456,0.81374,0.81318,50000,0.0086,106.30613474376345,1.9,0.0087,73,2879792879794226433,160.0,P4
0.0,0.00338,0.0,50000,0.0086,0.38388845566097857,1.9,0.0078,74,3719606576097971087,160.0,P4
0.8124,0.81708,0.81014,50000,0.0086,109.56951922603326,1.9,0.00822,75,11729772014020100692,160.0,P4
0.81234,0.815,0.81094,50000,0.0086,113.10200359331544,1.9,0.00872,76,10791526598023749801,160.0,P4
0.81224,0.81394,0.8175,50000,0.0086,112.24912647002715,1.9,0.0084,77,12025417879414721209,160.0,P4
0.0,0.00258,0.0,50000,0.0086,0.3720129794273433,1.9,0.008,78,1997056872543519523,160.0,P4
0.81156,0.81526,0.81528,50000,0.0086,110.00535422873942,1.9,0.00764,79,5280981416205393687,160.0,P4
0.81126,0.8154,0.81436,50000,0.0086,108.64330992980172,1.9,0.00918,80,16123905718377346030,160.0,P4
0.0,0.0,0.0,50000,0.0086,0.28742108811341555,1.9,0.00826,81,9346810069220773213,160.0,P4
0.81102,0.81304,0.80904,50000,0.0086,108.88178494048707,1.9,0.0087,82,10067524496547117725,160.0,P4
0.81458,0.81026,0.81498,50000,0.0086,110.18453928855827,1.9,0.00886,83,17525071189236513052,160.0,P4
0.0,0.0,0.0,50000,0.0086,0.11991939187077896,1.9,0.00804,84,2290435849700070657,160.0,P4
0.81296,0.81368,0.81248,50000,0.0086,108.86755701323327,1.9,0.00842,85,3643054298022092345,160.0,P4
0.81346,0.8116,0.80782,50000,0.0086,106.52590537974064,1.9,0.00812,86,17010412547992296017,160.0,P4
0.81328,0.80962,0.81244,50000,0.0086,110.84110787480166,1.9,0.00892,87,8915526212269466310,160.0,P4
0.81368,0.81556,0.8154,50000,0.0086,107.95898610014558,1.9,0.0075,88,6171365752857149533,160.0,P4
0.80956,0.74108,0.81178,50000,0.0086,101.04010235418654,1.9,0.008,89,4051112353966395839,160.0,P4
0.0,0.0003,0.0,50000,0.0086,0.22528666265397024,1.9,0.00892,90,14076688886003500103,160.0,P4
0.81008,0.81194,0.81546,50000,0.0086,106.94386768857493,1.9,0.00894,91,11766191983132933806,160.0,P4
0.0,0.0021,0.0,50000,0.0086,0.19426495904479832,1.9,0.00842,92,16942763669658723652,160.0,P4
0.81646,0.5091,0.81374,50000,0.0086,99.15304546601973,1.9,0.00896,93,6310537789185912382,160.0,P4
0.8157,0.81166,0.81124,50000,0.0086,109.96602857495641,1.9,0.00868,94,13555551745019349372,160.0,P4
0.81248,0.24334,0.81378,50000,0.0086,97.43984706234836,1.9,0.00928,95,18272799355130334693,160.0,P4
0.0,0.00284,0.0,50000,0.0086,0.4146470133374256,1.9,0.0085,96,17786910262838115486,160.0,P4
0.80916,0.81678,0.81746,50000,0.0086,111.94963881571881,1.9,0.00848,97,9982551010309679754,160.0,P4
0.81058,0.22066,0.81352,50000,0.0086,97.23201329909104,1.9,0.00884,98,5951213811593125851,160.0,P4
0.0,0.0,0.0,50000,0.0086,0.16437429750628774,1.9,0.00842,99,6255067478605263657,160.0,P4
0.81562,0.81408,0.81348,50000,0.009,109.748829520009,1.9,0.00856,0,5128368228702019121,160.0,P4
0.0,0.0,0.0,50000,0.009,0.15835484111340573,1.9,0.00856,1,3346745232388853433,160.0,P4
0.8183,0.81452,0.81096,50000,0.009,114.87849469051655,1.9,0.00918,2,15408714063615017124,160.0,P4
0.8079,0.81288,0.8121,50000,0.009,116.32695090146551,1.9,0.0094,3,3848919588574251480,160.0,P4
0.81232,0.81542,0.81372,50000,0.009,116.2797790807221,1.9,0.00922,4,13356557818139293869,160.0,P4
0.81564,0.81244,0.81144,50000,0.009,110.63300120009627,1.9,0.00874,5,10210222298818253970,160.0,P4
0.81568,0.80794,0.81288,50000,0.009,107.05740834652703,1.9,0.00882,6,8657505683798562106,160.0,P4
0.8131,0.81384,0.8097,50000,0.009,114.05491489225496,1.9,0.00984,7,7183214191482597059,160.0,P4
0.81068,0.81206,0.8106,50000,0.009,106.11856178242583,1.9,0.00858,8,8195667565839611102,160.0,P4
0.0,0.0,0.0,50000,0.009,0.1972632711293534,1.9,0.00912,9,914266243963863603,160.0,P4
0.81546,0.81364,0.81074,50000,0.009,115.88529276857626,1.9,0.0094,10,2764932907249667495,160.0,P4
0.81508,0.81502,0.81522,50000,0.009,116.8894521468741,1.9,0.00908,11,6102484488371245362,160.0,P4
0.81322,0.81272,0.81428,50000,0.009,113.07145660252381,1.9,0.00908,12,13400538187771679395,160.0,P4
0.0,0.00172,0.0,50000,0.009,0.33661741587577804,1.9,0.0091,13,2942355615566770697,160.0,P4
0.81726,0.8089,0.81464,50000,0.009,115.78815628705222,1.9,0.00926,14,6654131359867988229,160.0,P4
0.81124,0.7672,0.81144,50000,0.009,101.72777598842542,1.9,0.00852,15,14521387631984619043,160.0,P4
0.81094,0.81294,0.8099,50000,0.009,116.1333264936427,1.9,0.00886,16,14624763011508215298,160.0,P4
0.81556,0.81556,0.81204,50000,0.009,115.55485540915053,1.9,0.00954,17,1969616932257528119,160.0,P4
0.81118,0.81134,0.81414,50000,0.009,111.89946695106502,1.9,0.00924,18,14225834792099233421,160.0,P4
0.81318,0.81804,0.81178,50000,0.009,112.20563316553353,1.9,0.00918,19,9545880928051702507,160.0,P4
0.81146,0.81306,0.81736,50000,0.009,109.11954862430662,1.9,0.00924,20,7074484211170642678,160.0,P4
0.81134,0.8159,0.81554,50000,0.009,110.59492073131553,1.9,0.00908,21,7452178597910420376,160.0,P4
0.81182,0.80938,0.81196,50000,0.009,111.38525631637485,1.9,0.01,22,8472103814667524615,160.0,P4
0.8155,0.80958,0.8103,50000,0.009,118.17648160993116,1.9,0.00924,23,12247506583128322139,160.0,P4
0.0,0.0,0.0,50000,0.009,0.0980009997389283,1.9,0.00884,24,4615252730648859369,160.0,P4
0.81424,0.81556,0.81322,50000,0.009,110.51635142066552,1.9,0.00814,25,13982650633936101236,160.0,P4
0.81412,0.81308,0.8144,50000,0.009,112.74090985321473,1.9,0.00958,26,12663330251102527859,160.0,P4
0.81268,0.81534,0.81082,50000,0.009,114.83937832205378,1.9,0.0091,27,5944459190247569553,160.0,P4
0.8145,0.80882,0.8119,50000,0.009,114.36523149487122,1.9,0.00914,28,16178433343524875136,160.0,P4
0.81676,0.81246,0.80932,50000,0.009,110.81942132989211,1.9,0.00902,29,6130112493876157814,160.0,P4
0.81324,0.80938,0.81376,50000,0.009,113.4793588049978,1.9,0.00922,30,4162717609594575898,160.0,P4
0.80974,0.81192,0.81428,50000,0.009,111.06314723857862,1.9,0.0098,31,12925150244568588196,160.0,P4
0.0,0.0064,0.0,50000,0.009,0.4313599451911778,1.9,0.00866,32,2653469596536582991,160.0,P4
0.81098,0.80958,0.81192,50000,0.009,116.85074156414098,1.9,0.00936,33,4723888295588595964,160.0,P4
0.81486,0.8094,0.81184,50000,0.009,113.14086734150563,1.9,0.00888,34,17859507855142939655,160.0,P4
0.81382,0.8129,0.81098,50000,0.009,105.94951077838125,1.9,0.00864,35,11480638122069676460,160.0,P4
0.8155,0.0769,0.81656,50000,0.009,94.40178488136003,1.9,0.00892,36,2973400779307817548,160.0,P4
0.81402,0.81278,0.8122,50000,0.009,110.93762274892056,1.9,0.0088,37,10687486476787991348,160.0,P4
0.81086,0.81822,0.81222,50000,0.009,116.59456808822499,1.9,0.00882,38,5421996548422109556,160.0,P4
0.81626,0.80984,0.81324,50000,0.009,104.4987886065669,1.9,0.00916,39,15403260950204210265,160.0,P4
0.0,0.01154,0.0,50000,0.009,0.612764143621565,1.9,0.00916,40,1236901250848331259,160.0,P4
0.81458,0.81194,0.81372,50000,0.009,103.97851021661145,1.9,0.00986,41,2847182370996496087,160.0,P4
0.81772,0.04568,0.80958,50000,0.009,92.36354321050607,1.9,0.0086,42,4665990582493335353,160.0,P4
0.8134,0.776,0.816,50000,0.009,101.86633839532293,1.9,0.0088,43,10615633806970921304,160.0,P4
0.81376,0.81862,0.81138,50000,0.009,111.53550233025776,1.9,0.00886,44,1186132506083357900,160.0,P4
0.8116,0.81446,0.80826,50000,0.009,109.48212506340215,1.9,0.00906,45,6085554436489102106,160.0,P4
0.0,0.00254,0.0,50000,0.009,0.308685739509711,1.9,0.00952,46,15638320292460784241,160.0,P4
0.0,0.0001,0.0,50000,0.009,0.2534494447465349,1.9,0.00844,47,14631473620987160395,160.0,P4
0.81268,0.81336,0.81096,50000,0.009,116.73913904411754,1.9,0.00942,48,6399230937445491978,160.0,P4
0.81124,0.8139,0.8138,50000,0.009,109.07369758119474,1.9,0.00882,49,9011768236385414881,160.0,P4
0.81098,0.81582,0.81458,50000,0.009,116.41588586040682,1.9,0.0094,50,16241919782555821364,160.0,P4
0.8153,0.81168,0.81594,50000,0.009,115.1984343124868,1.9,0.00946,51,4698730692158823983,160.0,P4
0.81336,0.81496,0.81022,50000,0.009,109.34801909510907,1.9,0.00956,52,6650175362985853277,160.0,P4
0.8135,0.71022,0.816,50000,0.009,100.80722731360383,1.9,0.0089,53,11764483023701324129,160.0,P4
0.8109,0.02196,0.81194,50000,0.009,84.29031917168636,1.9,0.00938,54,12445035108500085587,160.0,P4
0.0,0.00036,0.0,50000,0.009,0.35385867780269503,1.9,0.00916,55,12775951579765211115,160.0,P4
0.8109,0.8096,0.81124,50000,0.009,104.32315102715421,1.9,0.0084,56,16110007639664133731,160.0,P4
0.8111,0.8144,0.8102,50000,0.009,106.88710795088129,1.9,0.009,57,10365063197459637894,160.0,P4
0.81622,0.81208,0.81098,50000,0.009,110.34006833805479,1.9,0.00876,58,8088020114621310099,160.0,P4
0.81424,0.81484,0.8127,50000,0.009,110.77970462312493,1.9,0.00848,59,3164728995239794277,160.0,P4
0.81098,0.81042,0.81648,50000,0.009,113.50283994391094,1.9,0.00908,60,11786439311164426191,160.0,P4
0.81136,0.02204,0.81052,50000,0.009,88.17998746430162,1.9,0.00922,61,7253056933371628758,160.0,P4
0.81022,0.81544,0.81832,50000,0.009,108.11015273271721,1.9,0.00892,62,4067873393434913381,160.0,P4
0.81344,0.81414,0.81408,50000,0.009,115.29825538895312,1.9,0.00932,63,11043497379498108738,160.0,P4
0.81616,0.81486,0.81368,50000,0.009,107.3402089106127,1.9,0.00874,64,8571203922341840488,160.0,P4
0.81322,0.81502,0.81006,50000,0.009,110.00661427615923,1.9,0.00888,65,15955587513667627781,160.0,P4
0.812,0.81146,0.81156,50000,0.009,108.20530007926725,1.9,0.0096,66,14340384291185827317,160.0,P4
0.81228,0.80778,0.81358,50000,0.009,116.00120520286681,1.9,0.0091,67,3278767041238477144,160.0,P4
0.81318,0.74818,0.8099,50000,0.009,101.37842115570318,1.9,0.00904,68,18446275500175595311,160.0,P4
0.8124,0.8114,0.8124,50000,0.009,109.40675266068652,1.9,0.0084,69,8735009893819538709,160.0,P4
0.8111,0.0134,0.81258,50000,0.009,80.2781231901304,1.9,0.0084,70,5236602045441027394,160.0,P4
0.81242,0.81278,0.81648,50000,0.009,108.4167895351295,1.9,0.00886,71,7832813595058828425,160.0,P4
0.0,0.0,0.0,50000,0.009,0.18035730634880107,1.9,0.00906,72,11625599427379821793,160.0,P4
0.81756,0.0492,0.81258,50000,0.009,92.94674540409883,1.9,0.00902,73,14908672251651786217,160.0,P4
0.81694,0.81168,0.81606,50000,0.009,115.1878492958926,1.9,0.0088,74,17298324738767189747,160.0,P4
0.8148,0.81194,0.81594,50000,0.009,110.82573357026618,1.9,0.00888,75,10446622016431048470,160.0,P4
0.0,0.0,0.0,50000,0.009,0.30991797333592924,1.9,0.00922,76,12933790297553662764,160.0,P4
0.81184,0.81144,0.81146,50000,0.009,106.58166871868644,1.9,0.00934,77,3922414542240903897,160.0,P4
0.81592,0.8141,0.81284,50000,0.009,114.74053187575004,1.9,0.00812,78,14865424796491294604,160.0,P4
0.81234,0.81306,0.81704,50000,0.009,110.65440145922074,1.9,0.0086,79,8942593598463254178,160.0,P4
0.8137,0.81342,0.81532,50000,0.009,115.29981000651274,1.9,0.00842,80,2325904942054242750,160.0,P4
0.8145,0.81468,0.8156,50000,0.009,113.21841849281333,1.9,0.00902,81,4077823978586040518,160.0,P4
0.81336,0.8108,0.8131,50000,0.009,108.72650204548577,1.9,0.00908,82,13743026055284855133,160.0,P4
0.81586,0.81444,0.81692,50000,0.009,108.97805150619494,1.9,0.00904,83,14858532627429158238,160.0,P4
0.81026,0.79846,0.81252,50000,0.009,102.86683806092141,1.9,0.0089,84,3788994074636380259,160.0,P4
0.8147,0.80928,0.81428,50000,0.009,113.1359398358468,1.9,0.00956,85,8676200688368278901,160.0,P4
0.0,0.00092,0.0,50000,0.009,0.346672766098629,1.9,0.00908,86,837267092984063455,160.0,P4
0.81234,0.81566,0.81228,50000,0.009,109.56852737139418,1.9,0.00912,87,4628909666281362071,160.0,P4
0.80936,0.81642,0.8143,50000,0.009,109.29930718203552,1.9,0.00896,88,16882683860533976002,160.0,P4
0.81272,0.81082,0.81614,50000,0.009,111.97191333676479,1.9,0.0091,89,13002726021603568506,160.0,P4
0.8166,0.8112,0.81774,50000,0.009,114.9336559691604,1.9,0.0092,90,6751760672018769918,160.0,P4
0.0,0.00508,0.0014,50000,0.009,0.5366806507088584,1.9,0.00886,91,15971625975008440913,160.0,P4
0.81986,0.81114,0.81424,50000,0.009,113.13942579608839,1.9,0.00952,92,4253035464963844118,160.0,P4
0.0,0.00246,0.0,50000,0.009,0.29184040594021976,1.9,0.00874,93,2235694234899897470,160.0,P4
0.81502,0.81396,0.81306,50000,0.009,112.7485393433699,1.9,0.00848,94,18020621145388445364,160.0,P4
0.80992,0.02842,0.8137,50000,0.009,88.67193171319272,1.9,0.0083,95,1770769590742783457,160.0,P4
0.8128,0.81134,0.81516,50000,0.009,108.49117469405066,1.9,0.00892,96,10022726856864592122,160.0,P4
0.0,0.0004,0.0,50000,0.009,0.29024378192120426,1.9,0.0096,97,495231288180820626,160.0,P4
0.812,0.81534,0.81066,50000,0.009,116.09725726416082,1.9,0.00902,98,12968669848251004394,160.0,P4
0.8167,0.8165,0.813,50000,0.009,109.79470205446829,1.9,0.0086,99,17565898920261794974,160.0,P4
0.81042,0.81532,0.81152,50000,0.0098,115.30184253312662,1.9,0.00996,0,8147045021792531237,160.0,P4
0.81746,0.81448,0.81652,50000,0.0098,105.0528742684413,1.9,0.00944,1,12599900691573692393,160.0,P4
0.8142,0.81242,0.8163,50000,0.0098,116.27501849963974,1.9,0.00998,2,15031423733416178465,160.0,P4
0.8161,0.81132,0.81344,50000,0.0098,112.96547956487927,1.9,0.00952,3,524029222855849660,160.0,P4
0.81024,0.81118,0.8096,50000,0.0098,115.6762075701926,1.9,0.00968,4,16612849116868637020,160.0,P4
0.81254,0.81416,0.81598,50000,0.0098,116.26535360779017,1.9,0.01,5,9215665115524904240,160.0,P4
0.8131,0.80878,0.81384,50000,0.0098,104.10373754932205,1.9,0.01014,6,10907475352057300005,160.0,P4
0.81288,0.81762,0.81348,50000,0.0098,112.80702280408323,1.9,0.00968,7,10971389288388892193,160.0,P4
0.81046,0.81228,0.8132,50000,0.0098,112.53819907134533,1.9,0.0097,8,18135620119355638877,160.0,P4
0.8098,0.81154,0.81136,50000,0.0098,112.1317498597118,1.9,0.0098,9,6339157303483597451,160.0,P4
0.80752,0.8178,0.8069,50000,0.0098,112.50150692787153,1.9,0.01098,10,6038470718542629211,160.0,P4
0.8164,0.81402,0.81112,50000,0.0098,115.74680621591426,1.9,0.01072,11,6444854972011514272,160.0,P4
0.8171,0.81766,0.81608,50000,0.0098,111.15092197025287,1.9,0.00908,12,3343986137854608974,160.0,P4
0.8136,0.81584,0.81346,50000,0.0098,117.44197471565475,1.9,0.00982,13,5730315991263212532,160.0,P4
0.81252,0.81246,0.81862,50000,0.0098,114.208407777215,1.9,0.00968,14,17944261401089735891,160.0,P4
0.81184,0.78104,0.8108,50000,0.0098,102.1394929802724,1.9,0.00994,15,2460031342335549439,160.0,P4
0.0,0.00012,0.0,50000,0.0098,0.249447616323855,1.9,0.00978,16,15970884855396329360,160.0,P4
0.81334,0.81598,0.81222,50000,0.0098,116.51747165419704,1.9,0.00956,17,849552015895714079,160.0,P4
0.8133,0.81586,0.81438,50000,0.0098,115.04157883896391,1.9,0.00992,18,15486036856238061384,160.0,P4
0.81832,0.81316,0.81306,50000,0.0098,113.16735273631821,1.9,0.01042,19,15001583707886387007,160.0,P4
0.81792,0.81522,0.81128,50000,0.0098,109.60303235157838,1.9,0.00972,20,12674611839477650595,160.0,P4
0.81084,0.81422,0.81168,50000,0.0098,117.24940679261844,1.9,0.00946,21,15318139511826033306,160.0,P4
0.81306,0.8124,0.8123,50000,0.0098,108.82300959322473,1.9,0.00948,22,5346020248741346997,160.0,P4
0.81624,0.81532,0.81352,50000,0.0098,117.81242405025749,1.9,0.00952,23,11505478425653511802,160.0,P4
0.8141,0.81358,0.81422,50000,0.0098,115.97367368251676,1.9,0.01062,24,10713449173327465873,160.0,P4
0.81368,0.81602,0.81576,50000,0.0098,114.24133573033465,1.9,0.01022,25,13726105845464901002,160.0,P4
0.8153,0.81158,0.81602,50000,0.0098,112.33068390737962,1.9,0.00962,26,15210969231657496621,160.0,P4
0.81432,0.81416,0.81532,50000,0.0098,113.37155103662256,1.9,0.01006,27,7300322872137521124,160.0,P4
0.81028,0.81114,0.814,50000,0.0098,117.34840970128296,1.9,0.00916,28,12558794102042956455,160.0,P4
0.80988,0.81652,0.80976,50000,0.0098,114.52643999280009,1.9,0.01012,29,12020056282964675478,160.0,P4
0.81764,0.36534,0.81298,50000,0.0098,98.32332032842173,1.9,0.01006,30,15196819942264291476,160.0,P4
0.0,0.0,0.0,50000,0.0098,0.14901299685725927,1.9,0.0095,31,1582630696249471296,160.0,P4
0.8144,0.81406,0.81532,50000,0.0098,113.89680063420273,1.9,0.0109,32,11882552690665456598,160.0,P4
0.81794,0.81212,0.81574,50000,0.0098,115.46615573204993,1.9,0.00994,33,6826127896426199367,160.0,P4
0.81214,0.81618,0.81132,50000,0.0098,114.0970667529375,1.9,0.00932,34,4961568156040572717,160.0,P4
0.81538,0.81098,0.81092,50000,0.0098,112.6702402298671,1.9,0.01062,35,17384074374766278345,160.0,P4
0.81444,0.81176,0.81602,50000,0.0098,108.73100803072093,1.9,0.01022,36,17792834230105771000,160.0,P4
0.8133,0.81296,0.81096,50000,0.0098,118.8089205971828,1.9,0.00992,37,5894262304231897620,160.0,P4
0.81364,0.813,0.81378,50000,0.0098,112.66306522952014,1.9,0.0101,38,164413021858552976,160.0,P4
0.81366,0.81178,0.81632,50000,0.0098,115.99201080008697,1.9,0.00896,39,13538279841503570741,160.0,P4
0.8144,0.81088,0.8099,50000,0.0098,108.73180282966453,1.9,0.00948,40,10829749879187286998,160.0,P4
0.81402,0.81384,0.81496,50000,0.0098,117.87096334913859,1.9,0.01076,41,8218366443895307817,160.0,P4
0.8148,0.81494,0.81448,50000,0.0098,112.48598252326198,1.9,0.01022,42,4203435826044427640,160.0,P4
0.81006,0.81282,0.81194,50000,0.0098,116.34229419530429,1.9,0.00994,43,8355805828193557327,160.0,P4
0.8103,0.81636,0.81292,50000,0.0098,114.44981147559932,1.9,0.0097,44,9519657105136896920,160.0,P4
0.81164,0.79312,0.81466,50000,0.0098,102.67346312363195,1.9,0.00978,45,7089414853416928936,160.0,P4
0.8148,0.81398,0.8112,50000,0.0098,112.30492592552817,1.9,0.00934,46,562431160337162074,160.0,P4
0.81242,0.8171,0.81396,50000,0.0098,115.44966669264905,1.9,0.01046,47,7735103468846878960,160.0,P4
0.81262,0.81286,0.8145,50000,0.0098,111.97464712703555,1.9,0.01012,48,2056213593554101796,160.0,P4
0.81306,0.81276,0.81402,50000,0.0098,111.29513609893635,1.9,0.0096,49,13554563980998557389,160.0,P4
0.0,0.0003,0.0,50000,0.0098,0.2393066875035693,1.9,0.00936,50,5603392812309815962,160.0,P4
0.813,0.81692,0.81308,50000,0.0098,113.48724764830163,1.9,0.01068,51,17527260962222482327,160.0,P4
0.80864,0.02622,0.8133,50000,0.0098,87.47097287184691,1.9,0.00994,52,10876583032209685827,160.0,P4
0.80986,0.80006,0.80928,50000,0.0098,103.02247149148653,1.9,0.01036,53,9819261340004692432,160.0,P4
0.81382,0.81604,0.81324,50000,0.0098,110.98850440452667,1.9,0.01048,54,4098997191058641768,160.0,P4
0.80984,0.69772,0.81458,50000,0.0098,100.62382822253814,1.9,0.00988,55,9105833094748363063,160.0,P4
0.8115,0.81394,0.81452,50000,0.0098,115.04419127191628,1.9,0.01014,56,11733906057759526032,160.0,P4
0.81402,0.81406,0.81542,50000,0.0098,108.06343697118784,1.9,0.00988,57,7796109072747968777,160.0,P4
0.80776,0.81246,0.81666,50000,0.0098,116.90685379652132,1.9,0.00946,58,8738272881388169971,160.0,P4
0.81396,0.80926,0.80926,50000,0.0098,114.2722910552454,1.9,0.01034,59,16930540272133726017,160.0,P4
0.81496,0.81646,0.81024,50000,0.0098,116.17514534406116,1.9,0.01024,60,7886183078818527853,160.0,P4
0.80886,0.77434,0.80994,50000,0.0098,102.10127888139151,1.9,0.01018,61,12778110128208180735,160.0,P4
0.0,0.00044,0.0,50000,0.0098,0.2791192727634301,1.9,0.00894,62,16516083912321285387,160.0,P4
0.81132,0.81562,0.81644,50000,0.0098,107.10102258772014,1.9,0.00974,63,13391882528306655222,160.0,P4
0.8168,0.81672,0.81036,50000,0.0098,115.73115088615752,1.9,0.0098,64,18011577167428728051,160.0,P4
0.81324,0.81076,0.81424,50000,0.0098,116.6330982223537,1.9,0.00986,65,3687049003231891577,160.0,P4
0.81382,0.81534,0.81452,50000,0.0098,113.24896677767714,1.9,0.00992,66,9026933545725993185,160.0,P4
0.81732,0.81084,0.809,50000,0.0098,106.60612162268913,1.9,0.00978,67,5026964182760763711,160.0,P4
0.81516,0.81868,0.813,50000,0.0098,116.69072147376731,1.9,0.0091,68,2464076649892828557,160.0,P4
0.81646,0.81332,0.8167,50000,0.0098,111.74729728848122,1.9,0.00938,69,2668242960097021997,160.0,P4
0.81296,0.81644,0.81224,50000,0.0098,111.04268706621156,1.9,0.01082,70,6794919304521962668,160.0,P4
0.81234,0.81342,0.81024,50000,0.0098,114.65009648520117,1.9,0.0103,71,5683469076756105576,160.0,P4
0.81272,0.80794,0.81524,50000,0.0098,113.01160217019991,1.9,0.0099,72,7764344677421579780,160.0,P4
0.81438,0.81266,0.8149,50000,0.0098,111.67523948048091,1.9,0.00956,73,15846631626134904808,160.0,P4
0.0,0.00276,0.0,50000,0.0098,0.34388128659778433,1.9,0.0087,74,14399319460896156395,160.0,P4
0.0,0.00202,0.0,50000,0.0098,0.31565956744377544,1.9,0.00934,75,4593005623433338012,160.0,P4
0.8164,0.81214,0.81464,50000,0.0098,115.70290930991703,1.9,0.01014,76,18289350151653973743,160.0,P4
0.0,0.0,0.0,50000,0.0098,0.1991741859710272,1.9,0.00918,77,2305628282223221218,160.0,P4
0.81376,0.80724,0.81466,50000,0.0098,114.7116330543568,1.9,0.00904,78,1798112163791133556,160.0,P4
0.81478,0.80868,0.81324,50000,0.0098,116.15965702155094,1.9,0.00954,79,2012894201781433212,160.0,P4
0.81106,0.81328,0.81252,50000,0.0098,115.66135339458123,1.9,0.01006,80,13495600986666324665,160.0,P4
0.8162,0.8124,0.81284,50000,0.0098,112.2946586010136,1.9,0.00918,81,7129967188905194777,160.0,P4
0.81472,0.8101,0.8141,50000,0.0098,110.9183838457262,1.9,0.00982,82,8668064979679426471,160.0,P4
0.81524,0.8141,0.81418,50000,0.0098,115.87609275713655,1.9,0.01086,83,9005924443481476604,160.0,P4
0.81474,0.81256,0.81092,50000,0.0098,117.26234217285055,1.9,0.00978,84,719026553947402944,160.0,P4
0.80642,0.81488,0.81088,50000,0.0098,116.44009378695431,1.9,0.00974,85,2121838892360089268,160.0,P4
0.8138,0.8097,0.81154,50000,0.0098,115.55289159718959,1.9,0.0105,86,2153169371824041812,160.0,P4
0.81494,0.81328,0.81368,50000,0.0098,114.7823426605948,1.9,0.00976,87,17546021441070023714,160.0,P4
0.81616,0.81312,0.81478,50000,0.0098,111.55305142400863,1.9,0.01,88,14359047132391247185,160.0,P4
0.81712,0.81568,0.81492,50000,0.0098,116.76745856766185,1.9,0.01006,89,10322087939076155471,160.0,P4
0.8119,0.8141,0.81118,50000,0.0098,117.32593860414204,1.9,0.01008,90,2860207188531536669,160.0,P4
0.81416,0.81512,0.81536,50000,0.0098,111.78663956086025,1.9,0.00934,91,2307281050331247096,160.0,P4
0.81156,0.8148,0.81522,50000,0.0098,113.37595207796068,1.9,0.00958,92,14743169137700306639,160.0,P4
0.81138,0.81506,0.81144,50000,0.0098,111.33867121710503,1.9,0.00962,93,13228141817910773495,160.0,P4
0.81464,0.81146,0.81096,50000,0.0098,115.27545174173116,1.9,0.0101,94,14808948792060540552,160.0,P4
0.8134,0.81584,0.81176,50000,0.0098,115.79235988147022,1.9,0.01018,95,10253552088826050501,160.0,P4
0.81176,0.81232,0.8126,50000,0.0098,110.9217333959177,1.9,0.00918,96,5346422222100780208,160.0,P4
0.81528,0.81144,0.81438,50000,0.0098,109.95985515264755,1.9,0.00906,97,11202944281273117316,160.0,P4
0.81114,0.81394,0.81476,50000,0.0098,111.21836517334806,1.9,0.00934,98,17788973943698517308,160.0,P4
0.81106,0.81374,0.81114,50000,0.0098,112.98494032796742,1.9,0.00988,99,4142664421358127726,160.0,P4
0.80992,0.81364,0.8125,50000,0.0115,117.86103172692998,1.9,0.01176,0,8189486801173530838,160.0,P4
0.8164,0.8133,0.8153,50000,0.0115,117.5775697860024,1.9,0.01238,1,7991912138169073643,160.0,P4
0.81146,0.813,0.81528,50000,0.0115,112.66555611612696,1.9,0.01146,2,8413533061015688826,160.0,P4
0.81544,0.81182,0.81012,50000,0.0115,111.10660055458612,1.9,0.01086,3,8567527556590260366,160.0,P4
0.81532,0.81446,0.81146,50000,0.0115,116.35973800757114,1.9,0.01154,4,16538133080027892409,160.0,P4
0.8137,0.81316,0.81222,50000,0.0115,109.29649960550886,1.9,0.01116,5,5236218960945215084,160.0,P4
0.81418,0.8126,0.8201,50000,0.0115,116.84785940010364,1.9,0.01164,6,15268354086551422961,160.0,P4
0.8132,0.8163,0.81378,50000,0.0115,115.4156774899726,1.9,0.01136,7,1831758470646920542,160.0,P4
0.81284,0.81484,0.81522,50000,0.0115,116.87732141550424,1.9,0.01136,8,8255789778679078833,160.0,P4
0.81188,0.81178,0.8116,50000,0.0115,116.75531796660286,1.9,0.011,9,9317557633414405406,160.0,P4
0.81356,0.81456,0.81214,50000,0.0115,113.1537637619069,1.9,0.011,10,4990084919478776056,160.0,P4
0.8118,0.80908,0.81122,50000,0.0115,115.26468194070317,1.9,0.01118,11,9433048783225348220,160.0,P4
0.81146,0.81032,0.80902,50000,0.0115,116.15535983176662,1.9,0.0111,12,10131458212015539808,160.0,P4
0.81286,0.81726,0.81082,50000,0.0115,118.35392101242769,1.9,0.01154,13,6366857606573462880,160.0,P4
0.81642,0.81012,0.81492,50000,0.0115,117.25470055643972,1.9,0.01176,14,6618274360866274399,160.0,P4
0.0,0.00124,0.0,50000,0.0115,0.3714522944789941,1.9,0.01146,15,827758144153843313,160.0,P4
0.81216,0.81126,0.80998,50000,0.0115,114.37885386603173,1.9,0.01122,16,2279319896138230273,160.0,P4
0.81526,0.81436,0.81348,50000,0.0115,115.95108916942155,1.9,0.01182,17,8683554731308678196,160.0,P4
0.81434,0.81692,0.8141,50000,0.0115,118.67945712732735,1.9,0.01124,18,2382842020445265209,160.0,P4
0.81384,0.8125,0.81588,50000,0.0115,115.2719619962153,1.9,0.01176,19,13336788709312404526,160.0,P4
0.0,0.00102,0.0,50000,0.0115,0.3140612099026699,1.9,0.01074,20,4822611416420941081,160.0,P4
0.81412,0.81092,0.81344,50000,0.0115,117.13806192799274,1.9,0.0121,21,16514800660881702010,160.0,P4
0.81808,0.81584,0.81238,50000,0.0115,114.54833682527756,1.9,0.01192,22,9072460310766100810,160.0,P4
0.81396,0.81268,0.81056,50000,0.0115,115.85274830550192,1.9,0.01122,23,5597898322082232485,160.0,P4
0.81126,0.8134,0.81474,50000,0.0115,114.89679230391472,1.9,0.01128,24,8881318721822410607,160.0,P4
0.81238,0.81126,0.81418,50000,0.0115,104.56968411797055,1.9,0.01082,25,15526654741547100712,160.0,P4
0.81404,0.81592,0.81394,50000,0.0115,116.9341049653833,1.9,0.01142,26,13167522509346352310,160.0,P4
0.81192,0.81414,0.81312,50000,0.0115,119.76555198492316,1.9,0.0125,27,17677866049300778785,160.0,P4
0.8123,0.8151,0.81226,50000,0.0115,118.07458157291497,1.9,0.0116,28,13136173562181456108,160.0,P4
0.8165,0.81458,0.81334,50000,0.0115,115.7116203445309,1.9,0.01176,29,13445501480798972836,160.0,P4
0.81076,0.81086,0.81516,50000,0.0115,115.19396764740861,1.9,0.01102,30,4193685936559583052,160.0,P4
0.81298,0.81598,0.8141,50000,0.0115,112.36343687634735,1.9,0.01202,31,18258997169588318774,160.0,P4
0.81216,0.81138,0.81344,50000,0.0115,116.91306342052621,1.9,0.01214,32,6839885593958897456,160.0,P4
0.81126,0.81468,0.81178,50000,0.0115,112.1739869047555,1.9,0.01118,33,9754173115992034649,160.0,P4
0.8136,0.814,0.8134,50000,0.0115,115.8666729062868,1.9,0.01212,34,16116252925150499884,160.0,P4
0.81204,0.81312,0.81308,50000,0.0115,113.42883935786438,1.9,0.01076,35,4801994834331548726,160.0,P4
0.81826,0.81548,0.81412,50000,0.0115,113.41860551872257,1.9,0.01116,36,5847415856804511832,160.0,P4
0.81284,0.81692,0.81298,50000,0.0115,117.70527007069087,1.9,0.0118,37,6427979347560151754,160.0,P4
0.81318,0.814,0.81458,50000,0.0115,114.93972409125037,1.9,0.01054,38,11751394147622403151,160.0,P4
0.81518,0.81456,0.81144,50000,0.0115,115.86426503651114,1.9,0.01098,39,13494183671589116017,160.0,P4
0.81346,0.81684,0.81674,50000,0.0115,117.11233595068913,1.9,0.01106,40,216430687234416350,160.0,P4
0.81132,0.81352,0.8121,50000,0.0115,118.4378578848451,1.9,0.01042,41,2833002173981285980,160.0,P4
0.81312,0.81394,0.81114,50000,0.0115,113.94194777711371,1.9,0.01114,42,2229283589521727826,160.0,P4
0.81786,0.81558,0.81238,50000,0.0115,116.39854359758274,1.9,0.0114,43,6018245012060453924,160.0,P4
0.81126,0.81276,0.81684,50000,0.0115,113.27200137430512,1.9,0.01142,44,15898363203900757603,160.0,P4
0.81664,0.8175,0.8124,50000,0.0115,113.2223145091313,1.9,0.0114,45,7076863892614348415,160.0,P4
0.81038,0.81278,0.81224,50000,0.0115,107.94871144318302,1.9,0.01122,46,10387683230384213675,160.0,P4
0.81432,0.81462,0.81074,50000,0.0115,113.4747168607336,1.9,0.01128,47,15818352586114174970,160.0,P4
0.8127,0.81354,0.81538,50000,0.0115,113.73124150938143,1.9,0.0107,48,13728211943853338865,160.0,P4
0.81676,0.81572,0.81546,50000,0.0115,116.3884381509508,1.9,0.0114,49,13194353163834797450,160.0,P4
0.81224,0.8089,0.81906,50000,0.0115,115.10843377159931,1.9,0.0112,50,11739321154038121756,160.0,P4
0.81452,0.81204,0.816,50000,0.0115,117.29794154621912,1.9,0.01154,51,3482644088220030678,160.0,P4
0.81336,0.81586,0.81168,50000,0.0115,111.44188169109839,1.9,0.0125,52,16466594050681304222,160.0,P4
0.81412,0.81298,0.80876,50000,0.0115,116.24104859817756,1.9,0.01092,53,14786843234211698530,160.0,P4
0.81534,0.81444,0.81058,50000,0.0115,117.29300956142616,1.9,0.0114,54,11618156157958251940,160.0,P4
0.81536,0.81246,0.8122,50000,0.0115,112.04744736361583,1.9,0.0123,55,4612993274451576410,160.0,P4
0.81114,0.81024,0.81088,50000,0.0115,115.80204536378628,1.9,0.01136,56,10848171767166532313,160.0,P4
0.81482,0.81682,0.81428,50000,0.0115,112.45522867629376,1.9,0.01126,57,256230466092089399,160.0,P4
0.8122,0.8129,0.81666,50000,0.0115,106.61459926746896,1.9,0.0112,58,3721443260894140407,160.0,P4
0.8122,0.8119,0.81232,50000,0.0115,116.19648480245189,1.9,0.01182,59,484312197271096380,160.0,P4
0.81292,0.81296,0.81312,50000,0.0115,116.36746105219494,1.9,0.01174,60,3779277605585619686,160.0,P4
0.81096,0.81352,0.8111,50000,0.0115,112.1118586487142,1.9,0.01132,61,3727540370196630730,160.0,P4
0.81632,0.81662,0.81326,50000,0.0115,112.85568803036213,1.9,0.01152,62,7309121332341671236,160.0,P4
0.8146,0.81312,0.81274,50000,0.0115,112.12613568883643,1.9,0.01174,63,4294327325238944522,160.0,P4
0.81114,0.8135,0.81236,50000,0.0115,114.93697956109224,1.9,0.01088,64,2615510941317502203,160.0,P4
0.81114,0.81562,0.81414,50000,0.0115,115.07808659868084,1.9,0.0115,65,461586736129726897,160.0,P4
0.8141,0.81244,0.81354,50000,0.0115,117.84917205856753,1.9,0.01262,66,15302943378139458119,160.0,P4
0.81584,0.81216,0.81804,50000,0.0115,116.60436414273552,1.9,0.01152,67,12319965927084299149,160.0,P4
0.81148,0.81336,0.81392,50000,0.0115,114.63574950068235,1.9,0.01072,68,3223630418528570156,160.0,P4
0.81426,0.81262,0.81378,50000,0.0115,117.68973948476331,1.9,0.0117,69,2391035387976379745,160.0,P4
0.81354,0.81356,0.81712,50000,0.0115,115.51581362614304,1.9,0.01154,70,17632882687282642072,160.0,P4
0.81314,0.81188,0.8171,50000,0.0115,114.81550607369442,1.9,0.01176,71,4456132866303080312,160.0,P4
0.81536,0.81218,0.81552,50000,0.0115,118.7322557503078,1.9,0.01108,72,1904476979849499907,160.0,P4
0.81574,0.81512,0.81118,50000,0.0115,117.876966577603,1.9,0.01138,73,7539626170117224533,160.0,P4
0.80962,0.81766,0.81514,50000,0.0115,117.49616952212297,1.9,0.01236,74,1701698807089250239,160.0,P4
0.81362,0.81282,0.81468,50000,0.0115,113.99644859702293,1.9,0.01132,75,11388276141413256323,160.0,P4
0.81704,0.81016,0.81836,50000,0.0115,116.53061818435452,1.9,0.01188,76,17114002485767027621,160.0,P4
0.81284,0.81134,0.81328,50000,0.0115,111.53134055085452,1.9,0.01172,77,5259734858834223195,160.0,P4
0.81186,0.03556,0.81092,50000,0.0115,90.03927489723101,1.9,0.01058,78,7327435571518057502,160.0,P4
0.8159,0.81518,0.8113,50000,0.0115,116.9662350175756,1.9,0.01162,79,9602025939134057758,160.0,P4
0.8151,0.81246,0.81546,50000,0.0115,119.09918459889272,1.9,0.01178,80,15084782707170060341,160.0,P4
0.81522,0.8121,0.81186,50000,0.0115,116.32586491632237,1.9,0.0111,81,18403350751815656723,160.0,P4
0.81016,0.81362,0.81402,50000,0.0115,118.69038436960764,1.9,0.01142,82,6533918858048852502,160.0,P4
0.81426,0.8151,0.81648,50000,0.0115,111.02643176774355,1.9,0.01076,83,5913036478668478403,160.0,P4
0.81274,0.81126,0.8131,50000,0.0115,114.24377159154301,1.9,0.01154,84,8246680304793715454,160.0,P4
0.81604,0.81278,0.81272,50000,0.0115,114.62884798859443,1.9,0.01092,85,15845692206900964398,160.0,P4
0.81464,0.8154,0.81378,50000,0.0115,113.78365055188598,1.9,0.0113,86,12032094083576350344,160.0,P4
0.81752,0.81288,0.81636,50000,0.0115,115.19553011907774,1.9,0.01176,87,15505198740205770363,160.0,P4
0.8103,0.81342,0.80948,50000,0.0115,117.78088190786744,1.9,0.01186,88,6767083998480083724,160.0,P4
0.81298,0.81008,0.8137,50000,0.0115,115.07571628038839,1.9,0.01218,89,8516907288343355601,160.0,P4
0.81272,0.80846,0.81598,50000,0.0115,105.68645380833614,1.9,0.01096,90,12422629163270094228,160.0,P4
0.81066,0.81322,0.81744,50000,0.0115,117.02017513459113,1.9,0.01136,91,17891857433684966639,160.0,P4
0.81444,0.81274,0.81392,50000,0.0115,117.47482085446723,1.9,0.01198,92,10361368841150488574,160.0,P4
0.81518,0.80988,0.81138,50000,0.0115,115.33426841888692,1.9,0.01122,93,14271241285787181223,160.0,P4
0.81374,0.81482,0.80968,50000,0.0115,117.31306720519554,1.9,0.01096,94,6518922290161963919,160.0,P4
0.81434,0.81342,0.81294,50000,0.0115,114.51022409727682,1.9,0.01186,95,12977792781798253681,160.0,P4
0.80932,0.8149,0.81298,50000,0.0115,117.27679866696704,1.9,0.01184,96,1757331404855124349,160.0,P4
0.81238,0.81204,0.80984,50000,0.0115,111.2851517710112,1.9,0.01136,97,6361991044494259698,160.0,P4
0.81232,0.80896,0.81468,50000,0.0115,105.45328322049012,1.9,0.0108,98,1591462702150777713,160.0,P4
0.81558,0.81458,0.81052,50000,0.0115,119.15860508387955,1.9,0.01146,99,9003439924239214920,160.0,P4
0.81688,0.81458,0.81784,50000,0.014,118.51570755368306,1.9,0.01396,0,353970668190383774,160.0,P4
0.81194,0.81108,0.81258,50000,0.014,118.69928886985304,1.9,0.0138,1,3116595491297090415,160.0,P4
0.81492,0.8188,0.81254,50000,0.014,119.30391090385127,1.9,0.01372,2,4939358698738038288,160.0,P4
0.81234,0.81128,0.8123,50000,0.014,118.37481428779984,1.9,0.01322,3,6067975577992701460,160.0,P4
0.81306,0.81538,0.8122,50000,0.014,119.28417730201947,1.9,0.01452,4,7996026922047896246,160.0,P4
0.81156,0.81816,0.81398,50000,0.014,117.70705089825628,1.9,0.01442,5,8557420478497072567,160.0,P4
0.81278,0.81442,0.8138,50000,0.014,119.91665409559667,1.9,0.0147,6,9314711319516029468,160.0,P4
0.81398,0.80966,0.81356,50000,0.014,114.33832582445493,1.9,0.01314,7,15841407316481374214,160.0,P4
0.8136,0.81324,0.8179,50000,0.014,117.74875427186706,1.9,0.0143,8,3280767026161570517,160.0,P4
0.81156,0.81744,0.81478,50000,0.014,117.71123989970275,1.9,0.0149,9,13601699379832207935,160.0,P4
0.81222,0.81678,0.813,50000,0.014,119.55122581552818,1.9,0.01346,10,13281643181798953735,160.0,P4
0.81196,0.81222,0.81248,50000,0.014,118.81600508889431,1.9,0.0143,11,5046533469496068526,160.0,P4
0.81614,0.81126,0.81288,50000,0.014,118.82290231779413,1.9,0.0134,12,11067483246913822498,160.0,P4
0.81276,0.8141,0.81436,50000,0.014,116.82823593149793,1.9,0.0146,13,17270187904260658447,160.0,P4
0.81256,0.81484,0.8165,50000,0.014,120.65990270134493,1.9,0.01394,14,1077445307236303423,160.0,P4
0.81534,0.81272,0.81324,50000,0.014,116.78578048258738,1.9,0.0138,15,13504705319696136412,160.0,P4
0.81154,0.8131,0.81324,50000,0.014,118.05120006490596,1.9,0.0149,16,6131845447968428054,160.0,P4
0.81398,0.81536,0.8126,50000,0.014,118.15931063818539,1.9,0.0141,17,17761919368393819245,160.0,P4
0.81344,0.81048,0.81132,50000,0.014,118.80049089390434,1.9,0.0147,18,1656270975045324318,160.0,P4
0.80888,0.81686,0.81358,50000,0.014,118.27377516972999,1.9,0.0146,19,14240728432791342733,160.0,P4
0.81506,0.81428,0.81204,50000,0.014,119.47216948123655,1.9,0.01576,20,16361527724882297094,160.0,P4
0.81758,0.81292,0.81254,50000,0.014,120.86704667379063,1.9,0.01454,21,13253919361179204640,160.0,P4
0.81012,0.81466,0.81566,50000,0.014,117.24953472729085,1.9,0.0135,22,17470517876125412824,160.0,P4
0.81588,0.81126,0.8092,50000,0.014,118.76764881225188,1.9,0.0147,23,12509006731052190964,160.0,P4
0.8142,0.81288,0.81468,50000,0.014,115.41586005276757,1.9,0.01328,24,8643127130311863276,160.0,P4
0.81786,0.81508,0.81276,50000,0.014,119.4070891600863,1.9,0.01426,25,15274464337495540876,160.0,P4
0.8127,0.81578,0.81246,50000,0.014,114.80398931415033,1.9,0.0146,26,12118976703072088150,160.0,P4
0.80876,0.81416,0.8126,50000,0.014,115.43954038194504,1.9,0.01352,27,13836131511162774270,160.0,P4
0.81534,0.81286,0.81386,50000,0.014,119.73089085953067,1.9,0.01488,28,12656047555833096352,160.0,P4
0.81522,0.8135,0.8106,50000,0.014,112.34480440665521,1.9,0.01402,29,10301386698648530099,160.0,P4
0.81544,0.8139,0.81572,50000,0.014,118.21835519685821,1.9,0.01446,30,9948808074847193804,160.0,P4
0.81378,0.81502,0.81484,50000,0.014,119.05809379002287,1.9,0.01386,31,2195906241492278884,160.0,P4
0.81302,0.81384,0.81014,50000,0.014,120.09349973258954,1.9,0.0137,32,7058640011566323882,160.0,P4
0.81134,0.81216,0.8175,50000,0.014,118.50550433635689,1.9,0.01364,33,12422865606149509932,160.0,P4
0.81374,0.81338,0.81628,50000,0.014,116.27156274313731,1.9,0.01254,34,11399594239420082708,160.0,P4
0.81116,0.80924,0.81504,50000,0.014,119.8120853063524,1.9,0.01418,35,15694165404471235010,160.0,P4
0.81464,0.80934,0.81298,50000,0.014,119.14353379056007,1.9,0.01396,36,9322735022807666787,160.0,P4
0.81408,0.81452,0.81132,50000,0.014,116.2210213441485,1.9,0.01398,37,15690465985512590745,160.0,P4
0.81732,0.81538,0.81486,50000,0.014,117.07857338675927,1.9,0.014,38,1606833229543715869,160.0,P4
0.81482,0.81426,0.81092,50000,0.014,118.01088185117393,1.9,0.01432,39,6692371346145631453,160.0,P4
0.80888,0.81442,0.81276,50000,0.014,118.69547835098449,1.9,0.01426,40,7983637491316474398,160.0,P4
0.81292,0.81532,0.81468,50000,0.014,120.48940054313317,1.9,0.01418,41,7842729463888251033,160.0,P4
0.81534,0.8153,0.81256,50000,0.014,117.96971406835107,1.9,0.0138,42,17914368717135842343,160.0,P4
0.81102,0.81546,0.81482,50000,0.014,118.19786888724114,1.9,0.01404,43,11608829433638714580,160.0,P4
0.81198,0.81212,0.81494,50000,0.014,118.79788288674764,1.9,0.01452,44,14180423088732684172,160.0,P4
0.81574,0.81106,0.8087,50000,0.014,118.53983651401164,1.9,0.01364,45,16155864784259492874,160.0,P4
0.81428,0.81322,0.81398,50000,0.014,117.18061043753242,1.9,0.01406,46,12451508003092180334,160.0,P4
0.81496,0.8132,0.81222,50000,0.014,118.33584891017728,1.9,0.01404,47,10864259062687708775,160.0,P4
0.81072,0.81402,0.81192,50000,0.014,118.93289070278026,1.9,0.01434,48,16172748544027984644,160.0,P4
0.81226,0.81472,0.81232,50000,0.014,117.04336274375365,1.9,0.01376,49,12226785994073676933,160.0,P4
0.81332,0.81344,0.8166,50000,0.014,118.19333673945935,1.9,0.01514,50,2217487459980080799,160.0,P4
0.81182,0.8148,0.80768,50000,0.014,118.03011382166392,1.9,0.01342,51,4130748994238206157,160.0,P4
0.81298,0.81002,0.81186,50000,0.014,115.53458515332147,1.9,0.01348,52,6522648600883230296,160.0,P4
0.81376,0.81412,0.8134,50000,0.014,119.0658482015239,1.9,0.01448,53,993651287227099845,160.0,P4
0.81528,0.81632,0.8102,50000,0.014,116.56755891757511,1.9,0.01474,54,10891581401549027590,160.0,P4
0.81174,0.81278,0.81342,50000,0.014,116.86400525861102,1.9,0.01344,55,16681769829710052842,160.0,P4
0.81446,0.81652,0.81088,50000,0.014,116.63271805950319,1.9,0.01394,56,18230923889294840207,160.0,P4
0.80944,0.81538,0.8109,50000,0.014,116.22874469126938,1.9,0.01408,57,18102890179277386849,160.0,P4
0.81252,0.81432,0.81252,50000,0.014,117.88415208450142,1.9,0.01378,58,15944361651044352560,160.0,P4
0.81654,0.8178,0.8126,50000,0.014,119.11494625165841,1.9,0.01428,59,2071309113466250496,160.0,P4
0.81,0.81034,0.81244,50000,0.014,117.90451873977077,1.9,0.01426,60,4303576632131831610,160.0,P4
0.8125,0.8137,0.81418,50000,0.014,118.40677885122614,1.9,0.01402,61,18338095055401362949,160.0,P4
0.81428,0.8169,0.81846,50000,0.014,119.53813288374302,1.9,0.01388,62,1843920663099482207,160.0,P4
0.81388,0.81758,0.81348,50000,0.014,118.50774260647806,1.9,0.01334,63,13919640754513267306,160.0,P4
0.8142,0.80554,0.8152,50000,0.014,118.96879613228185,1.9,0.01512,64,8146733497148180433,160.0,P4
0.81254,0.8163,0.8137,50000,0.014,117.06790631572031,1.9,0.01382,65,17911286291447037011,160.0,P4
0.815,0.81158,0.81652,50000,0.014,118.81407389740701,1.9,0.0137,66,9511720423664228242,160.0,P4
0.81132,0.81566,0.81732,50000,0.014,115.71999100329386,1.9,0.01262,67,2595166461162676111,160.0,P4
0.81374,0.81116,0.81286,50000,0.014,118.15091566259805,1.9,0.01416,68,8044235168989429447,160.0,P4
0.81578,0.8136,0.81188,50000,0.014,121.63682871782223,1.9,0.01476,69,15073642716287810231,160.0,P4
0.81716,0.81296,0.81084,50000,0.014,120.53923401638649,1.9,0.014,70,10164882102568171318,160.0,P4
0.80884,0.81326,0.8131,50000,0.014,118.60324946143642,1.9,0.01346,71,8209404981712990898,160.0,P4
0.81268,0.8136,0.81384,50000,0.014,117.03617133955436,1.9,0.01394,72,7128156125634285431,160.0,P4
0.80982,0.81376,0.81058,50000,0.014,120.33356194690818,1.9,0.01462,73,12464347023479314369,160.0,P4
0.81106,0.81694,0.81608,50000,0.014,113.84511400495451,1.9,0.01396,74,21340395521372197,160.0,P4
0.81496,0.81568,0.81438,50000,0.014,120.72873420336911,1.9,0.01464,75,15753157338070976732,160.0,P4
0.81256,0.80958,0.81042,50000,0.014,114.52259036129948,1.9,0.01456,76,1207848136424188202,160.0,P4
0.8142,0.81256,0.8145,50000,0.014,118.3755913768125,1.9,0.01426,77,14371478478764552050,160.0,P4
0.81068,0.81674,0.8124,50000,0.014,118.76115499779394,1.9,0.01502,78,4405612740533380042,160.0,P4
0.81268,0.81362,0.81464,50000,0.014,120.08169332495952,1.9,0.01418,79,11041870674892630263,160.0,P4
0.81612,0.81276,0.81124,50000,0.014,118.84573849134804,1.9,0.01426,80,14416209796107049948,160.0,P4
0.80952,0.81916,0.81396,50000,0.014,118.26239878263905,1.9,0.01428,81,11016416066718131472,160.0,P4
0.8118,0.81406,0.81428,50000,0.014,104.73181383535365,1.9,0.01362,82,8593329804082571813,160.0,P4
0.81144,0.81424,0.81168,50000,0.014,117.3293342785882,1.9,0.01382,83,13287438883364338925,160.0,P4
0.81382,0.81336,0.81028,50000,0.014,120.57599816409883,1.9,0.01476,84,6929592568782709943,160.0,P4
0.81468,0.81278,0.81654,50000,0.014,116.01509172035902,1.9,0.01388,85,10339029887736084805,160.0,P4
0.81136,0.815,0.815,50000,0.014,117.75107327072972,1.9,0.01484,86,3720309330997812535,160.0,P4
0.81464,0.81544,0.81372,50000,0.014,118.76440912613876,1.9,0.01358,87,18212785692897395586,160.0,P4
0.81306,0.8138,0.81044,50000,0.014,119.20126150671307,1.9,0.01412,88,17852485017488847177,160.0,P4
0.8136,0.81414,0.81048,50000,0.014,119.28368546267826,1.9,0.01412,89,6122175263366286727,160.0,P4
0.81076,0.81324,0.81384,50000,0.014,118.09393561497436,1.9,0.01414,90,6525160180823128769,160.0,P4
0.81566,0.813,0.81308,50000,0.014,120.38524200366732,1.9,0.0142,91,10510717032941499838,160.0,P4
0.81416,0.81618,0.81656,50000,0.014,120.31488547605781,1.9,0.014,92,16286543068362060976,160.0,P4
0.81564,0.81468,0.80926,50000,0.014,117.45981467577647,1.9,0.0147,93,16913298127437789201,160.0,P4
0.81126,0.8109,0.81316,50000,0.014,117.97103297777318,1.9,0.0135,94,15189113913837463323,160.0,P4
0.81274,0.81326,0.81272,50000,0.014,120.57470881694857,1.9,0.01404,95,5496159151529233888,160.0,P4
0.81022,0.8155,0.8122,50000,0.014,119.91699727248721,1.9,0.01482,96,8040769482259764785,160.0,P4
0.81412,0.8147,0.81592,50000,0.014,119.840754953718,1.9,0.01416,97,17873962471537365362,160.0,P4
0.81142,0.8118,0.81304,50000,0.014,118.54089741928753,1.9,0.01408,98,9390295301057286859,160.0,P4
0.81252,0.8174,0.81716,50000,0.014,118.03849147968619,1.9,0.01362,99,11891554844109022660,160.0,P4
