N,R_fr_mean,Z1_mean,Z1_var,frac_phi_target,lam,max_abs_c,n_activated_by_campaign,n_gen1,n_trials,order,rep,seed,tau0,test,x
100000,0.670777713290772,0.6892,0.6906724272427243,0.0,2.0,0.303884310917128,0,6892,10000,"(40, 50, 140)",0,6308505021487959403,0.0,P1-operator,0.00358
100000,0.6804183614177803,0.6884,0.6873741774177416,0.39203,2.0,0.303884310917128,0,6884,10000,"(40, 50, 140)",0,6308505021487959403,0.5,P1-operator,0.00358
100000,0.6963221398459079,0.6879,0.6967632663266325,0.63127,2.0,0.303884310917128,0,6879,10000,"(40, 50, 140)",0,6308505021487959403,1.0,P1-operator,0.00358
100000,0.6934338309899986,0.6899,0.6836063506350637,0.86418,2.0,0.303884310917128,0,6899,10000,"(40, 50, 140)",0,6308505021487959403,2.0,P1-operator,0.00358
100000,0.7042762207454493,0.6922,0.6919283528352835,0.99336,2.0,0.303884310917128,0,6922,10000,"(40, 50, 140)",0,6308505021487959403,5.0,P1-operator,0.00358
100000,0.669022209402942,0.6934,0.7040668466846683,0.99995,2.0,0.303884310917128,0,6934,10000,"(40, 50, 140)",0,6308505021487959403,10.0,P1-operator,0.00358
100000,0.6724587315377932,0.6906,0.6815397939793979,0.0,2.0,0.303884310917128,0,6906,10000,"(40, 50, 140)",1,6756722886272425713,0.0,P1-operator,0.00638
100000,0.7038478166882837,0.6939,0.6858713771377138,0.3942,2.0,0.303884310917128,0,6939,10000,"(40, 50, 140)",1,6756722886272425713,0.5,P1-operator,0.00638
100000,0.7079466357308585,0.6896,0.6861204520452044,0.6306,2.0,0.303884310917128,0,6896,10000,"(40, 50, 140)",1,6756722886272425713,1.0,P1-operator,0.00638
100000,0.6956645344705046,0.7035,0.6948572357235723,0.86329,2.0,0.303884310917128,0,7035,10000,"(40, 50, 140)",1,6756722886272425713,2.0,P1-operator,0.00638
100000,0.7058232931726908,0.6972,0.6917813381338134,0.99334,2.0,0.303884310917128,0,6972,10000,"(40, 50, 140)",1,6756722886272425713,5.0,P1-operator,0.00638
100000,0.70567837017772,0.6921,0.6929668866886688,0.99998,2.0,0.303884310917128,0,6921,10000,"(40, 50, 140)",1,6756722886272425713,10.0,P1-operator,0.00638
100000,0.6964134425303586,0.7082,0.7101237723772377,0.0,2.0,0.303884310917128,0,7082,10000,"(40, 50, 140)",2,1184279535102422348,0.0,P1-operator,-0.00234
100000,0.6858838490885969,0.7077,0.6979305030503051,0.39288,2.0,0.303884310917128,0,7077,10000,"(40, 50, 140)",2,1184279535102422348,0.5,P1-operator,-0.00234
100000,0.6880274638821342,0.6991,0.6954287328732873,0.6304,2.0,0.303884310917128,0,6991,10000,"(40, 50, 140)",2,1184279535102422348,1.0,P1-operator,-0.00234
100000,0.6907505910165485,0.6768,0.6778095409540953,0.86538,2.0,0.303884310917128,0,6768,10000,"(40, 50, 140)",2,1184279535102422348,2.0,P1-operator,-0.00234
100000,0.6971091615130159,0.6953,0.7015280628062807,0.99299,2.0,0.303884310917128,0,6953,10000,"(40, 50, 140)",2,1184279535102422348,5.0,P1-operator,-0.00234
100000,0.6818181818181818,0.6996,0.7288327232723272,0.99996,2.0,0.303884310917128,0,6996,10000,"(40, 50, 140)",2,1184279535102422348,10.0,P1-operator,-0.00234
100000,0.6825785982117104,0.6934,0.6914655865586559,0.0,2.0,0.303884310917128,0,6934,10000,"(40, 50, 140)",3,6007610928440526352,0.0,P1-operator,0.0017
100000,0.6926525889499566,0.6914,0.6916352035203521,0.39406,2.0,0.303884310917128,0,6914,10000,"(40, 50, 140)",3,6007610928440526352,0.5,P1-operator,0.0017
100000,0.6988478926644305,0.6857,0.6805835683568356,0.63154,2.0,0.303884310917128,0,6857,10000,"(40, 50, 140)",3,6007610928440526352,1.0,P1-operator,0.0017
100000,0.6952088280486102,0.7159,0.7186590559055904,0.86619,2.0,0.303884310917128,0,7159,10000,"(40, 50, 140)",3,6007610928440526352,2.0,P1-operator,0.0017
100000,0.7183767448553748,0.6949,0.6950834983498348,0.99335,2.0,0.303884310917128,0,6949,10000,"(40, 50, 140)",3,6007610928440526352,5.0,P1-operator,0.0017
100000,0.6932558798526495,0.7058,0.7153178917891788,0.99998,2.0,0.303884310917128,0,7058,10000,"(40, 50, 140)",3,6007610928440526352,10.0,P1-operator,0.0017
100000,0.6791707798617966,0.7091,0.7153487248724872,0.0,2.0,0.303884310917128,0,7091,10000,"(40, 50, 140)",4,13877321819508503800,0.0,P1-operator,-0.00174
100000,0.6809709579540529,0.6921,0.6839659865986598,0.39348,2.0,0.303884310917128,0,6921,10000,"(40, 50, 140)",4,13877321819508503800,0.5,P1-operator,-0.00174
100000,0.6701470588235294,0.68,0.6742674267426741,0.63107,2.0,0.303884310917128,0,6800,10000,"(40, 50, 140)",4,13877321819508503800,1.0,P1-operator,-0.00174
100000,0.6922852559428322,0.6857,0.691984708470847,0.86282,2.0,0.303884310917128,0,6857,10000,"(40, 50, 140)",4,13877321819508503800,2.0,P1-operator,-0.00174
100000,0.6798036668110293,0.6927,0.6961363236323633,0.99317,2.0,0.303884310917128,0,6927,10000,"(40, 50, 140)",4,13877321819508503800,5.0,P1-operator,-0.00174
100000,0.6813061457293598,0.7013,0.7021485248524854,0.99995,2.0,0.303884310917128,0,7013,10000,"(40, 50, 140)",4,13877321819508503800,10.0,P1-operator,-0.00174
100000,0.6661917652087191,0.7019,0.7097073607360737,0.0,2.0,0.303884310917128,0,7019,10000,"(40, 50, 140)",5,17102989364183506097,0.0,P1-operator,0.00156
100000,0.6990388753406972,0.6971,0.7128228722872287,0.39445,2.0,0.303884310917128,0,6971,10000,"(40, 50, 140)",5,17102989364183506097,0.5,P1-operator,0.00156
100000,0.6965935334872979,0.6928,0.7082989898989899,0.63207,2.0,0.303884310917128,0,6928,10000,"(40, 50, 140)",5,17102989364183506097,1.0,P1-operator,0.00156
100000,0.6672902575910203,0.6949,0.6912831183118311,0.86399,2.0,0.303884310917128,0,6949,10000,"(40, 50, 140)",5,17102989364183506097,2.0,P1-operator,0.00156
100000,0.6781609195402298,0.6699,0.6820021902190218,0.99324,2.0,0.303884310917128,0,6699,10000,"(40, 50, 140)",5,17102989364183506097,5.0,P1-operator,0.00156
100000,0.6904121229287636,0.7061,0.7099937893789379,0.99999,2.0,0.303884310917128,0,7061,10000,"(40, 50, 140)",5,17102989364183506097,10.0,P1-operator,0.00156
100000,0.6695826760361394,0.6973,0.68294100410041,0.0,2.0,0.303884310917128,0,6973,10000,"(40, 50, 140)",6,7209826365562472571,0.0,P1-operator,0.00508
100000,0.7031182641184078,0.6959,0.7042936193619361,0.39429,2.0,0.303884310917128,0,6959,10000,"(40, 50, 140)",6,7209826365562472571,0.5,P1-operator,0.00508
100000,0.6746728031065727,0.6953,0.6993278427842785,0.63152,2.0,0.303884310917128,0,6953,10000,"(40, 50, 140)",6,7209826365562472571,1.0,P1-operator,0.00508
100000,0.6813094571908226,0.7148,0.715332493249325,0.8635,2.0,0.303884310917128,0,7148,10000,"(40, 50, 140)",6,7209826365562472571,2.0,P1-operator,0.00508
100000,0.6979106210098666,0.6892,0.6756709270927093,0.99317,2.0,0.303884310917128,0,6892,10000,"(40, 50, 140)",6,7209826365562472571,5.0,P1-operator,0.00508
100000,0.7106444605358436,0.6905,0.6925790079007902,0.99995,2.0,0.303884310917128,0,6905,10000,"(40, 50, 140)",6,7209826365562472571,10.0,P1-operator,0.00508
100000,0.6862573099415205,0.684,0.6818121812181218,0.0,2.0,0.303884310917128,0,6840,10000,"(40, 50, 140)",7,1866210873447199287,0.0,P1-operator,0.00168
100000,0.6820083682008368,0.6931,0.7043828282828283,0.39194,2.0,0.303884310917128,0,6931,10000,"(40, 50, 140)",7,1866210873447199287,0.5,P1-operator,0.00168
100000,0.6905951191665477,0.7007,0.6871882288228823,0.62967,2.0,0.303884310917128,0,7007,10000,"(40, 50, 140)",7,1866210873447199287,1.0,P1-operator,0.00168
100000,0.6902731608613961,0.6919,0.6844428342834283,0.86421,2.0,0.303884310917128,0,6919,10000,"(40, 50, 140)",7,1866210873447199287,2.0,P1-operator,0.00168
100000,0.6892263195950832,0.6915,0.6805958095809581,0.99312,2.0,0.303884310917128,0,6915,10000,"(40, 50, 140)",7,1866210873447199287,5.0,P1-operator,0.00168
100000,0.6972370895414437,0.6913,0.7072750375037504,0.99994,2.0,0.303884310917128,0,6913,10000,"(40, 50, 140)",7,1866210873447199287,10.0,P1-operator,0.00168
100000,0.6778658976207642,0.6935,0.6902267726772676,0.0,2.0,0.303884310917128,0,6935,10000,"(40, 50, 140)",8,2720832487710997001,0.0,P1-operator,-0.00104
100000,0.6964131994261119,0.697,0.701261126112611,0.39416,2.0,0.303884310917128,0,6970,10000,"(40, 50, 140)",8,2720832487710997001,0.5,P1-operator,-0.00104
100000,0.7073135409123823,0.6905,0.6931790679067906,0.63269,2.0,0.303884310917128,0,6905,10000,"(40, 50, 140)",8,2720832487710997001,1.0,P1-operator,-0.00104
100000,0.6851282051282052,0.6825,0.656559405940594,0.86489,2.0,0.303884310917128,0,6825,10000,"(40, 50, 140)",8,2720832487710997001,2.0,P1-operator,-0.00104
100000,0.6820203759506386,0.6969,0.7045008400840085,0.9931,2.0,0.303884310917128,0,6969,10000,"(40, 50, 140)",8,2720832487710997001,5.0,P1-operator,-0.00104
100000,0.6899413363857491,0.6989,0.7053093209320932,0.99998,2.0,0.303884310917128,0,6989,10000,"(40, 50, 140)",8,2720832487710997001,10.0,P1-operator,-0.00104
100000,0.6822190611664296,0.703,0.6948604860486048,0.0,2.0,0.303884310917128,0,7030,10000,"(40, 50, 140)",9,4231672649150980470,0.0,P1-operator,-0.00068
100000,0.6940658716638274,0.7044,0.6922898689868986,0.39419,2.0,0.303884310917128,0,7044,10000,"(40, 50, 140)",9,4231672649150980470,0.5,P1-operator,-0.00068
100000,0.6933608126012071,0.6793,0.6829198019801981,0.63065,2.0,0.303884310917128,0,6793,10000,"(40, 50, 140)",9,4231672649150980470,1.0,P1-operator,-0.00068
100000,0.7013581129378127,0.6995,0.6868684368436844,0.8648,2.0,0.303884310917128,0,6995,10000,"(40, 50, 140)",9,4231672649150980470,2.0,P1-operator,-0.00068
100000,0.6833742597139968,0.6923,0.6876894789478949,0.99353,2.0,0.303884310917128,0,6923,10000,"(40, 50, 140)",9,4231672649150980470,5.0,P1-operator,-0.00068
100000,0.6973231643487363,0.6687,0.6670070107010702,0.99996,2.0,0.303884310917128,0,6687,10000,"(40, 50, 140)",9,4231672649150980470,10.0,P1-operator,-0.00068
100000,0.676960643493249,0.6962,0.6921747774777477,0.0,2.0,0.303884310917128,0,6962,10000,"(40, 50, 140)",10,13732675519007260928,0.0,P1-operator,8e-05
100000,0.6939787140982651,0.6859,0.6809092809280928,0.3917,2.0,0.303884310917128,0,6859,10000,"(40, 50, 140)",10,13732675519007260928,0.5,P1-operator,8e-05
100000,0.6931653634520707,0.6906,0.7009417341734173,0.63042,2.0,0.303884310917128,0,6906,10000,"(40, 50, 140)",10,13732675519007260928,1.0,P1-operator,8e-05
100000,0.6882778581765557,0.691,0.6939883988398841,0.86384,2.0,0.303884310917128,0,6910,10000,"(40, 50, 140)",10,13732675519007260928,2.0,P1-operator,8e-05
100000,0.6824353294268972,0.6997,0.7161915291529154,0.99328,2.0,0.303884310917128,0,6997,10000,"(40, 50, 140)",10,13732675519007260928,5.0,P1-operator,8e-05
100000,0.6990291262135923,0.7107,0.6926747774777476,0.99991,2.0,0.303884310917128,0,7107,10000,"(40, 50, 140)",10,13732675519007260928,10.0,P1-operator,8e-05
100000,0.6888270610631132,0.6829,0.6694145314531452,0.0,2.0,0.303884310917128,0,6829,10000,"(40, 50, 140)",11,7494496418896521722,0.0,P1-operator,0.00108
100000,0.7185550558537647,0.6893,0.6782333333333334,0.39521,2.0,0.303884310917128,0,6893,10000,"(40, 50, 140)",11,7494496418896521722,0.5,P1-operator,0.00108
100000,0.7081502480510277,0.7055,0.6950392539253926,0.63407,2.0,0.303884310917128,0,7055,10000,"(40, 50, 140)",11,7494496418896521722,1.0,P1-operator,0.00108
100000,0.7104608632040965,0.6835,0.6761953695369537,0.86421,2.0,0.303884310917128,0,6835,10000,"(40, 50, 140)",11,7494496418896521722,2.0,P1-operator,0.00108
100000,0.6943417685527438,0.7034,0.6994983898389838,0.9931,2.0,0.303884310917128,0,7034,10000,"(40, 50, 140)",11,7494496418896521722,5.0,P1-operator,0.00108
100000,0.7001457725947522,0.686,0.687872787278728,0.99996,2.0,0.303884310917128,0,6860,10000,"(40, 50, 140)",11,7494496418896521722,10.0,P1-operator,0.00108
100000,0.6683952751368482,0.6942,0.6757539353935395,0.0,2.0,0.303884310917128,0,6942,10000,"(40, 50, 140)",12,16993665869190483323,0.0,P1-operator,-0.00376
100000,0.6851582921870462,0.6886,0.7023002700270027,0.39356,2.0,0.303884310917128,0,6886,10000,"(40, 50, 140)",12,16993665869190483323,0.5,P1-operator,-0.00376
100000,0.6752697579469233,0.6858,0.67634599459946,0.63276,2.0,0.303884310917128,0,6858,10000,"(40, 50, 140)",12,16993665869190483323,1.0,P1-operator,-0.00376
100000,0.675152749490835,0.6874,0.6823494749474946,0.86477,2.0,0.303884310917128,0,6874,10000,"(40, 50, 140)",12,16993665869190483323,2.0,P1-operator,-0.00376
100000,0.6866399082568807,0.6976,0.7012243624362436,0.99337,2.0,0.303884310917128,0,6976,10000,"(40, 50, 140)",12,16993665869190483323,5.0,P1-operator,-0.00376
100000,0.6928133216476775,0.6846,0.6893917791779178,0.99997,2.0,0.303884310917128,0,6846,10000,"(40, 50, 140)",12,16993665869190483323,10.0,P1-operator,-0.00376
100000,0.6631732168850073,0.687,0.6766986698669867,0.0,2.0,0.303884310917128,0,6870,10000,"(40, 50, 140)",13,9250853726802623270,0.0,P1-operator,0.0018
100000,0.6947502116850127,0.7086,0.6981558555855585,0.38862,2.0,0.303884310917128,0,7086,10000,"(40, 50, 140)",13,9250853726802623270,0.5,P1-operator,0.0018
100000,0.6801110623995323,0.6843,0.6747009800980098,0.6281,2.0,0.303884310917128,0,6843,10000,"(40, 50, 140)",13,9250853726802623270,1.0,P1-operator,0.0018
100000,0.684913976965733,0.7033,0.7115402640264025,0.86267,2.0,0.303884310917128,0,7033,10000,"(40, 50, 140)",13,9250853726802623270,2.0,P1-operator,0.0018
100000,0.7107038123167155,0.682,0.6677427742774278,0.99295,2.0,0.303884310917128,0,6820,10000,"(40, 50, 140)",13,9250853726802623270,5.0,P1-operator,0.0018
100000,0.700145137880987,0.689,0.7013491349134913,0.99997,2.0,0.303884310917128,0,6890,10000,"(40, 50, 140)",13,9250853726802623270,10.0,P1-operator,0.0018
100000,0.692670381483069,0.6999,0.7089108810881088,0.0,2.0,0.303884310917128,0,6999,10000,"(40, 50, 140)",14,5568297343582994232,0.0,P1-operator,0.0028
100000,0.6903545892309937,0.6853,0.6881327232723272,0.39355,2.0,0.303884310917128,0,6853,10000,"(40, 50, 140)",14,5568297343582994232,0.5,P1-operator,0.0028
100000,0.6846407572063674,0.6973,0.7025429642964296,0.63333,2.0,0.303884310917128,0,6973,10000,"(40, 50, 140)",14,5568297343582994232,1.0,P1-operator,0.0028
100000,0.6907407407407408,0.702,0.6892649264926491,0.86679,2.0,0.303884310917128,0,7020,10000,"(40, 50, 140)",14,5568297343582994232,2.0,P1-operator,0.0028
100000,0.672594292270185,0.6973,0.7141441244124412,0.99343,2.0,0.303884310917128,0,6973,10000,"(40, 50, 140)",14,5568297343582994232,5.0,P1-operator,0.0028
100000,0.6879209055738644,0.6979,0.695105100510051,0.99998,2.0,0.303884310917128,0,6979,10000,"(40, 50, 140)",14,5568297343582994232,10.0,P1-operator,0.0028
100000,0.7003367003367004,0.6831,0.6893433243324332,0.0,2.0,0.303884310917128,0,6831,10000,"(40, 50, 140)",15,7324806406340094342,0.0,P1-operator,-0.00426
100000,0.6823444283646889,0.691,0.6875877587758776,0.39565,2.0,0.303884310917128,0,6910,10000,"(40, 50, 140)",15,7324806406340094342,0.5,P1-operator,-0.00426
100000,0.7003285244965005,0.7001,0.7018301730173017,0.63284,2.0,0.303884310917128,0,7001,10000,"(40, 50, 140)",15,7324806406340094342,1.0,P1-operator,-0.00426
100000,0.6965930691621582,0.6839,0.6808488748874888,0.8669,2.0,0.303884310917128,0,6839,10000,"(40, 50, 140)",15,7324806406340094342,2.0,P1-operator,-0.00426
100000,0.6891461649782923,0.691,0.6869876987698771,0.99339,2.0,0.303884310917128,0,6910,10000,"(40, 50, 140)",15,7324806406340094342,5.0,P1-operator,-0.00426
100000,0.6903043170559094,0.7065,0.7084285928592859,0.99997,2.0,0.303884310917128,0,7065,10000,"(40, 50, 140)",15,7324806406340094342,10.0,P1-operator,-0.00426
100000,0.6724336793540946,0.6936,0.7077898189818982,0.0,2.0,0.303884310917128,0,6936,10000,"(40, 50, 140)",16,14740781978222432179,0.0,P1-operator,-0.0035
100000,0.7017924255565192,0.6918,0.6730800680068006,0.3935,2.0,0.303884310917128,0,6918,10000,"(40, 50, 140)",16,14740781978222432179,0.5,P1-operator,-0.0035
100000,0.6925734024179621,0.6948,0.6839213521352135,0.63269,2.0,0.303884310917128,0,6948,10000,"(40, 50, 140)",16,14740781978222432179,1.0,P1-operator,-0.0035
100000,0.6736643984363689,0.6907,0.6823017401740175,0.86466,2.0,0.303884310917128,0,6907,10000,"(40, 50, 140)",16,14740781978222432179,2.0,P1-operator,-0.0035
100000,0.682717486179808,0.6874,0.6779490349034902,0.99316,2.0,0.303884310917128,0,6874,10000,"(40, 50, 140)",16,14740781978222432179,5.0,P1-operator,-0.0035
100000,0.6875715922107675,0.6984,0.7067081108110812,0.99996,2.0,0.303884310917128,0,6984,10000,"(40, 50, 140)",16,14740781978222432179,10.0,P1-operator,-0.0035
100000,0.6699266503667481,0.6953,0.7035282628262827,0.0,2.0,0.303884310917128,0,6953,10000,"(40, 50, 140)",17,17240980298327770147,0.0,P1-operator,0.00292
100000,0.6720011534025375,0.6936,0.6887879187918792,0.39113,2.0,0.303884310917128,0,6936,10000,"(40, 50, 140)",17,17240980298327770147,0.5,P1-operator,0.00292
100000,0.697119581029968,0.6874,0.689750215021502,0.63046,2.0,0.303884310917128,0,6874,10000,"(40, 50, 140)",17,17240980298327770147,1.0,P1-operator,0.00292
100000,0.6861793260993718,0.7004,0.7129111311131113,0.86255,2.0,0.303884310917128,0,7004,10000,"(40, 50, 140)",17,17240980298327770147,2.0,P1-operator,0.00292
100000,0.6944365597502129,0.7046,0.7108099209920992,0.99339,2.0,0.303884310917128,0,7046,10000,"(40, 50, 140)",17,17240980298327770147,5.0,P1-operator,0.00292
100000,0.7070256262597179,0.6946,0.6950003400340036,0.99994,2.0,0.303884310917128,0,6946,10000,"(40, 50, 140)",17,17240980298327770147,10.0,P1-operator,0.00292
100000,0.684269980231573,0.7082,0.6959223522352235,0.0,2.0,0.303884310917128,0,7082,10000,"(40, 50, 140)",18,5811273971294866461,0.0,P1-operator,-0.00104
100000,0.6934141869976026,0.7091,0.6935465446544655,0.39352,2.0,0.303884310917128,0,7091,10000,"(40, 50, 140)",18,5811273971294866461,0.5,P1-operator,-0.00104
100000,0.7040184358346536,0.6943,0.68491600160016,0.63141,2.0,0.303884310917128,0,6943,10000,"(40, 50, 140)",18,5811273971294866461,1.0,P1-operator,-0.00104
100000,0.7047238475809905,0.7007,0.697789288928893,0.8641,2.0,0.303884310917128,0,7007,10000,"(40, 50, 140)",18,5811273971294866461,2.0,P1-operator,-0.00104
100000,0.712752067314667,0.6893,0.6806335733573358,0.99344,2.0,0.303884310917128,0,6893,10000,"(40, 50, 140)",18,5811273971294866461,5.0,P1-operator,-0.00104
100000,0.7057291666666666,0.6912,0.6915117111711171,0.99998,2.0,0.303884310917128,0,6912,10000,"(40, 50, 140)",18,5811273971294866461,10.0,P1-operator,-0.00104
100000,0.6761793826441468,0.6868,0.6951752775277528,0.0,2.0,0.303884310917128,0,6868,10000,"(40, 50, 140)",19,4422731400566785855,0.0,P1-operator,0.00134
100000,0.7060601698574924,0.6947,0.705962506250625,0.39417,2.0,0.303884310917128,0,6947,10000,"(40, 50, 140)",19,4422731400566785855,0.5,P1-operator,0.00134
100000,0.6871802368074843,0.6841,0.6835755475547556,0.63134,2.0,0.303884310917128,0,6841,10000,"(40, 50, 140)",19,4422731400566785855,1.0,P1-operator,0.00134
100000,0.7075947542873613,0.6939,0.69207199719972,0.86468,2.0,0.303884310917128,0,6939,10000,"(40, 50, 140)",19,4422731400566785855,2.0,P1-operator,0.00134
100000,0.6972676015613706,0.6917,0.6985209620962096,0.99302,2.0,0.303884310917128,0,6917,10000,"(40, 50, 140)",19,4422731400566785855,5.0,P1-operator,0.00134
100000,0.6834501501931054,0.6991,0.6998291729172916,0.99995,2.0,0.303884310917128,0,6991,10000,"(40, 50, 140)",19,4422731400566785855,10.0,P1-operator,0.00134
100000,0.6773638968481376,0.698,0.6924652465246526,0.0,2.0,0.303884310917128,0,6980,10000,"(40, 50, 140)",20,4554647378497235009,0.0,P1-operator,0.0038
100000,0.6988235294117647,0.68,0.6882688268826882,0.3937,2.0,0.303884310917128,0,6800,10000,"(40, 50, 140)",20,4554647378497235009,0.5,P1-operator,0.0038
100000,0.6910048391688016,0.7026,0.7046237023702371,0.63102,2.0,0.303884310917128,0,7026,10000,"(40, 50, 140)",20,4554647378497235009,1.0,P1-operator,0.0038
100000,0.6909808507528139,0.6841,0.6961768076807682,0.86695,2.0,0.303884310917128,0,6841,10000,"(40, 50, 140)",20,4554647378497235009,2.0,P1-operator,0.0038
100000,0.7063628546861564,0.6978,0.6889440544054406,0.99354,2.0,0.303884310917128,0,6978,10000,"(40, 50, 140)",20,4554647378497235009,5.0,P1-operator,0.0038
100000,0.6984539806386361,0.6921,0.6877663666366636,0.99998,2.0,0.303884310917128,0,6921,10000,"(40, 50, 140)",20,4554647378497235009,10.0,P1-operator,0.0038
100000,0.6749043836422477,0.6798,0.6781397739773977,0.0,2.0,0.303884310917128,0,6798,10000,"(40, 50, 140)",21,17022812643469408402,0.0,P1-operator,-0.00018
100000,0.6918084799538506,0.6934,0.6816646064606461,0.39434,2.0,0.303884310917128,0,6934,10000,"(40, 50, 140)",21,17022812643469408402,0.5,P1-operator,-0.00018
100000,0.6822094691535151,0.697,0.7026612661266125,0.63191,2.0,0.303884310917128,0,6970,10000,"(40, 50, 140)",21,17022812643469408402,1.0,P1-operator,-0.00018
100000,0.6953899181387333,0.6963,0.6937356835683569,0.86395,2.0,0.303884310917128,0,6963,10000,"(40, 50, 140)",21,17022812643469408402,2.0,P1-operator,-0.00018
100000,0.6889547185780787,0.7089,0.6898297729772979,0.99321,2.0,0.303884310917128,0,7089,10000,"(40, 50, 140)",21,17022812643469408402,5.0,P1-operator,-0.00018
100000,0.6934975651675738,0.6982,0.7031870787078708,0.99994,2.0,0.303884310917128,0,6982,10000,"(40, 50, 140)",21,17022812643469408402,10.0,P1-operator,-0.00018
100000,0.6670545454545455,0.6875,0.6837121212121212,0.0,2.0,0.303884310917128,0,6875,10000,"(40, 50, 140)",22,1242755447883146122,0.0,P1-operator,-0.00202
100000,0.6815480504420931,0.6899,0.6888068706870687,0.39469,2.0,0.303884310917128,0,6899,10000,"(40, 50, 140)",22,1242755447883146122,0.5,P1-operator,-0.00202
100000,0.7021902102013817,0.6803,0.6769596059605961,0.63204,2.0,0.303884310917128,0,6803,10000,"(40, 50, 140)",22,1242755447883146122,1.0,P1-operator,-0.00202
100000,0.6901127122271365,0.7009,0.7075099409940995,0.8637,2.0,0.303884310917128,0,7009,10000,"(40, 50, 140)",22,1242755447883146122,2.0,P1-operator,-0.00202
100000,0.6917024320457796,0.699,0.681067106710671,0.99323,2.0,0.303884310917128,0,6990,10000,"(40, 50, 140)",22,1242755447883146122,5.0,P1-operator,-0.00202
100000,0.6964259664478483,0.6855,0.6744571957195719,0.99993,2.0,0.303884310917128,0,6855,10000,"(40, 50, 140)",22,1242755447883146122,10.0,P1-operator,-0.00202
100000,0.6805002842524162,0.7036,0.7048175217521753,0.0,2.0,0.303884310917128,0,7036,10000,"(40, 50, 140)",23,3886285306872609743,0.0,P1-operator,0.0011
100000,0.6810184522958089,0.6991,0.689228112811281,0.39374,2.0,0.303884310917128,0,6991,10000,"(40, 50, 140)",23,3886285306872609743,0.5,P1-operator,0.0011
100000,0.6931224403332863,0.7081,0.7045648464846483,0.63261,2.0,0.303884310917128,0,7081,10000,"(40, 50, 140)",23,3886285306872609743,1.0,P1-operator,0.0011
100000,0.6949057134815648,0.7106,0.7203196719671968,0.86627,2.0,0.303884310917128,0,7106,10000,"(40, 50, 140)",23,3886285306872609743,2.0,P1-operator,0.0011
100000,0.7057212854878224,0.6939,0.6836711571157116,0.99303,2.0,0.303884310917128,0,6939,10000,"(40, 50, 140)",23,3886285306872609743,5.0,P1-operator,0.0011
100000,0.6858881483627934,0.6902,0.699293889388939,0.99993,2.0,0.303884310917128,0,6902,10000,"(40, 50, 140)",23,3886285306872609743,10.0,P1-operator,0.0011
100000,0.6845837469862431,0.7051,0.6926032503250326,0.0,2.0,0.36900237754222664,0,7051,10000,"(40, 140, 50)",0,7416749104417419891,0.0,P1-operator,0.97036
100000,0.939617861289982,0.9473,0.9624189518951896,0.39009,2.0,0.36900237754222664,0,9473,10000,"(40, 140, 50)",0,7416749104417419891,0.5,P1-operator,0.97036
100000,1.1112,1.125,1.1162866286628663,0.63166,2.0,0.36900237754222664,0,11250,10000,"(40, 140, 50)",0,7416749104417419891,1.0,P1-operator,0.97036
100000,1.2922093113935897,1.2823,1.2815348634863486,0.86362,2.0,0.36900237754222664,0,12823,10000,"(40, 140, 50)",0,7416749104417419891,2.0,P1-operator,0.97036
100000,1.3799385425812116,1.3668,1.4007978397839784,0.99296,2.0,0.36900237754222664,0,13668,10000,"(40, 140, 50)",0,7416749104417419891,5.0,P1-operator,0.97036
100000,1.3649790579763392,1.3609,1.3649876887688768,0.99998,2.0,0.36900237754222664,0,13609,10000,"(40, 140, 50)",0,7416749104417419891,10.0,P1-operator,0.97036
100000,0.7117078100187672,0.6927,0.69273598359836,0.0,2.0,0.36900237754222664,0,6927,10000,"(40, 140, 50)",1,16039801524390196045,0.0,P1-operator,0.97012
100000,0.9653950385657702,0.9594,0.9514467846784679,0.39337,2.0,0.36900237754222664,0,9594,10000,"(40, 140, 50)",1,16039801524390196045,0.5,P1-operator,0.97012
100000,1.130276370745579,1.1253,1.127912701270127,0.6335,2.0,0.36900237754222664,0,11253,10000,"(40, 140, 50)",1,16039801524390196045,1.0,P1-operator,0.97012
100000,1.2751371821624546,1.2939,1.3044532353235325,0.86483,2.0,0.36900237754222664,0,12939,10000,"(40, 140, 50)",1,16039801524390196045,2.0,P1-operator,0.97012
100000,1.3642596644784828,1.371,1.3844974497449745,0.99357,2.0,0.36900237754222664,0,13710,10000,"(40, 140, 50)",1,16039801524390196045,5.0,P1-operator,0.97012
100000,1.3623008332115187,1.3682,1.3851672767276728,0.99991,2.0,0.36900237754222664,0,13682,10000,"(40, 140, 50)",1,16039801524390196045,10.0,P1-operator,0.97012
100000,0.6798957126303592,0.6904,0.6866165016501651,0.0,2.0,0.36900237754222664,0,6904,10000,"(40, 140, 50)",2,2253124719834525741,0.0,P1-operator,0.969
100000,0.965822524191888,0.9714,0.9606781078107811,0.39545,2.0,0.36900237754222664,0,9714,10000,"(40, 140, 50)",2,2253124719834525741,0.5,P1-operator,0.969
100000,1.1093554722371006,1.1202,1.1036623262326233,0.63347,2.0,0.36900237754222664,0,11202,10000,"(40, 140, 50)",2,2253124719834525741,1.0,P1-operator,0.969
100000,1.275843137254902,1.275,1.2877037703770378,0.86517,2.0,0.36900237754222664,0,12750,10000,"(40, 140, 50)",2,2253124719834525741,2.0,P1-operator,0.969
100000,1.3553694939934473,1.3735,1.3855363036303627,0.99347,2.0,0.36900237754222664,0,13735,10000,"(40, 140, 50)",2,2253124719834525741,5.0,P1-operator,0.969
100000,1.3596613912403386,1.3585,1.3469124412441245,0.99993,2.0,0.36900237754222664,0,13585,10000,"(40, 140, 50)",2,2253124719834525741,10.0,P1-operator,0.969
100000,0.680709854277882,0.6931,0.7053829282928291,0.0,2.0,0.36900237754222664,0,6931,10000,"(40, 140, 50)",3,18392531375034563046,0.0,P1-operator,0.97068
100000,0.9767075857727415,0.9531,0.9687972697269727,0.39248,2.0,0.36900237754222664,0,9531,10000,"(40, 140, 50)",3,18392531375034563046,0.5,P1-operator,0.97068
100000,1.1311950711243997,1.1037,1.074253735373537,0.63173,2.0,0.36900237754222664,0,11037,10000,"(40, 140, 50)",3,18392531375034563046,1.0,P1-operator,0.97068
100000,1.2654707817640607,1.2766,1.2978222222222222,0.86623,2.0,0.36900237754222664,0,12766,10000,"(40, 140, 50)",3,18392531375034563046,2.0,P1-operator,0.97068
100000,1.3679037699867977,1.3634,1.3600764476447644,0.99353,2.0,0.36900237754222664,0,13634,10000,"(40, 140, 50)",3,18392531375034563046,5.0,P1-operator,0.97068
100000,1.3559259803201644,1.3618,1.3546362236223624,0.99997,2.0,0.36900237754222664,0,13618,10000,"(40, 140, 50)",3,18392531375034563046,10.0,P1-operator,0.97068
100000,0.6914862914862915,0.693,0.6974207420742073,0.0,2.0,0.36900237754222664,0,6930,10000,"(40, 140, 50)",4,5896255616151498182,0.0,P1-operator,0.97074
100000,0.9499691167387276,0.9714,0.9720792479247925,0.39357,2.0,0.36900237754222664,0,9714,10000,"(40, 140, 50)",4,5896255616151498182,0.5,P1-operator,0.97074
100000,1.1329403484075313,1.1366,1.131653605360536,0.63209,2.0,0.36900237754222664,0,11366,10000,"(40, 140, 50)",4,5896255616151498182,1.0,P1-operator,0.97074
100000,1.271874507330916,1.2686,1.250579097909791,0.86487,2.0,0.36900237754222664,0,12686,10000,"(40, 140, 50)",4,5896255616151498182,2.0,P1-operator,0.97074
100000,1.3523061104582843,1.3616,1.3403794779477947,0.99341,2.0,0.36900237754222664,0,13616,10000,"(40, 140, 50)",4,5896255616151498182,5.0,P1-operator,0.97074
100000,1.3537420026781728,1.3442,1.3164580058005801,0.99999,2.0,0.36900237754222664,0,13442,10000,"(40, 140, 50)",4,5896255616151498182,10.0,P1-operator,0.97074
100000,0.6956460076584882,0.7051,0.716005590559056,0.0,2.0,0.36900237754222664,0,7051,10000,"(40, 140, 50)",5,16974259089188303808,0.0,P1-operator,0.97056
100000,0.9444973041547733,0.9459,0.9674699369936994,0.3939,2.0,0.36900237754222664,0,9459,10000,"(40, 140, 50)",5,16974259089188303808,0.5,P1-operator,0.97056
100000,1.1086517347386913,1.1385,1.1420319531953196,0.63315,2.0,0.36900237754222664,0,11385,10000,"(40, 140, 50)",5,16974259089188303808,1.0,P1-operator,0.97056
100000,1.3028449066992964,1.3076,1.294511691169117,0.86709,2.0,0.36900237754222664,0,13076,10000,"(40, 140, 50)",5,16974259089188303808,2.0,P1-operator,0.97056
100000,1.3648175182481752,1.37,1.3722372237223723,0.99377,2.0,0.36900237754222664,0,13700,10000,"(40, 140, 50)",5,16974259089188303808,5.0,P1-operator,0.97056
100000,1.37,1.36,1.367936793679368,0.99997,2.0,0.36900237754222664,0,13600,10000,"(40, 140, 50)",5,16974259089188303808,10.0,P1-operator,0.97056
100000,0.6920124021851469,0.6773,0.6750322132213222,0.0,2.0,0.36900237754222664,0,6773,10000,"(40, 140, 50)",6,14840825724401460019,0.0,P1-operator,0.97032
100000,0.9555373424854011,0.9761,0.9778265726572658,0.39411,2.0,0.36900237754222664,0,9761,10000,"(40, 140, 50)",6,14840825724401460019,0.5,P1-operator,0.97032
100000,1.1370816599732263,1.1205,1.1010898589858988,0.63149,2.0,0.36900237754222664,0,11205,10000,"(40, 140, 50)",6,14840825724401460019,1.0,P1-operator,0.97032
100000,1.2627497062279671,1.2765,1.3051782678267825,0.86493,2.0,0.36900237754222664,0,12765,10000,"(40, 140, 50)",6,14840825724401460019,2.0,P1-operator,0.97032
100000,1.3661121742970705,1.3586,1.3241384538453846,0.99301,2.0,0.36900237754222664,0,13586,10000,"(40, 140, 50)",6,14840825724401460019,5.0,P1-operator,0.97032
100000,1.3624678663239074,1.3615,1.3187496249624961,0.99996,2.0,0.36900237754222664,0,13615,10000,"(40, 140, 50)",6,14840825724401460019,10.0,P1-operator,0.97032
100000,0.6919770773638968,0.698,0.7012661266126613,0.0,2.0,0.36900237754222664,0,6980,10000,"(40, 140, 50)",7,9304823166092396068,0.0,P1-operator,0.96914
100000,0.9551459620711699,0.9386,0.9245224922492248,0.3908,2.0,0.36900237754222664,0,9386,10000,"(40, 140, 50)",7,9304823166092396068,0.5,P1-operator,0.96914
100000,1.0975609756097562,1.1275,1.1307568256825682,0.62978,2.0,0.36900237754222664,0,11275,10000,"(40, 140, 50)",7,9304823166092396068,1.0,P1-operator,0.96914
100000,1.2662337662337662,1.2628,1.2738635463546355,0.86333,2.0,0.36900237754222664,0,12628,10000,"(40, 140, 50)",7,9304823166092396068,2.0,P1-operator,0.96914
100000,1.360390802908984,1.3613,1.3374960596059606,0.99292,2.0,0.36900237754222664,0,13613,10000,"(40, 140, 50)",7,9304823166092396068,5.0,P1-operator,0.96914
100000,1.359929208760416,1.3561,1.3644292329232923,0.99993,2.0,0.36900237754222664,0,13561,10000,"(40, 140, 50)",7,9304823166092396068,10.0,P1-operator,0.96914
100000,0.6786232936392681,0.6886,0.7005000900090009,0.0,2.0,0.36900237754222664,0,6886,10000,"(40, 140, 50)",8,17180509660435808941,0.0,P1-operator,0.96878
100000,0.9594538253074838,0.9594,0.9616478047804781,0.39279,2.0,0.36900237754222664,0,9594,10000,"(40, 140, 50)",8,17180509660435808941,0.5,P1-operator,0.96878
100000,1.1253918495297806,1.1165,1.1228400340034002,0.63282,2.0,0.36900237754222664,0,11165,10000,"(40, 140, 50)",8,17180509660435808941,1.0,P1-operator,0.96878
100000,1.2730330048490537,1.2786,1.3113131713171315,0.86581,2.0,0.36900237754222664,0,12786,10000,"(40, 140, 50)",8,17180509660435808941,2.0,P1-operator,0.96878
100000,1.3683201886931524,1.3567,1.3512002300230024,0.99293,2.0,0.36900237754222664,0,13567,10000,"(40, 140, 50)",8,17180509660435808941,5.0,P1-operator,0.96878
100000,1.371932349766103,1.3895,1.3929290429042906,0.99999,2.0,0.36900237754222664,0,13895,10000,"(40, 140, 50)",8,17180509660435808941,10.0,P1-operator,0.96878
100000,0.6792784865816102,0.6819,0.682980688068807,0.0,2.0,0.36900237754222664,0,6819,10000,"(40, 140, 50)",9,7474546433234078126,0.0,P1-operator,0.97158
100000,0.9563944368921886,0.9563,0.9438846984698469,0.39201,2.0,0.36900237754222664,0,9563,10000,"(40, 140, 50)",9,7474546433234078126,0.5,P1-operator,0.97158
100000,1.1113962130596355,1.1302,1.1443623962396239,0.63107,2.0,0.36900237754222664,0,11302,10000,"(40, 140, 50)",9,7474546433234078126,1.0,P1-operator,0.97158
100000,1.260276134122288,1.2675,1.2608698369836984,0.86285,2.0,0.36900237754222664,0,12675,10000,"(40, 140, 50)",9,7474546433234078126,2.0,P1-operator,0.97158
100000,1.3602666471320783,1.3651,1.3563376237623763,0.99348,2.0,0.36900237754222664,0,13651,10000,"(40, 140, 50)",9,7474546433234078126,5.0,P1-operator,0.97158
100000,1.3576491435321913,1.3544,1.3323338733873387,0.99995,2.0,0.36900237754222664,0,13544,10000,"(40, 140, 50)",9,7474546433234078126,10.0,P1-operator,0.97158
100000,0.6959965437788018,0.6944,0.7082794679467946,0.0,2.0,0.36900237754222664,0,6944,10000,"(40, 140, 50)",10,16494390183735558475,0.0,P1-operator,0.97134
100000,0.959025817915752,0.9567,0.9647215821582158,0.39377,2.0,0.36900237754222664,0,9567,10000,"(40, 140, 50)",10,16494390183735558475,0.5,P1-operator,0.97134
100000,1.1259193619849357,1.1285,1.1331010601060107,0.63332,2.0,0.36900237754222664,0,11285,10000,"(40, 140, 50)",10,16494390183735558475,1.0,P1-operator,0.97134
100000,1.2820009423590388,1.2734,1.2705794979497949,0.86503,2.0,0.36900237754222664,0,12734,10000,"(40, 140, 50)",10,16494390183735558475,2.0,P1-operator,0.97134
100000,1.363309088237455,1.3611,1.3676435543554353,0.99315,2.0,0.36900237754222664,0,13611,10000,"(40, 140, 50)",10,16494390183735558475,5.0,P1-operator,0.97134
100000,1.3505540471123505,1.3627,1.3350822182218223,0.99994,2.0,0.36900237754222664,0,13627,10000,"(40, 140, 50)",10,16494390183735558475,10.0,P1-operator,0.97134
100000,0.6925963342473661,0.6929,0.6896585558555856,0.0,2.0,0.36900237754222664,0,6929,10000,"(40, 140, 50)",11,10042003255820228007,0.0,P1-operator,0.96984
100000,0.9477588548740988,0.9571,0.9485544454445445,0.39612,2.0,0.36900237754222664,0,9571,10000,"(40, 140, 50)",11,10042003255820228007,0.5,P1-operator,0.96984
100000,1.1075729194541075,1.1211,1.127147504750475,0.63328,2.0,0.36900237754222664,0,11211,10000,"(40, 140, 50)",11,10042003255820228007,1.0,P1-operator,0.96984
100000,1.2749585668060928,1.2671,1.2592835183518352,0.86387,2.0,0.36900237754222664,0,12671,10000,"(40, 140, 50)",11,10042003255820228007,2.0,P1-operator,0.96984
100000,1.3581815511163338,1.3616,1.342779717971797,0.99316,2.0,0.36900237754222664,0,13616,10000,"(40, 140, 50)",11,10042003255820228007,5.0,P1-operator,0.96984
100000,1.375127718581229,1.3702,1.3372856885688569,0.99995,2.0,0.36900237754222664,0,13702,10000,"(40, 140, 50)",11,10042003255820228007,10.0,P1-operator,0.96984
100000,0.6777936962750717,0.698,0.7050665066506651,0.0,2.0,0.36900237754222664,0,6980,10000,"(40, 140, 50)",12,8493763158738836868,0.0,P1-operator,0.96922
100000,0.9752470098803953,0.9615,0.9569134413441344,0.39184,2.0,0.36900237754222664,0,9615,10000,"(40, 140, 50)",12,8493763158738836868,0.5,P1-operator,0.96922
100000,1.1016782717371898,1.1202,1.1040623662366236,0.63043,2.0,0.36900237754222664,0,11202,10000,"(40, 140, 50)",12,8493763158738836868,1.0,P1-operator,0.96922
100000,1.2793795048574115,1.2764,1.2483278727872786,0.86374,2.0,0.36900237754222664,0,12764,10000,"(40, 140, 50)",12,8493763158738836868,2.0,P1-operator,0.96922
100000,1.3664519863955424,1.3819,1.3993923292329236,0.99344,2.0,0.36900237754222664,0,13819,10000,"(40, 140, 50)",12,8493763158738836868,5.0,P1-operator,0.96922
100000,1.354134395515232,1.3557,1.347112221222122,0.99996,2.0,0.36900237754222664,0,13557,10000,"(40, 140, 50)",12,8493763158738836868,10.0,P1-operator,0.96922
100000,0.6839988509049124,0.6962,0.7123767976797679,0.0,2.0,0.36900237754222664,0,6962,10000,"(40, 140, 50)",13,17977102750740450857,0.0,P1-operator,0.96814
100000,0.9570950188363332,0.9556,0.936722312231223,0.39335,2.0,0.36900237754222664,0,9556,10000,"(40, 140, 50)",13,17977102750740450857,0.5,P1-operator,0.96814
100000,1.1248659277797641,1.1188,1.1478013401340132,0.63159,2.0,0.36900237754222664,0,11188,10000,"(40, 140, 50)",13,17977102750740450857,1.0,P1-operator,0.96814
100000,1.2734094106612475,1.2794,1.2356592059205922,0.86455,2.0,0.36900237754222664,0,12794,10000,"(40, 140, 50)",13,17977102750740450857,2.0,P1-operator,0.96814
100000,1.3596033402922756,1.3412,1.3505176117611761,0.99314,2.0,0.36900237754222664,0,13412,10000,"(40, 140, 50)",13,17977102750740450857,5.0,P1-operator,0.96814
100000,1.3643461288223813,1.3833,1.372118321832183,0.99993,2.0,0.36900237754222664,0,13833,10000,"(40, 140, 50)",13,17977102750740450857,10.0,P1-operator,0.96814
100000,0.6967436522737054,0.6971,0.6988214721472148,0.0,2.0,0.36900237754222664,0,6971,10000,"(40, 140, 50)",14,14685953348856697655,0.0,P1-operator,0.96968
100000,0.956644971656519,0.9526,0.9480480448044805,0.39423,2.0,0.36900237754222664,0,9526,10000,"(40, 140, 50)",14,14685953348856697655,0.5,P1-operator,0.96968
100000,1.116264409221902,1.1104,1.1181236523652367,0.63205,2.0,0.36900237754222664,0,11104,10000,"(40, 140, 50)",14,14685953348856697655,1.0,P1-operator,0.96968
100000,1.2667495725167106,1.2866,1.2837888188818882,0.86453,2.0,0.36900237754222664,0,12866,10000,"(40, 140, 50)",14,14685953348856697655,2.0,P1-operator,0.96968
100000,1.3612383626422344,1.3534,1.3646449044904492,0.99326,2.0,0.36900237754222664,0,13534,10000,"(40, 140, 50)",14,14685953348856697655,5.0,P1-operator,0.96968
100000,1.373086876155268,1.3525,1.3399777477747774,0.99997,2.0,0.36900237754222664,0,13525,10000,"(40, 140, 50)",14,14685953348856697655,10.0,P1-operator,0.96968
100000,0.6967342828370019,0.6951,0.6864046304630463,0.0,2.0,0.36900237754222664,0,6951,10000,"(40, 140, 50)",15,9591253041824893477,0.0,P1-operator,0.97038
100000,0.9601023017902813,0.9775,0.9682905790579058,0.39156,2.0,0.36900237754222664,0,9775,10000,"(40, 140, 50)",15,9591253041824893477,0.5,P1-operator,0.97038
100000,1.1177251017159031,1.1306,1.1230559455945592,0.62982,2.0,0.36900237754222664,0,11306,10000,"(40, 140, 50)",15,9591253041824893477,1.0,P1-operator,0.97038
100000,1.270278784060482,1.2698,1.2727352335233522,0.86415,2.0,0.36900237754222664,0,12698,10000,"(40, 140, 50)",15,9591253041824893477,2.0,P1-operator,0.97038
100000,1.3515809692671394,1.3536,1.3759046304630462,0.99323,2.0,0.36900237754222664,0,13536,10000,"(40, 140, 50)",15,9591253041824893477,5.0,P1-operator,0.97038
100000,1.357634818288394,1.3648,1.3396549254925494,0.99996,2.0,0.36900237754222664,0,13648,10000,"(40, 140, 50)",15,9591253041824893477,10.0,P1-operator,0.97038
100000,0.7038097966198796,0.6982,0.7047872387238724,0.0,2.0,0.36900237754222664,0,6982,10000,"(40, 140, 50)",16,12022546827927584138,0.0,P1-operator,0.97062
100000,0.9634953464322648,0.967,0.9326042604260425,0.39256,2.0,0.36900237754222664,0,9670,10000,"(40, 140, 50)",16,12022546827927584138,0.5,P1-operator,0.97062
100000,1.138721567922323,1.1123,1.1071994299429944,0.63206,2.0,0.36900237754222664,0,11123,10000,"(40, 140, 50)",16,12022546827927584138,1.0,P1-operator,0.97062
100000,1.2625333961967626,1.2726,1.281417381738174,0.86312,2.0,0.36900237754222664,0,12726,10000,"(40, 140, 50)",16,12022546827927584138,2.0,P1-operator,0.97062
100000,1.3670162059103907,1.3637,1.3507573857385737,0.9932,2.0,0.36900237754222664,0,13637,10000,"(40, 140, 50)",16,12022546827927584138,5.0,P1-operator,0.97062
100000,1.3687486270776892,1.3657,1.3765011601160115,0.99995,2.0,0.36900237754222664,0,13657,10000,"(40, 140, 50)",16,12022546827927584138,10.0,P1-operator,0.97062
100000,0.6948389818590915,0.7111,0.7063074207420741,0.0,2.0,0.36900237754222664,0,7111,10000,"(40, 140, 50)",17,15912686319878096895,0.0,P1-operator,0.97136
100000,0.9391304347826087,0.966,0.98014201420142,0.39162,2.0,0.36900237754222664,0,9660,10000,"(40, 140, 50)",17,15912686319878096895,0.5,P1-operator,0.97136
100000,1.1164995936060689,1.1073,1.1050972197219722,0.63,2.0,0.36900237754222664,0,11073,10000,"(40, 140, 50)",17,15912686319878096895,1.0,P1-operator,0.97136
100000,1.2758458646616542,1.2768,1.308312591259126,0.86485,2.0,0.36900237754222664,0,12768,10000,"(40, 140, 50)",17,15912686319878096895,2.0,P1-operator,0.97136
100000,1.356477805846265,1.3855,1.3806278127812783,0.9936,2.0,0.36900237754222664,0,13855,10000,"(40, 140, 50)",17,15912686319878096895,5.0,P1-operator,0.97136
100000,1.3782198797416674,1.3471,1.3583574257425741,0.99997,2.0,0.36900237754222664,0,13471,10000,"(40, 140, 50)",17,15912686319878096895,10.0,P1-operator,0.97136
100000,0.6857435597189696,0.6832,0.7013078907890788,0.0,2.0,0.36900237754222664,0,6832,10000,"(40, 140, 50)",18,1759901453008873544,0.0,P1-operator,0.96936
100000,0.9635682314978662,0.9607,0.9442499349934993,0.39498,2.0,0.36900237754222664,0,9607,10000,"(40, 140, 50)",18,1759901453008873544,0.5,P1-operator,0.96936
100000,1.1014414898379443,1.1169,1.1119455845584558,0.63228,2.0,0.36900237754222664,0,11169,10000,"(40, 140, 50)",18,1759901453008873544,1.0,P1-operator,0.96936
100000,1.2755695208169677,1.273,1.2485958595859588,0.86409,2.0,0.36900237754222664,0,12730,10000,"(40, 140, 50)",18,1759901453008873544,2.0,P1-operator,0.96936
100000,1.3668389955686853,1.354,1.3852225222522252,0.99365,2.0,0.36900237754222664,0,13540,10000,"(40, 140, 50)",18,1759901453008873544,5.0,P1-operator,0.96936
100000,1.3719364986465725,1.3669,1.3524196319631963,0.99994,2.0,0.36900237754222664,0,13669,10000,"(40, 140, 50)",18,1759901453008873544,10.0,P1-operator,0.96936
100000,0.6891716061876536,0.6917,0.6873198419841984,0.0,2.0,0.36900237754222664,0,6917,10000,"(40, 140, 50)",19,7447367782518287347,0.0,P1-operator,0.97084
100000,0.9498564397046759,0.9752,0.9552804880488046,0.39383,2.0,0.36900237754222664,0,9752,10000,"(40, 140, 50)",19,7447367782518287347,0.5,P1-operator,0.97084
100000,1.1111210923463888,1.1132,1.1072964896489648,0.63011,2.0,0.36900237754222664,0,11132,10000,"(40, 140, 50)",19,7447367782518287347,1.0,P1-operator,0.97084
100000,1.261750721022683,1.2829,1.2921968096809684,0.86117,2.0,0.36900237754222664,0,12829,10000,"(40, 140, 50)",19,7447367782518287347,2.0,P1-operator,0.97084
100000,1.3736707004033737,1.3635,1.375705320532053,0.9936,2.0,0.36900237754222664,0,13635,10000,"(40, 140, 50)",19,7447367782518287347,5.0,P1-operator,0.97084
100000,1.3601365584368417,1.3767,1.3725343634363438,0.99994,2.0,0.36900237754222664,0,13767,10000,"(40, 140, 50)",19,7447367782518287347,10.0,P1-operator,0.97084
100000,0.6841060541613497,0.7053,0.7093228422842284,0.0,2.0,0.36900237754222664,0,7053,10000,"(40, 140, 50)",20,16469399097709282395,0.0,P1-operator,0.97038
100000,0.9743563014698218,0.9593,0.9511386238623863,0.39415,2.0,0.36900237754222664,0,9593,10000,"(40, 140, 50)",20,16469399097709282395,0.5,P1-operator,0.97038
100000,1.1259970993473531,1.1032,1.1190616661666166,0.63214,2.0,0.36900237754222664,0,11032,10000,"(40, 140, 50)",20,16469399097709282395,1.0,P1-operator,0.97038
100000,1.3013848681636804,1.2781,1.2328836783678365,0.86429,2.0,0.36900237754222664,0,12781,10000,"(40, 140, 50)",20,16469399097709282395,2.0,P1-operator,0.97038
100000,1.345821325648415,1.3533,1.389818091809181,0.99344,2.0,0.36900237754222664,0,13533,10000,"(40, 140, 50)",20,16469399097709282395,5.0,P1-operator,0.97038
100000,1.3636562750967365,1.3697,1.367958705870587,0.99996,2.0,0.36900237754222664,0,13697,10000,"(40, 140, 50)",20,16469399097709282395,10.0,P1-operator,0.97038
100000,0.7036293214746808,0.6971,0.702021792179218,0.0,2.0,0.36900237754222664,0,6971,10000,"(40, 140, 50)",21,1255989857453522527,0.0,P1-operator,0.97096
100000,0.9465469754156891,0.9803,0.9806099709970999,0.39363,2.0,0.36900237754222664,0,9803,10000,"(40, 140, 50)",21,1255989857453522527,0.5,P1-operator,0.97096
100000,1.1175223115666697,1.1317,1.104865596559656,0.63313,2.0,0.36900237754222664,0,11317,10000,"(40, 140, 50)",21,1255989857453522527,1.0,P1-operator,0.97096
100000,1.2857704402515724,1.272,1.2427402740274027,0.86515,2.0,0.36900237754222664,0,12720,10000,"(40, 140, 50)",21,1255989857453522527,2.0,P1-operator,0.97096
100000,1.3535772478151384,1.3502,1.3460945694569457,0.99335,2.0,0.36900237754222664,0,13502,10000,"(40, 140, 50)",21,1255989857453522527,5.0,P1-operator,0.97096
100000,1.3710878207444885,1.3835,1.3961673667366736,0.99995,2.0,0.36900237754222664,0,13835,10000,"(40, 140, 50)",21,1255989857453522527,10.0,P1-operator,0.97096
100000,0.6919813322019517,0.7071,0.7119807880788078,0.0,2.0,0.36900237754222664,0,7071,10000,"(40, 140, 50)",22,7157443356162340115,0.0,P1-operator,0.97054
100000,0.9468666309587573,0.9335,0.9261703670367036,0.39403,2.0,0.36900237754222664,0,9335,10000,"(40, 140, 50)",22,7157443356162340115,0.5,P1-operator,0.97054
100000,1.1147600802773217,1.0962,1.1216577257725773,0.63409,2.0,0.36900237754222664,0,10962,10000,"(40, 140, 50)",22,7157443356162340115,1.0,P1-operator,0.97054
100000,1.2849976110845676,1.2558,1.2690932693269328,0.86391,2.0,0.36900237754222664,0,12558,10000,"(40, 140, 50)",22,7157443356162340115,2.0,P1-operator,0.97054
100000,1.3475436163223593,1.3699,1.3864126312631264,0.99285,2.0,0.36900237754222664,0,13699,10000,"(40, 140, 50)",22,7157443356162340115,5.0,P1-operator,0.97054
100000,1.3553887633899293,1.3723,1.3634290529052906,0.99995,2.0,0.36900237754222664,0,13723,10000,"(40, 140, 50)",22,7157443356162340115,10.0,P1-operator,0.97054
100000,0.6947136563876652,0.681,0.676106610661066,0.0,2.0,0.36900237754222664,0,6810,10000,"(40, 140, 50)",23,13871129564637106895,0.0,P1-operator,0.96868
100000,0.977284460505937,0.9685,0.9484025902590258,0.39529,2.0,0.36900237754222664,0,9685,10000,"(40, 140, 50)",23,13871129564637106895,0.5,P1-operator,0.96868
100000,1.1232987106017192,1.1168,1.0926670267026704,0.63355,2.0,0.36900237754222664,0,11168,10000,"(40, 140, 50)",23,13871129564637106895,1.0,P1-operator,0.96868
100000,1.2703957202423097,1.2711,1.231127902790279,0.86659,2.0,0.36900237754222664,0,12711,10000,"(40, 140, 50)",23,13871129564637106895,2.0,P1-operator,0.96868
100000,1.3748626675455944,1.3653,1.4043963496349634,0.99302,2.0,0.36900237754222664,0,13653,10000,"(40, 140, 50)",23,13871129564637106895,5.0,P1-operator,0.96868
100000,1.36367618074312,1.3699,1.351009090909091,0.99994,2.0,0.36900237754222664,0,13699,10000,"(40, 140, 50)",23,13871129564637106895,10.0,P1-operator,0.96868
100000,0.6721478463329453,0.6872,0.6810242624262426,0.0,2.0,0.303884310917128,0,6872,10000,"(50, 40, 140)",0,15959091250479736423,0.0,P1-operator,-0.00246
100000,0.6774620933313705,0.6793,0.6765191619161917,0.39274,2.0,0.303884310917128,0,6793,10000,"(50, 40, 140)",0,15959091250479736423,0.5,P1-operator,-0.00246
100000,0.6790872328134027,0.6924,0.6858508250825083,0.63177,2.0,0.303884310917128,0,6924,10000,"(50, 40, 140)",0,15959091250479736423,1.0,P1-operator,-0.00246
100000,0.6717669560100045,0.6797,0.6695748674867487,0.86411,2.0,0.303884310917128,0,6797,10000,"(50, 40, 140)",0,15959091250479736423,2.0,P1-operator,-0.00246
100000,0.6949557397779963,0.7117,0.7096540754075409,0.99314,2.0,0.303884310917128,0,7117,10000,"(50, 40, 140)",0,15959091250479736423,5.0,P1-operator,-0.00246
100000,0.6991623339110341,0.6924,0.6986521052105211,0.99997,2.0,0.303884310917128,0,6924,10000,"(50, 40, 140)",0,15959091250479736423,10.0,P1-operator,-0.00246
100000,0.7002717002717003,0.6993,0.7023497449744974,0.0,2.0,0.303884310917128,0,6993,10000,"(50, 40, 140)",1,11067642402652664084,0.0,P1-operator,0.00452
100000,0.6848381601362862,0.7044,0.7008907290729072,0.39337,2.0,0.303884310917128,0,7044,10000,"(50, 40, 140)",1,11067642402652664084,0.5,P1-operator,0.00452
100000,0.69290078556881,0.6874,0.6709483348334833,0.63251,2.0,0.303884310917128,0,6874,10000,"(50, 40, 140)",1,11067642402652664084,1.0,P1-operator,0.00452
100000,0.6847304954235072,0.6883,0.6862117311731175,0.86501,2.0,0.303884310917128,0,6883,10000,"(50, 40, 140)",1,11067642402652664084,2.0,P1-operator,0.00452
100000,0.6833021717244355,0.6953,0.7003279427942795,0.99356,2.0,0.303884310917128,0,6953,10000,"(50, 40, 140)",1,11067642402652664084,5.0,P1-operator,0.00452
100000,0.700784034212402,0.7015,0.7016679167916792,1.0,2.0,0.303884310917128,0,7015,10000,"(50, 40, 140)",1,11067642402652664084,10.0,P1-operator,0.00452
100000,0.6766038287300892,0.6843,0.6875022602260227,0.0,2.0,0.303884310917128,0,6843,10000,"(50, 40, 140)",2,2051154445949940695,0.0,P1-operator,-0.0026
100000,0.6900903484870213,0.6973,0.7097436843684368,0.39123,2.0,0.303884310917128,0,6973,10000,"(50, 40, 140)",2,2051154445949940695,0.5,P1-operator,-0.0026
100000,0.6756484149855908,0.694,0.7072347234723473,0.63168,2.0,0.303884310917128,0,6940,10000,"(50, 40, 140)",2,2051154445949940695,1.0,P1-operator,-0.0026
100000,0.6780127462340672,0.6904,0.6978176217621762,0.8642,2.0,0.303884310917128,0,6904,10000,"(50, 40, 140)",2,2051154445949940695,2.0,P1-operator,-0.0026
100000,0.6838682313021349,0.7073,0.6926959795979599,0.99313,2.0,0.303884310917128,0,7073,10000,"(50, 40, 140)",2,2051154445949940695,5.0,P1-operator,-0.0026
100000,0.6973344797936372,0.6978,0.7039455545554556,0.99992,2.0,0.303884310917128,0,6978,10000,"(50, 40, 140)",2,2051154445949940695,10.0,P1-operator,-0.0026
100000,0.6926912665621884,0.7019,0.6949058805880588,0.0,2.0,0.303884310917128,0,7019,10000,"(50, 40, 140)",3,14719357058803511088,0.0,P1-operator,-0.0026
100000,0.7160458037396724,0.6899,0.6824062306230623,0.39052,2.0,0.303884310917128,0,6899,10000,"(50, 40, 140)",3,14719357058803511088,0.5,P1-operator,-0.0026
100000,0.6690386291025269,0.6886,0.6944994899489949,0.63178,2.0,0.303884310917128,0,6886,10000,"(50, 40, 140)",3,14719357058803511088,1.0,P1-operator,-0.0026
100000,0.6940133037694013,0.6765,0.6763153815381538,0.86441,2.0,0.303884310917128,0,6765,10000,"(50, 40, 140)",3,14719357058803511088,2.0,P1-operator,-0.0026
100000,0.6819360414866033,0.6942,0.7091572757275728,0.99325,2.0,0.303884310917128,0,6942,10000,"(50, 40, 140)",3,14719357058803511088,5.0,P1-operator,-0.0026
100000,0.6903479400203815,0.6869,0.6737357635763576,0.99994,2.0,0.303884310917128,0,6869,10000,"(50, 40, 140)",3,14719357058803511088,10.0,P1-operator,-0.0026
100000,0.6852116704805492,0.6992,0.6949888588858886,0.0,2.0,0.303884310917128,0,6992,10000,"(50, 40, 140)",4,4874349286400265095,0.0,P1-operator,-0.00292
100000,0.6852578068264342,0.6885,0.6865364036403641,0.39277,2.0,0.303884310917128,0,6885,10000,"(50, 40, 140)",4,4874349286400265095,0.5,P1-operator,-0.00292
100000,0.67954055994257,0.6965,0.6958573357335734,0.63204,2.0,0.303884310917128,0,6965,10000,"(50, 40, 140)",4,4874349286400265095,1.0,P1-operator,-0.00292
100000,0.6885222983363624,0.7153,0.70071598159816,0.86518,2.0,0.303884310917128,0,7153,10000,"(50, 40, 140)",4,4874349286400265095,2.0,P1-operator,-0.00292
100000,0.6944484707928685,0.6899,0.7092089108910891,0.99325,2.0,0.303884310917128,0,6899,10000,"(50, 40, 140)",4,4874349286400265095,5.0,P1-operator,-0.00292
100000,0.70621954714818,0.6978,0.7041455745574559,0.99997,2.0,0.303884310917128,0,6978,10000,"(50, 40, 140)",4,4874349286400265095,10.0,P1-operator,-0.00292
100000,0.700145137880987,0.689,0.6959485948594859,0.0,2.0,0.303884310917128,0,6890,10000,"(50, 40, 140)",5,1738907544149622897,0.0,P1-operator,0.00256
100000,0.6922282849137296,0.6781,0.6853489248924892,0.39455,2.0,0.303884310917128,0,6781,10000,"(50, 40, 140)",5,1738907544149622897,0.5,P1-operator,0.00256
100000,0.6953939745075318,0.6904,0.6808159215921594,0.63409,2.0,0.303884310917128,0,6904,10000,"(50, 40, 140)",5,1738907544149622897,1.0,P1-operator,0.00256
100000,0.6831258050665522,0.6987,0.7039887088708872,0.86599,2.0,0.303884310917128,0,6987,10000,"(50, 40, 140)",5,1738907544149622897,2.0,P1-operator,0.00256
100000,0.6985967926689576,0.6984,0.688506290629063,0.993,2.0,0.303884310917128,0,6984,10000,"(50, 40, 140)",5,1738907544149622897,5.0,P1-operator,0.00256
100000,0.6892785283127335,0.6958,0.6825306130613061,0.99994,2.0,0.303884310917128,0,6958,10000,"(50, 40, 140)",5,1738907544149622897,10.0,P1-operator,0.00256
100000,0.7104880883207437,0.6884,0.6833737773777376,0.0,2.0,0.303884310917128,0,6884,10000,"(50, 40, 140)",6,2288286233727827470,0.0,P1-operator,-0.0009
100000,0.676808851361188,0.6869,0.6829366836683668,0.39445,2.0,0.303884310917128,0,6869,10000,"(50, 40, 140)",6,2288286233727827470,0.5,P1-operator,-0.0009
100000,0.6998834498834499,0.6864,0.674522492249225,0.6337,2.0,0.303884310917128,0,6864,10000,"(50, 40, 140)",6,2288286233727827470,1.0,P1-operator,-0.0009
100000,0.6955193482688391,0.6874,0.7021514551455145,0.86517,2.0,0.303884310917128,0,6874,10000,"(50, 40, 140)",6,2288286233727827470,2.0,P1-operator,-0.0009
100000,0.7016776075857039,0.6855,0.68265801580158,0.99312,2.0,0.303884310917128,0,6855,10000,"(50, 40, 140)",6,2288286233727827470,5.0,P1-operator,-0.0009
100000,0.6882465713021678,0.6781,0.6807484648464847,0.99997,2.0,0.303884310917128,0,6781,10000,"(50, 40, 140)",6,2288286233727827470,10.0,P1-operator,-0.0009
100000,0.6850916438158464,0.6929,0.7004596359635964,0.0,2.0,0.303884310917128,0,6929,10000,"(50, 40, 140)",7,9050588213356655553,0.0,P1-operator,-0.0027
100000,0.6953467954345918,0.6834,0.6872331633163318,0.39303,2.0,0.303884310917128,0,6834,10000,"(50, 40, 140)",7,9050588213356655553,0.5,P1-operator,-0.0027
100000,0.6828282828282828,0.693,0.6932203220322033,0.63333,2.0,0.303884310917128,0,6930,10000,"(50, 40, 140)",7,9050588213356655553,1.0,P1-operator,-0.0027
100000,0.6836453344942679,0.6891,0.681909380938094,0.86433,2.0,0.303884310917128,0,6891,10000,"(50, 40, 140)",7,9050588213356655553,2.0,P1-operator,-0.0027
100000,0.6881487889273357,0.6936,0.6929883388338832,0.99292,2.0,0.303884310917128,0,6936,10000,"(50, 40, 140)",7,9050588213356655553,5.0,P1-operator,-0.0027
100000,0.7130447166049558,0.7022,0.7137865386538653,0.99994,2.0,0.303884310917128,0,7022,10000,"(50, 40, 140)",7,9050588213356655553,10.0,P1-operator,-0.0027
100000,0.6849811539576689,0.6898,0.6836443244324432,0.0,2.0,0.303884310917128,0,6898,10000,"(50, 40, 140)",8,4114206547575007001,0.0,P1-operator,-0.00186
100000,0.697841726618705,0.695,0.702045204520452,0.39108,2.0,0.303884310917128,0,6950,10000,"(50, 40, 140)",8,4114206547575007001,0.5,P1-operator,-0.00186
100000,0.6896200320279516,0.6869,0.6825366436643664,0.63063,2.0,0.303884310917128,0,6869,10000,"(50, 40, 140)",8,4114206547575007001,1.0,P1-operator,-0.00186
100000,0.6921840759678598,0.6845,0.6878285328532855,0.86429,2.0,0.303884310917128,0,6845,10000,"(50, 40, 140)",8,4114206547575007001,2.0,P1-operator,-0.00186
100000,0.7135964912280702,0.684,0.6766116611661167,0.99283,2.0,0.303884310917128,0,6840,10000,"(50, 40, 140)",8,4114206547575007001,5.0,P1-operator,-0.00186
100000,0.6924960391761487,0.6943,0.7055180618061806,0.99998,2.0,0.303884310917128,0,6943,10000,"(50, 40, 140)",8,4114206547575007001,10.0,P1-operator,-0.00186
100000,0.6897762176393155,0.6837,0.6901233223322332,0.0,2.0,0.303884310917128,0,6837,10000,"(50, 40, 140)",9,944900633458517912,0.0,P1-operator,0.00102
100000,0.6754423823910228,0.6951,0.7020061906190619,0.39409,2.0,0.303884310917128,0,6951,10000,"(50, 40, 140)",9,944900633458517912,0.5,P1-operator,0.00102
100000,0.6897446992643878,0.6933,0.684903600360036,0.63183,2.0,0.303884310917128,0,6933,10000,"(50, 40, 140)",9,944900633458517912,1.0,P1-operator,0.00102
100000,0.6800171037628279,0.7016,0.7024276827682768,0.86613,2.0,0.303884310917128,0,7016,10000,"(50, 40, 140)",9,944900633458517912,2.0,P1-operator,0.00102
100000,0.7021957248800349,0.6877,0.6842371337133714,0.99345,2.0,0.303884310917128,0,6877,10000,"(50, 40, 140)",9,944900633458517912,5.0,P1-operator,0.00102
100000,0.6876304438569639,0.7187,0.7350438143814381,0.99997,2.0,0.303884310917128,0,7187,10000,"(50, 40, 140)",9,944900633458517912,10.0,P1-operator,0.00102
100000,0.6842488707562291,0.6863,0.6807603860386039,0.0,2.0,0.303884310917128,0,6863,10000,"(50, 40, 140)",10,6571656883768216456,0.0,P1-operator,-0.0042
100000,0.6991940126655153,0.6948,0.6723201920192019,0.39394,2.0,0.303884310917128,0,6948,10000,"(50, 40, 140)",10,6571656883768216456,0.5,P1-operator,-0.0042
100000,0.6898879632289572,0.6962,0.6911746774677467,0.63138,2.0,0.303884310917128,0,6962,10000,"(50, 40, 140)",10,6571656883768216456,1.0,P1-operator,-0.0042
100000,0.6892950391644909,0.6894,0.6981974597459745,0.86495,2.0,0.303884310917128,0,6894,10000,"(50, 40, 140)",10,6571656883768216456,2.0,P1-operator,-0.0042
100000,0.6799416484318016,0.6855,0.6770574557455745,0.99353,2.0,0.303884310917128,0,6855,10000,"(50, 40, 140)",10,6571656883768216456,5.0,P1-operator,-0.0042
100000,0.6873905429071804,0.6852,0.6839693569356935,0.99993,2.0,0.303884310917128,0,6852,10000,"(50, 40, 140)",10,6571656883768216456,10.0,P1-operator,-0.0042
100000,0.6835406421752965,0.6914,0.6812341634163417,0.0,2.0,0.303884310917128,0,6914,10000,"(50, 40, 140)",11,2757302760635804005,0.0,P1-operator,0.00348
100000,0.6855826011810456,0.6943,0.698917401740174,0.39394,2.0,0.303884310917128,0,6943,10000,"(50, 40, 140)",11,2757302760635804005,0.5,P1-operator,0.00348
100000,0.7008162116521249,0.7106,0.7041180518051806,0.6326,2.0,0.303884310917128,0,7106,10000,"(50, 40, 140)",11,2757302760635804005,1.0,P1-operator,0.00348
100000,0.7107438016528925,0.6897,0.6924831583158314,0.86238,2.0,0.303884310917128,0,6897,10000,"(50, 40, 140)",11,2757302760635804005,2.0,P1-operator,0.00348
100000,0.7092167255594818,0.6792,0.6955569156915692,0.99311,2.0,0.303884310917128,0,6792,10000,"(50, 40, 140)",11,2757302760635804005,5.0,P1-operator,0.00348
100000,0.727481025347272,0.6983,0.7047475847584759,0.99994,2.0,0.303884310917128,0,6983,10000,"(50, 40, 140)",11,2757302760635804005,10.0,P1-operator,0.00348
100000,0.6825741142443963,0.6915,0.6927970297029703,0.0,2.0,0.303884310917128,0,6915,10000,"(50, 40, 140)",12,1493595073730785793,0.0,P1-operator,0.00324
100000,0.6776742873271239,0.7086,0.7179578357835782,0.39236,2.0,0.303884310917128,0,7086,10000,"(50, 40, 140)",12,1493595073730785793,0.5,P1-operator,0.00324
100000,0.700945287883128,0.6982,0.68238499849985,0.63046,2.0,0.303884310917128,0,6982,10000,"(50, 40, 140)",12,1493595073730785793,1.0,P1-operator,0.00324
100000,0.688715953307393,0.6939,0.6958723772377238,0.86311,2.0,0.303884310917128,0,6939,10000,"(50, 40, 140)",12,1493595073730785793,2.0,P1-operator,0.00324
100000,0.6989169675090253,0.6925,0.6930130513051305,0.99378,2.0,0.303884310917128,0,6925,10000,"(50, 40, 140)",12,1493595073730785793,5.0,P1-operator,0.00324
100000,0.6864695849914725,0.7036,0.6898160216021603,0.99995,2.0,0.303884310917128,0,7036,10000,"(50, 40, 140)",12,1493595073730785793,10.0,P1-operator,0.00324
100000,0.6862745098039216,0.6936,0.6941884588458844,0.0,2.0,0.303884310917128,0,6936,10000,"(50, 40, 140)",13,988576518172047751,0.0,P1-operator,-0.00504
100000,0.6705680844990008,0.7006,0.7114307830783078,0.39412,2.0,0.303884310917128,0,7006,10000,"(50, 40, 140)",13,988576518172047751,0.5,P1-operator,-0.00504
100000,0.6951530612244898,0.7056,0.6919978397839783,0.63203,2.0,0.303884310917128,0,7056,10000,"(50, 40, 140)",13,988576518172047751,1.0,P1-operator,-0.00504
100000,0.6940026265868963,0.6853,0.6749314031403141,0.86509,2.0,0.303884310917128,0,6853,10000,"(50, 40, 140)",13,988576518172047751,2.0,P1-operator,-0.00504
100000,0.691331622469347,0.7014,0.7033083708370838,0.99325,2.0,0.303884310917128,0,7014,10000,"(50, 40, 140)",13,988576518172047751,5.0,P1-operator,-0.00504
100000,0.6925064599483204,0.6966,0.6898174217421742,0.99995,2.0,0.303884310917128,0,6966,10000,"(50, 40, 140)",13,988576518172047751,10.0,P1-operator,-0.00504
100000,0.6849655980090763,0.6831,0.6825426442644265,0.0,2.0,0.303884310917128,0,6831,10000,"(50, 40, 140)",14,9168675767453067252,0.0,P1-operator,-0.00634
100000,0.6975335352661186,0.6933,0.722907400740074,0.39336,2.0,0.303884310917128,0,6933,10000,"(50, 40, 140)",14,9168675767453067252,0.5,P1-operator,-0.00634
100000,0.6674110465981837,0.6717,0.6691860286028603,0.63204,2.0,0.303884310917128,0,6717,10000,"(50, 40, 140)",14,9168675767453067252,1.0,P1-operator,-0.00634
100000,0.6900086630089518,0.6926,0.6991751575157514,0.86583,2.0,0.303884310917128,0,6926,10000,"(50, 40, 140)",14,9168675767453067252,2.0,P1-operator,-0.00634
100000,0.7032777458309373,0.6956,0.7100116411641165,0.99253,2.0,0.303884310917128,0,6956,10000,"(50, 40, 140)",14,9168675767453067252,5.0,P1-operator,-0.00634
100000,0.6895381437214106,0.6777,0.6770904190419041,0.99994,2.0,0.303884310917128,0,6777,10000,"(50, 40, 140)",14,9168675767453067252,10.0,P1-operator,-0.00634
100000,0.6680303915838691,0.6844,0.6780644464446444,0.0,2.0,0.303884310917128,0,6844,10000,"(50, 40, 140)",15,5017550888862846966,0.0,P1-operator,-0.00616
100000,0.6879165459287163,0.6902,0.6880927692769278,0.39183,2.0,0.303884310917128,0,6902,10000,"(50, 40, 140)",15,5017550888862846966,0.5,P1-operator,-0.00616
100000,0.6712962962962963,0.6912,0.6719097509750974,0.63301,2.0,0.303884310917128,0,6912,10000,"(50, 40, 140)",15,5017550888862846966,1.0,P1-operator,-0.00616
100000,0.6922412552180798,0.6947,0.687960706070607,0.86492,2.0,0.303884310917128,0,6947,10000,"(50, 40, 140)",15,5017550888862846966,2.0,P1-operator,-0.00616
100000,0.6964668859962809,0.6991,0.6908282728272828,0.99311,2.0,0.303884310917128,0,6991,10000,"(50, 40, 140)",15,5017550888862846966,5.0,P1-operator,-0.00616
100000,0.6957547169811321,0.6784,0.6762410641064107,0.99997,2.0,0.303884310917128,0,6784,10000,"(50, 40, 140)",15,5017550888862846966,10.0,P1-operator,-0.00616
100000,0.6839146728163736,0.6938,0.671308690869087,0.0,2.0,0.303884310917128,0,6938,10000,"(50, 40, 140)",16,2020614086477774570,0.0,P1-operator,-0.0045
100000,0.7052980132450332,0.6946,0.7066015001500151,0.38997,2.0,0.303884310917128,0,6946,10000,"(50, 40, 140)",16,2020614086477774570,0.5,P1-operator,-0.0045
100000,0.675789168838691,0.6906,0.6841400540054006,0.63083,2.0,0.303884310917128,0,6906,10000,"(50, 40, 140)",16,2020614086477774570,1.0,P1-operator,-0.0045
100000,0.6800638421358096,0.6892,0.7050738673867386,0.86227,2.0,0.303884310917128,0,6892,10000,"(50, 40, 140)",16,2020614086477774570,2.0,P1-operator,-0.0045
100000,0.6942355889724311,0.6783,0.6856776777677767,0.99305,2.0,0.303884310917128,0,6783,10000,"(50, 40, 140)",16,2020614086477774570,5.0,P1-operator,-0.0045
100000,0.6926086956521739,0.69,0.6961696169616961,0.99996,2.0,0.303884310917128,0,6900,10000,"(50, 40, 140)",16,2020614086477774570,10.0,P1-operator,-0.0045
100000,0.691304347826087,0.69,0.6801680168016802,0.0,2.0,0.303884310917128,0,6900,10000,"(50, 40, 140)",17,16815319067729862269,0.0,P1-operator,0.00522
100000,0.6961145774248441,0.7052,0.7079637563756375,0.39469,2.0,0.303884310917128,0,7052,10000,"(50, 40, 140)",17,16815319067729862269,0.5,P1-operator,0.00522
100000,0.7027452101801545,0.6994,0.7013097709770977,0.63332,2.0,0.303884310917128,0,6994,10000,"(50, 40, 140)",17,16815319067729862269,1.0,P1-operator,0.00522
100000,0.6952979848506503,0.6997,0.6949894089408941,0.86543,2.0,0.303884310917128,0,6997,10000,"(50, 40, 140)",17,16815319067729862269,2.0,P1-operator,0.00522
100000,0.6946965399886557,0.7052,0.6939623562356235,0.99369,2.0,0.303884310917128,0,7052,10000,"(50, 40, 140)",17,16815319067729862269,5.0,P1-operator,0.00522
100000,0.70758581720582,0.7079,0.7002476147614761,0.99998,2.0,0.303884310917128,0,7079,10000,"(50, 40, 140)",17,16815319067729862269,10.0,P1-operator,0.00522
100000,0.6568097810634063,0.7034,0.7070991499149915,0.0,2.0,0.303884310917128,0,7034,10000,"(50, 40, 140)",18,10240616435214777997,0.0,P1-operator,-0.00256
100000,0.6712208021154694,0.6807,0.6846159715971598,0.3946,2.0,0.303884310917128,0,6807,10000,"(50, 40, 140)",18,10240616435214777997,0.5,P1-operator,-0.00256
100000,0.686462507155123,0.6988,0.7019487548754877,0.62994,2.0,0.303884310917128,0,6988,10000,"(50, 40, 140)",18,10240616435214777997,1.0,P1-operator,-0.00256
100000,0.6874910854371702,0.7011,0.6946282528252826,0.8642,2.0,0.303884310917128,0,7011,10000,"(50, 40, 140)",18,10240616435214777997,2.0,P1-operator,-0.00256
100000,0.6873118279569892,0.6975,0.68246199619962,0.99358,2.0,0.303884310917128,0,6975,10000,"(50, 40, 140)",18,10240616435214777997,5.0,P1-operator,-0.00256
100000,0.6895565092989986,0.699,0.6900680068006801,0.99998,2.0,0.303884310917128,0,6990,10000,"(50, 40, 140)",18,10240616435214777997,10.0,P1-operator,-0.00256
100000,0.6748316860048703,0.6981,0.7030266926692668,0.0,2.0,0.303884310917128,0,6981,10000,"(50, 40, 140)",19,6006419024624081696,0.0,P1-operator,-0.00364
100000,0.6963944076526858,0.6795,0.6758473347334734,0.39038,2.0,0.303884310917128,0,6795,10000,"(50, 40, 140)",19,6006419024624081696,0.5,P1-operator,-0.00364
100000,0.6927301633183987,0.6919,0.7092453145314531,0.6281,2.0,0.303884310917128,0,6919,10000,"(50, 40, 140)",19,6006419024624081696,1.0,P1-operator,-0.00364
100000,0.6719252118025124,0.6846,0.6829911391139114,0.86249,2.0,0.303884310917128,0,6846,10000,"(50, 40, 140)",19,6006419024624081696,2.0,P1-operator,-0.00364
100000,0.6858593183466279,0.6895,0.6965594059405941,0.99281,2.0,0.303884310917128,0,6895,10000,"(50, 40, 140)",19,6006419024624081696,5.0,P1-operator,-0.00364
100000,0.7014404190309909,0.6873,0.6989886088608861,0.99992,2.0,0.303884310917128,0,6873,10000,"(50, 40, 140)",19,6006419024624081696,10.0,P1-operator,-0.00364
100000,0.6769298117612724,0.6853,0.6715310631063106,0.0,2.0,0.303884310917128,0,6853,10000,"(50, 40, 140)",20,16938659769547596504,0.0,P1-operator,0.00022
100000,0.686471009305655,0.6985,0.7026680168016801,0.39339,2.0,0.303884310917128,0,6985,10000,"(50, 40, 140)",20,16938659769547596504,0.5,P1-operator,0.00022
100000,0.6892543237879217,0.7054,0.7070815481548156,0.62995,2.0,0.303884310917128,0,7054,10000,"(50, 40, 140)",20,16938659769547596504,1.0,P1-operator,0.00022
100000,0.6822310530797616,0.7046,0.7032091609160915,0.865,2.0,0.303884310917128,0,7046,10000,"(50, 40, 140)",20,16938659769547596504,2.0,P1-operator,0.00022
100000,0.6936060649406379,0.6991,0.6986290529052905,0.99342,2.0,0.303884310917128,0,6991,10000,"(50, 40, 140)",20,16938659769547596504,5.0,P1-operator,0.00022
100000,0.6821077012159815,0.6908,0.668262186218622,0.99999,2.0,0.303884310917128,0,6908,10000,"(50, 40, 140)",20,16938659769547596504,10.0,P1-operator,0.00022
100000,0.689561227416117,0.6974,0.698703110311031,0.0,2.0,0.303884310917128,0,6974,10000,"(50, 40, 140)",21,12302577886723767735,0.0,P1-operator,0.00158
100000,0.6893009985734665,0.701,0.7072697269726971,0.39542,2.0,0.303884310917128,0,7010,10000,"(50, 40, 140)",21,12302577886723767735,0.5,P1-operator,0.00158
100000,0.7005553182400683,0.7023,0.7005447644764475,0.6341,2.0,0.303884310917128,0,7023,10000,"(50, 40, 140)",21,12302577886723767735,1.0,P1-operator,0.00158
100000,0.676542499640443,0.6953,0.7173296429642965,0.86714,2.0,0.303884310917128,0,6953,10000,"(50, 40, 140)",21,12302577886723767735,2.0,P1-operator,0.00158
100000,0.6845579793340988,0.6968,0.6835381138113811,0.99319,2.0,0.303884310917128,0,6968,10000,"(50, 40, 140)",21,12302577886723767735,5.0,P1-operator,0.00158
100000,0.6930051813471503,0.6948,0.6873216921692169,0.99994,2.0,0.303884310917128,0,6948,10000,"(50, 40, 140)",21,12302577886723767735,10.0,P1-operator,0.00158
100000,0.6789805269186713,0.6984,0.7079082308230824,0.0,2.0,0.303884310917128,0,6984,10000,"(50, 40, 140)",22,16595680672637682216,0.0,P1-operator,-0.00196
100000,0.6971728359078986,0.6862,0.679397499749975,0.39147,2.0,0.303884310917128,0,6862,10000,"(50, 40, 140)",22,16595680672637682216,0.5,P1-operator,-0.00196
100000,0.7048175598631699,0.7016,0.7006275027502752,0.63139,2.0,0.303884310917128,0,7016,10000,"(50, 40, 140)",22,16595680672637682216,1.0,P1-operator,-0.00196
100000,0.6883652430044183,0.679,0.6652255225522552,0.86468,2.0,0.303884310917128,0,6790,10000,"(50, 40, 140)",22,16595680672637682216,2.0,P1-operator,-0.00196
100000,0.6888371416096638,0.6871,0.6824618361836184,0.99351,2.0,0.303884310917128,0,6871,10000,"(50, 40, 140)",22,16595680672637682216,5.0,P1-operator,-0.00196
100000,0.6810455649192972,0.7001,0.7126312531253125,0.99995,2.0,0.303884310917128,0,7001,10000,"(50, 40, 140)",22,16595680672637682216,10.0,P1-operator,-0.00196
100000,0.6703454206679088,0.6977,0.6901837283728373,0.0,2.0,0.303884310917128,0,6977,10000,"(50, 40, 140)",23,403162524912279671,0.0,P1-operator,0.00384
100000,0.6967629554362026,0.6889,0.6851853085308531,0.39462,2.0,0.303884310917128,0,6889,10000,"(50, 40, 140)",23,403162524912279671,0.5,P1-operator,0.00384
100000,0.70509266014884,0.6853,0.6835322632263225,0.63113,2.0,0.303884310917128,0,6853,10000,"(50, 40, 140)",23,403162524912279671,1.0,P1-operator,0.00384
100000,0.6840353162541613,0.6909,0.6904262326232622,0.86303,2.0,0.303884310917128,0,6909,10000,"(50, 40, 140)",23,403162524912279671,2.0,P1-operator,0.00384
100000,0.6923752378164788,0.6833,0.6842695369536953,0.99362,2.0,0.303884310917128,0,6833,10000,"(50, 40, 140)",23,403162524912279671,5.0,P1-operator,0.00384
100000,0.6827378390012915,0.6969,0.6977001600160017,0.99993,2.0,0.303884310917128,0,6969,10000,"(50, 40, 140)",23,403162524912279671,10.0,P1-operator,0.00384
100000,0.7000145412243711,0.6877,0.6846371737173718,0.0,2.0,0.36900237754222664,0,6877,10000,"(140, 40, 50)",0,5679874485383565627,0.0,P1-operator,0.96928
100000,0.9639164380671028,0.9478,0.9565708170817081,0.39415,2.0,0.36900237754222664,0,9478,10000,"(140, 40, 50)",0,5679874485383565627,0.5,P1-operator,0.96928
100000,1.1121168668220112,1.1158,1.1233026902690266,0.63317,2.0,0.36900237754222664,0,11158,10000,"(140, 40, 50)",0,5679874485383565627,1.0,P1-operator,0.96928
100000,1.2675407788964332,1.2813,1.2850988198819882,0.86644,2.0,0.36900237754222664,0,12813,10000,"(140, 40, 50)",0,5679874485383565627,2.0,P1-operator,0.96928
100000,1.3616584865577612,1.3651,1.3471367036703672,0.99321,2.0,0.36900237754222664,0,13651,10000,"(140, 40, 50)",0,5679874485383565627,5.0,P1-operator,0.96928
100000,1.3481854114265182,1.3915,1.4021679667966798,0.99995,2.0,0.36900237754222664,0,13915,10000,"(140, 40, 50)",0,5679874485383565627,10.0,P1-operator,0.96928
100000,0.6913454545454546,0.6875,0.6861123612361236,0.0,2.0,0.36900237754222664,0,6875,10000,"(140, 40, 50)",1,11654888939257050439,0.0,P1-operator,0.96976
100000,0.9747269890795632,0.9615,0.9437121212121212,0.39324,2.0,0.36900237754222664,0,9615,10000,"(140, 40, 50)",1,11654888939257050439,0.5,P1-operator,0.96976
100000,1.1069143263419836,1.1252,1.081233083308331,0.63176,2.0,0.36900237754222664,0,11252,10000,"(140, 40, 50)",1,11654888939257050439,1.0,P1-operator,0.96976
100000,1.2766624843161858,1.2752,1.2993948994899491,0.86559,2.0,0.36900237754222664,0,12752,10000,"(140, 40, 50)",1,11654888939257050439,2.0,P1-operator,0.96976
100000,1.3596182085168869,1.362,1.3982958295829582,0.99335,2.0,0.36900237754222664,0,13620,10000,"(140, 40, 50)",1,11654888939257050439,5.0,P1-operator,0.96976
100000,1.368944730917278,1.3769,1.379384328432843,0.99993,2.0,0.36900237754222664,0,13769,10000,"(140, 40, 50)",1,11654888939257050439,10.0,P1-operator,0.96976
100000,0.7130752373995617,0.6845,0.6906288128812883,0.0,2.0,0.36900237754222664,0,6845,10000,"(140, 40, 50)",2,14152650762401747031,0.0,P1-operator,0.97122
100000,0.9754385964912281,0.969,0.9875377537753777,0.39598,2.0,0.36900237754222664,0,9690,10000,"(140, 40, 50)",2,14152650762401747031,0.5,P1-operator,0.97122
100000,1.126271640192754,1.1206,1.0787635163516354,0.63457,2.0,0.36900237754222664,0,11206,10000,"(140, 40, 50)",2,14152650762401747031,1.0,P1-operator,0.97122
100000,1.2810947235586403,1.2679,1.2818577757775778,0.86654,2.0,0.36900237754222664,0,12679,10000,"(140, 40, 50)",2,14152650762401747031,2.0,P1-operator,0.97122
100000,1.3490559052202888,1.3505,1.3467844284428443,0.99329,2.0,0.36900237754222664,0,13505,10000,"(140, 40, 50)",2,14152650762401747031,5.0,P1-operator,0.97122
100000,1.361997226074896,1.3699,1.3912131113111312,0.99996,2.0,0.36900237754222664,0,13699,10000,"(140, 40, 50)",2,14152650762401747031,10.0,P1-operator,0.97122
100000,0.7036608305599769,0.6911,0.6965504450445045,0.0,2.0,0.36900237754222664,0,6911,10000,"(140, 40, 50)",3,9468108454306660000,0.0,P1-operator,0.97048
100000,0.9771141215106732,0.9744,0.9832429642964293,0.39323,2.0,0.36900237754222664,0,9744,10000,"(140, 40, 50)",3,9468108454306660000,0.5,P1-operator,0.97048
100000,1.1239721695129665,1.1067,1.112826392639264,0.63322,2.0,0.36900237754222664,0,11067,10000,"(140, 40, 50)",3,9468108454306660000,1.0,P1-operator,0.97048
100000,1.2764176769651936,1.2785,1.2922669766976695,0.86486,2.0,0.36900237754222664,0,12785,10000,"(140, 40, 50)",3,9468108454306660000,2.0,P1-operator,0.97048
100000,1.3674388207101882,1.3771,1.395035093509351,0.99344,2.0,0.36900237754222664,0,13771,10000,"(140, 40, 50)",3,9468108454306660000,5.0,P1-operator,0.97048
100000,1.391778585738666,1.3477,1.30253496349635,1.0,2.0,0.36900237754222664,0,13477,10000,"(140, 40, 50)",3,9468108454306660000,10.0,P1-operator,0.97048
100000,0.678269588884114,0.6981,0.712227612761276,0.0,2.0,0.36900237754222664,0,6981,10000,"(140, 40, 50)",4,7405734388164292152,0.0,P1-operator,0.96904
100000,0.9587747823350466,0.9533,0.9496140714071407,0.39222,2.0,0.36900237754222664,0,9533,10000,"(140, 40, 50)",4,7405734388164292152,0.5,P1-operator,0.96904
100000,1.1112004287245445,1.1196,1.1044062806280628,0.63302,2.0,0.36900237754222664,0,11196,10000,"(140, 40, 50)",4,7405734388164292152,1.0,P1-operator,0.96904
100000,1.2627286404307547,1.2629,1.2795115411541151,0.86519,2.0,0.36900237754222664,0,12629,10000,"(140, 40, 50)",4,7405734388164292152,2.0,P1-operator,0.96904
100000,1.3555163801968562,1.3614,1.3581258525852586,0.99296,2.0,0.36900237754222664,0,13614,10000,"(140, 40, 50)",4,7405734388164292152,5.0,P1-operator,0.96904
100000,1.3680981595092025,1.3529,1.3410956995699568,0.99996,2.0,0.36900237754222664,0,13529,10000,"(140, 40, 50)",4,7405734388164292152,10.0,P1-operator,0.96904
100000,0.6928216062544421,0.7035,0.7000577557755775,0.0,2.0,0.36900237754222664,0,7035,10000,"(140, 40, 50)",5,12264802872193334857,0.0,P1-operator,0.96906
100000,0.9616441251056635,0.9464,0.9364206820682067,0.3894,2.0,0.36900237754222664,0,9464,10000,"(140, 40, 50)",5,12264802872193334857,0.5,P1-operator,0.96906
100000,1.1123302455256767,1.1119,1.1106894589458944,0.62694,2.0,0.36900237754222664,0,11119,10000,"(140, 40, 50)",5,12264802872193334857,1.0,P1-operator,0.96906
100000,1.2650990877634476,1.2716,1.267560196019602,0.86208,2.0,0.36900237754222664,0,12716,10000,"(140, 40, 50)",5,12264802872193334857,2.0,P1-operator,0.96906
100000,1.3599293390254674,1.3586,1.3375397939793978,0.99305,2.0,0.36900237754222664,0,13586,10000,"(140, 40, 50)",5,12264802872193334857,5.0,P1-operator,0.96906
100000,1.3682462356067315,1.3548,1.3350504650465047,0.99998,2.0,0.36900237754222664,0,13548,10000,"(140, 40, 50)",5,12264802872193334857,10.0,P1-operator,0.96906
100000,0.6875634886083297,0.6891,0.7019113811381139,0.0,2.0,0.36900237754222664,0,6891,10000,"(140, 40, 50)",6,4205741524080126988,0.0,P1-operator,0.97048
100000,0.9645905785646538,0.9489,0.9379825882588256,0.3921,2.0,0.36900237754222664,0,9489,10000,"(140, 40, 50)",6,4205741524080126988,0.5,P1-operator,0.97048
100000,1.1109829666430093,1.1272,1.1447346334633464,0.63087,2.0,0.36900237754222664,0,11272,10000,"(140, 40, 50)",6,4205741524080126988,1.0,P1-operator,0.97048
100000,1.2655663329161453,1.2784,1.272820722072207,0.8643,2.0,0.36900237754222664,0,12784,10000,"(140, 40, 50)",6,4205741524080126988,2.0,P1-operator,0.97048
100000,1.374235389490751,1.3569,1.3574581358135813,0.99329,2.0,0.36900237754222664,0,13569,10000,"(140, 40, 50)",6,4205741524080126988,5.0,P1-operator,0.97048
100000,1.360333136792453,1.3568,1.3640301630163016,0.99998,2.0,0.36900237754222664,0,13568,10000,"(140, 40, 50)",6,4205741524080126988,10.0,P1-operator,0.97048
100000,0.7009604190919674,0.6872,0.6878249424942495,0.0,2.0,0.36900237754222664,0,6872,10000,"(140, 40, 50)",7,14588402734944936297,0.0,P1-operator,0.9691
100000,0.9550923045011408,0.9642,0.98641700170017,0.39402,2.0,0.36900237754222664,0,9642,10000,"(140, 40, 50)",7,14588402734944936297,0.5,P1-operator,0.9691
100000,1.1152953774763519,1.1206,1.128568496849685,0.6295,2.0,0.36900237754222664,0,11206,10000,"(140, 40, 50)",7,14588402734944936297,1.0,P1-operator,0.9691
100000,1.2540881482635104,1.2842,1.3091612761276128,0.86315,2.0,0.36900237754222664,0,12842,10000,"(140, 40, 50)",7,14588402734944936297,2.0,P1-operator,0.9691
100000,1.3558512946622305,1.3826,1.4053577757775777,0.99294,2.0,0.36900237754222664,0,13826,10000,"(140, 40, 50)",7,14588402734944936297,5.0,P1-operator,0.9691
100000,1.3667959318065412,1.3667,1.361767286728673,0.99996,2.0,0.36900237754222664,0,13667,10000,"(140, 40, 50)",7,14588402734944936297,10.0,P1-operator,0.9691
100000,0.6816208393632417,0.691,0.6813871387138715,0.0,2.0,0.36900237754222664,0,6910,10000,"(140, 40, 50)",8,379969656315631099,0.0,P1-operator,0.96938
100000,0.9572048790572669,0.9674,0.9786351035103511,0.39701,2.0,0.36900237754222664,0,9674,10000,"(140, 40, 50)",8,379969656315631099,0.5,P1-operator,0.96938
100000,1.1205003599712022,1.1112,1.102344794479448,0.63415,2.0,0.36900237754222664,0,11112,10000,"(140, 40, 50)",8,379969656315631099,1.0,P1-operator,0.96938
100000,1.281621022637328,1.2634,1.2827487148714871,0.86558,2.0,0.36900237754222664,0,12634,10000,"(140, 40, 50)",8,379969656315631099,2.0,P1-operator,0.96938
100000,1.3502097064110246,1.3352,1.3599769576957694,0.99315,2.0,0.36900237754222664,0,13352,10000,"(140, 40, 50)",8,379969656315631099,5.0,P1-operator,0.96938
100000,1.3684753000073622,1.3583,1.3584569556955697,0.99997,2.0,0.36900237754222664,0,13583,10000,"(140, 40, 50)",8,379969656315631099,10.0,P1-operator,0.96938
100000,0.7010619977037887,0.6968,0.7025400140014001,0.0,2.0,0.36900237754222664,0,6968,10000,"(140, 40, 50)",9,14991242476673514921,0.0,P1-operator,0.96964
100000,0.9664845555789031,0.9518,0.9419709570957094,0.39389,2.0,0.36900237754222664,0,9518,10000,"(140, 40, 50)",9,14991242476673514921,0.5,P1-operator,0.96964
100000,1.1193767056959238,1.1359,1.1029414841484149,0.6331,2.0,0.36900237754222664,0,11359,10000,"(140, 40, 50)",9,14991242476673514921,1.0,P1-operator,0.96964
100000,1.2604034307496823,1.2592,1.2683421942194222,0.86469,2.0,0.36900237754222664,0,12592,10000,"(140, 40, 50)",9,14991242476673514921,2.0,P1-operator,0.96964
100000,1.353124074622446,1.3508,1.3598753475347534,0.99364,2.0,0.36900237754222664,0,13508,10000,"(140, 40, 50)",9,14991242476673514921,5.0,P1-operator,0.96964
100000,1.3611422591014428,1.3377,1.3361923292329234,0.99997,2.0,0.36900237754222664,0,13377,10000,"(140, 40, 50)",9,14991242476673514921,10.0,P1-operator,0.96964
100000,0.7162684218056946,0.6989,0.6899077807780779,0.0,2.0,0.36900237754222664,0,6989,10000,"(140, 40, 50)",10,1838293169144432963,0.0,P1-operator,0.97074
100000,0.9494434619785707,0.9613,0.9492972397239724,0.39144,2.0,0.36900237754222664,0,9613,10000,"(140, 40, 50)",10,1838293169144432963,0.5,P1-operator,0.97074
100000,1.1134700514951668,1.1069,1.1001824082408243,0.63062,2.0,0.36900237754222664,0,11069,10000,"(140, 40, 50)",10,1838293169144432963,1.0,P1-operator,0.97074
100000,1.2706678203413828,1.2713,1.2776240724072407,0.86479,2.0,0.36900237754222664,0,12713,10000,"(140, 40, 50)",10,1838293169144432963,2.0,P1-operator,0.97074
100000,1.3671582654633503,1.3629,1.3751411041104111,0.99361,2.0,0.36900237754222664,0,13629,10000,"(140, 40, 50)",10,1838293169144432963,5.0,P1-operator,0.97074
100000,1.3737878342638847,1.3612,1.3630708670867087,0.99993,2.0,0.36900237754222664,0,13612,10000,"(140, 40, 50)",10,1838293169144432963,10.0,P1-operator,0.97074
100000,0.6860547595403603,0.7049,0.7122872187218723,0.0,2.0,0.36900237754222664,0,7049,10000,"(140, 40, 50)",11,5174535500090994699,0.0,P1-operator,0.96904
100000,0.9487554904831625,0.9562,0.9579773577357735,0.39166,2.0,0.36900237754222664,0,9562,10000,"(140, 40, 50)",11,5174535500090994699,0.5,P1-operator,0.96904
100000,1.1322549106746067,1.1251,1.1245624462446244,0.63169,2.0,0.36900237754222664,0,11251,10000,"(140, 40, 50)",11,5174535500090994699,1.0,P1-operator,0.96904
100000,1.2622032962700103,1.2681,1.2817505650565055,0.86522,2.0,0.36900237754222664,0,12681,10000,"(140, 40, 50)",11,5174535500090994699,2.0,P1-operator,0.96904
100000,1.3451379666519108,1.3554,1.3576266026602661,0.99266,2.0,0.36900237754222664,0,13554,10000,"(140, 40, 50)",11,5174535500090994699,5.0,P1-operator,0.96904
100000,1.35008461481863,1.3591,1.3478819781978197,0.99991,2.0,0.36900237754222664,0,13591,10000,"(140, 40, 50)",11,5174535500090994699,10.0,P1-operator,0.96904
100000,0.7089391104073701,0.6947,0.6975616661666165,0.0,2.0,0.36900237754222664,0,6947,10000,"(140, 40, 50)",12,14681215283239648655,0.0,P1-operator,0.97092
100000,0.952776336274001,0.9635,0.9790656565656567,0.39046,2.0,0.36900237754222664,0,9635,10000,"(140, 40, 50)",12,14681215283239648655,0.5,P1-operator,0.97092
100000,1.1038114790681068,1.1203,1.1165395639563955,0.62703,2.0,0.36900237754222664,0,11203,10000,"(140, 40, 50)",12,14681215283239648655,1.0,P1-operator,0.97092
100000,1.2811514195583595,1.268,1.262702270227023,0.86519,2.0,0.36900237754222664,0,12680,10000,"(140, 40, 50)",12,14681215283239648655,2.0,P1-operator,0.97092
100000,1.3703209547105477,1.3491,1.3065598459845984,0.99355,2.0,0.36900237754222664,0,13491,10000,"(140, 40, 50)",12,14681215283239648655,5.0,P1-operator,0.97092
100000,1.3622719246615655,1.3592,1.3805134113411341,0.99995,2.0,0.36900237754222664,0,13592,10000,"(140, 40, 50)",12,14681215283239648655,10.0,P1-operator,0.97092
100000,0.6879453681710214,0.6736,0.6731303530353036,0.0,2.0,0.36900237754222664,0,6736,10000,"(140, 40, 50)",13,17407191796566198433,0.0,P1-operator,0.97038
100000,0.9657376362112322,0.9544,0.9632169616961695,0.39558,2.0,0.36900237754222664,0,9544,10000,"(140, 40, 50)",13,17407191796566198433,0.5,P1-operator,0.97038
100000,1.1087090796788142,1.1333,1.15904701470147,0.63388,2.0,0.36900237754222664,0,11333,10000,"(140, 40, 50)",13,17407191796566198433,1.0,P1-operator,0.97038
100000,1.2928700007826563,1.2777,1.2997126812681268,0.8672,2.0,0.36900237754222664,0,12777,10000,"(140, 40, 50)",13,17407191796566198433,2.0,P1-operator,0.97038
100000,1.3746177370030581,1.3734,1.3575081908190818,0.99317,2.0,0.36900237754222664,0,13734,10000,"(140, 40, 50)",13,17407191796566198433,5.0,P1-operator,0.97038
100000,1.3705020313406848,1.3784,1.3361470547054703,0.99992,2.0,0.36900237754222664,0,13784,10000,"(140, 40, 50)",13,17407191796566198433,10.0,P1-operator,0.97038
100000,0.6940832724616508,0.6845,0.6914288928892891,0.0,2.0,0.36900237754222664,0,6845,10000,"(140, 40, 50)",14,15350738748715727808,0.0,P1-operator,0.97038
100000,0.9487446609021774,0.9599,0.9693889288928894,0.39232,2.0,0.36900237754222664,0,9599,10000,"(140, 40, 50)",14,15350738748715727808,0.5,P1-operator,0.97038
100000,1.0970102068467167,1.1071,1.0865382438243825,0.63005,2.0,0.36900237754222664,0,11071,10000,"(140, 40, 50)",14,15350738748715727808,1.0,P1-operator,0.97038
100000,1.2769410846664067,1.2815,1.3017879287928793,0.86423,2.0,0.36900237754222664,0,12815,10000,"(140, 40, 50)",14,15350738748715727808,2.0,P1-operator,0.97038
100000,1.359576796789493,1.3705,1.36216596659666,0.9931,2.0,0.36900237754222664,0,13705,10000,"(140, 40, 50)",14,15350738748715727808,5.0,P1-operator,0.97038
100000,1.3591172214182345,1.382,1.4084168416841685,0.99998,2.0,0.36900237754222664,0,13820,10000,"(140, 40, 50)",14,15350738748715727808,10.0,P1-operator,0.97038
100000,0.7093709514898517,0.6947,0.6805599659965996,0.0,2.0,0.36900237754222664,0,6947,10000,"(140, 40, 50)",15,12200567405201455263,0.0,P1-operator,0.96854
100000,0.9705327181208053,0.9536,0.9469417341734175,0.39267,2.0,0.36900237754222664,0,9536,10000,"(140, 40, 50)",15,12200567405201455263,0.5,P1-operator,0.96854
100000,1.1138226024313371,1.1105,1.1030000500050006,0.63288,2.0,0.36900237754222664,0,11105,10000,"(140, 40, 50)",15,12200567405201455263,1.0,P1-operator,0.96854
100000,1.2804820785725466,1.2778,1.261753335333533,0.86363,2.0,0.36900237754222664,0,12778,10000,"(140, 40, 50)",15,12200567405201455263,2.0,P1-operator,0.96854
100000,1.380294053105113,1.3671,1.3618737773777376,0.99315,2.0,0.36900237754222664,0,13671,10000,"(140, 40, 50)",15,12200567405201455263,5.0,P1-operator,0.96854
100000,1.372867466289205,1.3423,1.2998606960696069,0.99994,2.0,0.36900237754222664,0,13423,10000,"(140, 40, 50)",15,12200567405201455263,10.0,P1-operator,0.96854
100000,0.703063743284449,0.6887,0.687861096109611,0.0,2.0,0.36900237754222664,0,6887,10000,"(140, 40, 50)",16,9984052992297560587,0.0,P1-operator,0.96928
100000,0.9693610791592596,0.9563,0.9578860986098607,0.39174,2.0,0.36900237754222664,0,9563,10000,"(140, 40, 50)",16,9984052992297560587,0.5,P1-operator,0.96928
100000,1.134622334658475,1.1068,1.1237061306130611,0.63061,2.0,0.36900237754222664,0,11068,10000,"(140, 40, 50)",16,9984052992297560587,1.0,P1-operator,0.96928
100000,1.2679743669896844,1.2796,1.2737512151215122,0.86489,2.0,0.36900237754222664,0,12796,10000,"(140, 40, 50)",16,9984052992297560587,2.0,P1-operator,0.96928
100000,1.3846376392304354,1.3826,1.36755399539954,0.99359,2.0,0.36900237754222664,0,13826,10000,"(140, 40, 50)",16,9984052992297560587,5.0,P1-operator,0.96928
100000,1.3558391452737795,1.3478,1.351370297029703,0.99993,2.0,0.36900237754222664,0,13478,10000,"(140, 40, 50)",16,9984052992297560587,10.0,P1-operator,0.96928
100000,0.6807958477508651,0.6936,0.68958799879988,0.0,2.0,0.36900237754222664,0,6936,10000,"(140, 40, 50)",17,15384023666241350715,0.0,P1-operator,0.96918
100000,0.9550385979553515,0.9586,0.9563816781678167,0.39447,2.0,0.36900237754222664,0,9586,10000,"(140, 40, 50)",17,15384023666241350715,0.5,P1-operator,0.96918
100000,1.1022109459949256,1.1036,1.102577297729773,0.63145,2.0,0.36900237754222664,0,11036,10000,"(140, 40, 50)",17,15384023666241350715,1.0,P1-operator,0.96918
100000,1.2671431937789648,1.2731,1.2768440744074407,0.86486,2.0,0.36900237754222664,0,12731,10000,"(140, 40, 50)",17,15384023666241350715,2.0,P1-operator,0.96918
100000,1.3549576914732047,1.3827,1.3705777677767776,0.99281,2.0,0.36900237754222664,0,13827,10000,"(140, 40, 50)",17,15384023666241350715,5.0,P1-operator,0.96918
100000,1.3633360252551208,1.3621,1.3521188018801882,0.99997,2.0,0.36900237754222664,0,13621,10000,"(140, 40, 50)",17,15384023666241350715,10.0,P1-operator,0.96918
100000,0.7188525759954332,0.7007,0.687788288828883,0.0,2.0,0.36900237754222664,0,7007,10000,"(140, 40, 50)",18,17315324687995740978,0.0,P1-operator,0.97008
100000,0.9522198731501057,0.946,0.944978497849785,0.39333,2.0,0.36900237754222664,0,9460,10000,"(140, 40, 50)",18,17315324687995740978,0.5,P1-operator,0.97008
100000,1.1233892321270962,1.133,1.128023802380238,0.63221,2.0,0.36900237754222664,0,11330,10000,"(140, 40, 50)",18,17315324687995740978,1.0,P1-operator,0.97008
100000,1.2880202563696788,1.2638,1.273336893689369,0.86397,2.0,0.36900237754222664,0,12638,10000,"(140, 40, 50)",18,17315324687995740978,2.0,P1-operator,0.97008
100000,1.3643010117421166,1.3541,1.3494481348134815,0.99347,2.0,0.36900237754222664,0,13541,10000,"(140, 40, 50)",18,17315324687995740978,5.0,P1-operator,0.97008
100000,1.368124729320052,1.3854,1.4128081208120815,0.99997,2.0,0.36900237754222664,0,13854,10000,"(140, 40, 50)",18,17315324687995740978,10.0,P1-operator,0.97008
100000,0.695229810062346,0.6897,0.6946833783378338,0.0,2.0,0.36900237754222664,0,6897,10000,"(140, 40, 50)",19,17269091703354029071,0.0,P1-operator,0.96826
100000,0.961038961038961,0.9394,0.9292205620562055,0.39351,2.0,0.36900237754222664,0,9394,10000,"(140, 40, 50)",19,17269091703354029071,0.5,P1-operator,0.96826
100000,1.120810246162231,1.1009,1.1048296729672966,0.6316,2.0,0.36900237754222664,0,11009,10000,"(140, 40, 50)",19,17269091703354029071,1.0,P1-operator,0.96826
100000,1.2772062804547915,1.2929,1.2986394539453945,0.8659,2.0,0.36900237754222664,0,12929,10000,"(140, 40, 50)",19,17269091703354029071,2.0,P1-operator,0.96826
100000,1.3687134502923977,1.368,1.3601120112011202,0.99361,2.0,0.36900237754222664,0,13680,10000,"(140, 40, 50)",19,17269091703354029071,5.0,P1-operator,0.96826
100000,1.3732664502803187,1.3556,1.3504836883688371,0.99991,2.0,0.36900237754222664,0,13556,10000,"(140, 40, 50)",19,17269091703354029071,10.0,P1-operator,0.96826
100000,0.7063018483481298,0.6871,0.6844620362036204,0.0,2.0,0.36900237754222664,0,6871,10000,"(140, 40, 50)",20,16727003148143354334,0.0,P1-operator,0.9691
100000,0.9548271877298036,0.9519,0.9480811981198121,0.3942,2.0,0.36900237754222664,0,9519,10000,"(140, 40, 50)",20,16727003148143354334,0.5,P1-operator,0.9691
100000,1.1238018453820657,1.1163,1.111885498549855,0.63254,2.0,0.36900237754222664,0,11163,10000,"(140, 40, 50)",20,16727003148143354334,1.0,P1-operator,0.9691
100000,1.2611934384658054,1.2619,1.2434327332733275,0.86478,2.0,0.36900237754222664,0,12619,10000,"(140, 40, 50)",20,16727003148143354334,2.0,P1-operator,0.9691
100000,1.3685340042921632,1.3513,1.344022712271227,0.99308,2.0,0.36900237754222664,0,13513,10000,"(140, 40, 50)",20,16727003148143354334,5.0,P1-operator,0.9691
100000,1.3655842721449083,1.3581,1.3568000700070009,0.99998,2.0,0.36900237754222664,0,13581,10000,"(140, 40, 50)",20,16727003148143354334,10.0,P1-operator,0.9691
100000,0.7031137896398335,0.6969,0.6836987598759877,0.0,2.0,0.36900237754222664,0,6969,10000,"(140, 40, 50)",21,3036476590396181565,0.0,P1-operator,0.96988
100000,0.9589829444386314,0.9557,0.9426317731773176,0.395,2.0,0.36900237754222664,0,9557,10000,"(140, 40, 50)",21,3036476590396181565,0.5,P1-operator,0.96988
100000,1.1217873036054855,1.1011,1.1207908690869086,0.63295,2.0,0.36900237754222664,0,11011,10000,"(140, 40, 50)",21,3036476590396181565,1.0,P1-operator,0.96988
100000,1.2809667673716012,1.2578,1.2322623862386237,0.86559,2.0,0.36900237754222664,0,12578,10000,"(140, 40, 50)",21,3036476590396181565,2.0,P1-operator,0.96988
100000,1.3476636882964699,1.3654,1.3360164416441642,0.9933,2.0,0.36900237754222664,0,13654,10000,"(140, 40, 50)",21,3036476590396181565,5.0,P1-operator,0.96988
100000,1.3630377524143986,1.3668,1.3597937393739374,0.99996,2.0,0.36900237754222664,0,13668,10000,"(140, 40, 50)",21,3036476590396181565,10.0,P1-operator,0.96988
100000,0.6934159343034145,0.6941,0.6931945094509451,0.0,2.0,0.36900237754222664,0,6941,10000,"(140, 40, 50)",22,4041531292305312750,0.0,P1-operator,0.97008
100000,0.9374084153234248,0.9554,0.9839092309230925,0.39383,2.0,0.36900237754222664,0,9554,10000,"(140, 40, 50)",22,4041531292305312750,0.5,P1-operator,0.97008
100000,1.1117710583153348,1.1112,1.1417487348734874,0.63135,2.0,0.36900237754222664,0,11112,10000,"(140, 40, 50)",22,4041531292305312750,1.0,P1-operator,0.97008
100000,1.2800123048527263,1.3003,1.3008499949995,0.86378,2.0,0.36900237754222664,0,13003,10000,"(140, 40, 50)",22,4041531292305312750,2.0,P1-operator,0.97008
100000,1.3658124678757617,1.3619,1.3678651765176517,0.99307,2.0,0.36900237754222664,0,13619,10000,"(140, 40, 50)",22,4041531292305312750,5.0,P1-operator,0.97008
100000,1.3624897989465095,1.3479,1.3522008100810081,0.99993,2.0,0.36900237754222664,0,13479,10000,"(140, 40, 50)",22,4041531292305312750,10.0,P1-operator,0.97008
100000,0.709771370321829,0.6867,0.6920123112311231,0.0,2.0,0.36900237754222664,0,6867,10000,"(140, 40, 50)",23,3543235312619797156,0.0,P1-operator,0.96914
100000,0.9491454772822009,0.9596,0.9626641064106412,0.39448,2.0,0.36900237754222664,0,9596,10000,"(140, 40, 50)",23,3543235312619797156,0.5,P1-operator,0.96914
100000,1.117536813922356,1.1205,1.1312928792879289,0.63389,2.0,0.36900237754222664,0,11205,10000,"(140, 40, 50)",23,3543235312619797156,1.0,P1-operator,0.96914
100000,1.2792814181703072,1.2636,1.2978448244824483,0.86598,2.0,0.36900237754222664,0,12636,10000,"(140, 40, 50)",23,3543235312619797156,2.0,P1-operator,0.96914
100000,1.34473293768546,1.348,1.3494309430943094,0.99275,2.0,0.36900237754222664,0,13480,10000,"(140, 40, 50)",23,3543235312619797156,5.0,P1-operator,0.96914
100000,1.373531367767679,1.3533,1.385817691769177,0.99996,2.0,0.36900237754222664,0,13533,10000,"(140, 40, 50)",23,3543235312619797156,10.0,P1-operator,0.96914
10000,0.6857891671520093,0.6868,0.6823739973997399,0.0,2.0,0.303884310917128,0,6868,10000,"(40, 50, 140)",0,17505352127184485320,0.0,P1-operator,-0.0022
10000,0.6905898876404495,0.712,0.7007260726072607,0.3904,2.0,0.303884310917128,0,7120,10000,"(40, 50, 140)",0,17505352127184485320,0.5,P1-operator,-0.0022
10000,0.6924083769633508,0.6876,0.7022764676467648,0.6289,2.0,0.303884310917128,0,6876,10000,"(40, 50, 140)",0,17505352127184485320,1.0,P1-operator,-0.0022
10000,0.703631010794897,0.7133,0.7455776677667766,0.8669,2.0,0.303884310917128,0,7133,10000,"(40, 50, 140)",0,17505352127184485320,2.0,P1-operator,-0.0022
10000,0.713716814159292,0.678,0.6601820182018202,0.9939,2.0,0.303884310917128,0,6780,10000,"(40, 50, 140)",0,17505352127184485320,5.0,P1-operator,-0.0022
10000,0.6903104148534958,0.6894,0.672794919491949,0.9999,2.0,0.303884310917128,0,6894,10000,"(40, 50, 140)",0,17505352127184485320,10.0,P1-operator,-0.0022
10000,0.6675254043223129,0.6987,0.6985881688168817,0.0,2.0,0.303884310917128,0,6987,10000,"(40, 50, 140)",1,1065034460851932483,0.0,P1-operator,0.0026
10000,0.6903893831121481,0.6857,0.6713826482648265,0.4038,2.0,0.303884310917128,0,6857,10000,"(40, 50, 140)",1,1065034460851932483,0.5,P1-operator,0.0026
10000,0.6967389742853038,0.6961,0.7130160916091608,0.6403,2.0,0.303884310917128,0,6961,10000,"(40, 50, 140)",1,1065034460851932483,1.0,P1-operator,0.0026
10000,0.6950724637681159,0.69,0.7011701170117012,0.8663,2.0,0.303884310917128,0,6900,10000,"(40, 50, 140)",1,1065034460851932483,2.0,P1-operator,0.0026
10000,0.7011884550084889,0.7068,0.7075045104510452,0.9945,2.0,0.303884310917128,0,7068,10000,"(40, 50, 140)",1,1065034460851932483,5.0,P1-operator,0.0026
10000,0.70963978416217,0.6857,0.6821837283728373,1.0,2.0,0.303884310917128,0,6857,10000,"(40, 50, 140)",1,1065034460851932483,10.0,P1-operator,0.0026
10000,0.6657085369359012,0.6958,0.7011324732473246,0.0,2.0,0.303884310917128,0,6958,10000,"(40, 50, 140)",2,7197176517426821883,0.0,P1-operator,0.0182
10000,0.6794238101962999,0.7081,0.6953639263926393,0.3961,2.0,0.303884310917128,0,7081,10000,"(40, 50, 140)",2,7197176517426821883,0.5,P1-operator,0.0182
10000,0.6907335350915117,0.6939,0.7092737173717372,0.6327,2.0,0.303884310917128,0,6939,10000,"(40, 50, 140)",2,7197176517426821883,1.0,P1-operator,0.0182
10000,0.6966945666051922,0.7049,0.7122872187218723,0.8686,2.0,0.303884310917128,0,7049,10000,"(40, 50, 140)",2,7197176517426821883,2.0,P1-operator,0.0182
10000,0.6945232690124858,0.7048,0.6885258125812582,0.9945,2.0,0.303884310917128,0,7048,10000,"(40, 50, 140)",2,7197176517426821883,5.0,P1-operator,0.0182
10000,0.7080887616320687,0.6985,0.7010678567856785,0.9999,2.0,0.303884310917128,0,6985,10000,"(40, 50, 140)",2,7197176517426821883,10.0,P1-operator,0.0182
10000,0.6887397899649942,0.6856,0.6898216221622163,0.0,2.0,0.303884310917128,0,6856,10000,"(40, 50, 140)",3,12736388630443196568,0.0,P1-operator,-0.0106
10000,0.6762631351662588,0.6947,0.6935612661266126,0.3849,2.0,0.303884310917128,0,6947,10000,"(40, 50, 140)",3,12736388630443196568,0.5,P1-operator,-0.0106
10000,0.6802283038196986,0.6833,0.6826693769376937,0.6275,2.0,0.303884310917128,0,6833,10000,"(40, 50, 140)",3,12736388630443196568,1.0,P1-operator,-0.0106
10000,0.6834991831278776,0.6733,0.6770348134813481,0.8617,2.0,0.303884310917128,0,6733,10000,"(40, 50, 140)",3,12736388630443196568,2.0,P1-operator,-0.0106
10000,0.6780893042575286,0.6741,0.6819573857385739,0.9929,2.0,0.303884310917128,0,6741,10000,"(40, 50, 140)",3,12736388630443196568,5.0,P1-operator,-0.0106
10000,0.6626094700905447,0.6737,0.6818964996499649,0.9999,2.0,0.303884310917128,0,6737,10000,"(40, 50, 140)",3,12736388630443196568,10.0,P1-operator,-0.0106
10000,0.6934412019647501,0.6922,0.6945286128612861,0.0,2.0,0.303884310917128,0,6922,10000,"(40, 50, 140)",4,11661174574231749909,0.0,P1-operator,0.0052
10000,0.6799829400056867,0.7034,0.7082992699269928,0.3917,2.0,0.303884310917128,0,7034,10000,"(40, 50, 140)",4,11661174574231749909,0.5,P1-operator,0.0052
10000,0.7079477008961363,0.6807,0.6776152715271528,0.627,2.0,0.303884310917128,0,6807,10000,"(40, 50, 140)",4,11661174574231749909,1.0,P1-operator,0.0052
10000,0.6834645669291338,0.6985,0.6876665166516651,0.8594,2.0,0.303884310917128,0,6985,10000,"(40, 50, 140)",4,11661174574231749909,2.0,P1-operator,0.0052
10000,0.7033886289522189,0.7053,0.6991218221822182,0.993,2.0,0.303884310917128,0,7053,10000,"(40, 50, 140)",4,11661174574231749909,5.0,P1-operator,0.0052
10000,0.6830537883169462,0.6916,0.6973591759175917,0.9999,2.0,0.303884310917128,0,6916,10000,"(40, 50, 140)",4,11661174574231749909,10.0,P1-operator,0.0052
10000,0.6757879656160458,0.698,0.712067206720672,0.0,2.0,0.303884310917128,0,6980,10000,"(40, 50, 140)",5,12746002296515578130,0.0,P1-operator,0.0012
10000,0.687235594456601,0.6855,0.7170614561456145,0.387,2.0,0.303884310917128,0,6855,10000,"(40, 50, 140)",5,12746002296515578130,0.5,P1-operator,0.0012
10000,0.6827256944444444,0.6912,0.6851110711071107,0.6313,2.0,0.303884310917128,0,6912,10000,"(40, 50, 140)",5,12746002296515578130,1.0,P1-operator,0.0012
10000,0.6734664559689699,0.6961,0.7014149314931493,0.863,2.0,0.303884310917128,0,6961,10000,"(40, 50, 140)",5,12746002296515578130,2.0,P1-operator,0.0012
10000,0.7080673244341266,0.6892,0.6856719271927192,0.9918,2.0,0.303884310917128,0,6892,10000,"(40, 50, 140)",5,12746002296515578130,5.0,P1-operator,0.0012
10000,0.6952119195718212,0.6913,0.6910734173417342,1.0,2.0,0.303884310917128,0,6913,10000,"(40, 50, 140)",5,12746002296515578130,10.0,P1-operator,0.0012
10000,0.6886151231945624,0.7062,0.7117527352735273,0.0,2.0,0.36900237754222664,0,7062,10000,"(40, 140, 50)",0,5660281914241912232,0.0,P1-operator,0.9722
10000,0.9588627369298063,0.9602,0.9513110911091108,0.3947,2.0,0.36900237754222664,0,9602,10000,"(40, 140, 50)",0,5660281914241912232,0.5,P1-operator,0.9722
10000,1.122346618898343,1.1165,1.165844334433443,0.6349,2.0,0.36900237754222664,0,11165,10000,"(40, 140, 50)",0,5660281914241912232,1.0,P1-operator,0.9722
10000,1.2845522096206492,1.2785,1.273665116511651,0.8669,2.0,0.36900237754222664,0,12785,10000,"(40, 140, 50)",0,5660281914241912232,2.0,P1-operator,0.9722
10000,1.3647171057459455,1.3627,1.3700857185718571,0.9944,2.0,0.36900237754222664,0,13627,10000,"(40, 140, 50)",0,5660281914241912232,5.0,P1-operator,0.9722
10000,1.3670080468178494,1.367,1.3442454245424542,1.0,2.0,0.36900237754222664,0,13670,10000,"(40, 140, 50)",0,5660281914241912232,10.0,P1-operator,0.9722
10000,0.6994013683010262,0.7016,0.707628202820282,0.0,2.0,0.36900237754222664,0,7016,10000,"(40, 140, 50)",1,3911155208577871714,0.0,P1-operator,0.9738
10000,0.9750260145681582,0.961,0.9693759375937595,0.3931,2.0,0.36900237754222664,0,9610,10000,"(40, 140, 50)",1,3911155208577871714,0.5,P1-operator,0.9738
10000,1.1209784631746875,1.1283,1.1157506850685068,0.6264,2.0,0.36900237754222664,0,11283,10000,"(40, 140, 50)",1,3911155208577871714,1.0,P1-operator,0.9738
10000,1.2792011765616533,1.2919,1.298424232423242,0.8695,2.0,0.36900237754222664,0,12919,10000,"(40, 140, 50)",1,3911155208577871714,2.0,P1-operator,0.9738
10000,1.3695909023777877,1.3542,1.3576781278127812,0.9937,2.0,0.36900237754222664,0,13542,10000,"(40, 140, 50)",1,3911155208577871714,5.0,P1-operator,0.9738
10000,1.3740959894806049,1.3689,1.3687496649664965,1.0,2.0,0.36900237754222664,0,13689,10000,"(40, 140, 50)",1,3911155208577871714,10.0,P1-operator,0.9738
10000,0.6793595845954132,0.6933,0.6895040604060407,0.0,2.0,0.36900237754222664,0,6933,10000,"(40, 140, 50)",2,11546832608577196359,0.0,P1-operator,0.9676
10000,0.9555964804583589,0.9774,0.9687861186118609,0.395,2.0,0.36900237754222664,0,9774,10000,"(40, 140, 50)",2,11546832608577196359,0.5,P1-operator,0.9676
10000,1.114328463298715,1.1362,1.147564316431643,0.6347,2.0,0.36900237754222664,0,11362,10000,"(40, 140, 50)",2,11546832608577196359,1.0,P1-operator,0.9676
10000,1.2754425641425564,1.2823,1.2325299629962996,0.8715,2.0,0.36900237754222664,0,12823,10000,"(40, 140, 50)",2,11546832608577196359,2.0,P1-operator,0.9676
10000,1.3659322157967937,1.3661,1.3678075707570754,0.9925,2.0,0.36900237754222664,0,13661,10000,"(40, 140, 50)",2,11546832608577196359,5.0,P1-operator,0.9676
10000,1.3761172161172162,1.365,1.3605110511051106,1.0,2.0,0.36900237754222664,0,13650,10000,"(40, 140, 50)",2,11546832608577196359,10.0,P1-operator,0.9676
10000,0.6958682379667755,0.7043,0.6959311031103111,0.0,2.0,0.36900237754222664,0,7043,10000,"(40, 140, 50)",3,18136605407417517057,0.0,P1-operator,0.9682
10000,0.9690592770080216,0.9599,0.9681888088808882,0.3904,2.0,0.36900237754222664,0,9599,10000,"(40, 140, 50)",3,18136605407417517057,0.5,P1-operator,0.9682
10000,1.1209285903433666,1.1329,1.1523528252825281,0.6281,2.0,0.36900237754222664,0,11329,10000,"(40, 140, 50)",3,18136605407417517057,1.0,P1-operator,0.9682
10000,1.257060608418268,1.2853,1.2840323132313232,0.8636,2.0,0.36900237754222664,0,12853,10000,"(40, 140, 50)",3,18136605407417517057,2.0,P1-operator,0.9682
10000,1.3641100917431193,1.3625,1.3472284728472848,0.9922,2.0,0.36900237754222664,0,13625,10000,"(40, 140, 50)",3,18136605407417517057,5.0,P1-operator,0.9682
10000,1.361452928094885,1.349,1.3527342734273426,0.9999,2.0,0.36900237754222664,0,13490,10000,"(40, 140, 50)",3,18136605407417517057,10.0,P1-operator,0.9682
10000,0.7052753960180206,0.6881,0.6804864386438644,0.0,2.0,0.36900237754222664,0,6881,10000,"(40, 140, 50)",4,2107084406171633212,0.0,P1-operator,0.971
10000,0.9457774019659655,0.9461,0.9312879187918793,0.3933,2.0,0.36900237754222664,0,9461,10000,"(40, 140, 50)",4,2107084406171633212,0.5,P1-operator,0.971
10000,1.1031011235955057,1.1125,1.1257563256325633,0.6266,2.0,0.36900237754222664,0,11125,10000,"(40, 140, 50)",4,2107084406171633212,1.0,P1-operator,0.971
10000,1.2729960840725645,1.2513,1.2274710571057108,0.8636,2.0,0.36900237754222664,0,12513,10000,"(40, 140, 50)",4,2107084406171633212,2.0,P1-operator,0.971
10000,1.3736215584605274,1.3693,1.3284503550355036,0.9925,2.0,0.36900237754222664,0,13693,10000,"(40, 140, 50)",4,2107084406171633212,5.0,P1-operator,0.971
10000,1.3795005590756615,1.3415,1.3460123512351234,1.0,2.0,0.36900237754222664,0,13415,10000,"(40, 140, 50)",4,2107084406171633212,10.0,P1-operator,0.971
10000,0.695413109535523,0.6911,0.6925500450045006,0.0,2.0,0.36900237754222664,0,6911,10000,"(40, 140, 50)",5,7015007541542832091,0.0,P1-operator,0.9704
10000,0.959105098855359,0.961,0.96997599759976,0.397,2.0,0.36900237754222664,0,9610,10000,"(40, 140, 50)",5,7015007541542832091,0.5,P1-operator,0.9704
10000,1.120802364108534,1.1167,1.1373948494849486,0.6364,2.0,0.36900237754222664,0,11167,10000,"(40, 140, 50)",5,7015007541542832091,1.0,P1-operator,0.9704
10000,1.2877132300919738,1.2721,1.2815897489748975,0.8638,2.0,0.36900237754222664,0,12721,10000,"(40, 140, 50)",5,7015007541542832091,2.0,P1-operator,0.9704
10000,1.3526450255485423,1.3308,1.3865100110011004,0.9935,2.0,0.36900237754222664,0,13308,10000,"(40, 140, 50)",5,7015007541542832091,5.0,P1-operator,0.9704
10000,1.3677655677655678,1.365,1.3925142514251425,1.0,2.0,0.36900237754222664,0,13650,10000,"(40, 140, 50)",5,7015007541542832091,10.0,P1-operator,0.9704
