A_160,A_40,A_80,N,f,intA,lam,realized_reach,rep,seed,t_final,test
0.0,0.0,0.0,50000,0.1,0.2452187135899622,1.4,0.10066,0,14834279675808768001,160.0,P4
0.0,0.0,0.0,50000,0.1,0.2506487013892284,1.4,0.10032,1,15679262987382551345,160.0,P4
0.0,0.0,0.0,50000,0.1,0.25498223442109047,1.4,0.09974,2,14853006813115022354,160.0,P4
0.0,0.0,0.0,50000,0.1,0.25883688010217537,1.4,0.1,3,4335421588389305477,160.0,P4
0.0,0.0,0.0,50000,0.1,0.26597319819411425,1.4,0.10212,4,6724461057522196728,160.0,P4
0.0,0.0,0.0,50000,0.1,0.2424109091551121,1.4,0.10142,5,263838042323554122,160.0,P4
0.0,0.0,0.0,50000,0.1,0.24162038051902057,1.4,0.09948,6,208380164323043735,160.0,P4
0.0,0.0,0.0,50000,0.1,0.25274595771068636,1.4,0.09976,7,15724392660142519921,160.0,P4
0.0,0.0,0.0,50000,0.1,0.2535989399551304,1.4,0.10192,8,7397660957549670978,160.0,P4
0.0,0.0,0.0,50000,0.1,0.25390714691871746,1.4,0.10014,9,13347283128191397351,160.0,P4
0.0,0.0,0.0,50000,0.1,0.262180420995651,1.4,0.09946,10,15471307349059980946,160.0,P4
0.0,0.0,0.0,50000,0.1,0.24742155208210043,1.4,0.0991,11,10667932212979899400,160.0,P4
0.0,0.0,0.0,50000,0.1,0.2522329324425308,1.4,0.10286,12,3583398701549683398,160.0,P4
0.0,0.0,0.0,50000,0.1,0.24628028526421014,1.4,0.09914,13,4203639176340185190,160.0,P4
0.0,0.0,0.0,50000,0.1,0.23879447198484588,1.4,0.09974,14,11571068527049585861,160.0,P4
0.0,0.0,0.0,50000,0.1,0.23429745586616638,1.4,0.09936,15,14750822459869852018,160.0,P4
0.0,0.0,0.0,50000,0.1,0.2433616361813122,1.4,0.10152,16,13721367899234630924,160.0,P4
0.0,0.0,0.0,50000,0.1,0.25201406471089366,1.4,0.1015,17,2934089326895710056,160.0,P4
0.0,0.0,0.0,50000,0.1,0.2572722022806677,1.4,0.09882,18,16679083783114496630,160.0,P4
0.0,0.0,0.0,50000,0.1,0.24051291598489669,1.4,0.09724,19,12120673393094561327,160.0,P4
0.0,0.0,0.0,50000,0.1,0.25226788304393355,1.4,0.09942,20,6416780212578646018,160.0,P4
0.0,0.0,0.0,50000,0.1,0.24600056095275166,1.4,0.09794,21,8546504782759784848,160.0,P4
0.0,0.0,0.0,50000,0.1,0.24113043059753914,1.4,0.09984,22,15541316622051323354,160.0,P4
0.0,0.0,0.0,50000,0.1,0.23966374901034251,1.4,0.09938,23,14916251720102368290,160.0,P4
0.0,0.0,0.0,50000,0.1,0.26228536797920393,1.4,0.09864,24,4161081190131709610,160.0,P4
0.0,0.0,0.0,50000,0.1,0.24004221434072057,1.4,0.09976,25,3799702846452358665,160.0,P4
0.0,0.0,0.0,50000,0.1,0.2432764063089752,1.4,0.0989,26,6421518984109080649,160.0,P4
0.0,0.0,0.0,50000,0.1,0.24485616451577277,1.4,0.09968,27,15870136482172001147,160.0,P4
0.0,0.0,0.0,50000,0.1,0.24092574614994985,1.4,0.10044,28,13115787807583905692,160.0,P4
0.0,0.0,0.0,50000,0.1,0.24535937467462854,1.4,0.0999,29,10382750247274490099,160.0,P4
0.0,0.0,0.0,50000,0.1,0.25614593455037726,1.4,0.09996,30,5972389469700988904,160.0,P4
0.0,0.0,0.0,50000,0.1,0.25547984457464795,1.4,0.10096,31,12056341487885696444,160.0,P4
0.0,0.0,0.0,50000,0.1,0.2716904342860147,1.4,0.10046,32,6587120113761015915,160.0,P4
0.0,0.0,0.0,50000,0.1,0.24135484314076214,1.4,0.09806,33,8672189813679077879,160.0,P4
0.0,0.0,0.0,50000,0.1,0.2599640833219931,1.4,0.10166,34,2357252875505734368,160.0,P4
0.0,0.0,0.0,50000,0.1,0.23932835776050404,1.4,0.09954,35,16429225844562495523,160.0,P4
0.0,0.0,0.0,50000,0.1,0.23729317523295837,1.4,0.10096,36,15775131943358179846,160.0,P4
0.0,0.0,0.0,50000,0.1,0.2473564607859998,1.4,0.09894,37,17210993792221808017,160.0,P4
0.0,0.0,0.0,50000,0.1,0.26037137200387045,1.4,0.10076,38,9593083120682057335,160.0,P4
0.0,0.0,0.0,50000,0.1,0.23745167833030298,1.4,0.0995,39,11909495616931807625,160.0,P4
0.0,0.0,0.0,50000,0.1,0.25005485314268566,1.4,0.10078,40,9694794922339453269,160.0,P4
0.0,0.0,0.0,50000,0.1,0.2486825937130688,1.4,0.09902,41,1793005189826069051,160.0,P4
0.0,0.0,0.0,50000,0.1,0.229798277108366,1.4,0.09776,42,5173048351785068065,160.0,P4
0.0,0.0,0.0,50000,0.1,0.25430753567137626,1.4,0.10254,43,1445635741168373353,160.0,P4
0.0,0.0,0.0,50000,0.1,0.25003551613915714,1.4,0.10082,44,10682831210010833533,160.0,P4
0.0,0.0,0.0,50000,0.1,0.23165769091930305,1.4,0.09714,45,4152473773162596301,160.0,P4
0.0,0.0,0.0,50000,0.1,0.256291553858884,1.4,0.0994,46,2599449895192914321,160.0,P4
0.0,0.0,0.0,50000,0.1,0.23260414715311395,1.4,0.09936,47,9038793974917689958,160.0,P4
0.0,0.0,0.0,50000,0.1,0.2543079546567627,1.4,0.10042,48,17557115220353133675,160.0,P4
0.0,0.0,0.0,50000,0.1,0.23373197098318593,1.4,0.09932,49,10812805607003954160,160.0,P4
0.0,0.0,0.0,50000,0.1,0.2560271974272764,1.4,0.0981,50,1545129530362928489,160.0,P4
0.0,0.0,0.0,50000,0.1,0.240740468647586,1.4,0.102,51,18400549127361011056,160.0,P4
0.0,0.0,0.0,50000,0.1,0.2474214160888833,1.4,0.10034,52,14995592441250654123,160.0,P4
0.0,0.0,0.0,50000,0.1,0.24132008858287674,1.4,0.09828,53,1938696605900487379,160.0,P4
0.0,0.0,0.0,50000,0.1,0.25584244610442064,1.4,0.10176,54,322997771970967137,160.0,P4
0.0,0.0,0.0,50000,0.1,0.23747273829097493,1.4,0.09984,55,4005947337327643181,160.0,P4
0.0,0.0,0.0,50000,0.1,0.25542099294047765,1.4,0.10072,56,15580341674528985730,160.0,P4
0.0,0.0,0.0,50000,0.1,0.2387881295436366,1.4,0.09874,57,13234183020698039292,160.0,P4
0.0,0.0,0.0,50000,0.1,0.2502103142928074,1.4,0.10248,58,16708407028046772898,160.0,P4
0.0,0.0,0.0,50000,0.1,0.25407397048365526,1.4,0.09922,59,10837023473009090211,160.0,P4
0.0,0.0,0.0,50000,0.1,0.2424313523759662,1.4,0.10036,60,16229878971902814596,160.0,P4
0.0,0.0,0.0,50000,0.1,0.2527432721989464,1.4,0.10082,61,7901862263087860285,160.0,P4
0.0,0.0,0.0,50000,0.1,0.2505741213487506,1.4,0.09908,62,2481194294225484648,160.0,P4
0.0,0.0,0.0,50000,0.1,0.24465369994870168,1.4,0.10154,63,14434672247058634068,160.0,P4
0.0,0.0,0.0,50000,0.1,0.24772492643840632,1.4,0.09854,64,12109921837445458923,160.0,P4
0.0,0.0,0.0,50000,0.1,0.25780355116927756,1.4,0.0999,65,4232958476834349692,160.0,P4
0.0,0.0,0.0,50000,0.1,0.2531581537017889,1.4,0.10074,66,3474557337797804307,160.0,P4
0.0,0.0,0.0,50000,0.1,0.2599331016690585,1.4,0.10102,67,8081083813277665854,160.0,P4
0.0,0.0,0.0,50000,0.1,0.2478412860398996,1.4,0.10094,68,16952001846074009643,160.0,P4
0.0,0.0,0.0,50000,0.1,0.24218772055414,1.4,0.09818,69,2529190326236547685,160.0,P4
0.0,0.0,0.0,50000,0.1,0.25604012926724784,1.4,0.09888,70,11023020905242278338,160.0,P4
0.0,0.0,0.0,50000,0.1,0.25601216233585916,1.4,0.10038,71,14135526578667886967,160.0,P4
0.0,0.0,0.0,50000,0.1,0.2688474452701319,1.4,0.0987,72,655240417782070979,160.0,P4
0.0,0.0,0.0,50000,0.1,0.24033311405535754,1.4,0.10076,73,513685108941228335,160.0,P4
0.0,0.0,0.0,50000,0.1,0.251177249173393,1.4,0.10142,74,10869084288085571635,160.0,P4
0.0,0.0,0.0,50000,0.1,0.24738192760658875,1.4,0.10282,75,7499973035577330482,160.0,P4
0.0,0.0,0.0,50000,0.1,0.26251337725566054,1.4,0.10114,76,11597076892413940571,160.0,P4
0.0,0.0,0.0,50000,0.1,0.24827017453457786,1.4,0.09854,77,16055962490493365020,160.0,P4
0.0,0.0,0.0,50000,0.1,0.2522463412474636,1.4,0.10072,78,16354989462511828021,160.0,P4
0.0,0.0,0.0,50000,0.1,0.24321386571393205,1.4,0.0977,79,17765632332142292313,160.0,P4
0.0,0.0,0.0,50000,0.1,0.24436561368479287,1.4,0.09892,80,1463018912930160751,160.0,P4
0.0,0.0,0.0,50000,0.1,0.24926163079095745,1.4,0.09832,81,5270234563982962680,160.0,P4
0.0,0.0,0.0,50000,0.1,0.2543594654000608,1.4,0.10064,82,13373969615136279888,160.0,P4
0.0,0.0,0.0,50000,0.1,0.2524305196979828,1.4,0.10176,83,9928763633242248096,160.0,P4
0.0,0.0,0.0,50000,0.1,0.26738028088597326,1.4,0.10074,84,11704083342234647434,160.0,P4
0.0,0.0,0.0,50000,0.1,0.24363318258828076,1.4,0.10134,85,14677535019128679149,160.0,P4
0.0,0.0,0.0,50000,0.1,0.2459497685744171,1.4,0.09844,86,896237115029767612,160.0,P4
0.0,0.0,0.0,50000,0.1,0.2451429461068759,1.4,0.10112,87,3891578207064702789,160.0,P4
0.0,0.0,0.0,50000,0.1,0.24897588556846378,1.4,0.09912,88,3719498288261056130,160.0,P4
0.0,0.0,0.0,50000,0.1,0.25655488337812227,1.4,0.10168,89,11125471006421146009,160.0,P4
0.0,0.0,0.0,50000,0.1,0.2583331430927509,1.4,0.1004,90,11654909896914376451,160.0,P4
0.0,0.0,0.0,50000,0.1,0.2624119603277577,1.4,0.10282,91,9611287157391023474,160.0,P4
0.0,0.0,0.0,50000,0.1,0.2538466280527981,1.4,0.09788,92,3043998232957468661,160.0,P4
0.0,0.0,0.0,50000,0.1,0.2678192322932801,1.4,0.10204,93,11353135348378199336,160.0,P4
0.0,0.0,0.0,50000,0.1,0.2450800433842593,1.4,0.09996,94,1018872898877669408,160.0,P4
0.0,0.0,0.0,50000,0.1,0.2533934534359156,1.4,0.10066,95,14218531839952683903,160.0,P4
0.0,0.0,0.0,50000,0.1,0.24083265478822896,1.4,0.09752,96,4050225991115516659,160.0,P4
0.0,0.0,0.0,50000,0.1,0.2594976931349975,1.4,0.09912,97,11526767750734684995,160.0,P4
0.0,0.0,0.0,50000,0.1,0.2560517856336702,1.4,0.10018,98,17536776747891326325,160.0,P4
0.0,0.0,0.0,50000,0.1,0.2527679559380279,1.4,0.09822,99,2738822076207107987,160.0,P4
0.0,0.0,0.0,50000,0.25,0.9851463931242579,1.4,0.24902,0,13221322160096161084,160.0,P4
0.0,0.0,0.0,50000,0.25,1.0350980843577273,1.4,0.24998,1,8607195206476494450,160.0,P4
0.0,0.0,0.0,50000,0.25,1.0084656438245931,1.4,0.2474,2,11885741080821895430,160.0,P4
0.0,0.0,0.0,50000,0.25,0.9553178459840255,1.4,0.24966,3,3890315963684095568,160.0,P4
0.0,0.0,0.0,50000,0.25,1.030283233762075,1.4,0.2528,4,17676363372995411680,160.0,P4
0.0,0.0,0.0,50000,0.25,1.0063099597780107,1.4,0.2498,5,13187941258959674737,160.0,P4
0.0,0.0,0.0,50000,0.25,0.9973235407909974,1.4,0.25274,6,1317529055194459557,160.0,P4
0.0,0.0,0.0,50000,0.25,1.0421003816260794,1.4,0.25044,7,2848972861479874929,160.0,P4
0.0,0.0,0.0,50000,0.25,0.9431484879327343,1.4,0.24808,8,9441330251951303279,160.0,P4
0.0,0.0,0.0,50000,0.25,0.9184618730963352,1.4,0.24882,9,11649784362984042099,160.0,P4
0.0,0.0,0.0,50000,0.25,1.0252848802660839,1.4,0.25,10,8613497206269301095,160.0,P4
0.0,0.0,0.0,50000,0.25,1.014390152921758,1.4,0.24996,11,9599907194956362180,160.0,P4
0.0,0.0,0.0,50000,0.25,0.9641338223373855,1.4,0.24652,12,8742273576836061874,160.0,P4
0.0,0.0,0.0,50000,0.25,1.0163415157463491,1.4,0.25384,13,4514272703032436872,160.0,P4
0.0,0.0,0.0,50000,0.25,1.0629091848881143,1.4,0.25054,14,12508219714927721575,160.0,P4
0.0,0.0,0.0,50000,0.25,0.972799679023765,1.4,0.24972,15,11691743412501118625,160.0,P4
0.0,0.0,0.0,50000,0.25,0.9173012840997372,1.4,0.24762,16,13412071234305053664,160.0,P4
0.0,0.0,0.0,50000,0.25,1.045800588062865,1.4,0.24916,17,17381652976590188195,160.0,P4
0.0,0.0,0.0,50000,0.25,0.9994686383665186,1.4,0.25048,18,15216132794163219820,160.0,P4
0.0,0.0,0.0,50000,0.25,0.9520177213968104,1.4,0.2477,19,1928538312032691069,160.0,P4
0.0,0.0,0.0,50000,0.25,1.0044840731037732,1.4,0.24946,20,5761258042987003648,160.0,P4
0.0,0.0,0.0,50000,0.25,0.9856283913464926,1.4,0.2492,21,10693628164234408475,160.0,P4
0.0,0.0,0.0,50000,0.25,0.9832167141882028,1.4,0.24852,22,17708693975051075745,160.0,P4
0.0,0.0,0.0,50000,0.25,1.0257583533331938,1.4,0.2506,23,6291858126244617486,160.0,P4
0.0,0.0,0.0,50000,0.25,0.9921566908410283,1.4,0.2537,24,18232300726231903960,160.0,P4
0.0,0.0,0.0,50000,0.25,1.0556246997225012,1.4,0.24972,25,13447727486696523004,160.0,P4
0.0,0.0,0.0,50000,0.25,0.9305057541718469,1.4,0.24742,26,11512664888402469263,160.0,P4
0.0,0.0,0.0,50000,0.25,1.009427525204208,1.4,0.25006,27,11784106015990210840,160.0,P4
0.0,0.0,0.0,50000,0.25,0.9838425407510292,1.4,0.251,28,6499784641927754016,160.0,P4
0.0,0.0,0.0,50000,0.25,1.0628240389035775,1.4,0.24992,29,2285361164098625930,160.0,P4
0.0,0.0,0.0,50000,0.25,0.9972845674696614,1.4,0.2488,30,14895939841055853696,160.0,P4
0.0,0.0,0.0,50000,0.25,0.9550927852911687,1.4,0.24736,31,5865269955965347188,160.0,P4
0.0,0.0,0.0,50000,0.25,0.9627012750425618,1.4,0.24542,32,14887559294453523428,160.0,P4
0.0,0.0,0.0,50000,0.25,0.9427782624523665,1.4,0.25274,33,15361189864297971055,160.0,P4
0.0,0.0,0.0,50000,0.25,1.0035016173080502,1.4,0.24656,34,16364154747727992573,160.0,P4
0.0,0.0,0.0,50000,0.25,0.9822337143139863,1.4,0.25216,35,2481604304356378406,160.0,P4
0.0,0.0,0.0,50000,0.25,0.9955998513003961,1.4,0.25054,36,7338543197325344425,160.0,P4
0.0,0.0,0.0,50000,0.25,1.0182713117590745,1.4,0.24822,37,18005244947988475973,160.0,P4
0.0,0.0,0.0,50000,0.25,0.9521865622983465,1.4,0.24958,38,7361564316341356073,160.0,P4
0.0,0.0,0.0,50000,0.25,0.9541265026190614,1.4,0.24774,39,4346138877251916959,160.0,P4
0.0,0.0,0.0,50000,0.25,1.0353000958959286,1.4,0.25098,40,10779183142618760985,160.0,P4
0.0,0.0,0.0,50000,0.25,0.9855370212028525,1.4,0.25174,41,2069223222728670881,160.0,P4
0.0,0.0,0.0,50000,0.25,0.989373272947937,1.4,0.253,42,12827178624795719226,160.0,P4
0.0,0.0,0.0,50000,0.25,1.0328742681078211,1.4,0.24944,43,10346875057067759515,160.0,P4
0.0,0.0,0.0,50000,0.25,1.0207147776848093,1.4,0.24802,44,6566852486678581886,160.0,P4
0.0,0.0,0.0,50000,0.25,0.9710470424914777,1.4,0.25162,45,7367288416061782962,160.0,P4
0.0,0.0,0.0,50000,0.25,0.9595814799146345,1.4,0.249,46,14172486249327539380,160.0,P4
0.0,0.0,0.0,50000,0.25,0.9670816208906402,1.4,0.24876,47,608718273866523337,160.0,P4
0.0,0.0,0.0,50000,0.25,1.0142151025840456,1.4,0.24834,48,13991050199711640209,160.0,P4
0.0,0.0,0.0,50000,0.25,1.0327059816377064,1.4,0.25036,49,5389136487490387240,160.0,P4
0.0,0.0,0.0,50000,0.25,0.8952187189671278,1.4,0.24594,50,5185876102721782079,160.0,P4
0.0,0.0,0.0,50000,0.25,0.957248740398025,1.4,0.25042,51,9554060901953211255,160.0,P4
0.0,0.0,0.0,50000,0.25,1.01401803755556,1.4,0.25164,52,1519839939086755832,160.0,P4
0.0,0.0,0.0,50000,0.25,0.9738584894022561,1.4,0.25388,53,9928071527865450352,160.0,P4
0.0,0.0,0.0,50000,0.25,0.9430149939792365,1.4,0.25092,54,15701591549280231884,160.0,P4
0.0,0.0,0.0,50000,0.25,0.974394664141072,1.4,0.249,55,2074743881902846864,160.0,P4
0.0,0.0,0.0,50000,0.25,0.996200604027376,1.4,0.25116,56,7484358470135150670,160.0,P4
0.0,0.0,0.0,50000,0.25,1.031283965892957,1.4,0.24716,57,15582651042837485821,160.0,P4
0.0,0.0,0.0,50000,0.25,0.9785512019169516,1.4,0.24974,58,10653558142864161360,160.0,P4
0.0,0.0,0.0,50000,0.25,0.9987685489152129,1.4,0.25198,59,17278271595760715297,160.0,P4
0.0,0.0,0.0,50000,0.25,0.9278831488174151,1.4,0.2509,60,3069483443741848168,160.0,P4
0.0,0.0,0.0,50000,0.25,0.9871511056866733,1.4,0.25062,61,9905160022336688150,160.0,P4
0.0,0.0,0.0,50000,0.25,1.0126406040741855,1.4,0.25,62,3761373779807558670,160.0,P4
0.0,0.0,0.0,50000,0.25,1.023912063402498,1.4,0.2504,63,11382188907881595985,160.0,P4
0.0,0.0,0.0,50000,0.25,0.9530596853015267,1.4,0.2498,64,10446153098751589524,160.0,P4
0.0,0.0,0.0,50000,0.25,0.9434541213624491,1.4,0.2462,65,2987241227385942728,160.0,P4
0.0,0.0,0.0,50000,0.25,0.9889642752902761,1.4,0.24766,66,3578875820292647696,160.0,P4
0.0,0.0,0.0,50000,0.25,0.9478697821993383,1.4,0.24828,67,10127315796635683786,160.0,P4
0.0,0.0,0.0,50000,0.25,0.9977341631116665,1.4,0.25074,68,1584317019359368121,160.0,P4
0.0,0.0,0.0,50000,0.25,0.9295098173613943,1.4,0.24848,69,9994890681549588777,160.0,P4
0.0,0.0,0.0,50000,0.25,1.0034530004582378,1.4,0.24788,70,8598442804856509674,160.0,P4
0.0,0.0,0.0,50000,0.25,1.0250009064509407,1.4,0.24764,71,11345954034200518536,160.0,P4
0.0,0.0,0.0,50000,0.25,0.9672917908697353,1.4,0.24786,72,13957413431310366730,160.0,P4
0.0,0.0,0.0,50000,0.25,0.9564222891033157,1.4,0.2466,73,16530897892198156004,160.0,P4
0.0,0.0,0.0,50000,0.25,1.0406039416561128,1.4,0.25278,74,11051028006046861184,160.0,P4
0.0,0.0,0.0,50000,0.25,0.9614125250547103,1.4,0.25134,75,4236624785194847830,160.0,P4
0.0,0.0,0.0,50000,0.25,0.9939423461778445,1.4,0.25416,76,15162083593755389298,160.0,P4
0.0,0.0,0.0,50000,0.25,0.9995061800839184,1.4,0.2511,77,3004422959117182006,160.0,P4
0.0,0.0,0.0,50000,0.25,1.013333009975754,1.4,0.24934,78,7071745519751187650,160.0,P4
0.0,0.0,0.0,50000,0.25,1.022780937469111,1.4,0.2513,79,8315771898252434387,160.0,P4
0.0,0.0,0.0,50000,0.25,0.9913202993899942,1.4,0.24912,80,10603178648237061584,160.0,P4
0.0,0.0,0.0,50000,0.25,0.9537860944177113,1.4,0.2507,81,14353071560765924572,160.0,P4
0.0,0.0,0.0,50000,0.25,0.9889251315871552,1.4,0.24956,82,5042701906498784995,160.0,P4
0.0,0.0,0.0,50000,0.25,1.0048597581430352,1.4,0.25094,83,16491369359961009744,160.0,P4
0.0,0.0,0.0,50000,0.25,0.9741019020260004,1.4,0.25046,84,13990949492076245836,160.0,P4
0.0,0.0,0.0,50000,0.25,1.013561414629494,1.4,0.25242,85,17015905828609156175,160.0,P4
0.0,0.0,0.0,50000,0.25,0.9131110186991586,1.4,0.25126,86,3560535744053920524,160.0,P4
0.0,0.0,0.0,50000,0.25,1.025413897225251,1.4,0.25234,87,17305562209314212325,160.0,P4
0.0,0.0,0.0,50000,0.25,1.0037381910663572,1.4,0.25092,88,8747283293438606349,160.0,P4
0.0,0.0,0.0,50000,0.25,1.010223126773395,1.4,0.24976,89,6627467323014068413,160.0,P4
0.0,0.0,0.0,50000,0.25,0.9558737522737131,1.4,0.25062,90,2057937969080697237,160.0,P4
0.0,0.0,0.0,50000,0.25,1.0280092678344441,1.4,0.24778,91,4008762360183833629,160.0,P4
0.0,0.0,0.0,50000,0.25,0.9604566139689832,1.4,0.24794,92,5154143747122945364,160.0,P4
0.0,0.0,0.0,50000,0.25,0.9793303158325106,1.4,0.24644,93,2118674623599256327,160.0,P4
0.0,0.0,0.0,50000,0.25,1.0082003094860166,1.4,0.25064,94,13716243667692611782,160.0,P4
0.0,0.0,0.0,50000,0.25,1.0047225937376925,1.4,0.25148,95,11657140089400550468,160.0,P4
0.0,0.0,0.0,50000,0.25,0.9954400195368309,1.4,0.25014,96,9439922609705016142,160.0,P4
0.0,0.0,0.0,50000,0.25,1.0434165976910919,1.4,0.24962,97,15804962230512583817,160.0,P4
0.0,0.0,0.0,50000,0.25,1.0574934046763211,1.4,0.25314,98,6084658862620137165,160.0,P4
0.0,0.0,0.0,50000,0.25,1.0283387843787,1.4,0.25178,99,5337977074955046022,160.0,P4
0.0,0.0,0.0,50000,0.5,3.5558077324347024,1.4,0.50108,0,10481110919347549944,160.0,P4
0.0,0.0,0.0,50000,0.5,3.43875271671638,1.4,0.501,1,12491988521600449513,160.0,P4
0.0,0.0,0.0,50000,0.5,3.3271636979246386,1.4,0.49886,2,17391614204624749276,160.0,P4
0.0,0.0,0.0,50000,0.5,3.324541778693153,1.4,0.50144,3,7153251309638024235,160.0,P4
0.0,0.0,0.0,50000,0.5,3.676505268843279,1.4,0.50286,4,14950211096439713861,160.0,P4
0.0,0.0,0.0,50000,0.5,3.5896942369736022,1.4,0.5044,5,2087485751823015154,160.0,P4
0.0,0.0,0.0,50000,0.5,3.4173281857283815,1.4,0.5,6,5873291158154641979,160.0,P4
0.0,0.0,0.0,50000,0.5,3.4905918168625307,1.4,0.50086,7,5417872059826788580,160.0,P4
0.0,0.0,0.0,50000,0.5,3.236108473483493,1.4,0.49498,8,3262142595062999422,160.0,P4
0.0,0.0,0.0,50000,0.5,3.537235655579812,1.4,0.49942,9,14546528590045486259,160.0,P4
0.0,0.0,0.0,50000,0.5,3.555911470815006,1.4,0.50386,10,570229970949765960,160.0,P4
0.0,0.0,0.0,50000,0.5,3.650357739060181,1.4,0.50098,11,3907201321005737119,160.0,P4
0.0,0.0,0.0,50000,0.5,3.5070312467551963,1.4,0.49672,12,3767208364936677115,160.0,P4
0.0,0.0,0.0,50000,0.5,3.4810354599593345,1.4,0.49884,13,11976912384030730082,160.0,P4
0.0,0.0,0.0,50000,0.5,3.3366977228290104,1.4,0.50092,14,5486612957018910974,160.0,P4
0.0,0.0,0.0,50000,0.5,3.4266687507550735,1.4,0.49704,15,1096923320795856590,160.0,P4
0.0,0.0,0.0,50000,0.5,3.3926294353073265,1.4,0.49886,16,18015380906012405898,160.0,P4
0.0,0.0,0.0,50000,0.5,3.5549438245095093,1.4,0.49622,17,7797134037396615447,160.0,P4
0.0,0.0,0.0,50000,0.5,3.594398738282315,1.4,0.50002,18,3965405229179644213,160.0,P4
0.0,0.0,0.0,50000,0.5,3.4621397889102443,1.4,0.50004,19,4661156267151845776,160.0,P4
0.0,0.0,0.0,50000,0.5,3.490191367104557,1.4,0.49858,20,10201715640708053696,160.0,P4
0.0,0.0,0.0,50000,0.5,3.645153043928807,1.4,0.49946,21,11035899971948632324,160.0,P4
0.0,0.0,0.0,50000,0.5,3.493169002220693,1.4,0.50266,22,9074039077184317885,160.0,P4
0.0,0.0,0.0,50000,0.5,3.3834773433383845,1.4,0.49978,23,11949125562810564576,160.0,P4
0.0,0.0,0.0,50000,0.5,3.3107081260441626,1.4,0.49664,24,722835912167628253,160.0,P4
0.0,0.0,0.0,50000,0.5,3.3960910911063227,1.4,0.49904,25,8977495100559497050,160.0,P4
0.0,0.0,0.0,50000,0.5,3.3707963128905583,1.4,0.50086,26,8839044341287810361,160.0,P4
0.0,0.0,0.0,50000,0.5,3.5087735299339378,1.4,0.49878,27,13965871859470172644,160.0,P4
0.0,0.0,0.0,50000,0.5,3.5156915455117996,1.4,0.5007,28,5309639345724057189,160.0,P4
0.0,0.0,0.0,50000,0.5,3.4317445050315016,1.4,0.49874,29,4658263270497680119,160.0,P4
0.0,0.0,0.0,50000,0.5,3.490191917571146,1.4,0.49608,30,3186070572252921722,160.0,P4
0.0,0.0,0.0,50000,0.5,3.5169214808390477,1.4,0.4984,31,12815842149980913582,160.0,P4
0.0,0.0,0.0,50000,0.5,3.5828814297638694,1.4,0.49948,32,13568968021097017296,160.0,P4
0.0,0.0,0.0,50000,0.5,3.469302623896709,1.4,0.50212,33,8115698317251758286,160.0,P4
0.0,0.0,0.0,50000,0.5,3.4939668963743484,1.4,0.49934,34,47913151612969482,160.0,P4
0.0,0.0,0.0,50000,0.5,3.5203195732388153,1.4,0.50488,35,12867391088028616698,160.0,P4
0.0,0.0,0.0,50000,0.5,3.4022209260557608,1.4,0.501,36,12990969763077888178,160.0,P4
0.0,0.0,0.0,50000,0.5,3.7809697810698086,1.4,0.50012,37,5631691840568739849,160.0,P4
0.0,0.0,0.0,50000,0.5,3.4281197826857825,1.4,0.49962,38,946670025137551101,160.0,P4
0.0,0.0,0.0,50000,0.5,3.5422325876254157,1.4,0.49926,39,16076290876098017312,160.0,P4
0.0,0.0,0.0,50000,0.5,3.6020025953712937,1.4,0.50218,40,8007923925288447771,160.0,P4
0.0,0.0,0.0,50000,0.5,3.4754931516425045,1.4,0.50446,41,7093037379505290776,160.0,P4
0.0,0.0,0.0,50000,0.5,3.2403967922433017,1.4,0.49678,42,7083004571068656725,160.0,P4
0.0,0.0,0.0,50000,0.5,3.4261951874318974,1.4,0.49844,43,10702255867258900552,160.0,P4
0.0,0.0,0.0,50000,0.5,3.66431757159594,1.4,0.50268,44,13240739887135549986,160.0,P4
0.0,0.0,0.0,50000,0.5,3.4525622449469195,1.4,0.49968,45,9064655740830608018,160.0,P4
0.0,0.0,0.0,50000,0.5,3.5106813352565434,1.4,0.50174,46,9056770461645858551,160.0,P4
0.0,0.0,0.0,50000,0.5,3.666835457353443,1.4,0.49672,47,18346494887954381781,160.0,P4
0.0,0.0,0.0,50000,0.5,3.6403710001507297,1.4,0.50284,48,16541660323413668651,160.0,P4
0.0,0.0,0.0,50000,0.5,3.581732402409589,1.4,0.50214,49,2350058302197376357,160.0,P4
0.0,0.0,0.0,50000,0.5,3.378520124676141,1.4,0.49806,50,10622579992358699652,160.0,P4
0.0,0.0,0.0,50000,0.5,3.435534841179649,1.4,0.50084,51,4597720038115723141,160.0,P4
0.0,0.0,0.0,50000,0.5,3.481560783864266,1.4,0.50236,52,16381026237010742057,160.0,P4
0.0,0.0,0.0,50000,0.5,3.411960793044814,1.4,0.49596,53,1340213745556852594,160.0,P4
0.0,0.0,0.0,50000,0.5,3.541146355467183,1.4,0.50228,54,6319684374808892839,160.0,P4
0.0,0.0,0.0,50000,0.5,3.58958637531825,1.4,0.5025,55,9385000348301741989,160.0,P4
0.0,0.0,0.0,50000,0.5,3.2524092410851315,1.4,0.49804,56,8302930967772839967,160.0,P4
0.0,0.0,0.0,50000,0.5,3.492998253543115,1.4,0.49866,57,13760806673172671851,160.0,P4
0.0,0.0,0.0,50000,0.5,3.427345207248648,1.4,0.49834,58,14431863422184795241,160.0,P4
0.0,0.0,0.0,50000,0.5,3.2425454881003133,1.4,0.4982,59,815755861090741081,160.0,P4
0.0,0.0,0.0,50000,0.5,3.2124893609136467,1.4,0.49646,60,588477876658157699,160.0,P4
0.0,0.0,0.0,50000,0.5,3.463344985991441,1.4,0.49804,61,7660070524625389272,160.0,P4
0.0,0.0,0.0,50000,0.5,3.487454410616807,1.4,0.50042,62,9084541028506832747,160.0,P4
0.0,0.0,0.0,50000,0.5,3.7073650169910493,1.4,0.50024,63,5989811594261213447,160.0,P4
0.0,0.0,0.0,50000,0.5,3.363767566015338,1.4,0.4985,64,10907671674608289863,160.0,P4
0.0,0.0,0.0,50000,0.5,3.2071336841742544,1.4,0.4965,65,12191876336910809167,160.0,P4
0.0,0.0,0.0,50000,0.5,3.457228086936782,1.4,0.49954,66,9010957432636755811,160.0,P4
0.0,0.0,0.0,50000,0.5,3.297200406289998,1.4,0.50098,67,3136278521424179034,160.0,P4
0.0,0.0,0.0,50000,0.5,3.517949966093563,1.4,0.49778,68,4492988697658506272,160.0,P4
0.0,0.0,0.0,50000,0.5,3.4577613895690087,1.4,0.50104,69,5021736323612413802,160.0,P4
0.0,0.0,0.0,50000,0.5,3.4957669239558657,1.4,0.50164,70,12558085904843858526,160.0,P4
0.0,0.0,0.0,50000,0.5,3.4005217221606734,1.4,0.50174,71,5018405586137006613,160.0,P4
0.0,0.0,0.0,50000,0.5,3.5273285511615837,1.4,0.49958,72,2084949935315135833,160.0,P4
0.0,0.0,0.0,50000,0.5,3.4485762130443596,1.4,0.50354,73,16802497426712608264,160.0,P4
0.0,0.0,0.0,50000,0.5,3.521261338917092,1.4,0.50378,74,16757896026354021826,160.0,P4
0.0,0.0,0.0,50000,0.5,3.418247561075316,1.4,0.49868,75,3535138680291225564,160.0,P4
0.0,0.0,0.0,50000,0.5,3.480545964878953,1.4,0.50138,76,89952960628171645,160.0,P4
0.0,0.0,0.0,50000,0.5,3.504895237044112,1.4,0.49892,77,17507767799565691778,160.0,P4
0.0,0.0,0.0,50000,0.5,3.345321142485237,1.4,0.50132,78,4294914788544401685,160.0,P4
0.0,0.0,0.0,50000,0.5,3.303998248779063,1.4,0.49666,79,3844358552601183144,160.0,P4
0.0,0.0,0.0,50000,0.5,3.2820098310317745,1.4,0.49942,80,3457137428249201138,160.0,P4
0.0,0.0,0.0,50000,0.5,3.630504178585768,1.4,0.50148,81,803059785178000619,160.0,P4
0.0,0.0,0.0,50000,0.5,3.572017640859444,1.4,0.50492,82,359831511484654428,160.0,P4
0.0,0.0,0.0,50000,0.5,3.327964236526069,1.4,0.49918,83,18439210819376588628,160.0,P4
0.0,0.0,0.0,50000,0.5,3.4349295405926714,1.4,0.4996,84,12225997645381309593,160.0,P4
0.0,0.0,0.0,50000,0.5,3.6863832552390288,1.4,0.5013,85,15507881791855424223,160.0,P4
0.0,0.0,0.0,50000,0.5,3.3462088366902445,1.4,0.49976,86,3750799899539767321,160.0,P4
0.0,0.0,0.0,50000,0.5,3.494648094515742,1.4,0.49986,87,5217102452198721936,160.0,P4
0.0,0.0,0.0,50000,0.5,3.3280237499362397,1.4,0.49742,88,2991753750256020082,160.0,P4
0.0,0.0,0.0,50000,0.5,3.5733376001609414,1.4,0.49778,89,9541315212922333178,160.0,P4
0.0,0.0,0.0,50000,0.5,3.5384099297149647,1.4,0.50334,90,9891401760584431458,160.0,P4
0.0,0.0,0.0,50000,0.5,3.3233439637903848,1.4,0.49836,91,3529784074378034071,160.0,P4
0.0,0.0,0.0,50000,0.5,3.3620074208422093,1.4,0.49686,92,4504838525670311809,160.0,P4
0.0,0.0,0.0,50000,0.5,3.474531338843821,1.4,0.50378,93,5902176001812283503,160.0,P4
0.0,0.0,0.0,50000,0.5,3.4752150930682535,1.4,0.50032,94,6836552222330545589,160.0,P4
0.0,0.0,0.0,50000,0.5,3.636661023026204,1.4,0.5,95,12330164426538828427,160.0,P4
0.0,0.0,0.0,50000,0.5,3.3696936486053,1.4,0.5,96,15837311891954660575,160.0,P4
0.0,0.0,0.0,50000,0.5,3.475883416036912,1.4,0.50258,97,9140539539858359771,160.0,P4
0.0,0.0,0.0,50000,0.5,3.3602803184408105,1.4,0.5023,98,7917770936863402853,160.0,P4
0.0,0.0,0.0,50000,0.5,3.2662319558532023,1.4,0.49842,99,9959638974757663781,160.0,P4
0.0,0.0,0.0,50000,0.75,5.873989111233224,1.4,0.75084,0,1532397196153275670,160.0,P4
0.0,0.0,0.0,50000,0.75,5.650287349754388,1.4,0.7522,1,841687384384264412,160.0,P4
0.0,0.0,0.0,50000,0.75,5.614196987316727,1.4,0.74548,2,803071604650480008,160.0,P4
0.0,0.0,0.0,50000,0.75,5.763451825113711,1.4,0.7498,3,14257977402165882662,160.0,P4
0.0,0.0,0.0,50000,0.75,5.624101003152685,1.4,0.74864,4,1250302965212956282,160.0,P4
0.0,0.0,0.0,50000,0.75,5.768849744740848,1.4,0.74776,5,2925178762951716451,160.0,P4
0.0,0.0,0.0,50000,0.75,5.464669839151166,1.4,0.74842,6,11122967399701514556,160.0,P4
0.0,0.0,0.0,50000,0.75,5.830842508778411,1.4,0.75364,7,1489669893883654431,160.0,P4
0.0,0.0,0.0,50000,0.75,5.710169354465467,1.4,0.75114,8,10486688553026137034,160.0,P4
0.0,0.0,0.0,50000,0.75,5.552186207271391,1.4,0.74946,9,5843830440890501586,160.0,P4
0.0,0.0,0.0,50000,0.75,5.858723305505377,1.4,0.74852,10,6248947010149388908,160.0,P4
0.0,0.0,0.0,50000,0.75,5.503355022967796,1.4,0.74972,11,8509954920564680799,160.0,P4
0.0,0.0,0.0,50000,0.75,5.667758250939355,1.4,0.74796,12,8019099118351571251,160.0,P4
0.0,0.0,0.0,50000,0.75,5.680581176860509,1.4,0.75144,13,2504621481861438809,160.0,P4
0.0,0.0,0.0,50000,0.75,5.7070766838946,1.4,0.74846,14,12261100440706908213,160.0,P4
0.0,0.0,0.0,50000,0.75,5.839151908896667,1.4,0.75088,15,11760945239999733671,160.0,P4
0.0,0.0,0.0,50000,0.75,5.611646935107816,1.4,0.74836,16,5439253304132935093,160.0,P4
0.0,0.0,0.0,50000,0.75,5.975493949776574,1.4,0.75132,17,12106359923775773112,160.0,P4
0.0,0.0,0.0,50000,0.75,5.561024171481627,1.4,0.75058,18,13191625877738580048,160.0,P4
0.0,0.0,0.0,50000,0.75,5.591181145009509,1.4,0.75308,19,1626663686877040116,160.0,P4
0.0,0.0,0.0,50000,0.75,5.529845987616022,1.4,0.74822,20,1736007140960729119,160.0,P4
0.0,0.0,0.0,50000,0.75,5.586006266053658,1.4,0.751,21,1636141478622077502,160.0,P4
0.0,0.0,0.0,50000,0.75,5.8539194971418125,1.4,0.75124,22,3155656483701479090,160.0,P4
0.0,0.0,0.0,50000,0.75,5.649463950643808,1.4,0.75228,23,5171620936351161668,160.0,P4
0.0,0.0,0.0,50000,0.75,5.715006048219481,1.4,0.75002,24,5548443280239816755,160.0,P4
0.0,0.0,0.0,50000,0.75,5.728298712831062,1.4,0.74906,25,3118354375202743407,160.0,P4
0.0,0.0,0.0,50000,0.75,5.681499249368928,1.4,0.7508,26,12041125942857250608,160.0,P4
0.0,0.0,0.0,50000,0.75,5.660112537949575,1.4,0.7481,27,8206444227651629972,160.0,P4
0.0,0.0,0.0,50000,0.75,5.795465894846937,1.4,0.74826,28,17202301289788664398,160.0,P4
0.0,0.0,0.0,50000,0.75,5.5009886521358995,1.4,0.75124,29,7832982974056839894,160.0,P4
0.0,0.0,0.0,50000,0.75,5.813118011515949,1.4,0.75012,30,928474918648276627,160.0,P4
0.0,0.0,0.0,50000,0.75,6.032727796518754,1.4,0.75028,31,13886092473148372983,160.0,P4
0.0,0.0,0.0,50000,0.75,5.743557634434322,1.4,0.7523,32,16830442875833322785,160.0,P4
0.0,0.0,0.0,50000,0.75,5.652119167436741,1.4,0.74878,33,7278457676288190319,160.0,P4
0.0,0.0,0.0,50000,0.75,5.7948941361885975,1.4,0.7486,34,8018938071687419781,160.0,P4
0.0,0.0,0.0,50000,0.75,5.635424695290155,1.4,0.74868,35,4000753680677334573,160.0,P4
0.0,0.0,0.0,50000,0.75,5.869957903664679,1.4,0.74898,36,1114973842594134519,160.0,P4
0.0,0.0,0.0,50000,0.75,5.804659676482433,1.4,0.7482,37,6826837407444108790,160.0,P4
0.0,0.0,0.0,50000,0.75,5.6214063644190935,1.4,0.74768,38,16694291028960113664,160.0,P4
0.0,0.0,0.0,50000,0.75,5.738144749783745,1.4,0.74874,39,7837336077375686616,160.0,P4
0.0,0.0,0.0,50000,0.75,5.82910678378647,1.4,0.75128,40,6316158430064133172,160.0,P4
0.0,0.0,0.0,50000,0.75,5.507621881065557,1.4,0.7487,41,3116203740762076576,160.0,P4
0.0,0.0,0.0,50000,0.75,5.3642564201686636,1.4,0.75048,42,8949357714102474899,160.0,P4
0.0,0.0,0.0,50000,0.75,5.80295781254441,1.4,0.7527,43,11624006407346121793,160.0,P4
0.0,0.0,0.0,50000,0.75,5.694215269214526,1.4,0.74834,44,10236118389763785601,160.0,P4
0.0,0.0,0.0,50000,0.75,5.644723630659304,1.4,0.7526,45,14665780697635804522,160.0,P4
0.0,0.0,0.0,50000,0.75,5.544537664296506,1.4,0.74824,46,10988571249236500251,160.0,P4
0.0,0.0,0.0,50000,0.75,5.693433489632486,1.4,0.75068,47,14396717363159899231,160.0,P4
0.0,0.0,0.0,50000,0.75,5.760295612792475,1.4,0.75166,48,11736324475497384567,160.0,P4
0.0,0.0,0.0,50000,0.75,5.667444554840406,1.4,0.75114,49,3222188893722490003,160.0,P4
0.0,0.0,0.0,50000,0.75,5.625933190296735,1.4,0.74944,50,13962529560131602516,160.0,P4
0.0,0.0,0.0,50000,0.75,5.601176912171107,1.4,0.75412,51,3061407334612533490,160.0,P4
0.0,0.0,0.0,50000,0.75,5.810538908351383,1.4,0.75224,52,8931912327714978847,160.0,P4
0.0,0.0,0.0,50000,0.75,5.594556064066616,1.4,0.75044,53,13079925112170103445,160.0,P4
0.0,0.0,0.0,50000,0.75,5.649720827239777,1.4,0.75072,54,14339759984281445363,160.0,P4
0.0,0.0,0.0,50000,0.75,5.626801528151113,1.4,0.75008,55,3324695420302512389,160.0,P4
0.0,0.0,0.0,50000,0.75,5.65138784223639,1.4,0.74866,56,12221495569459441995,160.0,P4
0.0,0.0,0.0,50000,0.75,5.452234827188336,1.4,0.75174,57,12826830803476974612,160.0,P4
0.0,0.0,0.0,50000,0.75,5.655921133128676,1.4,0.75274,58,10994477697668242323,160.0,P4
0.0,0.0,0.0,50000,0.75,5.724978233530334,1.4,0.74936,59,13602934941821262838,160.0,P4
0.0,0.0,0.0,50000,0.75,5.7640077387151205,1.4,0.7497,60,9842739623565910275,160.0,P4
0.0,0.0,0.0,50000,0.75,5.857082716782806,1.4,0.75028,61,12480204375415539450,160.0,P4
0.0,0.0,0.0,50000,0.75,5.845815296294487,1.4,0.75064,62,7961077580540160151,160.0,P4
0.0,0.0,0.0,50000,0.75,5.783369084596178,1.4,0.74844,63,774598920293055323,160.0,P4
0.0,0.0,0.0,50000,0.75,5.66847543715003,1.4,0.75128,64,6345162663463157281,160.0,P4
0.0,0.0,0.0,50000,0.75,5.747112698014586,1.4,0.75384,65,9504508278009617878,160.0,P4
0.0,0.0,0.0,50000,0.75,5.604312746842562,1.4,0.75166,66,1436904353789543533,160.0,P4
0.0,0.0,0.0,50000,0.75,5.779176562893093,1.4,0.75042,67,7885472559908090237,160.0,P4
0.0,0.0,0.0,50000,0.75,5.499893798839255,1.4,0.75152,68,7796019238453551294,160.0,P4
0.0,0.0,0.0,50000,0.75,5.638363558839486,1.4,0.75226,69,5247267619579498168,160.0,P4
0.0,0.0,0.0,50000,0.75,5.831425403983944,1.4,0.75264,70,11545282552001880043,160.0,P4
0.0,0.0,0.0,50000,0.75,5.4604070828056095,1.4,0.74884,71,16600559789655300341,160.0,P4
0.0,0.0,0.0,50000,0.75,5.469981730544104,1.4,0.74808,72,16812491069634894558,160.0,P4
0.0,0.0,0.0,50000,0.75,5.7913120969607,1.4,0.74936,73,9147355933994272469,160.0,P4
0.0,0.0,0.0,50000,0.75,5.756171453420659,1.4,0.74942,74,17108295067732727740,160.0,P4
0.0,0.0,0.0,50000,0.75,5.586271722265929,1.4,0.74884,75,12777167111037470463,160.0,P4
0.0,0.0,0.0,50000,0.75,5.639593427399366,1.4,0.74878,76,12997619560593937709,160.0,P4
0.0,0.0,0.0,50000,0.75,5.575591922993793,1.4,0.74894,77,7000358084498683715,160.0,P4
0.0,0.0,0.0,50000,0.75,5.494391707681755,1.4,0.74916,78,17127705544652212156,160.0,P4
0.0,0.0,0.0,50000,0.75,5.487160979828276,1.4,0.74894,79,12293149754004541051,160.0,P4
0.0,0.0,0.0,50000,0.75,5.639249561644016,1.4,0.74912,80,6026632941112200081,160.0,P4
0.0,0.0,0.0,50000,0.75,5.72570373358888,1.4,0.75022,81,17236352609993267414,160.0,P4
0.0,0.0,0.0,50000,0.75,5.449518711438719,1.4,0.75126,82,12234128849014891377,160.0,P4
0.0,0.0,0.0,50000,0.75,5.738788357698976,1.4,0.74972,83,11238470071584645153,160.0,P4
0.0,0.0,0.0,50000,0.75,5.651677315567205,1.4,0.74972,84,11651059781463756889,160.0,P4
0.0,0.0,0.0,50000,0.75,5.8090880578974184,1.4,0.7519,85,13194761708399802606,160.0,P4
0.0,0.0,0.0,50000,0.75,5.7804250708382945,1.4,0.7513,86,10652750798212369289,160.0,P4
0.0,0.0,0.0,50000,0.75,5.768970305986918,1.4,0.74846,87,5812285893707589348,160.0,P4
0.0,0.0,0.0,50000,0.75,5.814484659187388,1.4,0.74806,88,14844314074801857998,160.0,P4
0.0,0.0,0.0,50000,0.75,5.719820812564482,1.4,0.75248,89,5830748178568053511,160.0,P4
0.0,0.0,0.0,50000,0.75,5.409854434659575,1.4,0.75198,90,1746645034622394023,160.0,P4
0.0,0.0,0.0,50000,0.75,5.724865805547987,1.4,0.74798,91,499169165830339136,160.0,P4
0.0,0.0,0.0,50000,0.75,5.7710564754524905,1.4,0.75332,92,15275840196918462565,160.0,P4
0.0,0.0,0.0,50000,0.75,5.68850865875729,1.4,0.74928,93,12639480524469458248,160.0,P4
0.0,0.0,0.0,50000,0.75,5.644966315478455,1.4,0.74942,94,8695640016690098638,160.0,P4
0.0,0.0,0.0,50000,0.75,5.555310098774056,1.4,0.75102,95,7244104301362403172,160.0,P4
0.0,0.0,0.0,50000,0.75,5.569220907194723,1.4,0.74824,96,12731865928287631829,160.0,P4
0.0,0.0,0.0,50000,0.75,5.646167732992104,1.4,0.7502,97,11211854292578178974,160.0,P4
0.0,0.0,0.0,50000,0.75,5.6517653654248035,1.4,0.74942,98,14719379546676837721,160.0,P4
0.0,0.0,0.0,50000,0.75,5.493109611670012,1.4,0.75174,99,18224231607098132322,160.0,P4
0.0,0.0,0.0,50000,1.0,6.9600716622656815,1.4,1.0,0,265509979305311030,160.0,P4
0.0,0.0,0.0,50000,1.0,6.693058603563474,1.4,1.0,1,17344760553131202727,160.0,P4
0.0,0.0,0.0,50000,1.0,6.910803771603747,1.4,1.0,2,3679824855166003861,160.0,P4
0.0,0.0,0.0,50000,1.0,7.25921963348982,1.4,1.0,3,12805714322868427284,160.0,P4
0.0,0.0,0.0,50000,1.0,6.873587065438286,1.4,1.0,4,10201637567663203802,160.0,P4
0.0,0.0,0.0,50000,1.0,7.147350874312383,1.4,1.0,5,7755534015088843045,160.0,P4
0.0,0.0,0.0,50000,1.0,6.92806157866288,1.4,1.0,6,9378818393719116247,160.0,P4
0.0,0.0,0.0,50000,1.0,6.868705757342051,1.4,1.0,7,9350205278511756578,160.0,P4
0.0,0.0,0.0,50000,1.0,7.041612806744416,1.4,1.0,8,17250895421764425242,160.0,P4
0.0,0.0,0.0,50000,1.0,7.01180781506923,1.4,1.0,9,16181297021694982850,160.0,P4
0.0,0.0,0.0,50000,1.0,6.895988486196526,1.4,1.0,10,787118844637357711,160.0,P4
0.0,0.0,0.0,50000,1.0,6.780813331675794,1.4,1.0,11,8519415030775374569,160.0,P4
0.0,0.0,0.0,50000,1.0,7.024925106412453,1.4,1.0,12,4213143211332634324,160.0,P4
0.0,0.0,0.0,50000,1.0,7.00884711801944,1.4,1.0,13,9649299616997114100,160.0,P4
0.0,0.0,0.0,50000,1.0,6.8979355413781525,1.4,1.0,14,15528219186455897829,160.0,P4
0.0,0.0,0.0,50000,1.0,7.035485166133156,1.4,1.0,15,974524799869249547,160.0,P4
0.0,0.0,0.0,50000,1.0,7.076153266239208,1.4,1.0,16,109779113176959540,160.0,P4
0.0,0.0,0.0,50000,1.0,6.767699510805197,1.4,1.0,17,17061564741465429875,160.0,P4
0.0,0.0,0.0,50000,1.0,7.14697054677689,1.4,1.0,18,13564746436361003686,160.0,P4
0.0,0.0,0.0,50000,1.0,6.818651987061513,1.4,1.0,19,5638282196287089643,160.0,P4
0.0,0.0,0.0,50000,1.0,6.994023531156329,1.4,1.0,20,2960145602676315397,160.0,P4
0.0,0.0,0.0,50000,1.0,6.852180127582919,1.4,1.0,21,1655076204693248123,160.0,P4
0.0,0.0,0.0,50000,1.0,7.137669174055763,1.4,1.0,22,15134296107312419557,160.0,P4
0.0,0.0,0.0,50000,1.0,6.97479714428741,1.4,1.0,23,9106057836506455526,160.0,P4
0.0,0.0,0.0,50000,1.0,7.140429369534991,1.4,1.0,24,11818059681503661472,160.0,P4
0.0,0.0,0.0,50000,1.0,6.882003418476699,1.4,1.0,25,3816195157644932058,160.0,P4
0.0,0.0,0.0,50000,1.0,6.999078041084454,1.4,1.0,26,7502479501359283044,160.0,P4
0.0,0.0,0.0,50000,1.0,7.085387354654724,1.4,1.0,27,293186027034119992,160.0,P4
0.0,0.0,0.0,50000,1.0,6.999931013041319,1.4,1.0,28,493347588601315907,160.0,P4
0.0,0.0,0.0,50000,1.0,6.737928816109311,1.4,1.0,29,3641611312029231770,160.0,P4
0.0,0.0,0.0,50000,1.0,7.0851014251549085,1.4,1.0,30,3959944281740329220,160.0,P4
0.0,0.0,0.0,50000,1.0,6.751105280686014,1.4,1.0,31,9358733638080524045,160.0,P4
0.0,0.0,0.0,50000,1.0,6.899323122270626,1.4,1.0,32,17248757276541631757,160.0,P4
0.0,0.0,0.0,50000,1.0,6.828959512240924,1.4,1.0,33,15671736931999941039,160.0,P4
0.0,0.0,0.0,50000,1.0,6.892999638011162,1.4,1.0,34,9468434715258031276,160.0,P4
0.0,0.0,0.0,50000,1.0,6.807388661700862,1.4,1.0,35,2304431988739551860,160.0,P4
0.0,0.0,0.0,50000,1.0,6.912177227192264,1.4,1.0,36,10555622959979583167,160.0,P4
0.0,0.0,0.0,50000,1.0,6.7492269065268,1.4,1.0,37,2650269786916456259,160.0,P4
0.0,0.0,0.0,50000,1.0,6.865443231938228,1.4,1.0,38,16690524437742074837,160.0,P4
0.0,0.0,0.0,50000,1.0,6.88299725899897,1.4,1.0,39,18015732883098066268,160.0,P4
0.0,0.0,0.0,50000,1.0,6.865589062266336,1.4,1.0,40,2169012406965808891,160.0,P4
0.0,0.0,0.0,50000,1.0,6.918384737486744,1.4,1.0,41,16985620444540081343,160.0,P4
0.0,0.0,0.0,50000,1.0,6.965111316782552,1.4,1.0,42,14522372532651671576,160.0,P4
0.0,0.0,0.0,50000,1.0,7.020111317001166,1.4,1.0,43,15692839986219479803,160.0,P4
0.0,0.0,0.0,50000,1.0,6.864673947565926,1.4,1.0,44,15387387466559465254,160.0,P4
0.0,0.0,0.0,50000,1.0,7.148318622075063,1.4,1.0,45,1354024483946116676,160.0,P4
0.0,0.0,0.0,50000,1.0,6.973739847147973,1.4,1.0,46,16303632856636681011,160.0,P4
0.0,0.0,0.0,50000,1.0,6.923859233354939,1.4,1.0,47,2027400779170845202,160.0,P4
0.0,0.0,0.0,50000,1.0,7.005362647257496,1.4,1.0,48,1670897267264408677,160.0,P4
0.0,0.0,0.0,50000,1.0,7.141836524063728,1.4,1.0,49,15708239182296946143,160.0,P4
0.0,0.0,0.0,50000,1.0,7.204062469118029,1.4,1.0,50,9095164710516378908,160.0,P4
0.0,0.0,0.0,50000,1.0,6.990357425581016,1.4,1.0,51,4018724217721818711,160.0,P4
0.0,0.0,0.0,50000,1.0,7.037104439826345,1.4,1.0,52,15540948110630345113,160.0,P4
0.0,0.0,0.0,50000,1.0,6.837324342736013,1.4,1.0,53,13965899810819931913,160.0,P4
0.0,0.0,0.0,50000,1.0,6.916408662998357,1.4,1.0,54,1094585781095302137,160.0,P4
0.0,0.0,0.0,50000,1.0,6.976391789324159,1.4,1.0,55,3833286888738225202,160.0,P4
0.0,0.0,0.0,50000,1.0,7.119432119898708,1.4,1.0,56,16201313537475888772,160.0,P4
0.0,0.0,0.0,50000,1.0,6.98763475967325,1.4,1.0,57,10043886055051779807,160.0,P4
0.0,0.0,0.0,50000,1.0,7.047071600567222,1.4,1.0,58,5398032917716978617,160.0,P4
0.0,0.0,0.0,50000,1.0,6.934294370530213,1.4,1.0,59,10487883847387365450,160.0,P4
0.0,0.0,0.0,50000,1.0,7.100089861922751,1.4,1.0,60,13148668696675267287,160.0,P4
0.0,0.0,0.0,50000,1.0,6.855460616946816,1.4,1.0,61,16111588222166574246,160.0,P4
0.0,0.0,0.0,50000,1.0,6.884434596442872,1.4,1.0,62,9039356081126589127,160.0,P4
0.0,0.0,0.0,50000,1.0,7.031226923958347,1.4,1.0,63,348943988981076815,160.0,P4
0.0,0.0,0.0,50000,1.0,7.008782792734936,1.4,1.0,64,13493817541316563220,160.0,P4
0.0,0.0,0.0,50000,1.0,6.8065368308232435,1.4,1.0,65,1213209879016771315,160.0,P4
0.0,0.0,0.0,50000,1.0,6.924592960338295,1.4,1.0,66,10643557765481898401,160.0,P4
0.0,0.0,0.0,50000,1.0,6.845863741504602,1.4,1.0,67,7137706397216182817,160.0,P4
0.0,0.0,0.0,50000,1.0,6.818430961168013,1.4,1.0,68,7183685903867740918,160.0,P4
0.0,0.0,0.0,50000,1.0,6.9575653848837655,1.4,1.0,69,18345717465668296465,160.0,P4
0.0,0.0,0.0,50000,1.0,6.645698869322571,1.4,1.0,70,13900652827352663744,160.0,P4
0.0,0.0,0.0,50000,1.0,6.6886722328584005,1.4,1.0,71,5135585225091305766,160.0,P4
0.0,0.0,0.0,50000,1.0,6.814779230824022,1.4,1.0,72,18246672352676949421,160.0,P4
0.0,0.0,0.0,50000,1.0,6.904208779583367,1.4,1.0,73,1857752720427025347,160.0,P4
0.0,0.0,0.0,50000,1.0,6.876969344109393,1.4,1.0,74,8062644055015290067,160.0,P4
0.0,0.0,0.0,50000,1.0,6.7693068825788005,1.4,1.0,75,11384889152229851396,160.0,P4
0.0,0.0,0.0,50000,1.0,7.086301893118985,1.4,1.0,76,17752383500769493782,160.0,P4
0.0,0.0,0.0,50000,1.0,7.003559960949771,1.4,1.0,77,3219427578208508966,160.0,P4
0.0,0.0,0.0,50000,1.0,7.082922207082223,1.4,1.0,78,15785152803370297762,160.0,P4
0.0,0.0,0.0,50000,1.0,6.806346812751981,1.4,1.0,79,17537536175169766164,160.0,P4
0.0,0.0,0.0,50000,1.0,7.01827360622934,1.4,1.0,80,44617101122270654,160.0,P4
0.0,0.0,0.0,50000,1.0,6.800350035525288,1.4,1.0,81,2926958638924143323,160.0,P4
0.0,0.0,0.0,50000,1.0,6.889987062437753,1.4,1.0,82,1579647822043046562,160.0,P4
0.0,0.0,0.0,50000,1.0,6.94932067406091,1.4,1.0,83,13864517467117152586,160.0,P4
0.0,0.0,0.0,50000,1.0,6.796706818368655,1.4,1.0,84,16812697475000189907,160.0,P4
0.0,0.0,0.0,50000,1.0,6.929605378813285,1.4,1.0,85,4435317475622640075,160.0,P4
0.0,0.0,0.0,50000,1.0,6.914104574628822,1.4,1.0,86,6794028276392543431,160.0,P4
0.0,0.0,0.0,50000,1.0,6.862049185490572,1.4,1.0,87,15788105700738047146,160.0,P4
0.0,0.0,0.0,50000,1.0,6.694206136504618,1.4,1.0,88,4902224294801546617,160.0,P4
0.0,0.0,0.0,50000,1.0,6.878705343188238,1.4,1.0,89,38460657736939308,160.0,P4
0.0,0.0,0.0,50000,1.0,7.184334202865416,1.4,1.0,90,14111343811628789791,160.0,P4
0.0,0.0,0.0,50000,1.0,6.7399239950919165,1.4,1.0,91,2077725048842158774,160.0,P4
0.0,0.0,0.0,50000,1.0,6.865330423112572,1.4,1.0,92,4313407772598262278,160.0,P4
0.0,0.0,0.0,50000,1.0,6.8181790282747885,1.4,1.0,93,12304141905244253881,160.0,P4
0.0,0.0,0.0,50000,1.0,6.984834047321054,1.4,1.0,94,8754484888454171304,160.0,P4
0.0,0.0,0.0,50000,1.0,6.78520533313143,1.4,1.0,95,8815679014729320809,160.0,P4
0.0,0.0,0.0,50000,1.0,6.7921861171192015,1.4,1.0,96,1592770726400099859,160.0,P4
0.0,0.0,0.0,50000,1.0,7.080170305252958,1.4,1.0,97,11914602632444557267,160.0,P4
0.0,0.0,0.0,50000,1.0,6.719466491589619,1.4,1.0,98,2285224237012061747,160.0,P4
0.0,0.0,0.0,50000,1.0,6.889024973083171,1.4,1.0,99,12904008481152850536,160.0,P4
0.0,0.0,0.0,50000,0.1,0.7342540463390458,1.6,0.10186,0,14961597282108567302,160.0,P4
0.0,0.0,0.0,50000,0.1,0.8306166403585868,1.6,0.09914,1,6245063346767856714,160.0,P4
0.0,0.0,0.0,50000,0.1,0.710739514168522,1.6,0.0996,2,4611046045466132243,160.0,P4
0.0,0.0,0.0,50000,0.1,0.6660142457490091,1.6,0.09872,3,2792253723964023481,160.0,P4
0.0,0.0,0.0,50000,0.1,0.8162635698577156,1.6,0.09912,4,5811628624909705721,160.0,P4
0.0,0.0,0.0,50000,0.1,0.670055365209594,1.6,0.0983,5,10553479508409008920,160.0,P4
0.0,0.0,0.0,50000,0.1,0.7127589750708268,1.6,0.1009,6,7109165820242798073,160.0,P4
0.0,0.0,0.0,50000,0.1,0.7442152472921144,1.6,0.09986,7,8011753469618248363,160.0,P4
0.0,0.0,0.0,50000,0.1,0.6878612977034433,1.6,0.0997,8,12243205159452268278,160.0,P4
0.0,0.0,0.0,50000,0.1,0.7781775706584017,1.6,0.10096,9,17996281864894000598,160.0,P4
0.0,0.0,0.0,50000,0.1,0.7861239105577101,1.6,0.0992,10,11761792743427187721,160.0,P4
0.0,0.0,0.0,50000,0.1,0.728489590639089,1.6,0.09952,11,15570223488421292599,160.0,P4
0.0,0.0,0.0,50000,0.1,0.6013235071164879,1.6,0.09846,12,3112762514591732672,160.0,P4
0.0,0.0,0.0,50000,0.1,0.6964606289053584,1.6,0.10136,13,10438118581081051016,160.0,P4
0.0,0.0,0.0,50000,0.1,0.8528074861883913,1.6,0.10146,14,3641714831173377897,160.0,P4
0.0,0.0,0.0,50000,0.1,0.7346686812144835,1.6,0.09982,15,10612244761923638138,160.0,P4
0.0,0.0,0.0,50000,0.1,0.7534105675113779,1.6,0.0996,16,12471686350411711557,160.0,P4
0.0,0.0,0.0,50000,0.1,0.7519615145689287,1.6,0.09962,17,10031133722801339791,160.0,P4
0.0,0.0,0.0,50000,0.1,0.6955270307418896,1.6,0.09626,18,3602746936998235371,160.0,P4
0.0,0.0,0.0,50000,0.1,0.7589894410452659,1.6,0.10202,19,16773107833603027606,160.0,P4
0.0,0.0,0.0,50000,0.1,0.9242525716283113,1.6,0.10098,20,17702610666658284554,160.0,P4
0.0,0.0,0.0,50000,0.1,0.8011654919644547,1.6,0.10168,21,10099067677625641784,160.0,P4
0.0,0.0,0.0,50000,0.1,0.6573711592408921,1.6,0.10058,22,9236490795871954548,160.0,P4
0.0,0.0,0.0,50000,0.1,0.7693648220334843,1.6,0.10076,23,6496633064283827596,160.0,P4
0.0,0.0,0.0,50000,0.1,0.6754522694566178,1.6,0.09918,24,33513130012998836,160.0,P4
0.0,0.0,0.0,50000,0.1,0.6998805148935879,1.6,0.10124,25,4500928780584326425,160.0,P4
0.0,0.0,0.0,50000,0.1,0.8210624164585726,1.6,0.09942,26,15602185257696408998,160.0,P4
0.0,0.0,0.0,50000,0.1,0.8352712527543477,1.6,0.10056,27,10279245360468199059,160.0,P4
0.0,0.0,0.0,50000,0.1,0.8100506548231116,1.6,0.09956,28,4479584376536123506,160.0,P4
0.0,0.0,0.0,50000,0.1,0.7029535500621787,1.6,0.09904,29,6507866857990872537,160.0,P4
0.0,0.0,0.0,50000,0.1,0.7093721843207318,1.6,0.09944,30,10613869577647746232,160.0,P4
0.0,0.0,0.0,50000,0.1,0.8555868659867131,1.6,0.10012,31,17632307773358710287,160.0,P4
0.0,0.0,0.0,50000,0.1,0.7462015493216186,1.6,0.10054,32,13754804961073630160,160.0,P4
0.0,0.0,0.0,50000,0.1,0.7227407855620015,1.6,0.09988,33,17518008383213490670,160.0,P4
0.0,0.0,0.0,50000,0.1,0.6663611727819887,1.6,0.09974,34,14259010112195835970,160.0,P4
0.0,0.0,0.0,50000,0.1,0.7196915238985799,1.6,0.10178,35,14946346352296652436,160.0,P4
0.0,0.0,0.0,50000,0.1,0.6973817299070765,1.6,0.09984,36,17664013478673042593,160.0,P4
0.0,0.0,0.0,50000,0.1,0.8020726452743712,1.6,0.10042,37,10714120759027190674,160.0,P4
0.0,0.0,0.0,50000,0.1,0.7132797344682665,1.6,0.09982,38,13775940292259648499,160.0,P4
0.0,0.0,0.0,50000,0.1,0.7208261377144477,1.6,0.10046,39,2049099858485828285,160.0,P4
0.0,0.0,0.0,50000,0.1,0.729696736817849,1.6,0.09958,40,16301585303962306294,160.0,P4
0.0,0.0,0.0,50000,0.1,0.7913666005084091,1.6,0.10032,41,8591307747963177278,160.0,P4
0.0,0.0,0.0,50000,0.1,0.6427422509136635,1.6,0.10048,42,10106309978243213452,160.0,P4
0.0,0.0,0.0,50000,0.1,0.7872690610276375,1.6,0.1026,43,2469427532501062068,160.0,P4
0.0,0.0,0.0,50000,0.1,0.7969027544780599,1.6,0.10128,44,15576330571875012725,160.0,P4
0.0,0.0,0.0,50000,0.1,0.7069716879187132,1.6,0.0992,45,18270319250306579537,160.0,P4
0.0,0.0,0.0,50000,0.1,0.985972837507229,1.6,0.10072,46,16655430219038059686,160.0,P4
0.0,0.0,0.0,50000,0.1,0.7790174472759027,1.6,0.09948,47,12326383781732751359,160.0,P4
0.0,0.0,0.0,50000,0.1,0.747878015940479,1.6,0.10238,48,894900935405188465,160.0,P4
0.0,0.0,0.0,50000,0.1,0.7757570266758169,1.6,0.09918,49,11156155266718131090,160.0,P4
0.0,0.0,0.0,50000,0.1,0.6706965403540645,1.6,0.0993,50,8475896061868556716,160.0,P4
0.0,0.0,0.0,50000,0.1,0.6982982866606507,1.6,0.09998,51,18104307512171435883,160.0,P4
0.0,0.0,0.0,50000,0.1,0.8841069889936543,1.6,0.10048,52,1003381882814724700,160.0,P4
0.0,0.0,0.0,50000,0.1,0.7902990226717159,1.6,0.1002,53,14106712193293231419,160.0,P4
0.0,0.0,0.0,50000,0.1,0.7079358994161953,1.6,0.09934,54,18097884577583451856,160.0,P4
0.0,0.0,0.0,50000,0.1,0.8642919983510869,1.6,0.10116,55,14782944907015966484,160.0,P4
0.0,0.0,0.0,50000,0.1,0.6331018315958283,1.6,0.09924,56,6313683950390598801,160.0,P4
0.0,0.0,0.0,50000,0.1,0.739167939282702,1.6,0.10082,57,16731837269547490335,160.0,P4
0.0,0.0,0.0,50000,0.1,0.7090754699357411,1.6,0.10124,58,12877468872652164291,160.0,P4
0.0,0.0,0.0,50000,0.1,0.8858272571812749,1.6,0.09968,59,15126821110192835497,160.0,P4
0.0,0.0,0.0,50000,0.1,0.7812846663778871,1.6,0.10048,60,6154156360931494235,160.0,P4
0.0,0.0,0.0,50000,0.1,0.6996268244789439,1.6,0.09976,61,952621388137741243,160.0,P4
0.0,0.0,0.0,50000,0.1,0.76838690070084,1.6,0.10112,62,17982355881214690828,160.0,P4
0.0,0.0,0.0,50000,0.1,0.5639014626399409,1.6,0.09806,63,11478980910633850009,160.0,P4
0.0,0.0,0.0,50000,0.1,0.7258733422058463,1.6,0.10084,64,14811299042613211632,160.0,P4
0.0,0.0,0.0,50000,0.1,0.8132411560662519,1.6,0.10084,65,4839551360711845183,160.0,P4
0.0,0.0,0.0,50000,0.1,0.7265549847511148,1.6,0.09922,66,3573286276791817207,160.0,P4
0.0,0.0,0.0,50000,0.1,0.7966297422456117,1.6,0.10022,67,16462807417921705250,160.0,P4
0.0,0.0,0.0,50000,0.1,0.7620249218205528,1.6,0.10006,68,3518155537610150486,160.0,P4
0.0,0.0,0.0,50000,0.1,0.7491234946742796,1.6,0.09914,69,7893844258344705109,160.0,P4
0.0,0.0,0.0,50000,0.1,0.6551651313267238,1.6,0.0995,70,11220908292182345799,160.0,P4
0.0,0.0,0.0,50000,0.1,0.6860000241709493,1.6,0.10148,71,5758582248457559213,160.0,P4
0.0,0.0,0.0,50000,0.1,0.691887536524134,1.6,0.09868,72,3206480168227507344,160.0,P4
0.0,0.0,0.0,50000,0.1,0.6960096903541054,1.6,0.1006,73,1920676339578427982,160.0,P4
0.0,0.0,0.0,50000,0.1,0.7526690189181637,1.6,0.10046,74,16124828149481004565,160.0,P4
0.0,0.0,0.0,50000,0.1,0.6565472325609119,1.6,0.10058,75,205933389776802173,160.0,P4
0.0,0.0,0.0,50000,0.1,0.6887931227559171,1.6,0.0987,76,3401265531658501414,160.0,P4
0.0,0.0,0.0,50000,0.1,0.7054219266516446,1.6,0.09896,77,13110605259108678283,160.0,P4
0.0,0.0,0.0,50000,0.1,0.6442016028276885,1.6,0.09912,78,7065245163967425661,160.0,P4
0.0,0.0,0.0,50000,0.1,0.8595489054291042,1.6,0.1018,79,10091258394130204366,160.0,P4
0.0,0.0,0.0,50000,0.1,0.6735474914711788,1.6,0.09998,80,14394352612041818323,160.0,P4
0.0,0.0,0.0,50000,0.1,0.7020792824320607,1.6,0.09782,81,17608790204186704018,160.0,P4
0.0,0.0,0.0,50000,0.1,0.8359954975618361,1.6,0.09706,82,3844172396740263241,160.0,P4
0.0,0.0,0.0,50000,0.1,0.7570890777506193,1.6,0.10014,83,12524531916754762561,160.0,P4
0.0,0.0,0.0,50000,0.1,0.6485410335620823,1.6,0.09718,84,17887992889553507678,160.0,P4
0.0,0.0,0.0,50000,0.1,0.6829568757716273,1.6,0.09926,85,5085033235431851155,160.0,P4
0.0,0.0,0.0,50000,0.1,0.587111805251061,1.6,0.09768,86,9771081473501241411,160.0,P4
0.0,0.0,0.0,50000,0.1,0.7090488779200548,1.6,0.09798,87,12314193124579776879,160.0,P4
0.0,0.0,0.0,50000,0.1,0.6854097650113773,1.6,0.10092,88,12946370288620595549,160.0,P4
0.0,0.0,0.0,50000,0.1,0.6499725857965173,1.6,0.09942,89,9089865957667030611,160.0,P4
0.0,0.0,0.0,50000,0.1,0.7362405130988647,1.6,0.09878,90,10653055820130102211,160.0,P4
0.0,0.0,0.0,50000,0.1,0.9234875298240525,1.6,0.10114,91,14390561038789277290,160.0,P4
0.0,0.0,0.0,50000,0.1,0.7416801313514516,1.6,0.0996,92,9791387204609994997,160.0,P4
0.0,0.0,0.0,50000,0.1,0.7576466637462095,1.6,0.10154,93,11343700234867716015,160.0,P4
0.0,0.0,0.0,50000,0.1,0.8115057487561841,1.6,0.1026,94,12284183988859875746,160.0,P4
0.0,0.0,0.0,50000,0.1,0.6305122289429814,1.6,0.09824,95,3323059676252962063,160.0,P4
0.0,0.0,0.0,50000,0.1,0.6430888936518145,1.6,0.09998,96,12962472039232227594,160.0,P4
0.0,0.0,0.0,50000,0.1,0.7000228620399439,1.6,0.10074,97,17190485457765967335,160.0,P4
0.0,0.0,0.0,50000,0.1,0.6856512968713093,1.6,0.09998,98,8271862783392602236,160.0,P4
0.0,0.0,0.0,50000,0.1,0.7277792563840706,1.6,0.09928,99,7620967255073414872,160.0,P4
0.0,0.0,0.0,50000,0.11,0.9248224474280999,1.6,0.1091,0,12419330051572385296,160.0,P4
0.0,0.0,0.0,50000,0.11,1.0999660976083794,1.6,0.1105,1,148441116200072502,160.0,P4
0.0,0.0,0.0,50000,0.11,1.0225503813039518,1.6,0.11156,2,14838987987729489132,160.0,P4
0.0,0.0,0.0,50000,0.11,0.9881552826298513,1.6,0.11164,3,11374151353307479762,160.0,P4
0.0,0.0,0.0,50000,0.11,0.890716171018564,1.6,0.10996,4,5647265057526778585,160.0,P4
0.0,0.0,0.0,50000,0.11,1.2539918706897684,1.6,0.1109,5,4577725778255777240,160.0,P4
0.0,0.0,0.0,50000,0.11,0.8897974882626428,1.6,0.11066,6,17767617139510830693,160.0,P4
0.0,0.0,0.0,50000,0.11,0.9660339008747875,1.6,0.11358,7,1712182256282515278,160.0,P4
0.0,0.0,0.0,50000,0.11,0.977590419821964,1.6,0.10972,8,5887849092104029484,160.0,P4
0.0,0.0,0.0,50000,0.11,0.917079602175124,1.6,0.10834,9,18160944093299341807,160.0,P4
0.0,0.0,0.0,50000,0.11,1.082334255250873,1.6,0.11214,10,12785379153217469685,160.0,P4
0.0,0.0,0.0,50000,0.11,1.2540207686254126,1.6,0.1123,11,16320409468466353039,160.0,P4
0.0,0.0,0.0,50000,0.11,1.0953736940727719,1.6,0.1082,12,15581467370023548065,160.0,P4
0.0,0.0,0.0,50000,0.11,0.9973236264977003,1.6,0.10906,13,6648485736648949780,160.0,P4
0.0,0.0,0.0,50000,0.11,0.9406692684706417,1.6,0.10846,14,14542653824732988723,160.0,P4
0.0,0.0,0.0,50000,0.11,0.94868147709686,1.6,0.11104,15,2909502731382014753,160.0,P4
0.0,0.0,0.0,50000,0.11,1.3082996326588059,1.6,0.1092,16,11188962767159626671,160.0,P4
0.0,0.0,0.0,50000,0.11,0.9625539300841711,1.6,0.11086,17,16487596641052641370,160.0,P4
0.0,0.0,0.0,50000,0.11,0.9325296077778484,1.6,0.11014,18,2358402808319798597,160.0,P4
0.0,0.0,0.0,50000,0.11,0.9533794440023025,1.6,0.10954,19,6735960487973683083,160.0,P4
0.0,0.0,0.0,50000,0.11,1.1879507880033435,1.6,0.1116,20,9231758146721683165,160.0,P4
0.0,0.0,0.0,50000,0.11,1.0107786646152586,1.6,0.11006,21,11916200553276139123,160.0,P4
0.0,0.0,0.0,50000,0.11,0.9320454479299093,1.6,0.11072,22,10253158127268905177,160.0,P4
0.0,0.0,0.0,50000,0.11,0.9511061427687225,1.6,0.1119,23,10001371722746419934,160.0,P4
0.0,0.0,0.0,50000,0.11,1.0371503577306433,1.6,0.11098,24,4538149834343882359,160.0,P4
0.0,0.0,0.0,50000,0.11,1.1196078634523683,1.6,0.11184,25,13729237509914535119,160.0,P4
0.0,0.0,0.0,50000,0.11,1.0942891109637078,1.6,0.1103,26,13009448518631169326,160.0,P4
0.0,0.0,0.0,50000,0.11,1.0540997915273627,1.6,0.1141,27,8663984339940993934,160.0,P4
0.0,0.0,0.0,50000,0.11,1.0589165303607624,1.6,0.10808,28,6129348596747327042,160.0,P4
0.0,0.0,0.0,50000,0.11,0.8633068101910757,1.6,0.1103,29,12740480593548503071,160.0,P4
0.0,0.0,0.0,50000,0.11,0.860206446577881,1.6,0.10984,30,15198591412114340299,160.0,P4
0.0,0.0,0.0,50000,0.11,0.9671232117587947,1.6,0.11214,31,15833173169232634477,160.0,P4
0.0,0.0,0.0,50000,0.11,1.0534535980438882,1.6,0.10902,32,2795914807865158558,160.0,P4
0.0,0.0,0.0,50000,0.11,0.8356594323293514,1.6,0.1083,33,15442448923387797509,160.0,P4
0.0,0.0,0.0,50000,0.11,0.8758756950938468,1.6,0.11012,34,8731145673634536564,160.0,P4
0.0,0.0,0.0,50000,0.11,1.0397490184637381,1.6,0.11014,35,13977314200306035278,160.0,P4
0.0,0.0,0.0,50000,0.11,0.9758779955003648,1.6,0.10858,36,15471626273646019336,160.0,P4
0.0,0.0,0.0,50000,0.11,0.890025362982814,1.6,0.109,37,15952192901123764227,160.0,P4
0.0,0.0,0.0,50000,0.11,0.98513604381925,1.6,0.1084,38,13606822710725027074,160.0,P4
0.0,0.0,0.0,50000,0.11,1.1189017512951362,1.6,0.11186,39,168236178439630963,160.0,P4
0.0,0.0,0.0,50000,0.11,1.1462983645097415,1.6,0.11016,40,15150494650557632095,160.0,P4
0.0,0.0,0.0,50000,0.11,0.9312282545186714,1.6,0.10936,41,17574990527924156792,160.0,P4
0.0,0.0,0.0,50000,0.11,1.4281929997717002,1.6,0.1119,42,9454579418751003228,160.0,P4
0.0,0.0,0.0,50000,0.11,0.9253647254696737,1.6,0.1109,43,3713937170968526219,160.0,P4
0.0,0.0,0.0,50000,0.11,1.0235282033381266,1.6,0.11158,44,16526699243935547738,160.0,P4
0.0,0.0,0.0,50000,0.11,0.9634053520339984,1.6,0.1091,45,10780451090533703465,160.0,P4
0.0,0.0,0.0,50000,0.11,0.8950750670540595,1.6,0.11082,46,17107585634643311342,160.0,P4
0.0,0.0,0.0,50000,0.11,1.0758263745176169,1.6,0.11094,47,6773569956595684118,160.0,P4
0.0,0.0,0.0,50000,0.11,0.8639609134929526,1.6,0.11034,48,17789598491961918283,160.0,P4
0.0,0.0,0.0,50000,0.11,0.8646235075082416,1.6,0.11004,49,1768004373040121342,160.0,P4
0.0,0.0,0.0,50000,0.11,0.8430655567592753,1.6,0.1084,50,15897585056622919891,160.0,P4
0.0,0.0,0.0,50000,0.11,0.8226338612276021,1.6,0.10812,51,11857523005646833131,160.0,P4
0.0,0.0,0.0,50000,0.11,1.0725297244557745,1.6,0.1123,52,15851991032936759178,160.0,P4
0.0,0.0,0.0,50000,0.11,0.9153908315127857,1.6,0.11058,53,13637951828286788220,160.0,P4
0.0,0.0,0.0,50000,0.11,1.2560408177533884,1.6,0.11334,54,104070052381667377,160.0,P4
0.0,0.0,0.0,50000,0.11,0.9462902236115611,1.6,0.11072,55,7374549790618802682,160.0,P4
0.0,0.0,0.0,50000,0.11,0.921013922597479,1.6,0.10744,56,3621754217584460949,160.0,P4
0.0,0.0,0.0,50000,0.11,0.819199479824096,1.6,0.1083,57,17322965693527288629,160.0,P4
0.0,0.0,0.0,50000,0.11,1.1779149584012396,1.6,0.11018,58,5704727926382891907,160.0,P4
0.0,0.0,0.0,50000,0.11,0.9458441004882294,1.6,0.10906,59,15516539463817718059,160.0,P4
0.0,0.0,0.0,50000,0.11,1.1696399234301265,1.6,0.11228,60,15908782423722896126,160.0,P4
0.0,0.0,0.0,50000,0.11,0.9031673057065501,1.6,0.10964,61,10192637498569469526,160.0,P4
0.0,0.0,0.0,50000,0.11,0.9372657707944791,1.6,0.10986,62,9658585456631893675,160.0,P4
0.0,0.0,0.0,50000,0.11,1.1083758355089501,1.6,0.10846,63,5023183701628889416,160.0,P4
0.0,0.0,0.0,50000,0.11,1.2370967106738833,1.6,0.10984,64,429701732094109350,160.0,P4
0.0,0.0,0.0,50000,0.11,1.030951455260095,1.6,0.11048,65,8164731449880920917,160.0,P4
0.0,0.0,0.0,50000,0.11,0.9880878166310979,1.6,0.10884,66,14309929720961521191,160.0,P4
0.0,0.0,0.0,50000,0.11,0.9436088848184034,1.6,0.1114,67,17833794865998599504,160.0,P4
0.0,0.0,0.0,50000,0.11,1.0663847389293983,1.6,0.10954,68,8442971769120894868,160.0,P4
0.0,0.0,0.0,50000,0.11,0.9254502962835601,1.6,0.1092,69,434351168804018423,160.0,P4
0.0,0.0,0.0,50000,0.11,0.8133522620970783,1.6,0.11084,70,9838917730119532246,160.0,P4
0.0,0.0,0.0,50000,0.11,1.0167139342350933,1.6,0.11176,71,9056089116812351891,160.0,P4
0.0,0.0,0.0,50000,0.11,1.1060323234102487,1.6,0.11052,72,2028730434080129400,160.0,P4
0.0,0.0,0.0,50000,0.11,0.8492551503598795,1.6,0.10852,73,14776508539638768109,160.0,P4
0.0,0.0,0.0,50000,0.11,1.0743394229108632,1.6,0.10978,74,6768776097339929374,160.0,P4
0.0,0.0,0.0,50000,0.11,0.9177387892209744,1.6,0.11116,75,14431449423542235989,160.0,P4
0.0,0.0,0.0,50000,0.11,0.8533764254042648,1.6,0.11212,76,17345866006548304479,160.0,P4
0.0,0.0,0.0,50000,0.11,1.0530494908898533,1.6,0.1086,77,5693770023606147019,160.0,P4
0.0,0.0,0.0,50000,0.11,0.8330800118150974,1.6,0.11104,78,8416741728001784339,160.0,P4
0.0,0.0,0.0,50000,0.11,1.1846104085671225,1.6,0.10874,79,11806874450527174380,160.0,P4
0.0,0.0,0.0,50000,0.11,0.954612203594534,1.6,0.11138,80,16393536854304502776,160.0,P4
0.0,0.0,0.0,50000,0.11,1.1633242792753216,1.6,0.11086,81,13730299859155434363,160.0,P4
0.0,0.0,0.0,50000,0.11,0.8729551043681211,1.6,0.10778,82,15984802622622858403,160.0,P4
0.0,0.0,0.0,50000,0.11,0.9345693117877368,1.6,0.11058,83,16657603533973285947,160.0,P4
0.0,0.0,0.0,50000,0.11,1.1246162899147316,1.6,0.10924,84,3001292366382269625,160.0,P4
0.0,0.0,0.0,50000,0.11,0.8564875854918996,1.6,0.10826,85,8759510046970129824,160.0,P4
0.0,0.0,0.0,50000,0.11,0.9724105886184374,1.6,0.10942,86,6022294477579454741,160.0,P4
0.0,0.0,0.0,50000,0.11,0.9768841134093132,1.6,0.10782,87,4480305198659049632,160.0,P4
0.0,0.0,0.0,50000,0.11,0.9515451424496739,1.6,0.11094,88,8774617988381295594,160.0,P4
0.0,0.0,0.0,50000,0.11,0.8381887623546292,1.6,0.10948,89,2503995912665631342,160.0,P4
0.0,0.0,0.0,50000,0.11,0.8662349577503065,1.6,0.10932,90,3695988474973344104,160.0,P4
0.0,0.0,0.0,50000,0.11,1.003108735628368,1.6,0.1107,91,17888769357032852942,160.0,P4
0.0,0.0,0.0,50000,0.11,0.9528099494858778,1.6,0.10966,92,177797503271986597,160.0,P4
0.0,0.0,0.0,50000,0.11,1.145065908423625,1.6,0.11026,93,13796046232116726614,160.0,P4
0.0,0.0,0.0,50000,0.11,0.9541493274078952,1.6,0.11194,94,3686600869034156875,160.0,P4
0.0,0.0,0.0,50000,0.11,1.0386009197833574,1.6,0.11358,95,4529728667827881489,160.0,P4
0.0,0.0,0.0,50000,0.11,0.7731126858872974,1.6,0.10816,96,22462329443089442,160.0,P4
0.0,0.0,0.0,50000,0.11,1.157703043936907,1.6,0.10912,97,9189221954880620903,160.0,P4
0.0,0.0,0.0,50000,0.11,0.8934576582489061,1.6,0.11188,98,5419800432170576696,160.0,P4
0.0,0.0,0.0,50000,0.11,0.9099137709403216,1.6,0.11,99,4055472634881388021,160.0,P4
0.0,0.0,0.0,50000,0.118,1.1393486261941264,1.6,0.1176,0,12189544858874110117,160.0,P4
0.0,0.0,0.0,50000,0.118,1.5590731325717153,1.6,0.11884,1,4468358188648476703,160.0,P4
0.0,0.0,0.0,50000,0.118,1.1259568148802062,1.6,0.11682,2,7059040225796236810,160.0,P4
0.0,0.0,0.0,50000,0.118,1.6495025142927286,1.6,0.12058,3,2973292103485232751,160.0,P4
0.0,0.0,0.0,50000,0.118,1.4404977551530587,1.6,0.11766,4,7366386359014142812,160.0,P4
0.0,0.0,0.0,50000,0.118,1.1002300672161773,1.6,0.11942,5,9964220269142339295,160.0,P4
0.0,0.0,0.0,50000,0.118,1.513249664618624,1.6,0.1188,6,13845354059369261078,160.0,P4
0.0,0.0,0.0,50000,0.118,1.5576680213994112,1.6,0.11986,7,14015165745307650577,160.0,P4
0.0,0.0,0.0,50000,0.118,1.1732064197819596,1.6,0.11686,8,16979433196516332605,160.0,P4
0.0,0.0,0.0,50000,0.118,2.015702889395989,1.6,0.11976,9,16695646230527962236,160.0,P4
0.0,0.0,0.0,50000,0.118,1.0849647902483581,1.6,0.11766,10,287792703877661873,160.0,P4
0.0,0.0,0.0,50000,0.118,1.1428206771140303,1.6,0.11794,11,17937694582968368029,160.0,P4
0.0,0.0,0.0,50000,0.118,1.4638852248749246,1.6,0.11804,12,57452689542636901,160.0,P4
0.0,0.0,0.0,50000,0.118,1.0910706316297103,1.6,0.11758,13,17667087211991897343,160.0,P4
0.0,0.0,0.0,50000,0.118,1.4986908274888397,1.6,0.11652,14,11515181217628524213,160.0,P4
0.0,0.0,0.0,50000,0.118,1.0880631470322977,1.6,0.11926,15,16247612082914177268,160.0,P4
0.0,0.0,0.0,50000,0.118,1.16429279313908,1.6,0.11694,16,6605468940701153622,160.0,P4
0.0,0.0,0.0,50000,0.118,1.4164930121747679,1.6,0.118,17,7489250755288197724,160.0,P4
0.0,0.0,0.0,50000,0.118,1.1649973740752257,1.6,0.1177,18,5816550333993756656,160.0,P4
0.0,0.0,0.0,50000,0.118,1.5058309839279653,1.6,0.11774,19,173951326701943527,160.0,P4
0.0,0.0,0.0,50000,0.118,1.171001027025865,1.6,0.11746,20,7936005303234975488,160.0,P4
0.0,0.0,0.0,50000,0.118,1.7563410117161513,1.6,0.12004,21,11413576346533254424,160.0,P4
0.0,0.0,0.0,50000,0.118,1.2811895830879851,1.6,0.11838,22,829520673510103410,160.0,P4
0.0,0.0,0.0,50000,0.118,1.1969986327921869,1.6,0.11694,23,947196156554737180,160.0,P4
0.0,0.0,0.0,50000,0.118,1.6515922532803573,1.6,0.11688,24,1966546971585427643,160.0,P4
0.0,0.0,0.0,50000,0.118,1.4322153790318708,1.6,0.11878,25,212600254721737004,160.0,P4
0.0,0.0,0.0,50000,0.118,1.6249921796373583,1.6,0.12014,26,4035827903509868790,160.0,P4
0.0,0.0,0.0,50000,0.118,1.0455180045715415,1.6,0.11722,27,12700387380339292380,160.0,P4
0.0,0.0,0.0,50000,0.118,1.6227436202070074,1.6,0.1189,28,3244726203603457791,160.0,P4
0.0,0.0,0.0,50000,0.118,1.4307233483586812,1.6,0.11916,29,1515489351644994010,160.0,P4
0.0,0.0,0.0,50000,0.118,1.324281148050678,1.6,0.11752,30,14053457048144965936,160.0,P4
0.0,0.0,0.0,50000,0.118,1.6006926997251911,1.6,0.12008,31,12213234844202833787,160.0,P4
0.0,0.0,0.0,50000,0.118,1.5198913903430105,1.6,0.11708,32,1987309948135730387,160.0,P4
0.0,0.0,0.0,50000,0.118,1.3879709647887264,1.6,0.11594,33,14997034698852042182,160.0,P4
0.0,0.0,0.0,50000,0.118,1.284903186764461,1.6,0.11834,34,1952457042658159678,160.0,P4
0.0,0.0,0.0,50000,0.118,1.060403940051222,1.6,0.11636,35,14711844091976439834,160.0,P4
0.0,0.0,0.0,50000,0.118,1.4701735474646085,1.6,0.1187,36,7712791637871529929,160.0,P4
0.0,0.0,0.0,50000,0.118,1.4855769857331387,1.6,0.11972,37,6326237904265733242,160.0,P4
0.0,0.0,0.0,50000,0.118,1.0962967724112396,1.6,0.11844,38,386763326166684626,160.0,P4
0.0,0.0,0.0,50000,0.118,2.124394396502734,1.6,0.11658,39,14478757850256752760,160.0,P4
0.0,0.0,0.0,50000,0.118,1.2822955310624424,1.6,0.11772,40,846437613456630522,160.0,P4
0.0,0.0,0.0,50000,0.118,1.2759189045029342,1.6,0.11726,41,5526704379871879704,160.0,P4
0.0,0.0,0.0,50000,0.118,1.3269831891541795,1.6,0.1164,42,1251145870786688378,160.0,P4
0.0,0.0,0.0,50000,0.118,1.3652728929545273,1.6,0.11794,43,16584223630865428202,160.0,P4
0.0,0.0,0.0,50000,0.118,1.3482349535177873,1.6,0.11824,44,13086352729668619633,160.0,P4
0.0,0.0,0.0,50000,0.118,0.9573510121727448,1.6,0.11624,45,11295222107009712135,160.0,P4
0.0,0.0,0.0,50000,0.118,1.248067021577449,1.6,0.11842,46,12951325457792129353,160.0,P4
0.0,0.0,0.0,50000,0.118,1.4158908981680076,1.6,0.11982,47,1355832327766081875,160.0,P4
0.0,0.0,0.0,50000,0.118,1.4488966737400442,1.6,0.12004,48,7827997138611626829,160.0,P4
0.0,0.0,0.0,50000,0.118,1.318878435446213,1.6,0.11836,49,4509655478778831316,160.0,P4
0.0,0.0,0.0,50000,0.118,1.1306240313747955,1.6,0.11684,50,12961555429954490737,160.0,P4
0.0,0.0,0.0,50000,0.118,1.00736439798378,1.6,0.11874,51,4571633313732190676,160.0,P4
0.0,0.0,0.0,50000,0.118,0.9092323121528132,1.6,0.11776,52,15315000933045212385,160.0,P4
0.0,0.0,0.0,50000,0.118,1.2647157295863145,1.6,0.11982,53,9201435760478559744,160.0,P4
0.0,0.0,0.0,50000,0.118,1.245921662380734,1.6,0.11688,54,2678191892473323893,160.0,P4
0.0,0.0,0.0,50000,0.118,1.3471564203229198,1.6,0.11782,55,2824393839039776592,160.0,P4
0.0,0.0,0.0,50000,0.118,1.2493138858210049,1.6,0.11952,56,17948322648474947770,160.0,P4
0.0,0.0,0.0,50000,0.118,1.2781914551144788,1.6,0.11776,57,7957935799602705482,160.0,P4
0.0,0.0,0.0,50000,0.118,1.0950316973043455,1.6,0.11622,58,6009474948164347501,160.0,P4
0.0,0.0,0.0,50000,0.118,1.1088978607103663,1.6,0.11694,59,235793769847724853,160.0,P4
0.0,0.0,0.0,50000,0.118,1.0495044344936533,1.6,0.11876,60,14215221523528816427,160.0,P4
0.0,0.0,0.0,50000,0.118,1.1894549838098851,1.6,0.11752,61,6696292995407564965,160.0,P4
0.0,0.0,0.0,50000,0.118,1.0321209624392635,1.6,0.1184,62,10327860864954040761,160.0,P4
0.0,0.0,0.0,50000,0.118,1.4464546533664184,1.6,0.12008,63,1135732645154206016,160.0,P4
0.0,0.0,0.0,50000,0.118,1.052431003587407,1.6,0.11838,64,13951453623550442287,160.0,P4
0.0,0.0,0.0,50000,0.118,1.3774499407492593,1.6,0.11818,65,2556420598863883645,160.0,P4
0.0,0.0,0.0,50000,0.118,1.5724092691640428,1.6,0.11832,66,10747841777655225023,160.0,P4
0.0,0.0,0.0,50000,0.118,1.1351437667786264,1.6,0.11852,67,13716071299162281892,160.0,P4
0.0,0.0,0.0,50000,0.118,1.0909322866908384,1.6,0.11724,68,9944843113970554329,160.0,P4
0.0,0.0,0.0,50000,0.118,0.9841989129876934,1.6,0.11854,69,15489613351316083502,160.0,P4
0.0,0.0,0.0,50000,0.118,1.3347372337017203,1.6,0.11532,70,3160457165704560328,160.0,P4
0.0,0.0,0.0,50000,0.118,1.3980610178814044,1.6,0.11948,71,5554077049145096689,160.0,P4
0.0,0.0,0.0,50000,0.118,1.484908188293172,1.6,0.11832,72,12860422727567645086,160.0,P4
0.0,0.0,0.0,50000,0.118,1.366518651658347,1.6,0.11982,73,5983967370713486026,160.0,P4
0.0,0.0,0.0,50000,0.118,1.601801934000021,1.6,0.12032,74,102753296781284329,160.0,P4
0.0,0.0,0.0,50000,0.118,1.229911531197582,1.6,0.1173,75,5830252028801109362,160.0,P4
0.0,0.0,0.0,50000,0.118,1.453510380427435,1.6,0.11846,76,1198062211076334049,160.0,P4
0.0,0.0,0.0,50000,0.118,1.1194997708315164,1.6,0.11902,77,15028210793680101009,160.0,P4
0.0,0.0,0.0,50000,0.118,1.3129169658100728,1.6,0.11692,78,1394803040484188171,160.0,P4
0.0,0.0,0.0,50000,0.118,1.231480407808975,1.6,0.11992,79,10526683714168896005,160.0,P4
0.0,0.0,0.0,50000,0.118,1.2265563221071676,1.6,0.11876,80,12509087342886661364,160.0,P4
0.0,0.0,0.0,50000,0.118,1.408218745013204,1.6,0.11942,81,14759507166377370953,160.0,P4
0.0,0.0,0.0,50000,0.118,1.0368279729071423,1.6,0.11536,82,8407093377817719199,160.0,P4
0.0,0.0,0.0,50000,0.118,1.4006270066551438,1.6,0.11862,83,4337377370206813195,160.0,P4
0.0,0.0,0.0,50000,0.118,1.4336585486536257,1.6,0.12038,84,13080704660981603329,160.0,P4
0.0,0.0,0.0,50000,0.118,1.5192139944867251,1.6,0.1192,85,12390859584122161657,160.0,P4
0.0,0.0,0.0,50000,0.118,1.9637457171749821,1.6,0.1203,86,15288902232715096847,160.0,P4
0.0,0.0,0.0,50000,0.118,1.2966025694666614,1.6,0.11784,87,11795056520471546984,160.0,P4
0.0,0.0,0.0,50000,0.118,1.301649706631098,1.6,0.11766,88,1343005162455197440,160.0,P4
0.0,0.0,0.0,50000,0.118,1.2365253049413774,1.6,0.11724,89,13487089118444688830,160.0,P4
0.0,0.0,0.0,50000,0.118,0.7808473479852763,1.6,0.11534,90,8141190605850932886,160.0,P4
0.0,0.0,0.0,50000,0.118,1.242212868556917,1.6,0.12036,91,17012989432946651416,160.0,P4
0.0,0.0,0.0,50000,0.118,1.1060653005716286,1.6,0.11848,92,15622781530349722730,160.0,P4
0.0,0.0,0.0,50000,0.118,1.3090978800523665,1.6,0.1193,93,18332171197969034428,160.0,P4
0.0,0.0,0.0,50000,0.118,1.233356123200407,1.6,0.11724,94,14876388409205149367,160.0,P4
0.0,0.0,0.0,50000,0.118,2.0523757227723363,1.6,0.1185,95,18356515821968506107,160.0,P4
0.0,0.0,0.0,50000,0.118,1.0403663724788204,1.6,0.11896,96,16287734415108352516,160.0,P4
0.0,0.0,0.0,50000,0.118,1.1807333204635924,1.6,0.1171,97,4426444905214831035,160.0,P4
0.0,0.0,0.0,50000,0.118,1.4438516273455424,1.6,0.12056,98,13740662513342280444,160.0,P4
0.0,0.0,0.0,50000,0.118,1.331134671402742,1.6,0.11676,99,15308785003054724587,160.0,P4
0.0,0.0,0.0,50000,0.123,1.4902327931717032,1.6,0.1247,0,11623547017317632900,160.0,P4
0.0,0.0,0.0,50000,0.123,1.6793249301004545,1.6,0.1255,1,3527308924284336308,160.0,P4
0.0,0.0,0.0,50000,0.123,1.8428697205113564,1.6,0.12598,2,18079696837903641886,160.0,P4
0.0,0.0,0.0,50000,0.123,1.6612404558313096,1.6,0.12046,3,8071444561531260511,160.0,P4
0.6298,0.64066,0.63296,50000,0.123,90.22110854979655,1.6,0.12398,4,11071656046719095649,160.0,P4
0.0,0.0,0.0,50000,0.123,1.225477147686727,1.6,0.12158,5,17875365945064273183,160.0,P4
0.0,0.0,0.0,50000,0.123,1.845418689282462,1.6,0.12374,6,4914618799381004761,160.0,P4
0.0,0.0,0.0,50000,0.123,1.3077347027663848,1.6,0.12124,7,8010307746971517203,160.0,P4
0.0,0.0,0.0,50000,0.123,1.0919408431360749,1.6,0.12106,8,3936981092180843022,160.0,P4
0.0,0.0,0.0,50000,0.123,1.421289389633217,1.6,0.12574,9,10376440362685962965,160.0,P4
0.0,0.0,0.0,50000,0.123,1.94868832885424,1.6,0.125,10,5786585633142382792,160.0,P4
0.0,0.0,0.0,50000,0.123,1.7332630488033092,1.6,0.12214,11,12831413228966703818,160.0,P4
0.0,0.0,0.0,50000,0.123,1.9826980383647963,1.6,0.1229,12,2615226326157489039,160.0,P4
0.0,0.0,0.0,50000,0.123,2.9878365846612613,1.6,0.12434,13,10236561710058482613,160.0,P4
0.0,0.0,0.0,50000,0.123,1.557832140333257,1.6,0.12424,14,5811475676380432785,160.0,P4
0.0,0.0,0.0,50000,0.123,1.396372796164139,1.6,0.12304,15,9063373674895201459,160.0,P4
0.0,0.0,0.0,50000,0.123,1.5451397460664407,1.6,0.121,16,13762270642483924475,160.0,P4
0.0,0.0,0.0,50000,0.123,1.6805010746295532,1.6,0.126,17,14043524078937764069,160.0,P4
0.0,0.0,0.0,50000,0.123,1.7726938154366947,1.6,0.12448,18,14394980630654320276,160.0,P4
0.0,0.0,0.0,50000,0.123,1.9819319479762423,1.6,0.12244,19,14110932127306359705,160.0,P4
0.0,0.0,0.0,50000,0.123,1.267150777764193,1.6,0.12212,20,6630027420343070031,160.0,P4
0.0,0.0,0.0,50000,0.123,1.6243254883798948,1.6,0.1246,21,16381181912021917200,160.0,P4
0.0,0.0,0.0,50000,0.123,1.3507791694657831,1.6,0.12066,22,11716082173386457684,160.0,P4
0.0,0.00128,0.0,50000,0.123,4.0872247124383625,1.6,0.12398,23,12314177854240986873,160.0,P4
0.0,0.0,0.0,50000,0.123,1.7162834349844185,1.6,0.12122,24,16648987976725949262,160.0,P4
0.0,0.0,0.0,50000,0.123,1.6568123575882399,1.6,0.12082,25,13223564759353026573,160.0,P4
0.0,0.0,0.0,50000,0.123,1.593077577257295,1.6,0.12112,26,11574619122564720146,160.0,P4
0.0,0.0,0.0,50000,0.123,1.4839109101610486,1.6,0.12284,27,7038859318136383524,160.0,P4
0.0,0.0,0.0,50000,0.123,1.7670466942333183,1.6,0.1207,28,16477446882304892083,160.0,P4
0.0,0.0,0.0,50000,0.123,1.892510888590089,1.6,0.1215,29,12523068538460641963,160.0,P4
0.0,0.0,0.0,50000,0.123,1.4263166986589524,1.6,0.12434,30,9187707446011817696,160.0,P4
0.0,0.0,0.0,50000,0.123,1.4580538994567451,1.6,0.12494,31,9275753207651349399,160.0,P4
0.0,0.0,0.0,50000,0.123,1.4474440608285326,1.6,0.12264,32,14336003342640170003,160.0,P4
0.0,0.0,0.0,50000,0.123,1.9214750092420703,1.6,0.12326,33,14557287856446953484,160.0,P4
0.0,0.0,0.0,50000,0.123,1.898015688724441,1.6,0.1215,34,153666570198525022,160.0,P4
0.63754,0.62538,0.6339,50000,0.123,87.89053009982845,1.6,0.12682,35,16020336147139239649,160.0,P4
0.0,0.0,0.0,50000,0.123,1.4630842381147409,1.6,0.12476,36,12295556556865396505,160.0,P4
0.0,0.0,0.0,50000,0.123,1.8024175604304546,1.6,0.12546,37,6264829492161596281,160.0,P4
0.0,0.0,0.0,50000,0.123,1.2326433601390543,1.6,0.12286,38,5099386148278485519,160.0,P4
0.0,0.0,0.0,50000,0.123,1.5413031128869215,1.6,0.12558,39,14230308971692835726,160.0,P4
0.0,0.0,0.0,50000,0.123,2.2645634362790097,1.6,0.1233,40,9256560444604592890,160.0,P4
0.0,0.0,0.0,50000,0.123,1.4727834972867948,1.6,0.12136,41,12117200284155970415,160.0,P4
0.0,0.0,0.0,50000,0.123,1.3898348914516894,1.6,0.1253,42,7570980854043961850,160.0,P4
0.0,0.0,0.0,50000,0.123,1.4371400681416189,1.6,0.12168,43,17239773458659560217,160.0,P4
0.0,0.0,0.0,50000,0.123,1.9243305496162817,1.6,0.12318,44,9825873958725531572,160.0,P4
0.0,0.0,0.0,50000,0.123,1.1986148868518278,1.6,0.12308,45,9949253548550062850,160.0,P4
0.0,0.0,0.0,50000,0.123,1.1158684943377821,1.6,0.12308,46,16390032399236851494,160.0,P4
0.0,0.0,0.0,50000,0.123,1.7678405480533645,1.6,0.12274,47,10748160968127191819,160.0,P4
0.0,0.0,0.0,50000,0.123,1.3355368301653314,1.6,0.11942,48,5683676870331404915,160.0,P4
0.0,0.0,0.0,50000,0.123,1.7181113948454894,1.6,0.12102,49,15251776036679411052,160.0,P4
0.0,0.0,0.0,50000,0.123,1.3754052554152396,1.6,0.11984,50,4005488584877610035,160.0,P4
0.0,0.0,0.0,50000,0.123,1.588976699941472,1.6,0.12574,51,14980943076651574114,160.0,P4
0.0,0.0,0.0,50000,0.123,1.3757400852333577,1.6,0.12332,52,7170167393351546421,160.0,P4
0.0,0.0,0.0,50000,0.123,2.603204815935407,1.6,0.12652,53,2853528770235548376,160.0,P4
0.0,0.0,0.0,50000,0.123,1.7686822207493915,1.6,0.1209,54,14856805781144873908,160.0,P4
0.0,0.0,0.0,50000,0.123,1.6670840415198498,1.6,0.12306,55,2048215937894419864,160.0,P4
0.0,0.0,0.0,50000,0.123,1.6593132161420288,1.6,0.12162,56,15670251614180643117,160.0,P4
0.0,0.0,0.0,50000,0.123,1.937044241194463,1.6,0.12332,57,6225829203842524359,160.0,P4
0.0,0.0,0.0,50000,0.123,1.5517746365445904,1.6,0.12222,58,10614163405461425895,160.0,P4
0.0,0.0,0.0,50000,0.123,1.4537718692837442,1.6,0.12362,59,898109397359173982,160.0,P4
0.0,0.0,0.0,50000,0.123,1.7805141452398972,1.6,0.1245,60,8137112541546508366,160.0,P4
0.0,0.0,0.0,50000,0.123,1.6242569612375632,1.6,0.12436,61,16589176154444096340,160.0,P4
0.0,0.0,0.0,50000,0.123,1.6567677230014615,1.6,0.1251,62,11224732014035278815,160.0,P4
0.0,0.0,0.0,50000,0.123,1.9495679303729228,1.6,0.12274,63,188079042623895957,160.0,P4
0.0,0.0,0.0,50000,0.123,2.084795577543367,1.6,0.1215,64,10708510186792485879,160.0,P4
0.0,0.0,0.0,50000,0.123,1.735892505135237,1.6,0.12258,65,14623188789201828520,160.0,P4
0.0,0.0,0.0,50000,0.123,1.3412834832765204,1.6,0.12194,66,2068435188787040330,160.0,P4
0.0,0.0,0.0,50000,0.123,1.2568163636137777,1.6,0.12268,67,3542347543011654106,160.0,P4
0.0,0.0,0.0,50000,0.123,1.8547833211248066,1.6,0.12232,68,12535014013234894630,160.0,P4
0.0,0.0,0.0,50000,0.123,2.431115743801423,1.6,0.12484,69,5300265881832950553,160.0,P4
0.0,0.0,0.0,50000,0.123,1.6701670344795017,1.6,0.12144,70,7526739209514659500,160.0,P4
0.0,0.0,0.0,50000,0.123,2.082983656587147,1.6,0.12376,71,5874955093377039013,160.0,P4
0.0,0.0,0.0,50000,0.123,1.6347049314657098,1.6,0.12394,72,17438045742467068659,160.0,P4
0.0,0.0,0.0,50000,0.123,1.0943608471530248,1.6,0.12494,73,8623957978901604457,160.0,P4
0.0,0.0,0.0,50000,0.123,1.301304472484445,1.6,0.12178,74,5797562368566878768,160.0,P4
0.0,0.0,0.0,50000,0.123,1.3254890386154412,1.6,0.12184,75,7219635790591121917,160.0,P4
0.0,0.0,0.0,50000,0.123,1.5265250821923724,1.6,0.12232,76,3627878964404382140,160.0,P4
0.0,0.0,0.0,50000,0.123,1.3172413985880989,1.6,0.12148,77,12928996739380880420,160.0,P4
0.0,0.0,0.0,50000,0.123,1.3295367346292823,1.6,0.12322,78,10613604596033303523,160.0,P4
0.0,0.0,0.0,50000,0.123,1.607870133816974,1.6,0.12454,79,10677444511326577499,160.0,P4
0.0,0.0,0.0,50000,0.123,1.7989902975459222,1.6,0.12438,80,3315684487682420649,160.0,P4
0.0,0.0,0.0,50000,0.123,1.5768291443705835,1.6,0.12158,81,16170542080662454453,160.0,P4
0.0,0.00168,0.0,50000,0.123,4.154897921534404,1.6,0.12426,82,2699173214178600960,160.0,P4
0.0,0.0,0.0,50000,0.123,1.2643819711642652,1.6,0.12146,83,16269215825209658241,160.0,P4
0.0,0.0,0.0,50000,0.123,1.6336737473556007,1.6,0.12458,84,790332840559338160,160.0,P4
0.0,0.0,0.0,50000,0.123,1.5476962537297172,1.6,0.1238,85,3116599075936941437,160.0,P4
0.0,0.0,0.0,50000,0.123,1.3945360689288027,1.6,0.1233,86,1886813989807688716,160.0,P4
0.0,0.0,0.0,50000,0.123,1.4616799968352465,1.6,0.12046,87,16641108207779450559,160.0,P4
0.0,0.0,0.0,50000,0.123,2.1480694675620398,1.6,0.12358,88,14051988218792336364,160.0,P4
0.0,0.0,0.0,50000,0.123,2.0173528948446635,1.6,0.12542,89,3241767859724939270,160.0,P4
0.0,0.0,0.0,50000,0.123,1.4966513895867541,1.6,0.12224,90,11202431645878183166,160.0,P4
0.0,0.0,0.0,50000,0.123,1.5386674771480164,1.6,0.12256,91,7847749233231161860,160.0,P4
0.0,0.0,0.0,50000,0.123,1.793535929291486,1.6,0.1224,92,16904368204697927139,160.0,P4
0.0,0.0,0.0,50000,0.123,1.2424462588914649,1.6,0.12068,93,1972396204382788307,160.0,P4
0.0,0.0,0.0,50000,0.123,1.632100261943501,1.6,0.1233,94,5344444740699965037,160.0,P4
0.0,0.0,0.0,50000,0.123,1.4821207613096128,1.6,0.12222,95,14189732079484670483,160.0,P4
0.0,0.0,0.0,50000,0.123,2.5571694096744264,1.6,0.1256,96,778199937412987317,160.0,P4
0.0,0.0,0.0,50000,0.123,1.3345111501824019,1.6,0.12144,97,15632791046780233814,160.0,P4
0.0,0.0,0.0,50000,0.123,1.6450429068888945,1.6,0.12408,98,9295550900193960335,160.0,P4
0.0,0.0,0.0,50000,0.123,1.496948864536187,1.6,0.12256,99,2197909358290204154,160.0,P4
0.0,0.0,0.0,50000,0.127,1.8389452279671905,1.6,0.12792,0,6719735350690367808,160.0,P4
0.0,0.0,0.0,50000,0.127,1.8658547682370121,1.6,0.12624,1,3485923514406730774,160.0,P4
0.0,0.0,0.0,50000,0.127,2.4505283158027353,1.6,0.12518,2,11872634948158255481,160.0,P4
0.0,0.0,0.0,50000,0.127,1.9908227518475727,1.6,0.12892,3,8326000005442666953,160.0,P4
0.0,0.0,0.0,50000,0.127,2.2261859674111917,1.6,0.12778,4,7264632498808328396,160.0,P4
0.64294,0.63504,0.63398,50000,0.127,93.10159673931153,1.6,0.12686,5,16668649792909484206,160.0,P4
0.0,0.0,0.0,50000,0.127,2.2497778364403405,1.6,0.1286,6,15781967167890961362,160.0,P4
0.64066,0.63074,0.63354,50000,0.127,90.06467631543744,1.6,0.12628,7,7210009976330968141,160.0,P4
0.0,0.0,0.0,50000,0.127,1.9614335755582812,1.6,0.12686,8,7571248900145646591,160.0,P4
0.63654,0.63048,0.63646,50000,0.127,89.03464377883586,1.6,0.128,9,14960556103444469453,160.0,P4
0.0,0.0,0.0,50000,0.127,1.3327892968897308,1.6,0.12632,10,8333417825642964474,160.0,P4
0.0,0.01046,0.0,50000,0.127,4.658113090621098,1.6,0.12698,11,447341026754834246,160.0,P4
0.0,0.0,0.0,50000,0.127,1.509339803041248,1.6,0.12506,12,2370519783468709214,160.0,P4
0.0,0.0,0.0,50000,0.127,1.2126091105451238,1.6,0.12656,13,3519655414422372173,160.0,P4
0.0,0.0,0.0,50000,0.127,1.7212081186070673,1.6,0.12666,14,9791138621333043615,160.0,P4
0.0,0.0,0.0,50000,0.127,1.6041084260577683,1.6,0.12592,15,18362887669705906097,160.0,P4
0.0,0.0,0.0,50000,0.127,1.77118626308607,1.6,0.12514,16,14778581449094299529,160.0,P4
0.63868,0.62752,0.6419,50000,0.127,93.10309660864517,1.6,0.12724,17,14951629656399784085,160.0,P4
0.63502,0.61046,0.63078,50000,0.127,87.10757786328844,1.6,0.12752,18,10139407901946642311,160.0,P4
0.0,0.0,0.0,50000,0.127,1.5022207043705313,1.6,0.126,19,1888019131389943125,160.0,P4
0.0,0.0,0.0,50000,0.127,2.2926705881760268,1.6,0.12682,20,6328468506438026163,160.0,P4
0.63826,0.6382,0.63816,50000,0.127,90.47970454239402,1.6,0.12722,21,10538880831696156884,160.0,P4
0.0,0.0,0.0,50000,0.127,1.6018954888559043,1.6,0.12464,22,9300451860753380106,160.0,P4
0.0,0.0,0.0,50000,0.127,1.6761254640951169,1.6,0.12386,23,13771212766923109871,160.0,P4
0.63668,0.6323,0.63464,50000,0.127,89.40727912666951,1.6,0.12422,24,11845347425669634852,160.0,P4
0.0,0.0,0.0,50000,0.127,2.2789319469656073,1.6,0.12666,25,7921517134743020368,160.0,P4
0.0,0.0,0.0,50000,0.127,2.9331597880220706,1.6,0.12566,26,15351915616201378756,160.0,P4
0.62876,0.62278,0.63304,50000,0.127,87.54055871451988,1.6,0.12758,27,4074123321521641885,160.0,P4
0.0,0.0,0.0,50000,0.127,1.370607916575329,1.6,0.12668,28,7618631334103475325,160.0,P4
0.0,0.0,0.0,50000,0.127,2.4575759040577045,1.6,0.12854,29,7577878395712743605,160.0,P4
0.0,0.0,0.0,50000,0.127,1.8074992451600722,1.6,0.12914,30,1216528141111421079,160.0,P4
0.0,0.0,0.0,50000,0.127,1.414961179499792,1.6,0.12716,31,17952962935087243395,160.0,P4
0.0,0.0,0.0,50000,0.127,2.343704018978909,1.6,0.12792,32,10576172446809087011,160.0,P4
0.0,0.0,0.0,50000,0.127,1.7129240430843353,1.6,0.12634,33,5388952892834837347,160.0,P4
0.0,0.0,0.0,50000,0.127,1.8252767630626332,1.6,0.12598,34,6150564958474650068,160.0,P4
0.0,0.0,0.0,50000,0.127,1.8591532389207417,1.6,0.12734,35,17382382855119646926,160.0,P4
0.0,0.0,0.0,50000,0.127,1.549231234021191,1.6,0.12638,36,18311689080913709251,160.0,P4
0.0,0.0,0.0,50000,0.127,1.697046358571903,1.6,0.12672,37,16029144319125490465,160.0,P4
0.0,0.0,0.0,50000,0.127,3.1008973237715978,1.6,0.12644,38,1150811985906466038,160.0,P4
0.63938,0.62702,0.63268,50000,0.127,88.07129485854485,1.6,0.12746,39,4817453556218345155,160.0,P4
0.0,6e-05,0.0,50000,0.127,3.562028374232892,1.6,0.12858,40,3188915599445025829,160.0,P4
0.0,0.0,0.0,50000,0.127,2.3086948177036732,1.6,0.12784,41,17165953560244594971,160.0,P4
0.6372,0.59492,0.63718,50000,0.127,86.14202370651677,1.6,0.1275,42,9484658364632282158,160.0,P4
0.0,0.0,0.0,50000,0.127,2.480136146102375,1.6,0.12768,43,17573730886915552436,160.0,P4
0.63078,0.62514,0.63718,50000,0.127,89.2334387736282,1.6,0.12724,44,10552079397720835299,160.0,P4
0.0,0.0,0.0,50000,0.127,1.6157974174663003,1.6,0.1285,45,7691334403880224676,160.0,P4
0.0,0.0,0.0,50000,0.127,1.5624150723365982,1.6,0.12628,46,16207314110155910650,160.0,P4
0.0,0.0,0.0,50000,0.127,3.0894395809699677,1.6,0.12694,47,7822968816144204544,160.0,P4
0.0,0.0,0.0,50000,0.127,1.6412157040370603,1.6,0.12734,48,16624379983514511402,160.0,P4
0.0,0.0,0.0,50000,0.127,2.475283516674825,1.6,0.1285,49,11312495053502979083,160.0,P4
0.0,0.0,0.0,50000,0.127,2.507275799889714,1.6,0.1274,50,7221670558125276599,160.0,P4
0.0,0.0,0.0,50000,0.127,1.3145983226453342,1.6,0.12756,51,15861024413443603584,160.0,P4
0.0,0.0,0.0,50000,0.127,1.1814563617478733,1.6,0.12458,52,15373456955319284386,160.0,P4
0.0,0.0,0.0,50000,0.127,2.0519583300465323,1.6,0.12862,53,8281378673078303598,160.0,P4
0.0,0.0,0.0,50000,0.127,2.941628983054793,1.6,0.12596,54,18227502722455569579,160.0,P4
0.63602,0.63172,0.63626,50000,0.127,88.25689692464236,1.6,0.12816,55,7123806451802685889,160.0,P4
0.0,0.0,0.0,50000,0.127,2.597716663467272,1.6,0.1285,56,5065188534468865895,160.0,P4
0.0,0.0,0.0,50000,0.127,1.4153332426732776,1.6,0.12864,57,8199929319885915654,160.0,P4
0.0,0.0,0.0,50000,0.127,1.7613933459176838,1.6,0.12404,58,12416524511931876126,160.0,P4
0.0,0.0,0.0,50000,0.127,1.24668509671,1.6,0.12458,59,17103290169638395065,160.0,P4
0.63286,0.57426,0.63464,50000,0.127,85.15609937788626,1.6,0.127,60,8089262700837499055,160.0,P4
0.0,0.0,0.0,50000,0.127,3.0206335727133062,1.6,0.12614,61,16038268188569648034,160.0,P4
0.0,0.0,0.0,50000,0.127,2.500877420109559,1.6,0.13106,62,3671706311196205657,160.0,P4
0.0,0.0,0.0,50000,0.127,1.4243745956625644,1.6,0.12836,63,9337997741897951685,160.0,P4
0.0,0.0,0.0,50000,0.127,1.932932095265876,1.6,0.12752,64,5721436159296382486,160.0,P4
0.0,0.0,0.0,50000,0.127,2.3532032753045984,1.6,0.12748,65,9929366885586598034,160.0,P4
0.0,0.0,0.0,50000,0.127,1.8392444651261433,1.6,0.12802,66,12366093413443125948,160.0,P4
0.0,0.0,0.0,50000,0.127,1.8244593698346112,1.6,0.12822,67,3931482477412389353,160.0,P4
0.0,0.0,0.0,50000,0.127,2.723100470426161,1.6,0.12592,68,10889513252174682987,160.0,P4
0.0,0.0,0.0,50000,0.127,1.8373638734013953,1.6,0.12906,69,2689882173605191954,160.0,P4
0.0,0.0,0.0,50000,0.127,1.2928990750598879,1.6,0.12652,70,2928051102634387745,160.0,P4
0.0,0.0,0.0,50000,0.127,3.180882076375229,1.6,0.13186,71,12239157796123688149,160.0,P4
0.0,0.0,0.0,50000,0.127,1.7668542348869527,1.6,0.12874,72,10304632551254880548,160.0,P4
0.0,0.0,0.0,50000,0.127,2.16296750365336,1.6,0.12684,73,14785250562705399385,160.0,P4
0.0,0.0,0.0,50000,0.127,2.4929806569821404,1.6,0.1243,74,3162111337871387062,160.0,P4
0.0,0.0,0.0,50000,0.127,2.0280517552048587,1.6,0.12922,75,6153567086500635207,160.0,P4
0.0,0.0,0.0,50000,0.127,1.3734271147766948,1.6,0.12534,76,2851348694838697239,160.0,P4
0.0,0.0,0.0,50000,0.127,1.5596401571824752,1.6,0.12672,77,562189326889053519,160.0,P4
0.0,0.0,0.0,50000,0.127,1.681490384316079,1.6,0.12712,78,2258877578912266021,160.0,P4
0.0,0.0,0.0,50000,0.127,2.289590557543788,1.6,0.12828,79,13445090112860642547,160.0,P4
0.0,0.0,0.0,50000,0.127,2.0963586075906555,1.6,0.1273,80,11833639981711348584,160.0,P4
0.0,0.0,0.0,50000,0.127,1.665228072074916,1.6,0.1274,81,12942154167412194473,160.0,P4
0.0,0.0,0.0,50000,0.127,1.2483072418560823,1.6,0.12506,82,17826809184798257316,160.0,P4
0.0,0.0,0.0,50000,0.127,2.039445610047526,1.6,0.1283,83,10439898459703840426,160.0,P4
0.0,0.0,0.0,50000,0.127,1.5233920486187422,1.6,0.1255,84,3986164251007132857,160.0,P4
0.0,0.0,0.0,50000,0.127,1.5030159314812348,1.6,0.12732,85,18332592308108777625,160.0,P4
0.0,0.0,0.0,50000,0.127,1.7561345130742008,1.6,0.1266,86,4951233156313674600,160.0,P4
0.0,0.0,0.0,50000,0.127,1.3830567360778243,1.6,0.12596,87,15377780781096808169,160.0,P4
0.0,0.0,0.0,50000,0.127,1.6156716885752926,1.6,0.12958,88,1428155821794920537,160.0,P4
0.0,0.0,0.0,50000,0.127,2.142179016638538,1.6,0.1285,89,15068262445688276614,160.0,P4
0.0,0.0,0.0,50000,0.127,1.5169448992977126,1.6,0.12706,90,13489512526727562117,160.0,P4
0.0,0.0,0.0,50000,0.127,1.7251672242830536,1.6,0.12782,91,9212746556146085769,160.0,P4
0.0,0.0,0.0,50000,0.127,3.036507658249433,1.6,0.1258,92,1384708101611727062,160.0,P4
0.0,0.0,0.0,50000,0.127,2.29661779941852,1.6,0.1294,93,7472343552929784175,160.0,P4
0.0,0.0,0.0,50000,0.127,3.3266099860533123,1.6,0.12792,94,2069842918234597436,160.0,P4
0.64206,0.6331,0.63246,50000,0.127,92.35174413236413,1.6,0.12728,95,3960241689724923197,160.0,P4
0.64148,0.63034,0.63908,50000,0.127,88.58552244597888,1.6,0.12888,96,15466228240801195439,160.0,P4
0.0,0.0,0.0,50000,0.127,2.627213996375475,1.6,0.12912,97,10261571821203406598,160.0,P4
0.0,0.0,0.0,50000,0.127,1.6061879996631807,1.6,0.1249,98,13156071848292385637,160.0,P4
0.0,0.0,0.0,50000,0.127,1.9127284886897293,1.6,0.12518,99,9363702445290719095,160.0,P4
0.0,0.0,0.0,50000,0.131,2.1090745158178263,1.6,0.12788,0,10544166893951164890,160.0,P4
0.0,0.0,0.0,50000,0.131,1.6699514687047945,1.6,0.13182,1,9330295249555818050,160.0,P4
0.0,0.0,0.0,50000,0.131,2.1071470762297557,1.6,0.13174,2,6815090077312802955,160.0,P4
0.0,0.0,0.0,50000,0.131,2.8593616084986424,1.6,0.13134,3,2742093012237676597,160.0,P4
0.63832,0.63356,0.63924,50000,0.131,91.01281760876428,1.6,0.1316,4,6535987485800634643,160.0,P4
0.63874,0.63982,0.63378,50000,0.131,91.86450324537067,1.6,0.13288,5,1452360719223007735,160.0,P4
0.0,0.0,0.0,50000,0.131,1.5206097466532427,1.6,0.13,6,9367184164498817318,160.0,P4
0.0,0.0,0.0,50000,0.131,1.9618177641038796,1.6,0.1307,7,2698142315468787427,160.0,P4
0.0,0.0,0.0,50000,0.131,2.148352884503423,1.6,0.13226,8,10930470576963390175,160.0,P4
0.0,0.00064,0.0,50000,0.131,4.210416956033556,1.6,0.13146,9,6070580746187578780,160.0,P4
0.0,0.0,0.0,50000,0.131,2.9328193434550505,1.6,0.13266,10,7599779695518163736,160.0,P4
0.0,0.0,0.0,50000,0.131,2.5883702024373876,1.6,0.13122,11,6340540183062738099,160.0,P4
0.0,0.09106,0.0,50000,0.131,5.7746366066785635,1.6,0.13072,12,18137149120377291458,160.0,P4
0.0,0.0,0.0,50000,0.131,2.1517454575858563,1.6,0.12676,13,17626088651212563131,160.0,P4
0.0,0.0,0.0,50000,0.131,2.6318475532501227,1.6,0.13106,14,15046330544025524676,160.0,P4
0.0,8e-05,0.0,50000,0.131,3.7485300906135923,1.6,0.13132,15,15849018835364544169,160.0,P4
0.0,0.0,0.0,50000,0.131,1.6955467515281901,1.6,0.1292,16,14309205643202555713,160.0,P4
0.0,0.0,0.0,50000,0.131,2.4124113098745568,1.6,0.13142,17,6964208138934015383,160.0,P4
0.0,0.0,0.0,50000,0.131,3.286446107871951,1.6,0.13008,18,4765637545852305096,160.0,P4
0.0,0.0,0.0,50000,0.131,3.071140898365927,1.6,0.13364,19,17290709839108146178,160.0,P4
0.0,0.0,0.0,50000,0.131,2.4419202651405403,1.6,0.13128,20,13663334371162934185,160.0,P4
0.0,0.0,0.0,50000,0.131,3.6218931305252355,1.6,0.13144,21,18151788065121214324,160.0,P4
0.63954,0.63554,0.6384,50000,0.131,92.39861270620968,1.6,0.13214,22,8382549453071524979,160.0,P4
0.6348,0.6335,0.63624,50000,0.131,89.0328154585641,1.6,0.13118,23,16394721903186438466,160.0,P4
0.63654,0.59362,0.63804,50000,0.131,86.04102950481035,1.6,0.1307,24,11599682782311538413,160.0,P4
0.0,0.0,0.0,50000,0.131,2.127468837580219,1.6,0.13204,25,15578205813510728723,160.0,P4
0.64214,0.5825,0.64162,50000,0.131,85.0872378265474,1.6,0.13096,26,14466315353119931357,160.0,P4
0.63982,0.6368,0.64218,50000,0.131,89.20055221230248,1.6,0.13206,27,609006952870566918,160.0,P4
0.0,0.0,0.0,50000,0.131,2.228418801020041,1.6,0.13142,28,11537482059690491251,160.0,P4
0.63742,0.6365,0.64304,50000,0.131,90.0474094712097,1.6,0.131,29,16436948131554768946,160.0,P4
0.0,0.00394,0.0,50000,0.131,4.4593186295638185,1.6,0.1314,30,680500060116379273,160.0,P4
0.0,0.0,0.0,50000,0.131,2.1913893336015224,1.6,0.13176,31,12872203190932655470,160.0,P4
0.0,0.0002,0.0,50000,0.131,3.9829614853042847,1.6,0.13374,32,13485870700205785068,160.0,P4
0.62992,0.63082,0.62986,50000,0.131,88.32459276817795,1.6,0.13196,33,18160041991874139345,160.0,P4
0.0,0.0,0.0,50000,0.131,1.4050716836035164,1.6,0.12912,34,6623598504378655702,160.0,P4
0.0,0.0,0.0,50000,0.131,1.7831678357415428,1.6,0.1311,35,3183142489764864559,160.0,P4
0.0,0.0,0.0,50000,0.131,1.8251487665159258,1.6,0.13056,36,15044785732206126598,160.0,P4
0.63626,0.6307,0.63672,50000,0.131,89.9807852319789,1.6,0.13348,37,17539379778448635064,160.0,P4
0.0,0.0,0.0,50000,0.131,2.8181781705692797,1.6,0.13044,38,15307733498357711659,160.0,P4
0.6315,0.2582,0.63574,50000,0.131,79.93681486970607,1.6,0.13172,39,16286681422717363091,160.0,P4
0.63748,0.6377,0.63834,50000,0.131,91.19934640613502,1.6,0.13058,40,12428085202450576840,160.0,P4
0.0,0.0,0.0,50000,0.131,2.3534479645776387,1.6,0.12926,41,10109414967733761059,160.0,P4
0.0,0.0,0.0,50000,0.131,1.8133149233175356,1.6,0.13208,42,17204061675206457582,160.0,P4
0.0,0.0,0.0,50000,0.131,2.216669291301996,1.6,0.13002,43,15005491477011699803,160.0,P4
0.0,0.0,0.0,50000,0.131,2.036078740679423,1.6,0.13316,44,17405476851720972902,160.0,P4
0.0,4e-05,0.0,50000,0.131,3.038518136083908,1.6,0.13014,45,2693366501271174092,160.0,P4
0.0,0.0,0.0,50000,0.131,1.7957212088826722,1.6,0.1316,46,4395380582944660207,160.0,P4
0.0,0.0,0.0,50000,0.131,1.4302629080320886,1.6,0.12816,47,1146863357751790480,160.0,P4
0.0,0.0,0.0,50000,0.131,2.5278761500066484,1.6,0.13026,48,13520815631604690773,160.0,P4
0.0,0.0,0.0,50000,0.131,1.7287653660898565,1.6,0.13174,49,8693410510041857523,160.0,P4
0.0,0.0,0.0,50000,0.131,1.8395470918279855,1.6,0.12808,50,16341834843670444447,160.0,P4
0.63472,0.62678,0.62964,50000,0.131,89.16382039492879,1.6,0.13372,51,10089829984761795493,160.0,P4
0.63668,0.62842,0.63962,50000,0.131,87.52627227472314,1.6,0.13282,52,15714203601865972561,160.0,P4
0.62982,0.63536,0.64102,50000,0.131,90.25833016822595,1.6,0.1305,53,379865436069925319,160.0,P4
0.0,0.0,0.0,50000,0.131,3.7825200188176384,1.6,0.13234,54,16036083999138330546,160.0,P4
0.0,0.0,0.0,50000,0.131,1.720946410251547,1.6,0.13024,55,8306463928739608490,160.0,P4
0.63882,0.61816,0.63502,50000,0.131,87.95268794500727,1.6,0.13146,56,9181270873156215893,160.0,P4
0.0,0.00022,0.0,50000,0.131,3.6766201907021965,1.6,0.13104,57,9550797957022499564,160.0,P4
0.0,0.0,0.0,50000,0.131,1.8778478425981682,1.6,0.1326,58,4310663119729506711,160.0,P4
0.0,0.0,0.0,50000,0.131,1.6493924412658663,1.6,0.13234,59,7869842975655865410,160.0,P4
0.63102,0.63442,0.6383,50000,0.131,91.21521196918751,1.6,0.13146,60,5534119320647360932,160.0,P4
0.63384,0.63034,0.63502,50000,0.131,87.71648694556634,1.6,0.13214,61,11668341608470303016,160.0,P4
0.63812,0.62882,0.63688,50000,0.131,88.31760289345722,1.6,0.1308,62,14252579903032089192,160.0,P4
0.6301,0.61456,0.63668,50000,0.131,87.19180082314145,1.6,0.13008,63,14212003905084781968,160.0,P4
0.0,0.0,0.0,50000,0.131,1.4060701372551636,1.6,0.1298,64,716702171825670183,160.0,P4
0.0,0.0,0.0,50000,0.131,1.7619291500051448,1.6,0.1303,65,8375523007078530422,160.0,P4
0.0,0.0002,0.0,50000,0.131,3.322829979050276,1.6,0.13194,66,2191357880343320749,160.0,P4
0.63952,0.63234,0.6401,50000,0.131,90.15031762198353,1.6,0.1321,67,8330821732596713614,160.0,P4
0.0,0.0,0.0,50000,0.131,3.0219361129444624,1.6,0.13074,68,71922728559348060,160.0,P4
0.63424,0.64316,0.64512,50000,0.131,91.21885293472069,1.6,0.13126,69,2654589935486247489,160.0,P4
0.63368,0.6346,0.6378,50000,0.131,88.30456354064732,1.6,0.12874,70,1549025715758405722,160.0,P4
0.0,0.0,0.0,50000,0.131,2.4222349929988924,1.6,0.12952,71,227035686400778175,160.0,P4
0.0,0.0,0.0,50000,0.131,1.8480905402356311,1.6,0.13092,72,16637227548042531128,160.0,P4
0.0,0.0,0.0,50000,0.131,2.3768701238154866,1.6,0.13118,73,14906050162634399395,160.0,P4
0.63372,0.61872,0.64082,50000,0.131,87.53625349516963,1.6,0.13,74,11690760549329516565,160.0,P4
0.63982,0.55886,0.63568,50000,0.131,85.04548088497391,1.6,0.1306,75,16882169848047394828,160.0,P4
0.0,0.0,0.0,50000,0.131,2.088100500467686,1.6,0.1312,76,6853911075434074828,160.0,P4
0.0,0.0,0.0,50000,0.131,2.0154295365319275,1.6,0.13094,77,13927660329167656477,160.0,P4
0.0,0.0,0.0,50000,0.131,1.6781079351157173,1.6,0.12916,78,17831424900848120126,160.0,P4
0.63436,0.63138,0.63612,50000,0.131,88.52720683231935,1.6,0.13106,79,505973739858121817,160.0,P4
0.64088,0.63844,0.63964,50000,0.131,91.83193349724229,1.6,0.1331,80,9310465926999389517,160.0,P4
0.0,0.0,0.0,50000,0.131,1.5230461611416946,1.6,0.13112,81,1354139593911592733,160.0,P4
0.0,0.0,0.0,50000,0.131,2.6077936623322304,1.6,0.13258,82,4085722940594571710,160.0,P4
0.0,0.0,0.0,50000,0.131,2.1183926513070657,1.6,0.13188,83,13161396052359048867,160.0,P4
0.0,0.0,0.0,50000,0.131,2.34099553660519,1.6,0.13072,84,5966891237390923710,160.0,P4
0.62916,0.62902,0.63452,50000,0.131,90.02935608140722,1.6,0.1317,85,11292922517944084969,160.0,P4
0.0,0.0,0.0,50000,0.131,1.6556241298728946,1.6,0.1287,86,4689521283878047099,160.0,P4
0.0,0.0,0.0,50000,0.131,1.490636339122052,1.6,0.12806,87,7848984219629444425,160.0,P4
0.0,0.0,0.0,50000,0.131,2.5313423333478404,1.6,0.13172,88,11371525980615997177,160.0,P4
0.0,0.0,0.0,50000,0.131,1.845801656876529,1.6,0.12976,89,9458613123900802468,160.0,P4
0.0,0.0,0.0,50000,0.131,1.6102527741334507,1.6,0.12918,90,16837816760785753890,160.0,P4
0.0,0.0,0.0,50000,0.131,2.8123410188176665,1.6,0.13208,91,7536890268864025660,160.0,P4
0.0,0.0,0.0,50000,0.131,3.013640881576306,1.6,0.12924,92,9117669972352346310,160.0,P4
0.0,0.0,0.0,50000,0.131,2.167163092896673,1.6,0.12958,93,4013034563105075414,160.0,P4
0.0,0.0,0.0,50000,0.131,2.1908402193753704,1.6,0.12876,94,8911854672120848433,160.0,P4
0.63184,0.6345,0.63294,50000,0.131,91.86839579638627,1.6,0.13216,95,435201424308561306,160.0,P4
0.63198,0.63306,0.63786,50000,0.131,89.62506675044503,1.6,0.13006,96,17632131597190611338,160.0,P4
0.0,0.0,0.0,50000,0.131,3.3971504519233875,1.6,0.13328,97,7037059426656274629,160.0,P4
0.0,0.0,0.0,50000,0.131,2.8091798542036384,1.6,0.13194,98,13455655888083034242,160.0,P4
0.0,0.0,0.0,50000,0.131,1.6449361378428178,1.6,0.1313,99,11222927860424365959,160.0,P4
0.6353,0.63916,0.63842,50000,0.136,94.1347083256992,1.6,0.13976,0,5249068739938007851,160.0,P4
0.63666,0.63714,0.634,50000,0.136,92.59324745067023,1.6,0.1396,1,18187415536310416160,160.0,P4
0.63866,0.40382,0.6331,50000,0.136,82.6106529439711,1.6,0.13578,2,14605147175227940962,160.0,P4
0.0,0.00024,0.0,50000,0.136,3.8268016801720526,1.6,0.13832,3,10048716208333894393,160.0,P4
0.6337,0.64324,0.63592,50000,0.136,91.61165064292037,1.6,0.13568,4,13523295032527871670,160.0,P4
0.63778,0.24192,0.63506,50000,0.136,79.9997080187102,1.6,0.13486,5,3928965620797901888,160.0,P4
0.0,0.0,0.0,50000,0.136,3.546257542689476,1.6,0.1325,6,3683731038989188745,160.0,P4
0.63684,0.63816,0.63176,50000,0.136,90.01786852275869,1.6,0.13536,7,1875787361619504191,160.0,P4
0.63424,0.62664,0.63426,50000,0.136,87.79922875264228,1.6,0.13482,8,9819786805010027269,160.0,P4
0.63768,0.6343,0.636,50000,0.136,92.25145541896883,1.6,0.13484,9,778174972498828357,160.0,P4
0.63528,0.64292,0.6371,50000,0.136,94.30935512303931,1.6,0.13582,10,11886432713359801088,160.0,P4
0.64004,0.64084,0.64206,50000,0.136,93.5497323868691,1.6,0.13656,11,1587606540325608984,160.0,P4
0.63726,0.63648,0.63666,50000,0.136,92.3422161229317,1.6,0.13608,12,5740724457504257448,160.0,P4
0.6318,0.6425,0.63506,50000,0.136,91.65190626681023,1.6,0.13312,13,10173846121486792348,160.0,P4
0.64026,0.64272,0.64184,50000,0.136,92.96350115573972,1.6,0.13768,14,16012538626360171639,160.0,P4
0.0,0.0,0.0,50000,0.136,2.5300368368916963,1.6,0.13554,15,8071661339534963402,160.0,P4
0.0,0.00084,0.0,50000,0.136,4.115496234478969,1.6,0.13542,16,7156557468145527605,160.0,P4
0.0,0.0,0.0,50000,0.136,2.585725895653542,1.6,0.13706,17,15713554674187560533,160.0,P4
0.6342,0.62084,0.63766,50000,0.136,87.31562408082328,1.6,0.13644,18,118720200616035262,160.0,P4
0.63506,0.64052,0.6342,50000,0.136,91.98207502216941,1.6,0.13596,19,408362343875178650,160.0,P4
0.63124,0.6337,0.63932,50000,0.136,90.88359871275203,1.6,0.13432,20,6278208261379595606,160.0,P4
0.0,0.0,0.0,50000,0.136,2.093764561210394,1.6,0.13404,21,5919986142051642922,160.0,P4
0.6361,0.6298,0.63952,50000,0.136,89.95600644778608,1.6,0.1365,22,13804718517705624683,160.0,P4
0.0,0.0,0.0,50000,0.136,3.365092891491291,1.6,0.1327,23,12385448481616998875,160.0,P4
0.63848,0.64392,0.63784,50000,0.136,93.58153198608615,1.6,0.13516,24,15415111068826446223,160.0,P4
0.0,0.0,0.0,50000,0.136,2.717851729088229,1.6,0.1348,25,7260195229483147328,160.0,P4
0.0,0.0,0.0,50000,0.136,3.404604975633704,1.6,0.13572,26,16335336606991227510,160.0,P4
0.63328,0.63738,0.6328,50000,0.136,89.7400279005252,1.6,0.13554,27,17241046701351763689,160.0,P4
0.63858,0.63642,0.63282,50000,0.136,93.96272023822041,1.6,0.13722,28,14089432285640697244,160.0,P4
0.6362,0.61814,0.6364,50000,0.136,86.94146864492949,1.6,0.13758,29,6237534402865037526,160.0,P4
0.63634,0.63536,0.64244,50000,0.136,93.10559045388544,1.6,0.13776,30,14824371527626963668,160.0,P4
0.0,0.0,0.0,50000,0.136,2.0561788881968637,1.6,0.13632,31,15015159682661939646,160.0,P4
0.0,0.0,0.0,50000,0.136,2.1896451472102205,1.6,0.13694,32,3409094741248722006,160.0,P4
0.0,0.0,0.0,50000,0.136,2.6308249478079984,1.6,0.13224,33,10873196572512819959,160.0,P4
0.63426,0.63538,0.6376,50000,0.136,92.10779539155047,1.6,0.13564,34,8797138269809846829,160.0,P4
0.64478,0.6416,0.642,50000,0.136,91.679124166973,1.6,0.14024,35,8927311607576652484,160.0,P4
0.63378,0.21194,0.63802,50000,0.136,79.00796383794408,1.6,0.13602,36,14536484951720359711,160.0,P4
0.63998,0.62918,0.6366,50000,0.136,87.94789721704831,1.6,0.13572,37,15617353562059672377,160.0,P4
0.62838,0.63682,0.63128,50000,0.136,92.45166441192097,1.6,0.13378,38,11335994037414680111,160.0,P4
0.6397,0.63234,0.63832,50000,0.136,89.2063745992183,1.6,0.13376,39,13903845541408836262,160.0,P4
0.6327,0.6364,0.63112,50000,0.136,93.14111417285103,1.6,0.13764,40,1371978965479566903,160.0,P4
0.63486,0.63368,0.6372,50000,0.136,91.41653599450892,1.6,0.13502,41,11508363274175698433,160.0,P4
0.0,0.0,0.0,50000,0.136,2.2054973234339172,1.6,0.13646,42,996581390295889186,160.0,P4
0.64252,0.63858,0.6357,50000,0.136,90.49379396344047,1.6,0.13564,43,3059906231455329417,160.0,P4
0.64332,0.63416,0.63284,50000,0.136,90.62464722790482,1.6,0.1359,44,17612390898231286093,160.0,P4
0.6303,0.63732,0.63482,50000,0.136,91.60261399284155,1.6,0.13754,45,3501837265784852910,160.0,P4
0.0,0.0,0.0,50000,0.136,2.4070123766282694,1.6,0.13546,46,5308388671201231387,160.0,P4
0.63268,0.63352,0.63758,50000,0.136,91.57565375080533,1.6,0.13384,47,667587186433085876,160.0,P4
0.63208,0.63156,0.6306,50000,0.136,91.02734276619348,1.6,0.13748,48,8440414036006358642,160.0,P4
0.6342,0.63752,0.63426,50000,0.136,94.00090086088879,1.6,0.13668,49,16932461326574654456,160.0,P4
0.63818,0.63334,0.62918,50000,0.136,91.76752995508531,1.6,0.13518,50,13567015487362743810,160.0,P4
0.0,0.0,0.0,50000,0.136,2.9551170558782287,1.6,0.13652,51,14919765970316983583,160.0,P4
0.0,0.0,0.0,50000,0.136,2.7934080276030557,1.6,0.13418,52,13628938343715797727,160.0,P4
0.63634,0.63412,0.63236,50000,0.136,92.93115294812446,1.6,0.1372,53,9686301881932059796,160.0,P4
0.63294,0.64074,0.637,50000,0.136,93.72279000028183,1.6,0.1346,54,8063782377578356193,160.0,P4
0.0,0.0,0.0,50000,0.136,2.05605008026755,1.6,0.1345,55,3663603358249626867,160.0,P4
0.63516,0.64346,0.64142,50000,0.136,94.36268842458132,1.6,0.1361,56,10593725957779088927,160.0,P4
0.0,0.0,0.0,50000,0.136,3.23866710923532,1.6,0.13586,57,13366941660910891734,160.0,P4
0.64162,0.64118,0.63218,50000,0.136,92.75993869587552,1.6,0.13706,58,11958990744138089128,160.0,P4
0.63718,0.63802,0.63524,50000,0.136,93.09881276917079,1.6,0.1365,59,16567729299150191807,160.0,P4
0.63016,0.63572,0.63198,50000,0.136,90.92286367194689,1.6,0.1342,60,3297802587756263602,160.0,P4
0.63982,0.6025,0.64136,50000,0.136,86.61445119041484,1.6,0.13504,61,1466639526456617612,160.0,P4
0.63294,0.63576,0.63796,50000,0.136,92.9811443404656,1.6,0.13588,62,12922217698111067614,160.0,P4
0.0,0.0,0.0,50000,0.136,2.5182300424200283,1.6,0.13342,63,8801020552030970754,160.0,P4
0.0,0.0,0.0,50000,0.136,1.8372601426302857,1.6,0.13676,64,788764426464356200,160.0,P4
0.63914,0.63428,0.6366,50000,0.136,90.10970245450187,1.6,0.13302,65,15941238450583653095,160.0,P4
0.0,0.0,0.0,50000,0.136,2.4758272485862327,1.6,0.13286,66,896031915072418851,160.0,P4
0.63494,0.6372,0.6337,50000,0.136,93.75996458913636,1.6,0.13688,67,6733555028422923543,160.0,P4
0.64692,0.60554,0.63488,50000,0.136,86.72025475185241,1.6,0.13268,68,5447512014670467174,160.0,P4
0.63858,0.63766,0.6339,50000,0.136,95.07899279861046,1.6,0.13936,69,12166371709466780423,160.0,P4
0.6363,0.63314,0.63368,50000,0.136,94.12838388898993,1.6,0.13796,70,7935715665185175171,160.0,P4
0.63566,0.63784,0.64258,50000,0.136,93.27825652447335,1.6,0.1377,71,9186674215927321036,160.0,P4
0.0,0.0,0.0,50000,0.136,2.6046320836145656,1.6,0.1377,72,17458258132864334959,160.0,P4
0.6358,0.63054,0.63636,50000,0.136,88.41034159452586,1.6,0.13622,73,883036994299700040,160.0,P4
0.63934,0.63562,0.6329,50000,0.136,91.54381707584828,1.6,0.13564,74,11458032083465437580,160.0,P4
0.64176,0.63282,0.64074,50000,0.136,94.10818905782507,1.6,0.13526,75,2450844024972676405,160.0,P4
0.63446,0.62394,0.63708,50000,0.136,88.86233296532447,1.6,0.13594,76,626197004766137404,160.0,P4
0.63684,0.63912,0.63334,50000,0.136,92.9016674276922,1.6,0.13864,77,18359859612085454672,160.0,P4
0.64002,0.63186,0.6323,50000,0.136,89.1592409287986,1.6,0.1347,78,123542625000616032,160.0,P4
0.63322,0.63864,0.6369,50000,0.136,93.52887979490775,1.6,0.13878,79,10080257813730933539,160.0,P4
0.0,0.0,0.0,50000,0.136,1.9974590444883347,1.6,0.1381,80,16663575524120618450,160.0,P4
0.64044,0.62812,0.63134,50000,0.136,87.97108492293721,1.6,0.13564,81,15924626085456079574,160.0,P4
0.64424,0.63516,0.63096,50000,0.136,93.84838153073426,1.6,0.13674,82,3292842184661177755,160.0,P4
0.0,0.0,0.0,50000,0.136,2.8111100520962937,1.6,0.13536,83,10622992982783658373,160.0,P4
0.63604,0.62982,0.63132,50000,0.136,88.5055225966463,1.6,0.13532,84,7868291850407783589,160.0,P4
0.64148,0.6406,0.63836,50000,0.136,93.89534316875886,1.6,0.13598,85,3985984083339816524,160.0,P4
0.0,0.0,0.0,50000,0.136,2.200726195959498,1.6,0.1331,86,10926145833181563810,160.0,P4
0.0,0.00088,0.0,50000,0.136,4.105524961386995,1.6,0.13616,87,4274952512257464772,160.0,P4
0.63926,0.63268,0.63714,50000,0.136,92.14935295985606,1.6,0.13688,88,7935483008901391765,160.0,P4
0.6403,0.63756,0.63022,50000,0.136,91.71805575999839,1.6,0.13586,89,354686779970644080,160.0,P4
0.63188,0.63698,0.64136,50000,0.136,91.65416730856808,1.6,0.13556,90,18132011456148159525,160.0,P4
0.0,0.0,0.0,50000,0.136,2.2126295000996308,1.6,0.13572,91,16026305665464308779,160.0,P4
0.6358,0.6411,0.63548,50000,0.136,93.60880864788595,1.6,0.13928,92,8929102532645392968,160.0,P4
0.64146,0.63766,0.63432,50000,0.136,92.1399868024876,1.6,0.13668,93,12731120313704363261,160.0,P4
0.63542,0.6339,0.63746,50000,0.136,91.87270069889499,1.6,0.13502,94,2301176282735402175,160.0,P4
0.63598,0.63616,0.64284,50000,0.136,93.33119450446597,1.6,0.13604,95,1596095996042501661,160.0,P4
0.0,0.0,0.0,50000,0.136,2.8399308160211625,1.6,0.13616,96,17198995109268517200,160.0,P4
0.0,0.00584,0.0,50000,0.136,4.637121347193763,1.6,0.1372,97,15586638143136789301,160.0,P4
0.63796,0.63594,0.63228,50000,0.136,93.56274143339334,1.6,0.13548,98,15617566816748543472,160.0,P4
0.6298,0.6359,0.63608,50000,0.136,91.3644529314947,1.6,0.13666,99,6682199336278517628,160.0,P4
0.6345,0.63662,0.63878,50000,0.145,94.22456088792543,1.6,0.14498,0,8507708616871899150,160.0,P4
0.63138,0.63452,0.63824,50000,0.145,93.58834493159853,1.6,0.14188,1,10671589996625234293,160.0,P4
0.63806,0.63208,0.6325,50000,0.145,94.23658080387145,1.6,0.14442,2,1356585963499550720,160.0,P4
0.64162,0.64036,0.6368,50000,0.145,94.47217373918939,1.6,0.14478,3,12866742646032639726,160.0,P4
0.63706,0.63242,0.63226,50000,0.145,93.68890721590463,1.6,0.14366,4,3639096628488455995,160.0,P4
0.63426,0.6324,0.63624,50000,0.145,94.1125457429166,1.6,0.14458,5,5364391269923849440,160.0,P4
0.64202,0.6351,0.63976,50000,0.145,95.53264509059107,1.6,0.14576,6,14344997706671647378,160.0,P4
0.64372,0.63042,0.63114,50000,0.145,94.8045925461654,1.6,0.14676,7,297287381211163318,160.0,P4
0.6365,0.64456,0.63794,50000,0.145,94.44035180032962,1.6,0.14698,8,3339740437284623229,160.0,P4
0.6395,0.63378,0.63968,50000,0.145,95.01348329342375,1.6,0.14494,9,2444888342011371761,160.0,P4
0.635,0.63808,0.63672,50000,0.145,94.03220805228968,1.6,0.14408,10,12822602220572606246,160.0,P4
0.63324,0.6308,0.641,50000,0.145,90.49907609451294,1.6,0.1433,11,9553472212055120680,160.0,P4
0.63142,0.63174,0.63722,50000,0.145,93.60036386936306,1.6,0.14574,12,3524044174922793669,160.0,P4
0.63528,0.63312,0.63798,50000,0.145,95.40035486865607,1.6,0.14542,13,888459485878291909,160.0,P4
0.63282,0.64076,0.63822,50000,0.145,93.47326347416997,1.6,0.14226,14,15191434180291507259,160.0,P4
0.6345,0.63386,0.64082,50000,0.145,93.71213902487035,1.6,0.14366,15,5190777534655292577,160.0,P4
0.63116,0.632,0.6366,50000,0.145,94.08674907882495,1.6,0.1428,16,10190777446401144448,160.0,P4
0.6337,0.6371,0.63308,50000,0.145,94.69659595739849,1.6,0.14536,17,6660193572966098468,160.0,P4
0.63754,0.64138,0.63846,50000,0.145,93.13509680754379,1.6,0.14284,18,3296373001343639765,160.0,P4
0.63654,0.6367,0.64096,50000,0.145,95.47029191182982,1.6,0.1442,19,9955094165695883139,160.0,P4
0.63024,0.63872,0.63188,50000,0.145,93.83283217330386,1.6,0.14314,20,14177609996382457791,160.0,P4
0.64032,0.63828,0.62768,50000,0.145,95.06949726179043,1.6,0.14656,21,16836527161526735003,160.0,P4
0.63208,0.64196,0.64304,50000,0.145,92.30966794764053,1.6,0.14504,22,12468038151889003990,160.0,P4
0.6339,0.6377,0.63134,50000,0.145,94.8964020519771,1.6,0.1478,23,7623893085194154980,160.0,P4
0.63838,0.63892,0.6333,50000,0.145,93.19159638214987,1.6,0.14442,24,629501590377635201,160.0,P4
0.63952,0.63336,0.63646,50000,0.145,94.3020644479608,1.6,0.14426,25,15864248947682198553,160.0,P4
0.64178,0.63672,0.64148,50000,0.145,95.43444102989275,1.6,0.14528,26,272603268258565549,160.0,P4
0.63582,0.6349,0.63964,50000,0.145,93.48143664856038,1.6,0.14368,27,8283148545884841076,160.0,P4
0.63264,0.6359,0.63396,50000,0.145,94.04525103589161,1.6,0.1455,28,3858356234223171918,160.0,P4
0.64062,0.63656,0.636,50000,0.145,94.11987091528788,1.6,0.1475,29,1989048546017199801,160.0,P4
0.63336,0.63466,0.6403,50000,0.145,95.56110139825908,1.6,0.14756,30,10921627925969073002,160.0,P4
0.63882,0.6327,0.63212,50000,0.145,94.35759534768637,1.6,0.14634,31,6441952258374930783,160.0,P4
0.64048,0.63668,0.63904,50000,0.145,94.41526213352029,1.6,0.14514,32,14961451531937234093,160.0,P4
0.64284,0.63814,0.6403,50000,0.145,93.61591476833604,1.6,0.14306,33,3885070487684143353,160.0,P4
0.63956,0.63426,0.63968,50000,0.145,94.30838210290885,1.6,0.146,34,7865809828456655081,160.0,P4
0.64182,0.6354,0.63162,50000,0.145,92.82435321484786,1.6,0.1448,35,4788596811120882685,160.0,P4
0.64252,0.63354,0.63194,50000,0.145,92.09634805369869,1.6,0.14568,36,9664243257735295968,160.0,P4
0.6305,0.64876,0.63252,50000,0.145,95.17631821094709,1.6,0.14708,37,1811684328394885798,160.0,P4
0.6339,0.64202,0.63678,50000,0.145,94.46224139628859,1.6,0.14408,38,10713413890550381887,160.0,P4
0.64178,0.63646,0.63668,50000,0.145,94.46445709863028,1.6,0.14598,39,12824527163485270664,160.0,P4
0.64972,0.62174,0.63514,50000,0.145,88.82164366388044,1.6,0.14328,40,3741122001996015746,160.0,P4
0.0,0.0,0.0,50000,0.145,2.4625064551305194,1.6,0.14268,41,1034904328327072260,160.0,P4
0.63782,0.63196,0.63256,50000,0.145,93.92825318728954,1.6,0.14642,42,17890322265899416942,160.0,P4
0.63386,0.63584,0.63554,50000,0.145,93.27293217256582,1.6,0.1445,43,13288244253177518381,160.0,P4
0.63574,0.64498,0.63582,50000,0.145,94.58741248506708,1.6,0.14424,44,12211506431259529137,160.0,P4
0.6406,0.63306,0.63894,50000,0.145,92.57052504441286,1.6,0.14618,45,46998017786484259,160.0,P4
0.63876,0.63102,0.6339,50000,0.145,94.11303812749902,1.6,0.14136,46,1330739167670745003,160.0,P4
0.63378,0.64406,0.63678,50000,0.145,93.40349553106604,1.6,0.14348,47,14394415281568641117,160.0,P4
0.63508,0.64122,0.6358,50000,0.145,93.74680286518353,1.6,0.14644,48,8046618357843352683,160.0,P4
0.63166,0.6381,0.63364,50000,0.145,92.43908934190142,1.6,0.1451,49,6266178986253996452,160.0,P4
0.63368,0.63514,0.64058,50000,0.145,93.7695636057627,1.6,0.14228,50,1091905478669855365,160.0,P4
0.63436,0.63266,0.6343,50000,0.145,94.29511297712429,1.6,0.1437,51,13236582138464909032,160.0,P4
0.63534,0.63458,0.63956,50000,0.145,92.2396733522818,1.6,0.14708,52,12875214605589781691,160.0,P4
0.63668,0.64228,0.63346,50000,0.145,94.30736407924354,1.6,0.14208,53,16344858850156900941,160.0,P4
0.6421,0.63792,0.63868,50000,0.145,93.25119250929293,1.6,0.14436,54,16305363015272582483,160.0,P4
0.63606,0.63692,0.63442,50000,0.145,93.8960410007263,1.6,0.14522,55,13276558776753031625,160.0,P4
0.64152,0.63608,0.63578,50000,0.145,94.18733210831873,1.6,0.1432,56,17902060535685329814,160.0,P4
0.631,0.62544,0.64124,50000,0.145,87.80877108967528,1.6,0.14346,57,16409690775034942584,160.0,P4
0.63446,0.64102,0.63784,50000,0.145,92.79845963389609,1.6,0.1417,58,16253788946634655016,160.0,P4
0.63262,0.6374,0.64034,50000,0.145,94.137628105392,1.6,0.1448,59,13696728290252052733,160.0,P4
0.63038,0.6364,0.63592,50000,0.145,94.17437740305574,1.6,0.14308,60,15638776659296663630,160.0,P4
0.63584,0.638,0.63678,50000,0.145,94.69741808932768,1.6,0.1474,61,13883841445044949329,160.0,P4
0.6423,0.6356,0.63422,50000,0.145,94.95718534330967,1.6,0.14724,62,15736764351265857947,160.0,P4
0.64032,0.6392,0.63844,50000,0.145,94.14988180751108,1.6,0.14308,63,7292361848308769018,160.0,P4
0.64052,0.64484,0.64124,50000,0.145,94.76842611638708,1.6,0.1438,64,7565470146529812470,160.0,P4
0.63226,0.63296,0.63546,50000,0.145,93.52378391692064,1.6,0.14536,65,11947149921921863436,160.0,P4
0.63434,0.63678,0.63418,50000,0.145,93.65879521919871,1.6,0.14512,66,6037728859242225699,160.0,P4
0.63776,0.63646,0.62752,50000,0.145,94.72126886653766,1.6,0.14698,67,575227346033871430,160.0,P4
0.6358,0.63268,0.63278,50000,0.145,93.11517803816399,1.6,0.14206,68,16865615363861369806,160.0,P4
0.64662,0.63184,0.6372,50000,0.145,94.43421360889275,1.6,0.14728,69,17807923657439181364,160.0,P4
0.64028,0.63688,0.63622,50000,0.145,94.26321623105332,1.6,0.14566,70,5166543361822989891,160.0,P4
0.63414,0.6355,0.63452,50000,0.145,94.76017751927805,1.6,0.14406,71,14110216631110632716,160.0,P4
0.63336,0.64254,0.6339,50000,0.145,94.04771900480436,1.6,0.14468,72,5666386020151857925,160.0,P4
0.63662,0.63922,0.63962,50000,0.145,93.38003355069142,1.6,0.14332,73,9643224764102159172,160.0,P4
0.6394,0.64096,0.64074,50000,0.145,93.01497334430313,1.6,0.14292,74,9978598968181948220,160.0,P4
0.63968,0.63558,0.6372,50000,0.145,94.97799066090072,1.6,0.1452,75,10253443455085917659,160.0,P4
0.63172,0.63698,0.64168,50000,0.145,92.89399903489362,1.6,0.14594,76,17991851191161760154,160.0,P4
0.63232,0.63628,0.62956,50000,0.145,94.2872375186746,1.6,0.14328,77,8107956247950492290,160.0,P4
0.64126,0.63462,0.63332,50000,0.145,95.33305826452488,1.6,0.145,78,11916389604459216165,160.0,P4
0.63128,0.6378,0.63622,50000,0.145,92.37733815289187,1.6,0.14568,79,2885736070219885102,160.0,P4
0.63536,0.64284,0.63424,50000,0.145,95.01699073101923,1.6,0.14602,80,6410977958743739892,160.0,P4
0.6378,0.6401,0.6325,50000,0.145,94.49274066321462,1.6,0.14642,81,12523367066883978741,160.0,P4
0.6332,0.63832,0.63704,50000,0.145,93.20237166449623,1.6,0.14384,82,15859731863697715817,160.0,P4
0.62956,0.63708,0.64012,50000,0.145,94.75048299480825,1.6,0.1468,83,4630826582395226169,160.0,P4
0.63802,0.64274,0.62988,50000,0.145,93.98336325352928,1.6,0.14248,84,10857317477472272795,160.0,P4
0.63718,0.64006,0.64108,50000,0.145,95.38575382581426,1.6,0.1461,85,1392067534956021118,160.0,P4
0.63218,0.63984,0.63696,50000,0.145,95.28135794362856,1.6,0.14312,86,5515975805487529602,160.0,P4
0.6449,0.63402,0.63442,50000,0.145,93.35401802011637,1.6,0.14156,87,6389223498378878993,160.0,P4
0.63068,0.62958,0.63364,50000,0.145,92.80116922357507,1.6,0.14374,88,9539969083503074191,160.0,P4
0.6372,0.63736,0.63032,50000,0.145,95.18684718315396,1.6,0.14606,89,16826087583903572857,160.0,P4
0.6412,0.63698,0.64178,50000,0.145,94.42439821109572,1.6,0.14588,90,11281632196571895619,160.0,P4
0.63114,0.6248,0.63976,50000,0.145,88.35255344390414,1.6,0.1425,91,5303436032944325405,160.0,P4
0.63704,0.63626,0.63786,50000,0.145,93.71833846637675,1.6,0.14288,92,10603941434522101588,160.0,P4
0.6384,0.6344,0.63678,50000,0.145,94.6211605148883,1.6,0.14494,93,15160562382699855944,160.0,P4
0.64202,0.63632,0.63454,50000,0.145,94.11247108086683,1.6,0.14764,94,11565828236867001364,160.0,P4
0.63546,0.63994,0.64524,50000,0.145,94.20850043484694,1.6,0.14438,95,11040304638365188871,160.0,P4
0.63036,0.63744,0.63452,50000,0.145,94.82651839824902,1.6,0.14828,96,8975661968391944340,160.0,P4
0.6376,0.63788,0.63338,50000,0.145,94.82307469307949,1.6,0.14504,97,14698390143183546796,160.0,P4
0.63918,0.64564,0.62826,50000,0.145,94.08015230873362,1.6,0.1428,98,3677313470795454746,160.0,P4
0.63408,0.6395,0.63508,50000,0.145,93.95165833261991,1.6,0.14484,99,1117829950271949586,160.0,P4
0.63138,0.63932,0.64,50000,0.16,95.49528975727502,1.6,0.15906,0,11184988687518280254,160.0,P4
0.62966,0.63362,0.64166,50000,0.16,95.8882470938233,1.6,0.15808,1,16203038888839241402,160.0,P4
0.63986,0.63748,0.63756,50000,0.16,96.46430310404368,1.6,0.16126,2,7407803140276323719,160.0,P4
0.63722,0.64118,0.6384,50000,0.16,96.12185954640252,1.6,0.16124,3,7863476465083277185,160.0,P4
0.63548,0.63848,0.63862,50000,0.16,95.48264864980472,1.6,0.16142,4,7868190930178165823,160.0,P4
0.63158,0.63936,0.63196,50000,0.16,96.06945552621372,1.6,0.16302,5,149100829262342688,160.0,P4
0.6399,0.63402,0.64038,50000,0.16,95.74267987872913,1.6,0.15744,6,6513141958344637915,160.0,P4
0.63394,0.64064,0.63566,50000,0.16,96.22484799824423,1.6,0.15992,7,18218841774855445853,160.0,P4
0.63098,0.63216,0.63288,50000,0.16,96.54903589731803,1.6,0.16124,8,6105391324833954417,160.0,P4
0.63552,0.63724,0.63392,50000,0.16,94.67230025052406,1.6,0.156,9,2529245214651554641,160.0,P4
0.63792,0.6358,0.63488,50000,0.16,96.15736308165972,1.6,0.15876,10,323060619764057737,160.0,P4
0.64464,0.639,0.6316,50000,0.16,96.32371591571355,1.6,0.16042,11,4992055214506146620,160.0,P4
0.63566,0.64172,0.64464,50000,0.16,96.45654515494809,1.6,0.1596,12,116742412120133193,160.0,P4
0.64112,0.63674,0.63578,50000,0.16,96.91841692625357,1.6,0.16154,13,7441402406876066668,160.0,P4
0.63484,0.63886,0.6397,50000,0.16,96.04187365722576,1.6,0.1572,14,17751516741228593643,160.0,P4
0.64184,0.63138,0.63604,50000,0.16,95.96727340662841,1.6,0.15772,15,4167766325443050046,160.0,P4
0.6357,0.63208,0.63384,50000,0.16,95.31169519074855,1.6,0.15834,16,8331350035066844639,160.0,P4
0.63564,0.63952,0.63938,50000,0.16,96.26107084412409,1.6,0.16098,17,8221012366328313792,160.0,P4
0.6343,0.64248,0.63872,50000,0.16,95.82712854008092,1.6,0.15792,18,5248698077084825761,160.0,P4
0.63964,0.64422,0.63576,50000,0.16,96.01096250000883,1.6,0.15718,19,17099742644117440372,160.0,P4
0.64116,0.63554,0.64356,50000,0.16,96.2493676079693,1.6,0.16326,20,13985312097312578675,160.0,P4
0.6343,0.63766,0.633,50000,0.16,95.96785459830343,1.6,0.15918,21,3951723621274363080,160.0,P4
0.63446,0.63232,0.63502,50000,0.16,96.48087061417425,1.6,0.16016,22,9490826610171038527,160.0,P4
0.64334,0.63992,0.64184,50000,0.16,96.10488944554193,1.6,0.15912,23,11235408019246929789,160.0,P4
0.6326,0.6377,0.63588,50000,0.16,95.99036331837361,1.6,0.15834,24,5583023354735106725,160.0,P4
0.63844,0.63692,0.63796,50000,0.16,95.87288037175433,1.6,0.15976,25,17921622496341477969,160.0,P4
0.64016,0.6336,0.63818,50000,0.16,96.28335432350785,1.6,0.15988,26,1566959286765547637,160.0,P4
0.63686,0.63738,0.63678,50000,0.16,96.2456787468609,1.6,0.16084,27,4513153284634381506,160.0,P4
0.64018,0.6359,0.63324,50000,0.16,95.64926020691122,1.6,0.15726,28,9151965053898793613,160.0,P4
0.6388,0.64138,0.6373,50000,0.16,95.98957392005643,1.6,0.1603,29,15823468081102927010,160.0,P4
0.63996,0.63684,0.63284,50000,0.16,95.7473121382044,1.6,0.15942,30,17236949731990326375,160.0,P4
0.6368,0.6434,0.63294,50000,0.16,95.4096161481598,1.6,0.16172,31,8826061139042963986,160.0,P4
0.6429,0.63188,0.63246,50000,0.16,96.11853585437812,1.6,0.15988,32,10925616313294767808,160.0,P4
0.63802,0.63768,0.63854,50000,0.16,96.17235021987746,1.6,0.15878,33,6271335764767406090,160.0,P4
0.63594,0.63716,0.63304,50000,0.16,96.60896041865028,1.6,0.16224,34,13937587136888325897,160.0,P4
0.64408,0.6345,0.63876,50000,0.16,96.07040697853304,1.6,0.15898,35,35941544775744278,160.0,P4
0.6431,0.63384,0.63752,50000,0.16,96.14040161199841,1.6,0.1618,36,84361320775024683,160.0,P4
0.63482,0.63556,0.6345,50000,0.16,95.80006050529074,1.6,0.15934,37,1801924155630848017,160.0,P4
0.63414,0.63704,0.63366,50000,0.16,95.5336832202005,1.6,0.1608,38,11728916482040680551,160.0,P4
0.63818,0.63872,0.63512,50000,0.16,96.07216261806725,1.6,0.15798,39,8483310020005717604,160.0,P4
0.63158,0.6337,0.63768,50000,0.16,96.07522423033882,1.6,0.15948,40,9805282801899796698,160.0,P4
0.63198,0.63112,0.63776,50000,0.16,96.55300740662749,1.6,0.16152,41,4114412657905885860,160.0,P4
0.63524,0.63322,0.63748,50000,0.16,95.52043794141136,1.6,0.15988,42,12827559840510238753,160.0,P4
0.63522,0.62656,0.6357,50000,0.16,95.73443663235192,1.6,0.16074,43,9899082604657315134,160.0,P4
0.64034,0.63768,0.63714,50000,0.16,96.03869595988458,1.6,0.15932,44,6568392125567334781,160.0,P4
0.63418,0.63098,0.63736,50000,0.16,96.28300887989869,1.6,0.16076,45,8677902003719523471,160.0,P4
0.6374,0.62914,0.62966,50000,0.16,95.8872117683597,1.6,0.16002,46,12248774232261170892,160.0,P4
0.63268,0.6349,0.64296,50000,0.16,96.2480426738945,1.6,0.16186,47,10929182217494357772,160.0,P4
0.63958,0.63222,0.63274,50000,0.16,96.10434499625757,1.6,0.1619,48,9921300000977506362,160.0,P4
0.63906,0.63508,0.64016,50000,0.16,96.48797364773749,1.6,0.1608,49,7172745004405545642,160.0,P4
0.63186,0.63412,0.63042,50000,0.16,95.44483327146727,1.6,0.15754,50,5392160925671532384,160.0,P4
0.6371,0.64114,0.63992,50000,0.16,95.88802043609616,1.6,0.16302,51,8297861218596934077,160.0,P4
0.63824,0.63972,0.6382,50000,0.16,95.92616746434246,1.6,0.16142,52,9443137458080876178,160.0,P4
0.6387,0.63458,0.63878,50000,0.16,95.28794723766921,1.6,0.15934,53,13870305471635388919,160.0,P4
0.6327,0.63668,0.6391,50000,0.16,96.625687251293,1.6,0.16238,54,6616603297787664868,160.0,P4
0.6351,0.63656,0.63958,50000,0.16,95.95402413176902,1.6,0.16266,55,5780130474197606708,160.0,P4
0.63296,0.63868,0.63802,50000,0.16,96.30086601683846,1.6,0.16054,56,12461875977528154801,160.0,P4
0.63956,0.6417,0.63508,50000,0.16,96.08229217191544,1.6,0.15842,57,14567665121293109856,160.0,P4
0.6331,0.63564,0.62834,50000,0.16,95.6653219817886,1.6,0.15888,58,16782713614786563472,160.0,P4
0.6372,0.63176,0.63112,50000,0.16,96.17519696051484,1.6,0.15862,59,17408331124771132018,160.0,P4
0.63974,0.63594,0.63672,50000,0.16,96.34115976134073,1.6,0.16072,60,9226961642235520695,160.0,P4
0.63058,0.63854,0.63958,50000,0.16,96.83746468240749,1.6,0.1609,61,6651683674960262107,160.0,P4
0.6324,0.6362,0.63554,50000,0.16,96.44479733756499,1.6,0.16016,62,10133295100422897005,160.0,P4
0.63744,0.64306,0.64056,50000,0.16,95.44667282136248,1.6,0.15778,63,14892206997825975797,160.0,P4
0.6343,0.63572,0.64074,50000,0.16,96.30071981128305,1.6,0.15986,64,7204383529609151939,160.0,P4
0.6397,0.63574,0.63802,50000,0.16,96.33596295084904,1.6,0.1618,65,9027215960785444705,160.0,P4
0.63566,0.63614,0.64126,50000,0.16,96.00026576689882,1.6,0.1599,66,2263980526296236621,160.0,P4
0.63626,0.63602,0.63528,50000,0.16,95.56653475434402,1.6,0.1591,67,1307367836930727326,160.0,P4
0.63578,0.64026,0.6376,50000,0.16,95.87039654072898,1.6,0.16,68,9523085018535665029,160.0,P4
0.6331,0.6331,0.63732,50000,0.16,96.3880101372193,1.6,0.15878,69,4436292560724734522,160.0,P4
0.64586,0.6401,0.63284,50000,0.16,95.95822582131443,1.6,0.16096,70,6452774899097932473,160.0,P4
0.6363,0.63476,0.63768,50000,0.16,96.06345753464525,1.6,0.15966,71,18139757021953048069,160.0,P4
0.63826,0.63998,0.63568,50000,0.16,95.86712905682286,1.6,0.16226,72,14631738837852573222,160.0,P4
0.63718,0.64122,0.62854,50000,0.16,95.75512285627804,1.6,0.15862,73,3846766090813066264,160.0,P4
0.63612,0.63232,0.64284,50000,0.16,94.97822046150601,1.6,0.15654,74,15596060496938684789,160.0,P4
0.6354,0.63674,0.63876,50000,0.16,96.04491820760569,1.6,0.16104,75,11392240276220383139,160.0,P4
0.63552,0.64248,0.63682,50000,0.16,96.15430058013322,1.6,0.1604,76,11948556101462041382,160.0,P4
0.6331,0.64298,0.63928,50000,0.16,95.52232415445924,1.6,0.15896,77,3210501976572863080,160.0,P4
0.63446,0.63202,0.63514,50000,0.16,95.74909341208948,1.6,0.15732,78,808666660507821199,160.0,P4
0.63644,0.63616,0.63814,50000,0.16,95.96436326112084,1.6,0.16004,79,10823950901365362625,160.0,P4
0.63644,0.63594,0.62888,50000,0.16,96.31425282086896,1.6,0.15802,80,1473493722464241056,160.0,P4
0.63836,0.63796,0.6332,50000,0.16,95.8227796578774,1.6,0.161,81,3770968499579869110,160.0,P4
0.6267,0.63896,0.63946,50000,0.16,96.22366050790289,1.6,0.16276,82,14485208729524607131,160.0,P4
0.63552,0.63786,0.6396,50000,0.16,96.43688974151425,1.6,0.15912,83,2594380576603932140,160.0,P4
0.63358,0.63754,0.63862,50000,0.16,96.4887710500166,1.6,0.16142,84,14366018772890819562,160.0,P4
0.63974,0.6352,0.63096,50000,0.16,96.18186351829684,1.6,0.15874,85,2986027781954803208,160.0,P4
0.63416,0.63848,0.63124,50000,0.16,95.87416528208551,1.6,0.1606,86,8185979494501389764,160.0,P4
0.63488,0.6387,0.6368,50000,0.16,96.7229767969376,1.6,0.15792,87,4706198844178023414,160.0,P4
0.636,0.63294,0.63934,50000,0.16,95.81365126062076,1.6,0.15998,88,14051815780666097987,160.0,P4
0.63376,0.64132,0.63412,50000,0.16,96.07573988617877,1.6,0.16018,89,11493485953866213169,160.0,P4
0.63408,0.64026,0.64014,50000,0.16,96.18209710879833,1.6,0.1589,90,15430787244107270923,160.0,P4
0.6268,0.6294,0.63448,50000,0.16,95.52185835110784,1.6,0.16102,91,4265751999826183761,160.0,P4
0.63996,0.63252,0.639,50000,0.16,95.88044105047574,1.6,0.1587,92,14173092451845772312,160.0,P4
0.62972,0.64098,0.63588,50000,0.16,95.68780950663626,1.6,0.1605,93,7612028425520121832,160.0,P4
0.64352,0.63504,0.63558,50000,0.16,96.47549605047806,1.6,0.1615,94,7831684002861664309,160.0,P4
0.63278,0.6375,0.6385,50000,0.16,96.06873966179023,1.6,0.15822,95,902287693086685037,160.0,P4
0.63408,0.63248,0.63912,50000,0.16,96.04844120432544,1.6,0.15906,96,5477602272828509070,160.0,P4
0.63278,0.63182,0.63456,50000,0.16,95.86689075882711,1.6,0.1596,97,17498579659194719323,160.0,P4
0.63478,0.63746,0.63098,50000,0.16,95.29131486830278,1.6,0.1569,98,5915311763248434319,160.0,P4
0.63522,0.63776,0.63714,50000,0.16,95.86873061435415,1.6,0.15876,99,3103353233220748309,160.0,P4
0.0,0.0,0.0,50000,0.028,0.240701408029325,1.75,0.02676,0,10748966964113719911,160.0,P4
0.0,0.0,0.0,50000,0.028,0.3232877897086815,1.75,0.02814,1,15954644957457055089,160.0,P4
0.0,0.0,0.0,50000,0.028,0.24774315216979673,1.75,0.02898,2,7205552869863105433,160.0,P4
0.0,0.0,0.0,50000,0.028,0.22170846479049544,1.75,0.02708,3,1288285989186046867,160.0,P4
0.0,0.0,0.0,50000,0.028,0.32384605101404285,1.75,0.02876,4,14848748877356414905,160.0,P4
0.0,0.0,0.0,50000,0.028,0.23751051704074114,1.75,0.02814,5,15166965519183229164,160.0,P4
0.0,0.0,0.0,50000,0.028,0.19163487830452533,1.75,0.02924,6,12135363430716509649,160.0,P4
0.0,0.0,0.0,50000,0.028,0.23995000730864072,1.75,0.02858,7,14463377145521838314,160.0,P4
0.0,0.0,0.0,50000,0.028,0.2430334934845112,1.75,0.02764,8,15294513550530683992,160.0,P4
0.0,0.0,0.0,50000,0.028,0.23857852875165714,1.75,0.0263,9,14972611092866393551,160.0,P4
0.0,0.0,0.0,50000,0.028,0.20706667684830402,1.75,0.02772,10,2801305562863948628,160.0,P4
0.0,0.0,0.0,50000,0.028,0.21410597307381168,1.75,0.02726,11,609556101405363598,160.0,P4
0.0,0.0,0.0,50000,0.028,0.26651734888660594,1.75,0.02818,12,7592109768127826800,160.0,P4
0.0,0.0,0.0,50000,0.028,0.2297557677611846,1.75,0.02856,13,7212954226199274661,160.0,P4
0.0,0.0,0.0,50000,0.028,0.24543052096499932,1.75,0.02784,14,5881927446867104226,160.0,P4
0.0,0.0,0.0,50000,0.028,0.2623748814992029,1.75,0.02938,15,12954741992959348702,160.0,P4
0.0,0.0,0.0,50000,0.028,0.25971735297237825,1.75,0.02744,16,16103876085233952681,160.0,P4
0.0,0.0,0.0,50000,0.028,0.254089791822439,1.75,0.02706,17,5654056396151192044,160.0,P4
0.0,0.0,0.0,50000,0.028,0.2534739271070253,1.75,0.0279,18,692975268237497699,160.0,P4
0.0,0.0,0.0,50000,0.028,0.3180707040372193,1.75,0.028,19,13489880259818734409,160.0,P4
0.0,0.0,0.0,50000,0.028,0.2324185172639572,1.75,0.02718,20,9146805375045993857,160.0,P4
0.0,0.0,0.0,50000,0.028,0.20374853341283994,1.75,0.02722,21,9792540891065834622,160.0,P4
0.0,0.0,0.0,50000,0.028,0.18754859385180925,1.75,0.0284,22,8619190200763300598,160.0,P4
0.0,0.0,0.0,50000,0.028,0.3211699604547463,1.75,0.0288,23,12845775951520059053,160.0,P4
0.0,0.0,0.0,50000,0.028,0.2780985147868181,1.75,0.02816,24,17662309241040598383,160.0,P4
0.0,0.0,0.0,50000,0.028,0.21012615490148276,1.75,0.02722,25,18077970306124542402,160.0,P4
0.0,0.0,0.0,50000,0.028,0.2956661625253864,1.75,0.0266,26,7287996739585654111,160.0,P4
0.0,0.0,0.0,50000,0.028,0.2792818860112705,1.75,0.02884,27,6618877168961515351,160.0,P4
0.0,0.0,0.0,50000,0.028,0.23875822720487577,1.75,0.02868,28,12281595417940421434,160.0,P4
0.0,0.0,0.0,50000,0.028,0.22046264819252695,1.75,0.02788,29,1163302703163388893,160.0,P4
0.0,0.0,0.0,50000,0.028,0.24109945781642272,1.75,0.02834,30,10620573777330852767,160.0,P4
0.0,0.0,0.0,50000,0.028,0.2051278495523731,1.75,0.02696,31,9808810468434316721,160.0,P4
0.0,0.0,0.0,50000,0.028,0.20943665983151724,1.75,0.02784,32,11145827665305622281,160.0,P4
0.0,0.0,0.0,50000,0.028,0.27898601846222226,1.75,0.0294,33,3325303185705452350,160.0,P4
0.0,0.0,0.0,50000,0.028,0.21662491882341905,1.75,0.02796,34,6002336106776930538,160.0,P4
0.0,0.0,0.0,50000,0.028,0.242903678705409,1.75,0.02716,35,443235426485311590,160.0,P4
0.0,0.0,0.0,50000,0.028,0.2406121330196365,1.75,0.02868,36,3825966316783642932,160.0,P4
0.0,0.0,0.0,50000,0.028,0.26081764133984386,1.75,0.02878,37,16411654042109410114,160.0,P4
0.0,0.0,0.0,50000,0.028,0.2510328361000357,1.75,0.02658,38,17014877314783713462,160.0,P4
0.0,0.0,0.0,50000,0.028,0.20287509208422297,1.75,0.02598,39,12006454377572276254,160.0,P4
0.0,0.0,0.0,50000,0.028,0.2859817846701016,1.75,0.02656,40,770617481814129219,160.0,P4
0.0,0.0,0.0,50000,0.028,0.2428383203031292,1.75,0.02868,41,15221437425755012637,160.0,P4
0.0,0.0,0.0,50000,0.028,0.20985233634290368,1.75,0.02928,42,17529118741576339686,160.0,P4
0.0,0.0,0.0,50000,0.028,0.2506261926496719,1.75,0.02882,43,16379320589132563554,160.0,P4
0.0,0.0,0.0,50000,0.028,0.2929726922126657,1.75,0.02874,44,6370746240421051334,160.0,P4
0.0,0.0,0.0,50000,0.028,0.21886254682758113,1.75,0.02702,45,6499152759557711445,160.0,P4
0.0,0.0,0.0,50000,0.028,0.2526808548611278,1.75,0.027,46,15687763727265671781,160.0,P4
0.0,0.0,0.0,50000,0.028,0.26673259865279153,1.75,0.02776,47,8100830888024033037,160.0,P4
0.0,0.0,0.0,50000,0.028,0.29462155969526044,1.75,0.028,48,7657989169937123989,160.0,P4
0.0,0.0,0.0,50000,0.028,0.2825148277235915,1.75,0.02938,49,14491750540654583080,160.0,P4
0.0,0.0,0.0,50000,0.028,0.25716612238017295,1.75,0.0277,50,16808008322219564476,160.0,P4
0.0,0.0,0.0,50000,0.028,0.2208651698072386,1.75,0.027,51,15986939154060721219,160.0,P4
0.0,0.0,0.0,50000,0.028,0.2293170122165627,1.75,0.02738,52,12575958326263905801,160.0,P4
0.0,0.0,0.0,50000,0.028,0.2744873126515048,1.75,0.0282,53,4728903051589956252,160.0,P4
0.0,0.0,0.0,50000,0.028,0.24404862306084862,1.75,0.0288,54,15456897907805936521,160.0,P4
0.0,0.0,0.0,50000,0.028,0.30738776430434356,1.75,0.02756,55,14207948674358024816,160.0,P4
0.0,0.0,0.0,50000,0.028,0.2768881700598251,1.75,0.02856,56,10479489385456819839,160.0,P4
0.0,0.0,0.0,50000,0.028,0.21454569425600406,1.75,0.02712,57,12092324567121832313,160.0,P4
0.0,0.0,0.0,50000,0.028,0.21061528048143538,1.75,0.02818,58,7504937486539098236,160.0,P4
0.0,0.0,0.0,50000,0.028,0.26496792792728,1.75,0.02656,59,6216187497939840669,160.0,P4
0.0,0.0,0.0,50000,0.028,0.2152855700305341,1.75,0.02836,60,8306826196429445335,160.0,P4
0.0,0.0,0.0,50000,0.028,0.2652467232331802,1.75,0.02896,61,15488281046666066605,160.0,P4
0.0,0.0,0.0,50000,0.028,0.25643698740992726,1.75,0.02828,62,1615995089843267932,160.0,P4
0.0,0.0,0.0,50000,0.028,0.3288541657553573,1.75,0.0282,63,11631484176431424752,160.0,P4
0.0,0.0,0.0,50000,0.028,0.25378092903654764,1.75,0.02692,64,13741182093902589681,160.0,P4
0.0,0.0,0.0,50000,0.028,0.2615205478234428,1.75,0.02814,65,2738276546420077169,160.0,P4
0.0,0.0,0.0,50000,0.028,0.25592949972955303,1.75,0.02814,66,1499100075452388893,160.0,P4
0.0,0.0,0.0,50000,0.028,0.2086312067922671,1.75,0.02752,67,9636559379663238938,160.0,P4
0.0,0.0,0.0,50000,0.028,0.2773220251930997,1.75,0.0284,68,11820478162639929354,160.0,P4
0.0,0.0,0.0,50000,0.028,0.2803432169728981,1.75,0.02854,69,9159022155616959963,160.0,P4
0.0,0.0,0.0,50000,0.028,0.36111428325068967,1.75,0.02878,70,8049319941798642332,160.0,P4
0.0,0.0,0.0,50000,0.028,0.24599683323226285,1.75,0.0283,71,16506489554475321369,160.0,P4
0.0,0.0,0.0,50000,0.028,0.20408105104855886,1.75,0.02894,72,8492414956545769824,160.0,P4
0.0,0.0,0.0,50000,0.028,0.2079908755756982,1.75,0.02674,73,14747142519453424988,160.0,P4
0.0,0.0,0.0,50000,0.028,0.20853120102897513,1.75,0.0283,74,5623216643050847303,160.0,P4
0.0,0.0,0.0,50000,0.028,0.2216481383363184,1.75,0.02788,75,515352492323092354,160.0,P4
0.0,0.0,0.0,50000,0.028,0.24343412803566153,1.75,0.02804,76,15802041125973236680,160.0,P4
0.0,0.0,0.0,50000,0.028,0.2257860404780404,1.75,0.02838,77,10526909852391634103,160.0,P4
0.0,0.0,0.0,50000,0.028,0.25049437101810995,1.75,0.02866,78,12502803480276800055,160.0,P4
0.0,0.0,0.0,50000,0.028,0.27610909069713807,1.75,0.02778,79,922953815837667877,160.0,P4
0.0,0.0,0.0,50000,0.028,0.3043355999020559,1.75,0.02908,80,2190274726174248432,160.0,P4
0.0,0.0,0.0,50000,0.028,0.27644488599455186,1.75,0.02826,81,199082875847156298,160.0,P4
0.0,0.0,0.0,50000,0.028,0.2125934847241398,1.75,0.02776,82,5727605235015699056,160.0,P4
0.0,0.0,0.0,50000,0.028,0.23620590042917006,1.75,0.02852,83,15503436269219254663,160.0,P4
0.0,0.0,0.0,50000,0.028,0.26505458855466474,1.75,0.02714,84,208554407729760067,160.0,P4
0.0,0.0,0.0,50000,0.028,0.19250990450274577,1.75,0.02878,85,9678509851052016532,160.0,P4
0.0,0.0,0.0,50000,0.028,0.18751788827037744,1.75,0.02754,86,16139242757540538306,160.0,P4
0.0,0.0,0.0,50000,0.028,0.24556489848520177,1.75,0.02936,87,4356868065960333341,160.0,P4
0.0,0.0,0.0,50000,0.028,0.21057739711313242,1.75,0.02722,88,12422929062268041859,160.0,P4
0.0,0.0,0.0,50000,0.028,0.23339319531659847,1.75,0.02668,89,16009101701102566361,160.0,P4
0.0,0.0,0.0,50000,0.028,0.29237432057294643,1.75,0.02826,90,14097939976502363639,160.0,P4
0.0,0.0,0.0,50000,0.028,0.22834376560726005,1.75,0.028,91,6749096993291123903,160.0,P4
0.0,0.0,0.0,50000,0.028,0.21097635121498476,1.75,0.02772,92,8581248045430795512,160.0,P4
0.0,0.0,0.0,50000,0.028,0.30596607896288724,1.75,0.02832,93,8788266100777232305,160.0,P4
0.0,0.0,0.0,50000,0.028,0.24353609471284327,1.75,0.0276,94,10134970833926526390,160.0,P4
0.0,0.0,0.0,50000,0.028,0.24317683456838607,1.75,0.02854,95,15122837480772773682,160.0,P4
0.0,0.0,0.0,50000,0.028,0.253031847411321,1.75,0.02702,96,858478033101250111,160.0,P4
0.0,0.0,0.0,50000,0.028,0.23475959578173622,1.75,0.02866,97,12425912405649592575,160.0,P4
0.0,0.0,0.0,50000,0.028,0.2294292585689995,1.75,0.0278,98,11167830442773291503,160.0,P4
0.0,0.0,0.0,50000,0.028,0.27455226336261895,1.75,0.02802,99,13912265070426821193,160.0,P4
0.0,0.0,0.0,50000,0.032,0.21362807173430712,1.75,0.03086,0,12472243504342049118,160.0,P4
0.0,0.0,0.0,50000,0.032,0.43735838576775815,1.75,0.03306,1,3139687039483530904,160.0,P4
0.0,0.0,0.0,50000,0.032,0.42683799245418647,1.75,0.03352,2,10441015106998284390,160.0,P4
0.0,0.0,0.0,50000,0.032,0.3129815324803277,1.75,0.03188,3,16815473604515931620,160.0,P4
0.0,0.0,0.0,50000,0.032,0.28367239478440737,1.75,0.03186,4,8999453860802389871,160.0,P4
0.0,0.0,0.0,50000,0.032,0.26724001333053315,1.75,0.03058,5,13353969829602755489,160.0,P4
0.0,0.0,0.0,50000,0.032,0.29883095114117875,1.75,0.0324,6,12519629347679873080,160.0,P4
0.0,0.0,0.0,50000,0.032,0.35125624116059867,1.75,0.0324,7,5533411813821865839,160.0,P4
0.0,0.0,0.0,50000,0.032,0.29199827270137657,1.75,0.03306,8,5555437722206030547,160.0,P4
0.0,0.0,0.0,50000,0.032,0.4032056709454157,1.75,0.03262,9,9664475741306356986,160.0,P4
0.0,0.0,0.0,50000,0.032,0.3513711214690057,1.75,0.0328,10,12865192548855330239,160.0,P4
0.0,0.0,0.0,50000,0.032,0.4964251414649789,1.75,0.03284,11,1866647586692310800,160.0,P4
0.0,0.0,0.0,50000,0.032,0.34225355000428603,1.75,0.03276,12,15078773175380386762,160.0,P4
0.0,0.0,0.0,50000,0.032,0.26168947158644473,1.75,0.0308,13,15623352248738662784,160.0,P4
0.0,0.0,0.0,50000,0.032,0.2782415121812092,1.75,0.03212,14,9884872175556143855,160.0,P4
0.0,0.0,0.0,50000,0.032,0.3344772879967859,1.75,0.03182,15,9447600668249156079,160.0,P4
0.0,0.0,0.0,50000,0.032,0.2524943929382106,1.75,0.03154,16,3531841905621417307,160.0,P4
0.0,0.0,0.0,50000,0.032,0.3474372749576344,1.75,0.0315,17,14584701359214682554,160.0,P4
0.0,0.0,0.0,50000,0.032,0.3383288940714371,1.75,0.0322,18,9523588362160689855,160.0,P4
0.0,0.0,0.0,50000,0.032,0.26679585740004913,1.75,0.032,19,12612252653774093728,160.0,P4
0.0,0.0,0.0,50000,0.032,0.4708712147732532,1.75,0.03334,20,7048173025022955495,160.0,P4
0.0,0.0,0.0,50000,0.032,0.2873766408765112,1.75,0.03346,21,9585796954437272798,160.0,P4
0.0,0.0,0.0,50000,0.032,0.30703139476113034,1.75,0.0313,22,14999036915446061736,160.0,P4
0.0,0.0,0.0,50000,0.032,0.28270749957009694,1.75,0.03144,23,1173691815899974787,160.0,P4
0.0,0.0,0.0,50000,0.032,0.37448789483375294,1.75,0.03322,24,6517681767853841891,160.0,P4
0.0,0.0,0.0,50000,0.032,0.3369513229157131,1.75,0.03336,25,11772498432070163551,160.0,P4
0.0,0.0,0.0,50000,0.032,0.3348282080186258,1.75,0.0324,26,4815686841337918025,160.0,P4
0.0,0.0,0.0,50000,0.032,0.3128505754010622,1.75,0.03182,27,5668046383519580228,160.0,P4
0.0,0.0,0.0,50000,0.032,0.23246722001133613,1.75,0.03148,28,3210723237862296051,160.0,P4
0.0,0.0,0.0,50000,0.032,0.34277057541816486,1.75,0.03266,29,7374696910592624572,160.0,P4
0.0,0.0,0.0,50000,0.032,0.4377477854950831,1.75,0.03154,30,4198012443474687844,160.0,P4
0.0,0.0,0.0,50000,0.032,0.27869347812196715,1.75,0.03282,31,7434645655925358342,160.0,P4
0.0,0.0,0.0,50000,0.032,0.4404506683810819,1.75,0.03306,32,2821310738262051782,160.0,P4
0.0,0.0,0.0,50000,0.032,0.28136092355149256,1.75,0.03218,33,15543571703049660207,160.0,P4
0.0,0.0,0.0,50000,0.032,0.30609864859086183,1.75,0.03204,34,4393555419684715597,160.0,P4
0.0,0.0,0.0,50000,0.032,0.23266664731159864,1.75,0.03116,35,4341987823961199590,160.0,P4
0.0,0.0,0.0,50000,0.032,0.31141625186547356,1.75,0.03152,36,16413549307589487934,160.0,P4
0.0,0.0,0.0,50000,0.032,0.28724557461405525,1.75,0.03212,37,11398057437594831425,160.0,P4
0.0,0.0,0.0,50000,0.032,0.3444374334870712,1.75,0.03274,38,11351077922622298627,160.0,P4
0.0,0.0,0.0,50000,0.032,0.3641988738206598,1.75,0.03202,39,5599335815729510410,160.0,P4
0.0,0.0,0.0,50000,0.032,0.4131859696387915,1.75,0.03224,40,12703725567635090908,160.0,P4
0.0,0.0,0.0,50000,0.032,0.4184169776840632,1.75,0.03316,41,1920109418342654782,160.0,P4
0.0,0.0,0.0,50000,0.032,0.2952340907101453,1.75,0.03174,42,11933730515236336101,160.0,P4
0.0,0.0,0.0,50000,0.032,0.3321956461261633,1.75,0.03238,43,3343481031130931098,160.0,P4
0.0,0.0,0.0,50000,0.032,0.2937997548890548,1.75,0.03158,44,6500801240176684923,160.0,P4
0.0,0.0,0.0,50000,0.032,0.37527183144101994,1.75,0.03128,45,3660047730832852101,160.0,P4
0.0,0.0,0.0,50000,0.032,0.2780595105834387,1.75,0.0321,46,298092007426845353,160.0,P4
0.0,0.0,0.0,50000,0.032,0.3651044846598256,1.75,0.03174,47,3913010268344711705,160.0,P4
0.0,0.0,0.0,50000,0.032,0.3710408405478692,1.75,0.03266,48,5454167594849125563,160.0,P4
0.0,0.0,0.0,50000,0.032,0.3679102369550965,1.75,0.03172,49,6616580287966283201,160.0,P4
0.0,0.0,0.0,50000,0.032,0.3467357997574355,1.75,0.03328,50,7297439598165676387,160.0,P4
0.0,0.0,0.0,50000,0.032,0.35016681481240036,1.75,0.03218,51,2380968920124986979,160.0,P4
0.0,0.0,0.0,50000,0.032,0.29509798028610357,1.75,0.0321,52,14429060403462023395,160.0,P4
0.0,0.0,0.0,50000,0.032,0.38912782797542533,1.75,0.0321,53,4376761381674580429,160.0,P4
0.0,0.0,0.0,50000,0.032,0.2953973342419418,1.75,0.03052,54,2395710059647922294,160.0,P4
0.0,0.0,0.0,50000,0.032,0.3867633103801599,1.75,0.03358,55,88676857010868570,160.0,P4
0.0,0.0,0.0,50000,0.032,0.2804056484996911,1.75,0.03148,56,2202498086017526524,160.0,P4
0.0,0.0,0.0,50000,0.032,0.3619623863281103,1.75,0.03262,57,11216865953203083953,160.0,P4
0.0,0.0,0.0,50000,0.032,0.4718227078766058,1.75,0.03292,58,1271832681706943111,160.0,P4
0.0,0.0,0.0,50000,0.032,0.28684702677871965,1.75,0.03238,59,29640499435078584,160.0,P4
0.0,0.0,0.0,50000,0.032,0.3605510223588696,1.75,0.03188,60,17949559694108626358,160.0,P4
0.0,0.0,0.0,50000,0.032,0.29387743543352496,1.75,0.03288,61,18442657285381698353,160.0,P4
0.0,0.0,0.0,50000,0.032,0.29615471347480427,1.75,0.03092,62,11038870382752313702,160.0,P4
0.0,0.0,0.0,50000,0.032,0.35505667217186715,1.75,0.0315,63,10949985301478538086,160.0,P4
0.0,0.0,0.0,50000,0.032,0.2864101000883966,1.75,0.0326,64,888785670057540768,160.0,P4
0.0,0.0,0.0,50000,0.032,0.342938218638558,1.75,0.03264,65,17497867820743213901,160.0,P4
0.0,0.0,0.0,50000,0.032,0.35923647479075976,1.75,0.03254,66,4016428031907167406,160.0,P4
0.0,0.0,0.0,50000,0.032,0.32629680207203887,1.75,0.0321,67,1074947725130272932,160.0,P4
0.0,0.0,0.0,50000,0.032,0.24597617043003528,1.75,0.03296,68,13742412942500732267,160.0,P4
0.0,0.0,0.0,50000,0.032,0.3547559483393239,1.75,0.03166,69,10414974398158403523,160.0,P4
0.0,0.0,0.0,50000,0.032,0.34822568066768617,1.75,0.03272,70,16561294710946144639,160.0,P4
0.0,0.0,0.0,50000,0.032,0.360753527439452,1.75,0.03288,71,16735372593153909176,160.0,P4
0.0,0.0,0.0,50000,0.032,0.29849704069592303,1.75,0.03154,72,9584279975137955427,160.0,P4
0.0,0.0,0.0,50000,0.032,0.36453320471901135,1.75,0.03184,73,15721388743621601252,160.0,P4
0.0,0.0,0.0,50000,0.032,0.327112683838271,1.75,0.03174,74,6808482621415410648,160.0,P4
0.0,0.0,0.0,50000,0.032,0.22864394032951077,1.75,0.03218,75,3957946776596480586,160.0,P4
0.0,0.0,0.0,50000,0.032,0.29324370883862894,1.75,0.03122,76,7898234493653817457,160.0,P4
0.0,0.0,0.0,50000,0.032,0.4387667881897894,1.75,0.03302,77,13593088249831077289,160.0,P4
0.0,0.0,0.0,50000,0.032,0.26418787066562743,1.75,0.03276,78,16773248617399927407,160.0,P4
0.0,0.0,0.0,50000,0.032,0.3574900186762363,1.75,0.03102,79,10196271270509790231,160.0,P4
0.0,0.0,0.0,50000,0.032,0.24168288589469944,1.75,0.03118,80,11847741778420609392,160.0,P4
0.0,0.0,0.0,50000,0.032,0.39525708203599375,1.75,0.03152,81,4808655437141802858,160.0,P4
0.0,0.0,0.0,50000,0.032,0.34199738210864916,1.75,0.03118,82,17691464595230347061,160.0,P4
0.0,0.0,0.0,50000,0.032,0.41379686613627126,1.75,0.03128,83,2103098189093030552,160.0,P4
0.0,0.0,0.0,50000,0.032,0.27088649307531437,1.75,0.03108,84,13621177807659658067,160.0,P4
0.0,0.0,0.0,50000,0.032,0.3467592600228058,1.75,0.03132,85,1622603634727896363,160.0,P4
0.0,0.0,0.0,50000,0.032,0.27092013471011167,1.75,0.03202,86,916530459708232303,160.0,P4
0.0,0.0,0.0,50000,0.032,0.27909286158314606,1.75,0.03058,87,13848119171712178253,160.0,P4
0.0,0.0,0.0,50000,0.032,0.34543806050780346,1.75,0.03306,88,8777289156546084996,160.0,P4
0.0,0.0,0.0,50000,0.032,0.35377661270532446,1.75,0.03158,89,4518407321339472095,160.0,P4
0.0,0.0,0.0,50000,0.032,0.3041208897780312,1.75,0.03184,90,8897052996877860432,160.0,P4
0.0,0.0,0.0,50000,0.032,0.38583648370451046,1.75,0.03426,91,7922052805929965948,160.0,P4
0.0,0.0,0.0,50000,0.032,0.30663537811163,1.75,0.03074,92,12751244082936332193,160.0,P4
0.0,0.0,0.0,50000,0.032,0.3503250587247127,1.75,0.0309,93,11480876084417333126,160.0,P4
0.0,0.0,0.0,50000,0.032,0.21011354540182703,1.75,0.03112,94,11787837733778346753,160.0,P4
0.0,0.0,0.0,50000,0.032,0.2736290806138596,1.75,0.03234,95,1021548340998793303,160.0,P4
0.0,0.0,0.0,50000,0.032,0.3322433901230228,1.75,0.0333,96,12178319897521486248,160.0,P4
0.0,0.0,0.0,50000,0.032,0.40614171722014847,1.75,0.03376,97,10489859131270563457,160.0,P4
0.0,0.0,0.0,50000,0.032,0.29385948534345574,1.75,0.03078,98,8783878644894919622,160.0,P4
0.0,0.0,0.0,50000,0.032,0.40435550396773956,1.75,0.03216,99,7811886348411878845,160.0,P4
0.0,0.0,0.0,50000,0.035,0.28338165028838447,1.75,0.0342,0,94422924654728459,160.0,P4
0.0,0.0,0.0,50000,0.035,0.39278510075738327,1.75,0.03524,1,3487909042464966333,160.0,P4
0.0,0.0,0.0,50000,0.035,0.46542042497488845,1.75,0.03578,2,579301508635671693,160.0,P4
0.0,0.0,0.0,50000,0.035,0.39423517281698406,1.75,0.03464,3,16120020563788444280,160.0,P4
0.0,0.0,0.0,50000,0.035,0.43870707197955994,1.75,0.03554,4,1672574345195137139,160.0,P4
0.0,0.0,0.0,50000,0.035,0.39268392565257637,1.75,0.03564,5,10339034747103869443,160.0,P4
0.0,0.0,0.0,50000,0.035,0.41383123611143463,1.75,0.03514,6,16026476777026025394,160.0,P4
0.0,0.0,0.0,50000,0.035,0.33854952396690075,1.75,0.03502,7,4801863284569430985,160.0,P4
0.0,0.0,0.0,50000,0.035,0.3309438804221212,1.75,0.03466,8,10799215256743884747,160.0,P4
0.0,0.0,0.0,50000,0.035,0.4185062515944837,1.75,0.03564,9,11664968591889965403,160.0,P4
0.0,0.0,0.0,50000,0.035,0.3954045216200611,1.75,0.03618,10,13577354080394481425,160.0,P4
0.0,0.0,0.0,50000,0.035,0.3734150268148215,1.75,0.0351,11,16629672499374329273,160.0,P4
0.0,0.0,0.0,50000,0.035,0.35130022756614965,1.75,0.03318,12,16220077775106989952,160.0,P4
0.0,0.0,0.0,50000,0.035,0.4551855985482523,1.75,0.03412,13,5543584860873920658,160.0,P4
0.0,0.0,0.0,50000,0.035,0.4631374559646582,1.75,0.03526,14,16999084196544991812,160.0,P4
0.0,0.0,0.0,50000,0.035,0.40299229203182607,1.75,0.03566,15,1243828139127700752,160.0,P4
0.0,0.0,0.0,50000,0.035,0.3315702310708348,1.75,0.03372,16,12547020177674357127,160.0,P4
0.0,0.0,0.0,50000,0.035,0.4692039019469079,1.75,0.03508,17,18217174534408488261,160.0,P4
0.0,0.0,0.0,50000,0.035,0.34619909171883473,1.75,0.03436,18,12084347156970252023,160.0,P4
0.0,0.0,0.0,50000,0.035,0.5147543708683743,1.75,0.036,19,1359423434257520268,160.0,P4
0.0,0.0,0.0,50000,0.035,0.370316012472046,1.75,0.03464,20,4515822758959074931,160.0,P4
0.0,0.0,0.0,50000,0.035,0.32904372667515525,1.75,0.03324,21,2082792458678415887,160.0,P4
0.0,0.0,0.0,50000,0.035,0.2916677414238837,1.75,0.0355,22,10048443161679759218,160.0,P4
0.0,0.0,0.0,50000,0.035,0.43486177441718066,1.75,0.0363,23,15809484615034922180,160.0,P4
0.0,0.0,0.0,50000,0.035,0.41933130497469756,1.75,0.03614,24,18252822268054735253,160.0,P4
0.0,0.0,0.0,50000,0.035,0.5189090369990906,1.75,0.03466,25,3077592613500651682,160.0,P4
0.0,0.0,0.0,50000,0.035,0.374890613568055,1.75,0.03404,26,3838033300258808904,160.0,P4
0.0,0.0,0.0,50000,0.035,0.3582867545456665,1.75,0.03502,27,11811716283127567250,160.0,P4
0.0,0.0,0.0,50000,0.035,0.6371168179267079,1.75,0.03572,28,16860833056638004585,160.0,P4
0.0,0.0,0.0,50000,0.035,0.35810533513288667,1.75,0.03606,29,14550666132311213237,160.0,P4
0.0,0.0,0.0,50000,0.035,0.3769181657265689,1.75,0.03646,30,1065976728723073870,160.0,P4
0.0,0.0,0.0,50000,0.035,0.4038718892773202,1.75,0.03384,31,11984530999508164785,160.0,P4
0.0,0.0,0.0,50000,0.035,0.4868573028609925,1.75,0.03496,32,4766699284906943577,160.0,P4
0.0,0.0,0.0,50000,0.035,0.39939069612422734,1.75,0.03458,33,14048226897839544672,160.0,P4
0.0,0.0,0.0,50000,0.035,0.417410612310768,1.75,0.0351,34,12112081266316482568,160.0,P4
0.0,0.0,0.0,50000,0.035,0.3138124015785951,1.75,0.03476,35,385852359239536021,160.0,P4
0.0,0.0,0.0,50000,0.035,0.4371359315838344,1.75,0.03456,36,9962378526934884104,160.0,P4
0.0,0.0,0.0,50000,0.035,0.34014932606680776,1.75,0.03634,37,9608237029689960939,160.0,P4
0.0,0.0,0.0,50000,0.035,0.4475537508030729,1.75,0.03622,38,3647150650712947343,160.0,P4
0.0,0.0,0.0,50000,0.035,1.0548077426000226,1.75,0.03656,39,10692422172117586518,160.0,P4
0.0,0.0,0.0,50000,0.035,0.35029282257315403,1.75,0.03452,40,16581666857127173461,160.0,P4
0.0,0.0,0.0,50000,0.035,0.44492882714010884,1.75,0.03536,41,9903034368576057027,160.0,P4
0.0,0.0,0.0,50000,0.035,0.3742655209223718,1.75,0.03606,42,12148565051723382738,160.0,P4
0.0,0.0,0.0,50000,0.035,0.43577570119904885,1.75,0.0344,43,8257032834484376292,160.0,P4
0.0,0.0,0.0,50000,0.035,0.3843007867527296,1.75,0.03476,44,7398097407787257550,160.0,P4
0.0,0.0,0.0,50000,0.035,0.28958747224939396,1.75,0.03458,45,13027381116903529677,160.0,P4
0.0,0.0,0.0,50000,0.035,0.41926411153389037,1.75,0.03392,46,9774594357401952178,160.0,P4
0.0,0.0,0.0,50000,0.035,0.4493340177758097,1.75,0.03418,47,15666822892024620741,160.0,P4
0.0,0.0,0.0,50000,0.035,0.3561054964773134,1.75,0.03574,48,3687168304148076671,160.0,P4
0.0,0.0,0.0,50000,0.035,0.3816965851331902,1.75,0.0348,49,9734651803661842554,160.0,P4
0.0,0.0,0.0,50000,0.035,0.3256910056337441,1.75,0.0343,50,15300343876417208732,160.0,P4
0.0,0.0,0.0,50000,0.035,0.35896247549975235,1.75,0.0351,51,6398500074473536786,160.0,P4
0.0,0.0,0.0,50000,0.035,0.5162149746140324,1.75,0.03498,52,4764346516667143286,160.0,P4
0.0,0.0,0.0,50000,0.035,0.31589376647008927,1.75,0.034,53,9718245810188193685,160.0,P4
0.0,0.0,0.0,50000,0.035,0.4559729900724826,1.75,0.03436,54,18373535870625593758,160.0,P4
0.0,0.0,0.0,50000,0.035,0.4352394709745594,1.75,0.03584,55,1690793841816276786,160.0,P4
0.0,0.0,0.0,50000,0.035,0.40124242594846177,1.75,0.03472,56,16830760619328571388,160.0,P4
0.0,0.0,0.0,50000,0.035,0.45113737710830404,1.75,0.036,57,5558696018421244494,160.0,P4
0.0,0.0,0.0,50000,0.035,0.3561551915958264,1.75,0.03322,58,17691119704019129567,160.0,P4
0.0,0.0,0.0,50000,0.035,0.2936173148044071,1.75,0.0342,59,17003749138979502621,160.0,P4
0.0,0.0,0.0,50000,0.035,0.4011589184342874,1.75,0.03392,60,15627164067916067212,160.0,P4
0.0,0.0,0.0,50000,0.035,0.48748100350456897,1.75,0.03562,61,14657341023957197791,160.0,P4
0.0,0.0,0.0,50000,0.035,0.4017508050613573,1.75,0.03524,62,10218509733152531296,160.0,P4
0.0,0.0,0.0,50000,0.035,0.3282602026894899,1.75,0.03334,63,12187859983219589280,160.0,P4
0.0,0.0,0.0,50000,0.035,0.406103598834133,1.75,0.03508,64,7102221046890347750,160.0,P4
0.0,0.0,0.0,50000,0.035,0.5253938743162553,1.75,0.03548,65,11371598310110617653,160.0,P4
0.0,0.0,0.0,50000,0.035,0.456860660169896,1.75,0.0336,66,15554063136547115728,160.0,P4
0.0,0.0,0.0,50000,0.035,0.33432685082496333,1.75,0.03304,67,7696612305263528764,160.0,P4
0.0,0.0,0.0,50000,0.035,0.49565459420881913,1.75,0.03562,68,12960038584764090185,160.0,P4
0.0,0.0,0.0,50000,0.035,0.38297077466987123,1.75,0.03512,69,11784614580686648878,160.0,P4
0.0,0.0,0.0,50000,0.035,0.5703666264704264,1.75,0.03632,70,9865546187520904464,160.0,P4
0.0,0.0,0.0,50000,0.035,0.34534232921087327,1.75,0.03464,71,8345102092231128814,160.0,P4
0.0,0.0,0.0,50000,0.035,0.3179528770151014,1.75,0.03578,72,5675415908550939356,160.0,P4
0.0,0.0,0.0,50000,0.035,0.4058560457561218,1.75,0.03412,73,8871823906731901343,160.0,P4
0.0,0.0,0.0,50000,0.035,0.38233345972716737,1.75,0.03548,74,6732545665637530863,160.0,P4
0.0,0.0,0.0,50000,0.035,0.3079102667532909,1.75,0.03416,75,15885059366757579390,160.0,P4
0.0,0.0,0.0,50000,0.035,0.34882461046334595,1.75,0.03468,76,17129082657269048320,160.0,P4
0.0,0.0,0.0,50000,0.035,0.3666790372717631,1.75,0.03512,77,3295378607238737974,160.0,P4
0.0,0.0,0.0,50000,0.035,0.42483155804241673,1.75,0.0335,78,6988917484922859997,160.0,P4
0.0,0.0,0.0,50000,0.035,0.35266056808580754,1.75,0.0351,79,15196170259201861729,160.0,P4
0.0,0.0,0.0,50000,0.035,0.4674483213838183,1.75,0.03498,80,568959931340830815,160.0,P4
0.0,0.0,0.0,50000,0.035,0.3339302358248464,1.75,0.03582,81,12688126331947770273,160.0,P4
0.0,0.0,0.0,50000,0.035,0.5548361135992784,1.75,0.03532,82,374089458333355418,160.0,P4
0.0,0.0,0.0,50000,0.035,0.3480545490828453,1.75,0.0351,83,16194032692244771051,160.0,P4
0.0,0.0,0.0,50000,0.035,0.5598191602625016,1.75,0.03474,84,18224664492344185072,160.0,P4
0.0,0.0,0.0,50000,0.035,0.41114489116652503,1.75,0.03454,85,4268330415926882502,160.0,P4
0.0,0.0,0.0,50000,0.035,0.5615265349209713,1.75,0.03588,86,14894856325533072437,160.0,P4
0.0,0.0,0.0,50000,0.035,0.28255882979927754,1.75,0.03408,87,9497258287896054529,160.0,P4
0.0,0.0,0.0,50000,0.035,0.3669057037574943,1.75,0.03588,88,850944331206541437,160.0,P4
0.0,0.0,0.0,50000,0.035,0.29688972562510646,1.75,0.03264,89,7439556475244345517,160.0,P4
0.0,0.0,0.0,50000,0.035,0.367441418553519,1.75,0.03454,90,191757556531267391,160.0,P4
0.0,0.0,0.0,50000,0.035,0.33696905216095324,1.75,0.03474,91,5110430162292916097,160.0,P4
0.0,0.0,0.0,50000,0.035,0.43460672281114826,1.75,0.03508,92,16214349484716717038,160.0,P4
0.0,0.0,0.0,50000,0.035,0.3590215218107604,1.75,0.03336,93,1974592726924693997,160.0,P4
0.0,0.0,0.0,50000,0.035,0.405605000978481,1.75,0.03572,94,2554349134339213048,160.0,P4
0.0,0.0,0.0,50000,0.035,0.3526886419407951,1.75,0.0349,95,4414690389306202841,160.0,P4
0.0,0.0,0.0,50000,0.035,0.3660550238007378,1.75,0.035,96,9631790330759365727,160.0,P4
0.0,0.0,0.0,50000,0.035,0.3099697866774197,1.75,0.03518,97,14491216605526127941,160.0,P4
0.0,0.0,0.0,50000,0.035,0.3037810149202534,1.75,0.03454,98,4074836477622178216,160.0,P4
0.0,0.0,0.0,50000,0.035,0.3027931443577613,1.75,0.03386,99,3415322219219734186,160.0,P4
0.0,0.0,0.0,50000,0.037,0.5691405093532816,1.75,0.0361,0,13328373140865120151,160.0,P4
0.0,0.0,0.0,50000,0.037,0.3458199273789327,1.75,0.03644,1,5353956827138454507,160.0,P4
0.0,0.0,0.0,50000,0.037,0.3797533280468969,1.75,0.03692,2,2828351935789151129,160.0,P4
0.0,0.0,0.0,50000,0.037,0.5652895862621861,1.75,0.03758,3,1959177906336286532,160.0,P4
0.0,0.0,0.0,50000,0.037,0.9836007183463731,1.75,0.03758,4,14404836094393613317,160.0,P4
0.0,0.0,0.0,50000,0.037,0.5512091226968384,1.75,0.03762,5,4307964017898915216,160.0,P4
0.0,0.0,0.0,50000,0.037,0.33402959958796136,1.75,0.03552,6,18339690432437812323,160.0,P4
0.0,0.0,0.0,50000,0.037,0.3775431284436878,1.75,0.03656,7,15139005025594620654,160.0,P4
0.0,0.0,0.0,50000,0.037,0.32518374363995606,1.75,0.03778,8,18381503359076752476,160.0,P4
0.0,0.0,0.0,50000,0.037,0.3567804472521149,1.75,0.0374,9,16238932522455407947,160.0,P4
0.0,0.0,0.0,50000,0.037,0.7395702691893952,1.75,0.03582,10,7486203582320590145,160.0,P4
0.0,0.0,0.0,50000,0.037,0.5720092110486408,1.75,0.0375,11,11978679028799298146,160.0,P4
0.0,0.0,0.0,50000,0.037,0.5810920133976933,1.75,0.03694,12,3810012285138289045,160.0,P4
0.0,0.0,0.0,50000,0.037,0.5511059382469652,1.75,0.03636,13,14810291372592803087,160.0,P4
0.0,0.0,0.0,50000,0.037,0.6320480820900714,1.75,0.03706,14,15680004155382843295,160.0,P4
0.0,0.0,0.0,50000,0.037,0.49549339133254666,1.75,0.03704,15,11210154840393052161,160.0,P4
0.0,0.0,0.0,50000,0.037,0.3504003991137102,1.75,0.03662,16,6885369800449982037,160.0,P4
0.0,0.0,0.0,50000,0.037,0.4368505320984527,1.75,0.03756,17,14207262292623735938,160.0,P4
0.0,0.0,0.0,50000,0.037,0.5395913550771073,1.75,0.03758,18,12097970427085806161,160.0,P4
0.0,0.0,0.0,50000,0.037,0.6772707564317113,1.75,0.03656,19,9645649855416628467,160.0,P4
0.0,0.0,0.0,50000,0.037,0.32351608212625754,1.75,0.0373,20,6275750772857087397,160.0,P4
0.0,0.0,0.0,50000,0.037,0.35305645667082863,1.75,0.0356,21,17094661068791966024,160.0,P4
0.0,0.0,0.0,50000,0.037,0.6422416743407343,1.75,0.03716,22,16040063968485671039,160.0,P4
0.0,0.0,0.0,50000,0.037,0.4863240998884751,1.75,0.03716,23,5522859978122017072,160.0,P4
0.0,0.0,0.0,50000,0.037,0.36768295067821416,1.75,0.03702,24,2934386676836032491,160.0,P4
0.0,0.0,0.0,50000,0.037,0.44840687504565047,1.75,0.03648,25,8923350012355241747,160.0,P4
0.0,0.0,0.0,50000,0.037,0.45215271852915573,1.75,0.03824,26,6903097557482911945,160.0,P4
0.0,0.0,0.0,50000,0.037,0.362022866059146,1.75,0.03658,27,6300038868150866761,160.0,P4
0.0,0.0,0.0,50000,0.037,0.42047870090797085,1.75,0.03748,28,3303351045148034085,160.0,P4
0.0,0.0,0.0,50000,0.037,0.5018753777944878,1.75,0.0376,29,1231708626541070700,160.0,P4
0.0,0.0,0.0,50000,0.037,0.4802950052452506,1.75,0.03778,30,6295947022484380,160.0,P4
0.0,0.0,0.0,50000,0.037,0.5302958701605371,1.75,0.03602,31,16467145218060152929,160.0,P4
0.0,0.0,0.0,50000,0.037,0.3494202401966783,1.75,0.03596,32,17350596499284605197,160.0,P4
0.0,0.0,0.0,50000,0.037,0.6539596348126431,1.75,0.03828,33,17089090929521845413,160.0,P4
0.0,0.0,0.0,50000,0.037,0.4889988756845022,1.75,0.0362,34,3183910031181926846,160.0,P4
0.0,0.0,0.0,50000,0.037,0.5665287070692554,1.75,0.03688,35,1163506410117486179,160.0,P4
0.0,0.01464,0.0,50000,0.037,1.9760659472621376,1.75,0.0375,36,2608378748773328919,160.0,P4
0.0,0.0,0.0,50000,0.037,0.5025579799686353,1.75,0.0362,37,4516041193043682730,160.0,P4
0.0,0.0,0.0,50000,0.037,0.6388276953212253,1.75,0.03692,38,15777611275157057370,160.0,P4
0.0,0.0,0.0,50000,0.037,0.4362862814352098,1.75,0.03574,39,4357389177859178111,160.0,P4
0.0,0.0,0.0,50000,0.037,0.3785019557920799,1.75,0.03804,40,1405039650209934951,160.0,P4
0.0,0.0,0.0,50000,0.037,0.4080255476614162,1.75,0.03692,41,9065575081269065229,160.0,P4
0.0,0.0,0.0,50000,0.037,0.5554693057478911,1.75,0.0368,42,11581608246938434481,160.0,P4
0.0,0.0,0.0,50000,0.037,0.5246070056451141,1.75,0.03646,43,15718848814967865642,160.0,P4
0.0,0.0,0.0,50000,0.037,0.3548993058874682,1.75,0.03792,44,10060813181179649495,160.0,P4
0.0,0.0,0.0,50000,0.037,0.6454110696958993,1.75,0.0361,45,16659211839730654395,160.0,P4
0.0,0.0,0.0,50000,0.037,0.382179039204922,1.75,0.03856,46,12752740294497486209,160.0,P4
0.0,0.0,0.0,50000,0.037,0.3594680288490202,1.75,0.0371,47,1463581459900746872,160.0,P4
0.0,0.0,0.0,50000,0.037,0.6039686901604149,1.75,0.03816,48,2372187152315168297,160.0,P4
0.0,0.0,0.0,50000,0.037,0.4301596195285243,1.75,0.03588,49,17228464101456923202,160.0,P4
0.0,0.0,0.0,50000,0.037,0.4229573628603726,1.75,0.03672,50,13492316813912848117,160.0,P4
0.0,0.0,0.0,50000,0.037,0.3554722210337405,1.75,0.03676,51,7916697638894266975,160.0,P4
0.0,0.0,0.0,50000,0.037,0.4748060269918284,1.75,0.03696,52,15705229533229742978,160.0,P4
0.0,0.0,0.0,50000,0.037,0.5280147100334781,1.75,0.03596,53,10567180983524189524,160.0,P4
0.0,0.0,0.0,50000,0.037,0.4466172617991686,1.75,0.0369,54,16319707628680668374,160.0,P4
0.0,0.0,0.0,50000,0.037,0.5564417102225356,1.75,0.03546,55,8514778201947540950,160.0,P4
0.0,0.0,0.0,50000,0.037,0.452090291127072,1.75,0.0366,56,13183996986764096458,160.0,P4
0.0,0.0,0.0,50000,0.037,0.48350912263205065,1.75,0.03716,57,3104168276217883823,160.0,P4
0.0,0.0,0.0,50000,0.037,0.5801017172823288,1.75,0.0354,58,694261509903497272,160.0,P4
0.0,0.0,0.0,50000,0.037,0.5628118353256047,1.75,0.03696,59,3098384794415043329,160.0,P4
0.0,0.0,0.0,50000,0.037,0.6974402625929214,1.75,0.03852,60,17192737389153547807,160.0,P4
0.0,0.0,0.0,50000,0.037,0.30967392427927504,1.75,0.03702,61,15898710830156311332,160.0,P4
0.0,0.0,0.0,50000,0.037,0.41226048580031055,1.75,0.03682,62,17252097698285069272,160.0,P4
0.0,0.0,0.0,50000,0.037,0.6506150653316501,1.75,0.03772,63,1172738648979589789,160.0,P4
0.0,0.0,0.0,50000,0.037,0.5480095734426467,1.75,0.03656,64,14915437374745364358,160.0,P4
0.0,0.0,0.0,50000,0.037,0.32621186524709445,1.75,0.03652,65,9233336994871802505,160.0,P4
0.0,0.0,0.0,50000,0.037,0.5079901632622364,1.75,0.03666,66,7100977100320196911,160.0,P4
0.0,0.0,0.0,50000,0.037,0.2867029081473482,1.75,0.03622,67,745168049990537792,160.0,P4
0.0,0.0,0.0,50000,0.037,0.8207159264262923,1.75,0.03808,68,16964721659047168902,160.0,P4
0.0,0.0,0.0,50000,0.037,0.5096527581611887,1.75,0.03746,69,1160641457657008270,160.0,P4
0.0,0.00014,0.0,50000,0.037,1.360900749259015,1.75,0.03722,70,692604198599254846,160.0,P4
0.0,0.0,0.0,50000,0.037,0.40383996408352046,1.75,0.0361,71,12980924161409787178,160.0,P4
0.0,0.0,0.0,50000,0.037,0.6130246963615955,1.75,0.0363,72,18202992040354271444,160.0,P4
0.0,0.0,0.0,50000,0.037,0.5056032970804625,1.75,0.03724,73,3514852706427027817,160.0,P4
0.0,0.0,0.0,50000,0.037,0.43466693040640036,1.75,0.03732,74,14678363446024490315,160.0,P4
0.0,0.0,0.0,50000,0.037,0.47118215465208707,1.75,0.03694,75,16040815454356544260,160.0,P4
0.0,0.0,0.0,50000,0.037,0.5294588608080213,1.75,0.03892,76,16303402881455908983,160.0,P4
0.0,0.0,0.0,50000,0.037,0.45967148809579367,1.75,0.0381,77,1375559908291166638,160.0,P4
0.0,0.0,0.0,50000,0.037,0.7046122683825093,1.75,0.03686,78,8530431552268615245,160.0,P4
0.0,0.0,0.0,50000,0.037,0.5020426757997887,1.75,0.03642,79,7013751181856014647,160.0,P4
0.0,0.0,0.0,50000,0.037,1.1086631875224884,1.75,0.03852,80,14071124782176056369,160.0,P4
0.0,0.0,0.0,50000,0.037,0.48297892349087224,1.75,0.0375,81,7626489256777246985,160.0,P4
0.0,0.0,0.0,50000,0.037,0.5596187419433915,1.75,0.03702,82,1479425228907076461,160.0,P4
0.0,0.0,0.0,50000,0.037,0.42157287316081865,1.75,0.03686,83,16856216835696732699,160.0,P4
0.0,0.0,0.0,50000,0.037,0.5276019494919548,1.75,0.03802,84,7437738419333076013,160.0,P4
0.0,0.0,0.0,50000,0.037,0.4209410133230089,1.75,0.03676,85,13608178571668760081,160.0,P4
0.0,0.0,0.0,50000,0.037,0.43812003843323727,1.75,0.03656,86,17810869060084369029,160.0,P4
0.0,0.0,0.0,50000,0.037,0.6589836679186752,1.75,0.03736,87,7504655406823714856,160.0,P4
0.0,0.0,0.0,50000,0.037,0.430349747961306,1.75,0.03666,88,1112120696747578877,160.0,P4
0.0,0.0,0.0,50000,0.037,0.3552648716380218,1.75,0.03666,89,1574041736103669348,160.0,P4
0.0,0.0,0.0,50000,0.037,0.574228356429098,1.75,0.03744,90,17886108025526837899,160.0,P4
0.0,0.0,0.0,50000,0.037,0.6048072325862832,1.75,0.03736,91,14042794312000557299,160.0,P4
0.0,0.0,0.0,50000,0.037,0.54318779563669,1.75,0.03736,92,14196284899210301871,160.0,P4
0.0,0.0,0.0,50000,0.037,0.40157359853816327,1.75,0.03742,93,14158846926399520687,160.0,P4
0.0,0.0,0.0,50000,0.037,0.49198415507842286,1.75,0.03568,94,16330509114273656410,160.0,P4
0.0,0.0,0.0,50000,0.037,0.4736953841296017,1.75,0.03662,95,10978480501138672302,160.0,P4
0.0,0.0,0.0,50000,0.037,0.38276034167957557,1.75,0.03734,96,12638967949291209951,160.0,P4
0.0,0.0,0.0,50000,0.037,0.5368436097929914,1.75,0.03692,97,15772634965725672854,160.0,P4
0.0,0.0,0.0,50000,0.037,0.763461796275608,1.75,0.03872,98,13042531750315782137,160.0,P4
0.0,0.0,0.0,50000,0.037,0.41537155859849706,1.75,0.03808,99,10385506542554420254,160.0,P4
0.0,0.0,0.0,50000,0.038,0.6284974434005206,1.75,0.03766,0,9867203718300219951,160.0,P4
0.0,0.0,0.0,50000,0.038,0.4035320876914647,1.75,0.038,1,5643100316560836354,160.0,P4
0.0,0.0,0.0,50000,0.038,0.4976460524308278,1.75,0.03818,2,1199676425105913705,160.0,P4
0.0,0.0,0.0,50000,0.038,0.4211845095699399,1.75,0.03766,3,4902106196546694907,160.0,P4
0.0,0.0,0.0,50000,0.038,0.5769593320078777,1.75,0.03852,4,7013191966812720688,160.0,P4
0.75122,0.74826,0.74446,50000,0.038,104.49118742099492,1.75,0.0396,5,758909670579293787,160.0,P4
0.0,0.0,0.0,50000,0.038,0.5326580344747159,1.75,0.03788,6,4643447569110874321,160.0,P4
0.0,0.0,0.0,50000,0.038,0.34347618872940244,1.75,0.03712,7,3051636742216990053,160.0,P4
0.0,0.0,0.0,50000,0.038,0.6085619028927518,1.75,0.03924,8,2183598949546221,160.0,P4
0.0,0.0,0.0,50000,0.038,0.43906111794860386,1.75,0.03716,9,10241643121028246830,160.0,P4
0.0,0.0,0.0,50000,0.038,0.7573393313413901,1.75,0.03908,10,8687057704541781458,160.0,P4
0.0,0.0,0.0,50000,0.038,0.5503749116406393,1.75,0.03886,11,15846975730421496013,160.0,P4
0.0,0.0,0.0,50000,0.038,0.425375380958937,1.75,0.03776,12,11727341161760949573,160.0,P4
0.0,0.0,0.0,50000,0.038,0.6389610322591953,1.75,0.03896,13,7335927540663101458,160.0,P4
0.0,0.0,0.0,50000,0.038,0.4245825964178084,1.75,0.03782,14,6895524855782447917,160.0,P4
0.0,0.0,0.0,50000,0.038,0.3679245695800012,1.75,0.03834,15,2042123558492704016,160.0,P4
0.0,0.0,0.0,50000,0.038,0.4990132531486304,1.75,0.03682,16,17931956693873167685,160.0,P4
0.0,0.0,0.0,50000,0.038,0.4289798107749322,1.75,0.03798,17,18073987606268287234,160.0,P4
0.0,0.0,0.0,50000,0.038,0.43442238246267045,1.75,0.03672,18,16253072325328259199,160.0,P4
0.0,0.00028,0.0,50000,0.038,1.2282964639965686,1.75,0.03742,19,5295385328682902739,160.0,P4
0.0,0.0,0.0,50000,0.038,0.707391413864832,1.75,0.03914,20,6585106657844496501,160.0,P4
0.0,0.0,0.0,50000,0.038,0.6083414618815955,1.75,0.03866,21,13509189025969408483,160.0,P4
0.0,0.0,0.0,50000,0.038,0.9395292296811717,1.75,0.03752,22,7027282824316551739,160.0,P4
0.0,0.0,0.0,50000,0.038,0.798916304401639,1.75,0.0379,23,12144169879604517578,160.0,P4
0.0,0.0,0.0,50000,0.038,0.4177034450252631,1.75,0.03752,24,2596974090726329445,160.0,P4
0.0,0.0,0.0,50000,0.038,0.49194768997153127,1.75,0.03758,25,476188057496906542,160.0,P4
0.0,0.0,0.0,50000,0.038,0.5879981047429962,1.75,0.03732,26,10523478240753316541,160.0,P4
0.0,0.0,0.0,50000,0.038,0.5072982185965361,1.75,0.03842,27,5299953349119570725,160.0,P4
0.0,0.0,0.0,50000,0.038,0.5287774987925947,1.75,0.03824,28,14213760628946215542,160.0,P4
0.0,0.0,0.0,50000,0.038,0.3066852351598322,1.75,0.03744,29,15778301436725464777,160.0,P4
0.0,0.0,0.0,50000,0.038,0.40800756447424946,1.75,0.03864,30,13795959317598804628,160.0,P4
0.0,0.0,0.0,50000,0.038,0.534755369907376,1.75,0.03626,31,2726122503641748377,160.0,P4
0.0,0.0,0.0,50000,0.038,0.48486080476677385,1.75,0.03784,32,16450123176186664466,160.0,P4
0.0,0.0,0.0,50000,0.038,0.5028563020546863,1.75,0.03952,33,14312297458948717382,160.0,P4
0.0,0.0,0.0,50000,0.038,0.5917888237128073,1.75,0.03856,34,11694212698907293096,160.0,P4
0.0,0.0,0.0,50000,0.038,0.49226077284774905,1.75,0.03704,35,18254090998801690425,160.0,P4
0.0,0.0,0.0,50000,0.038,0.5632188911212369,1.75,0.03744,36,16251395894860311122,160.0,P4
0.0,0.0,0.0,50000,0.038,0.4956942877389062,1.75,0.03706,37,3775251221593962257,160.0,P4
0.0,0.0,0.0,50000,0.038,0.3050257941224922,1.75,0.03652,38,9084889437934928552,160.0,P4
0.0,0.0,0.0,50000,0.038,0.7367121282426885,1.75,0.03852,39,14035516073058507813,160.0,P4
0.0,0.0,0.0,50000,0.038,0.7435723700349263,1.75,0.03878,40,15954585933979645267,160.0,P4
0.0,0.0,0.0,50000,0.038,0.36984090934780967,1.75,0.03724,41,7537737993118495097,160.0,P4
0.0,0.0,0.0,50000,0.038,0.6747477945785058,1.75,0.03856,42,11872460693237418922,160.0,P4
0.0,0.0,0.0,50000,0.038,0.3851259387695325,1.75,0.03942,43,13276367464917120753,160.0,P4
0.0,0.0,0.0,50000,0.038,0.38488174851664275,1.75,0.0379,44,13118375111949415357,160.0,P4
0.0,0.0,0.0,50000,0.038,0.5498472886154755,1.75,0.03864,45,9486997852012329918,160.0,P4
0.0,0.0,0.0,50000,0.038,0.41816519718838224,1.75,0.03678,46,10498262193236283885,160.0,P4
0.0,0.0,0.0,50000,0.038,0.4112944956339823,1.75,0.03676,47,14476445079009069509,160.0,P4
0.0,0.0,0.0,50000,0.038,0.6884725746041849,1.75,0.03756,48,1024888877341867670,160.0,P4
0.0,0.0,0.0,50000,0.038,0.5372469516363805,1.75,0.03726,49,2644157285052356981,160.0,P4
0.0,0.0,0.0,50000,0.038,0.46450220155298017,1.75,0.03748,50,3893695517112043376,160.0,P4
0.0,0.0,0.0,50000,0.038,0.7067140550713598,1.75,0.03954,51,1607739669055634234,160.0,P4
0.0,0.0,0.0,50000,0.038,0.34170882545331055,1.75,0.03646,52,17684461912147466389,160.0,P4
0.0,0.0,0.0,50000,0.038,0.5279621637239214,1.75,0.03864,53,1148674896384741313,160.0,P4
0.0,0.00088,0.0,50000,0.038,1.559523724388071,1.75,0.03962,54,4243670249219149005,160.0,P4
0.0,0.0,0.0,50000,0.038,0.33130759404763493,1.75,0.03802,55,5290654295759223054,160.0,P4
0.0,0.0,0.0,50000,0.038,0.6619564797469496,1.75,0.03724,56,12596029364950748421,160.0,P4
0.0,0.0,0.0,50000,0.038,0.44370715277423667,1.75,0.03824,57,8827486504329309168,160.0,P4
0.0,0.0,0.0,50000,0.038,0.6269689936671299,1.75,0.03856,58,8597481007103778344,160.0,P4
0.0,0.0,0.0,50000,0.038,0.6833439341865495,1.75,0.0374,59,14112881471448843702,160.0,P4
0.0,0.0,0.0,50000,0.038,0.7121879617376717,1.75,0.03846,60,3525789994416794308,160.0,P4
0.0,0.0,0.0,50000,0.038,0.7507560553253803,1.75,0.03824,61,9217028344615019565,160.0,P4
0.0,0.0,0.0,50000,0.038,0.39653090449651246,1.75,0.03964,62,1962426598445990347,160.0,P4
0.0,0.0,0.0,50000,0.038,0.5434724028347597,1.75,0.0376,63,3884224693951422503,160.0,P4
0.0,0.0,0.0,50000,0.038,0.7960838498539446,1.75,0.03862,64,12641839398989657159,160.0,P4
0.0,0.0,0.0,50000,0.038,0.5899697583207892,1.75,0.03744,65,11936795682734162776,160.0,P4
0.0,0.0,0.0,50000,0.038,0.36704544078386253,1.75,0.03744,66,8347497594886356007,160.0,P4
0.0,0.0,0.0,50000,0.038,0.46559698762938817,1.75,0.03762,67,18354050330772117997,160.0,P4
0.0,0.0,0.0,50000,0.038,0.36862817095847333,1.75,0.03736,68,4628881773033578341,160.0,P4
0.0,0.0,0.0,50000,0.038,0.4152210655653452,1.75,0.03758,69,10586963261317901020,160.0,P4
0.0,0.0,0.0,50000,0.038,0.4908320560067651,1.75,0.03892,70,5064409173105816723,160.0,P4
0.0,0.0,0.0,50000,0.038,0.6531333290394591,1.75,0.03842,71,5658304673976523406,160.0,P4
0.0,0.0,0.0,50000,0.038,0.45624673035752467,1.75,0.03838,72,7668527946413224279,160.0,P4
0.0,0.0,0.0,50000,0.038,0.4876314594403691,1.75,0.03786,73,2571318163650216133,160.0,P4
0.0,0.0,0.0,50000,0.038,0.5901628139172198,1.75,0.0376,74,12584450146141496728,160.0,P4
0.0,0.0,0.0,50000,0.038,0.9496128774970211,1.75,0.0396,75,15553404434840106191,160.0,P4
0.0,0.0,0.0,50000,0.038,0.48762108158651385,1.75,0.03792,76,5235426248116981540,160.0,P4
0.0,0.0,0.0,50000,0.038,0.58480276363343,1.75,0.03726,77,8599814836302348349,160.0,P4
0.0,0.0,0.0,50000,0.038,0.544853207043013,1.75,0.0385,78,3825022196968145442,160.0,P4
0.0,0.0,0.0,50000,0.038,0.5764008369552933,1.75,0.03768,79,8812206587298710360,160.0,P4
0.0,0.0,0.0,50000,0.038,0.4104775412018716,1.75,0.0379,80,6364192439343366004,160.0,P4
0.0,0.0,0.0,50000,0.038,0.3396334148839245,1.75,0.03884,81,9784376920243853882,160.0,P4
0.0,0.0,0.0,50000,0.038,0.3428786148914145,1.75,0.03762,82,10345901471002046179,160.0,P4
0.0,0.0,0.0,50000,0.038,0.6224642639458748,1.75,0.03872,83,16462535189161893092,160.0,P4
0.0,0.0,0.0,50000,0.038,0.4361165081166255,1.75,0.03678,84,10302607566738360802,160.0,P4
0.0,0.0,0.0,50000,0.038,0.7276694201360525,1.75,0.0391,85,16282554875031674988,160.0,P4
0.0,0.0,0.0,50000,0.038,0.33462931760175024,1.75,0.03686,86,8129622904493389695,160.0,P4
0.0,0.0,0.0,50000,0.038,0.3562578650923879,1.75,0.03654,87,16135973079709117350,160.0,P4
0.0,0.0,0.0,50000,0.038,0.532379345472306,1.75,0.03822,88,10121292931329803459,160.0,P4
0.0,0.0,0.0,50000,0.038,0.43984433983873494,1.75,0.03692,89,3368207337572550504,160.0,P4
0.0,0.0,0.0,50000,0.038,0.6333968727325685,1.75,0.03922,90,13699364115978002887,160.0,P4
0.0,0.0,0.0,50000,0.038,0.4119708800915319,1.75,0.0375,91,15985333684192956828,160.0,P4
0.0,0.0,0.0,50000,0.038,0.32415187174639626,1.75,0.03812,92,7763129859674861831,160.0,P4
0.75054,0.74686,0.74676,50000,0.038,102.43741177883378,1.75,0.03734,93,6709245231368550736,160.0,P4
0.0,0.0,0.0,50000,0.038,0.34677419365756085,1.75,0.0361,94,2744934932383420627,160.0,P4
0.0,0.0,0.0,50000,0.038,0.41320455804682743,1.75,0.03742,95,16688420383311109517,160.0,P4
0.0,0.0,0.0,50000,0.038,0.36464060192188197,1.75,0.03674,96,15972483013790698335,160.0,P4
0.0,0.0,0.0,50000,0.038,0.4094901818780604,1.75,0.03572,97,1020047627465573397,160.0,P4
0.0,0.0,0.0,50000,0.038,0.4624979933795412,1.75,0.03792,98,4217166546771965889,160.0,P4
0.0,0.0,0.0,50000,0.038,0.4477212008128072,1.75,0.03738,99,16761697135673157834,160.0,P4
0.0,0.0,0.0,50000,0.039,0.5707876176609613,1.75,0.03998,0,3072286934799810986,160.0,P4
0.0,0.0,0.0,50000,0.039,0.5140780329958484,1.75,0.03836,1,50019852305518052,160.0,P4
0.0,0.0,0.0,50000,0.039,0.5822739902968304,1.75,0.03818,2,7699484111598140083,160.0,P4
0.0,0.0,0.0,50000,0.039,0.5730132861101248,1.75,0.03858,3,5840477949382770252,160.0,P4
0.0,0.0,0.0,50000,0.039,0.48628685017948875,1.75,0.03974,4,49670437456662800,160.0,P4
0.0,0.0,0.0,50000,0.039,0.36618301983440976,1.75,0.0378,5,1466514593069053149,160.0,P4
0.0,0.0,0.0,50000,0.039,0.6003752507832908,1.75,0.03962,6,17490962644131459244,160.0,P4
0.0,0.0,0.0,50000,0.039,0.5256602055772882,1.75,0.03904,7,1739948001909735445,160.0,P4
0.0,0.0,0.0,50000,0.039,0.5013975672056261,1.75,0.03792,8,1223394391012271989,160.0,P4
0.0,0.0,0.0,50000,0.039,0.4597108567571146,1.75,0.03796,9,15575888418230497056,160.0,P4
0.0,0.0,0.0,50000,0.039,0.3672596415756803,1.75,0.03806,10,11624790478091459697,160.0,P4
0.0,0.0,0.0,50000,0.039,0.5488035891985291,1.75,0.04026,11,10510418867582316317,160.0,P4
0.0,0.0,0.0,50000,0.039,0.4299128509856602,1.75,0.03966,12,18039554073390871950,160.0,P4
0.0,0.0,0.0,50000,0.039,0.4038423331361353,1.75,0.03762,13,8306375783276264881,160.0,P4
0.0,0.0,0.0,50000,0.039,0.48801448779300777,1.75,0.0392,14,2478414237949252635,160.0,P4
0.0,0.0,0.0,50000,0.039,0.5963732778357612,1.75,0.039,15,16244164942618004467,160.0,P4
0.0,0.0,0.0,50000,0.039,0.5242391068486296,1.75,0.03998,16,14166876046750193413,160.0,P4
0.0,0.0,0.0,50000,0.039,0.3782620127266023,1.75,0.03944,17,16822580789618976870,160.0,P4
0.0,0.0,0.0,50000,0.039,0.5230105688484545,1.75,0.03886,18,10621750710595927185,160.0,P4
0.0,0.0,0.0,50000,0.039,0.4678042392418655,1.75,0.03782,19,14495536911233512492,160.0,P4
0.0,0.0,0.0,50000,0.039,0.5683203200158803,1.75,0.04002,20,14829811252341263744,160.0,P4
0.0,0.0,0.0,50000,0.039,0.8585236179885659,1.75,0.0398,21,3766488082025692621,160.0,P4
0.0,0.0,0.0,50000,0.039,0.5070327808614221,1.75,0.03904,22,4343217486047973775,160.0,P4
0.0,0.0,0.0,50000,0.039,0.6849307896565178,1.75,0.04014,23,5954141245263148654,160.0,P4
0.0,0.0,0.0,50000,0.039,0.3895758760758838,1.75,0.03772,24,16995219644754841262,160.0,P4
0.0,0.0,0.0,50000,0.039,0.4667149689699004,1.75,0.0392,25,4459257389521810797,160.0,P4
0.0,0.0,0.0,50000,0.039,0.5292363893983886,1.75,0.0398,26,1682179482714497170,160.0,P4
0.0,0.0,0.0,50000,0.039,0.5771504700745175,1.75,0.03848,27,14640258873400560988,160.0,P4
0.0,0.0,0.0,50000,0.039,0.4891442457673464,1.75,0.03926,28,653027366388644024,160.0,P4
0.74842,0.74776,0.74398,50000,0.039,99.9471631918134,1.75,0.04016,29,5047981732763187386,160.0,P4
0.0,0.0,0.0,50000,0.039,0.8280713478557591,1.75,0.03812,30,1476474867028662992,160.0,P4
0.0,0.0,0.0,50000,0.039,0.597767655538005,1.75,0.03938,31,5537761250664272177,160.0,P4
0.0,0.0,0.0,50000,0.039,0.5261320916124571,1.75,0.03854,32,2393169562606723375,160.0,P4
0.0,0.0,0.0,50000,0.039,0.6604619745914522,1.75,0.03934,33,15489130239225035987,160.0,P4
0.0,0.0,0.0,50000,0.039,0.5746237974463408,1.75,0.03938,34,10945732471284148786,160.0,P4
0.0,0.0,0.0,50000,0.039,0.6805046475183691,1.75,0.03902,35,7436953333865641604,160.0,P4
0.0,0.0,0.0,50000,0.039,0.7537279681780937,1.75,0.03796,36,16858018820299037791,160.0,P4
0.0,0.0,0.0,50000,0.039,0.5239945673085074,1.75,0.03996,37,17569475364887293025,160.0,P4
0.0,0.0,0.0,50000,0.039,0.6801285094488341,1.75,0.0396,38,13279033619509105240,160.0,P4
0.0,0.0,0.0,50000,0.039,0.432532889631552,1.75,0.0402,39,15667517423082374085,160.0,P4
0.0,0.0,0.0,50000,0.039,0.39252049189494426,1.75,0.04018,40,10072605578827963503,160.0,P4
0.0,0.0,0.0,50000,0.039,0.5791910583898698,1.75,0.04006,41,17789709597459447119,160.0,P4
0.0,0.0,0.0,50000,0.039,0.6258219269094816,1.75,0.03896,42,8683723743197684221,160.0,P4
0.0,0.0,0.0,50000,0.039,0.4026449384167349,1.75,0.03918,43,2107099622663835557,160.0,P4
0.0,0.0,0.0,50000,0.039,0.5525666549996827,1.75,0.03918,44,4443560560662569705,160.0,P4
0.0,0.0,0.0,50000,0.039,0.5156553205880441,1.75,0.03948,45,17998608484505956204,160.0,P4
0.0,0.0,0.0,50000,0.039,0.4688198406008068,1.75,0.0389,46,17932060730282220399,160.0,P4
0.0,0.0,0.0,50000,0.039,0.5862709995061774,1.75,0.03878,47,2004394914555769068,160.0,P4
0.0,0.00012,0.0,50000,0.039,0.834129568948823,1.75,0.03976,48,8442466197592439352,160.0,P4
0.0,0.0,0.0,50000,0.039,0.4812986427959775,1.75,0.038,49,5789421629009915153,160.0,P4
0.0,0.0,0.0,50000,0.039,0.5766275824724165,1.75,0.0385,50,16999240793227082129,160.0,P4
0.0,0.00042,0.0,50000,0.039,1.5158104155849041,1.75,0.03824,51,1871785519203797326,160.0,P4
0.0,0.0,0.0,50000,0.039,0.4592510760697486,1.75,0.03874,52,6835514217062372846,160.0,P4
0.0,0.0,0.0,50000,0.039,0.4753735254565312,1.75,0.03946,53,4453546241297530833,160.0,P4
0.0,0.0,0.0,50000,0.039,0.44322578120582445,1.75,0.03794,54,15831242676544782670,160.0,P4
0.0,0.0,0.0,50000,0.039,0.5523765820140597,1.75,0.04072,55,10708939457294253910,160.0,P4
0.0,0.0,0.0,50000,0.039,0.48587603316667644,1.75,0.03842,56,9052175711303639671,160.0,P4
0.0,0.0,0.0,50000,0.039,0.3846416656869227,1.75,0.03864,57,3818604090305718106,160.0,P4
0.75242,0.74726,0.75064,50000,0.039,101.57947116407458,1.75,0.03964,58,14026082558934863896,160.0,P4
0.0,0.0,0.0,50000,0.039,0.5678137931305949,1.75,0.03796,59,13205403505410319298,160.0,P4
0.0,0.0,0.0,50000,0.039,0.38456665973536425,1.75,0.03794,60,5748823732217729283,160.0,P4
0.0,0.0,0.0,50000,0.039,0.39093752312126495,1.75,0.03718,61,5512708269434314799,160.0,P4
0.0,0.0,0.0,50000,0.039,0.477793852377466,1.75,0.0383,62,3543295759980639933,160.0,P4
0.0,0.0,0.0,50000,0.039,0.4479883884802154,1.75,0.03814,63,15907267793996074253,160.0,P4
0.0,0.0,0.0,50000,0.039,0.5650533081622142,1.75,0.0387,64,17119471260746892914,160.0,P4
0.0,0.0,0.0,50000,0.039,0.5728896836106115,1.75,0.03724,65,3422934804326568647,160.0,P4
0.0,0.0,0.0,50000,0.039,0.5152280403033896,1.75,0.03912,66,10008413283466170230,160.0,P4
0.0,0.0,0.0,50000,0.039,0.4129252484293963,1.75,0.03914,67,6052467802642671860,160.0,P4
0.0,0.0,0.0,50000,0.039,0.7145643317977536,1.75,0.03968,68,7689703340436906690,160.0,P4
0.0,0.0,0.0,50000,0.039,0.5348733609886652,1.75,0.03998,69,7942767456597388307,160.0,P4
0.0,0.0,0.0,50000,0.039,0.49014335872059456,1.75,0.03816,70,227399336101738241,160.0,P4
0.0,0.0,0.0,50000,0.039,0.4352660301861031,1.75,0.03762,71,6437123584367027925,160.0,P4
0.0,0.0,0.0,50000,0.039,0.7294342606005285,1.75,0.03912,72,11122994137334799188,160.0,P4
0.0,0.0,0.0,50000,0.039,0.46240021292492334,1.75,0.03936,73,15252167223804583232,160.0,P4
0.0,0.0,0.0,50000,0.039,0.5649157369739347,1.75,0.03782,74,9339260623626070899,160.0,P4
0.0,0.0,0.0,50000,0.039,0.49347264540043745,1.75,0.03868,75,14064758853093745526,160.0,P4
0.0,0.0,0.0,50000,0.039,0.48189867754445237,1.75,0.03942,76,17194244273082180526,160.0,P4
0.0,0.0,0.0,50000,0.039,0.7326648158219218,1.75,0.03906,77,2572604914400583878,160.0,P4
0.0,0.0,0.0,50000,0.039,0.6153556499069568,1.75,0.0398,78,5825293673991100248,160.0,P4
0.0,0.0,0.0,50000,0.039,0.6483305193423611,1.75,0.03914,79,12110361064909509620,160.0,P4
0.0,0.0,0.0,50000,0.039,0.5459581183234816,1.75,0.0372,80,564958374308560805,160.0,P4
0.0,0.0,0.0,50000,0.039,0.8583399839312303,1.75,0.03786,81,14147262625033712980,160.0,P4
0.0,0.0,0.0,50000,0.039,0.6101317165159451,1.75,0.04006,82,17785808163661015023,160.0,P4
0.0,0.0,0.0,50000,0.039,0.7711033458114712,1.75,0.03846,83,5020789029331786980,160.0,P4
0.0,0.0,0.0,50000,0.039,0.38552524327336857,1.75,0.0397,84,16262395601096046916,160.0,P4
0.0,0.0,0.0,50000,0.039,0.48544666892706334,1.75,0.03808,85,781183555155482984,160.0,P4
0.0,0.0,0.0,50000,0.039,0.7357605472333534,1.75,0.03964,86,8044766297326195255,160.0,P4
0.0,0.0,0.0,50000,0.039,0.5284881207591317,1.75,0.03982,87,8267194612436263705,160.0,P4
0.0,0.0,0.0,50000,0.039,0.5848081476596174,1.75,0.03918,88,10248569854851846737,160.0,P4
0.0,0.0,0.0,50000,0.039,0.5313034645157667,1.75,0.03894,89,12166537857203464694,160.0,P4
0.0,0.0,0.0,50000,0.039,0.5531441486923844,1.75,0.03902,90,3936878617483766538,160.0,P4
0.0,0.0,0.0,50000,0.039,1.0286720399591924,1.75,0.03902,91,16653275958793044482,160.0,P4
0.0,0.0,0.0,50000,0.039,0.46899211993103973,1.75,0.03924,92,298756435048151872,160.0,P4
0.0,0.0,0.0,50000,0.039,0.7759506372726908,1.75,0.03996,93,14652494839892939704,160.0,P4
0.0,0.0,0.0,50000,0.039,0.7387816502087464,1.75,0.03938,94,15137472533455899337,160.0,P4
0.0,0.0,0.0,50000,0.039,0.5512057844182099,1.75,0.03906,95,17308189275861443018,160.0,P4
0.0,0.0,0.0,50000,0.039,0.5964154741023467,1.75,0.03958,96,11377690869232290792,160.0,P4
0.0,0.0,0.0,50000,0.039,0.7083832412961273,1.75,0.03858,97,14030355574451389521,160.0,P4
0.0,0.0,0.0,50000,0.039,0.7150176073691681,1.75,0.04114,98,17657634055563391441,160.0,P4
0.0,0.0,0.0,50000,0.039,0.39291456955386705,1.75,0.0392,99,3830819112303749697,160.0,P4
0.74848,0.74502,0.7478,50000,0.041,105.52682342629353,1.75,0.04236,0,10644741969360315176,160.0,P4
0.0,0.0,0.0,50000,0.041,0.8021862187588475,1.75,0.0399,1,10061444345619443903,160.0,P4
0.0,0.0,0.0,50000,0.041,0.467075112961819,1.75,0.0411,2,3718122340278759708,160.0,P4
0.0,0.0,0.0,50000,0.041,0.5760697284214236,1.75,0.04136,3,17738517899441721725,160.0,P4
0.0,0.0,0.0,50000,0.041,0.7732373716812261,1.75,0.0417,4,1712426472215390501,160.0,P4
0.0,0.0,0.0,50000,0.041,1.032136367950996,1.75,0.04152,5,2259608361628948635,160.0,P4
0.0,0.0,0.0,50000,0.041,0.6926516959218117,1.75,0.03996,6,4842868542808634907,160.0,P4
0.0,0.0,0.0,50000,0.041,0.5476922900641271,1.75,0.04082,7,1014136190644540283,160.0,P4
0.7475,0.74644,0.74842,50000,0.041,98.96887935011027,1.75,0.0406,8,16149816918168129871,160.0,P4
0.0,0.0,0.0,50000,0.041,0.5915445098505401,1.75,0.04024,9,4050398866914592843,160.0,P4
0.0,0.0,0.0,50000,0.041,0.565913494090959,1.75,0.04116,10,11579113432279347791,160.0,P4
0.7463,0.75236,0.7479,50000,0.041,106.8140744407208,1.75,0.0412,11,2266616404532673593,160.0,P4
0.0,0.0,0.0,50000,0.041,0.6439933663011288,1.75,0.04432,12,12684017910350490657,160.0,P4
0.74738,0.74694,0.74928,50000,0.041,103.91400841847486,1.75,0.04136,13,14355911550271089892,160.0,P4
0.0,0.0,0.0,50000,0.041,0.7645816832131339,1.75,0.03996,14,13055441170533012818,160.0,P4
0.0,0.00906,0.0,50000,0.041,1.907282879530258,1.75,0.04102,15,15167437431558534586,160.0,P4
0.0,0.0,0.0,50000,0.041,0.5075724733673503,1.75,0.03998,16,17938023151491565173,160.0,P4
0.0,0.0,0.0,50000,0.041,0.48576513087875867,1.75,0.0401,17,11154745283230671237,160.0,P4
0.0,0.0,0.0,50000,0.041,0.790265139516052,1.75,0.04028,18,2250089783865117489,160.0,P4
0.0,0.0,0.0,50000,0.041,0.7936751911262787,1.75,0.03944,19,8894757329974597460,160.0,P4
0.0,0.0,0.0,50000,0.041,0.9316256083537102,1.75,0.04202,20,1605960101620948811,160.0,P4
0.0,0.0,0.0,50000,0.041,0.60619223711141,1.75,0.03948,21,4439341707495030806,160.0,P4
0.0,0.0,0.0,50000,0.041,0.6574144826080927,1.75,0.04326,22,3545997312773388116,160.0,P4
0.74252,0.74154,0.74238,50000,0.041,102.9096126065285,1.75,0.04118,23,11395032884377437239,160.0,P4
0.0,0.0,0.0,50000,0.041,0.7307738830501933,1.75,0.04122,24,7428324638602067838,160.0,P4
0.0,0.0,0.0,50000,0.041,0.7619137226091479,1.75,0.04088,25,6694862516075618545,160.0,P4
0.0,0.0,0.0,50000,0.041,0.44482024681474147,1.75,0.04178,26,8092068045741239594,160.0,P4
0.0,0.0,0.0,50000,0.041,0.4310750548459243,1.75,0.0399,27,8712098613389774042,160.0,P4
0.0,0.0,0.0,50000,0.041,0.5160198235380693,1.75,0.0403,28,15617578611739097730,160.0,P4
0.0,0.0,0.0,50000,0.041,1.077113529805601,1.75,0.04074,29,636360924913430414,160.0,P4
0.75208,0.74836,0.74498,50000,0.041,106.74468494524525,1.75,0.04044,30,6959030381509977577,160.0,P4
0.0,0.0,0.0,50000,0.041,0.7322933241659314,1.75,0.04034,31,16408330778410343709,160.0,P4
0.0,0.0,0.0,50000,0.041,0.569398459008185,1.75,0.04028,32,11062184789636043036,160.0,P4
0.0,0.0,0.0,50000,0.041,0.8332009116058374,1.75,0.04296,33,14793668861383344377,160.0,P4
0.0,4e-05,0.0,50000,0.041,0.7130032265643085,1.75,0.0401,34,15051276901482337701,160.0,P4
0.0,0.0,0.0,50000,0.041,0.8052916954746016,1.75,0.0431,35,14562703381644618689,160.0,P4
0.74314,0.74462,0.74526,50000,0.041,106.08295083791361,1.75,0.04066,36,17270509345868736561,160.0,P4
0.0,0.0,0.0,50000,0.041,0.6035273748703901,1.75,0.0386,37,6978027604363730308,160.0,P4
0.0,0.0,0.0,50000,0.041,0.5495446467412668,1.75,0.04098,38,1601653034574031746,160.0,P4
0.0,0.0,0.0,50000,0.041,1.0114842579692331,1.75,0.04118,39,10198617478885133491,160.0,P4
0.0,0.0,0.0,50000,0.041,0.6779702418065009,1.75,0.03934,40,650738485053480464,160.0,P4
0.74598,0.75032,0.7473,50000,0.041,101.97517140721433,1.75,0.04154,41,17521889656050369393,160.0,P4
0.74658,0.74596,0.74244,50000,0.041,107.43050508821051,1.75,0.04162,42,10508739523256858012,160.0,P4
0.0,6e-05,0.0,50000,0.041,1.2995039632466332,1.75,0.04292,43,16680766299514985822,160.0,P4
0.0,0.0,0.0,50000,0.041,0.5422594527166253,1.75,0.04042,44,15617524908202472748,160.0,P4
0.74242,0.74574,0.75076,50000,0.041,104.26212092960317,1.75,0.04286,45,374711854376237801,160.0,P4
0.0,0.0,0.0,50000,0.041,0.5766400645452018,1.75,0.04048,46,15076853677869877216,160.0,P4
0.0,0.0,0.0,50000,0.041,0.6949387841404672,1.75,0.04194,47,6356740352968533128,160.0,P4
0.0,0.0,0.0,50000,0.041,0.614783315537625,1.75,0.0411,48,12042228220124238940,160.0,P4
0.0,0.0,0.0,50000,0.041,0.5847598738633092,1.75,0.04136,49,12980490462415431964,160.0,P4
0.0,0.0,0.0,50000,0.041,0.7862758237478291,1.75,0.0403,50,8661595062944026408,160.0,P4
0.0,0.0,0.0,50000,0.041,0.5791127331352729,1.75,0.04306,51,10576643097110337996,160.0,P4
0.0,0.0,0.0,50000,0.041,0.5312773150257472,1.75,0.04076,52,14216644285808729733,160.0,P4
0.0,0.0,0.0,50000,0.041,0.4605421569167132,1.75,0.03958,53,4312372788089786507,160.0,P4
0.0,0.0,0.0,50000,0.041,0.7068958017088665,1.75,0.04152,54,8073632432850260129,160.0,P4
0.0,0.0,0.0,50000,0.041,0.9347169890720988,1.75,0.04034,55,15725177650049437737,160.0,P4
0.0,0.0,0.0,50000,0.041,0.540682744740509,1.75,0.04166,56,2779801586722091860,160.0,P4
0.0,0.0,0.0,50000,0.041,0.49251349574978953,1.75,0.04138,57,17126452433733085148,160.0,P4
0.0,0.0,0.0,50000,0.041,0.5957092661038955,1.75,0.04002,58,17945014541809819258,160.0,P4
0.0,0.0003,0.0,50000,0.041,1.4326499987309844,1.75,0.04104,59,13428224870333048905,160.0,P4
0.0,0.0,0.0,50000,0.041,0.7061596233687701,1.75,0.041,60,6373795607956343197,160.0,P4
0.74664,0.74564,0.74864,50000,0.041,102.87393793405937,1.75,0.04168,61,1327531486662564864,160.0,P4
0.0,0.0,0.0,50000,0.041,0.657464682718495,1.75,0.03956,62,18209167240833015530,160.0,P4
0.0,0.0,0.0,50000,0.041,0.6337849102781258,1.75,0.0425,63,13560572908634658765,160.0,P4
0.0,0.0,0.0,50000,0.041,0.9207755990016809,1.75,0.04306,64,10630666195197399450,160.0,P4
0.0,0.0,0.0,50000,0.041,0.4680560781981048,1.75,0.0388,65,4005625243743929052,160.0,P4
0.0,0.0,0.0,50000,0.041,0.6920046261954903,1.75,0.04054,66,16635358018263827573,160.0,P4
0.0,0.0,0.0,50000,0.041,0.73526823389721,1.75,0.04134,67,17706120917473571377,160.0,P4
0.0,0.0,0.0,50000,0.041,1.1273227170811961,1.75,0.04146,68,13963421587811488023,160.0,P4
0.0,0.0,0.0,50000,0.041,0.8555068598970405,1.75,0.04152,69,12655597791412305958,160.0,P4
0.0,0.0,0.0,50000,0.041,0.4716796239916556,1.75,0.04076,70,15461568604566709791,160.0,P4
0.0,0.0,0.0,50000,0.041,0.552560485532334,1.75,0.04078,71,8954522662563754400,160.0,P4
0.0,0.0,0.0,50000,0.041,1.0015327578508815,1.75,0.04154,72,4504583895331694192,160.0,P4
0.0,0.0,0.0,50000,0.041,0.5609327302825694,1.75,0.04124,73,10979914965542831244,160.0,P4
0.0,0.0,0.0,50000,0.041,0.5335223814568817,1.75,0.04046,74,11369283836963696321,160.0,P4
0.74848,0.74408,0.74874,50000,0.041,100.05960793975993,1.75,0.04318,75,5865477937873423708,160.0,P4
0.0,0.00044,0.0,50000,0.041,1.4625016280728471,1.75,0.04304,76,7687106877341986454,160.0,P4
0.0,0.0,0.0,50000,0.041,0.7048010471908025,1.75,0.04244,77,13220779379807905689,160.0,P4
0.0,0.0,0.0,50000,0.041,0.46951319161976013,1.75,0.04136,78,12710036751608789460,160.0,P4
0.0,0.0,0.0,50000,0.041,0.6351852665821623,1.75,0.04018,79,10530497545886771819,160.0,P4
0.0,0.0,0.0,50000,0.041,0.7273339749220811,1.75,0.04122,80,463888698709824918,160.0,P4
0.0,0.0,0.0,50000,0.041,0.40672599576868856,1.75,0.04148,81,2888639932985728641,160.0,P4
0.0,0.0,0.0,50000,0.041,0.4370790928038542,1.75,0.04144,82,13426384615113505647,160.0,P4
0.0,0.0,0.0,50000,0.041,0.5300627507304287,1.75,0.03994,83,1359478615075095884,160.0,P4
0.0,0.0,0.0,50000,0.041,0.5977276999319016,1.75,0.0407,84,17698374990160514368,160.0,P4
0.0,0.0,0.0,50000,0.041,0.6342940963758207,1.75,0.04014,85,4919432112078567595,160.0,P4
0.0,0.0,0.0,50000,0.041,0.9145168555006227,1.75,0.0408,86,10627726530614608835,160.0,P4
0.0,0.0,0.0,50000,0.041,0.8021361095741342,1.75,0.03938,87,16423473320273955428,160.0,P4
0.0,0.0,0.0,50000,0.041,0.5546951974698691,1.75,0.03892,88,4310018781441830550,160.0,P4
0.75052,0.74758,0.74786,50000,0.041,107.03988944686637,1.75,0.04238,89,14720560270951408349,160.0,P4
0.74686,0.17424,0.74444,50000,0.041,89.68375922244194,1.75,0.04174,90,9870171596741112018,160.0,P4
0.0,0.0,0.0,50000,0.041,0.5544847631655169,1.75,0.04114,91,9956844003032679595,160.0,P4
0.0,0.0,0.0,50000,0.041,0.9621491389076636,1.75,0.04056,92,6130502839223443731,160.0,P4
0.0,0.0,0.0,50000,0.041,0.5213499704229265,1.75,0.0412,93,14752904004518302488,160.0,P4
0.0,0.0,0.0,50000,0.041,0.6690947055724146,1.75,0.04034,94,5972854582573672492,160.0,P4
0.0,0.00172,0.0,50000,0.041,1.6946485940841636,1.75,0.04222,95,4421602605502505685,160.0,P4
0.0,0.0,0.0,50000,0.041,0.49323121645082757,1.75,0.0425,96,8591401595067812147,160.0,P4
0.0,0.0,0.0,50000,0.041,0.6625413356889823,1.75,0.04172,97,14067186033888270778,160.0,P4
0.0,0.0,0.0,50000,0.041,0.6091686629036902,1.75,0.04234,98,2762130211822191800,160.0,P4
0.0,0.03564,0.0,50000,0.041,2.2909435020426074,1.75,0.04166,99,10995588549760272005,160.0,P4
0.0,0.0,0.0,50000,0.045,0.8797294677824465,1.75,0.0447,0,7309520047317828218,160.0,P4
0.74512,0.74706,0.74642,50000,0.045,108.17918882991273,1.75,0.0437,1,1490216884982260001,160.0,P4
0.0,0.00098,0.0,50000,0.045,1.3781670068812568,1.75,0.04526,2,7933314555620744300,160.0,P4
0.0,0.0,0.0,50000,0.045,0.5330055841960064,1.75,0.04428,3,10745008541205384176,160.0,P4
0.74458,0.74786,0.74678,50000,0.045,104.7139036004539,1.75,0.0444,4,7999872510928315283,160.0,P4
0.74562,0.74214,0.74808,50000,0.045,106.32821380655525,1.75,0.04418,5,886503320059169226,160.0,P4
0.0,0.0,0.0,50000,0.045,0.8154149607453373,1.75,0.0466,6,6359424526906788417,160.0,P4
0.0,0.0,0.0,50000,0.045,0.7200860770180052,1.75,0.0457,7,17615634870735909458,160.0,P4
0.75128,0.6672,0.74406,50000,0.045,94.9715675872431,1.75,0.0465,8,10875809915667441795,160.0,P4
0.0,0.0,0.0,50000,0.045,0.901684650640009,1.75,0.04514,9,9371634916010343189,160.0,P4
0.74642,0.74604,0.74132,50000,0.045,102.94861782076754,1.75,0.04486,10,4707052198757632134,160.0,P4
0.74604,0.74556,0.74578,50000,0.045,104.2589017556556,1.75,0.0456,11,8721057856468610659,160.0,P4
0.74844,0.75092,0.74972,50000,0.045,104.98731958273194,1.75,0.04632,12,2529449080262931610,160.0,P4
0.74642,0.74398,0.74926,50000,0.045,104.26380165889742,1.75,0.0427,13,6002628820808418358,160.0,P4
0.74208,0.74286,0.74564,50000,0.045,108.40864759048523,1.75,0.04518,14,15468616509740427608,160.0,P4
0.0,0.0,0.0,50000,0.045,1.1162535285760096,1.75,0.04438,15,777040996314713653,160.0,P4
0.75104,0.7464,0.7467,50000,0.045,108.13041950409128,1.75,0.04568,16,7163979998112737561,160.0,P4
0.0,0.0,0.0,50000,0.045,0.6886672626055887,1.75,0.04566,17,14520270511774214888,160.0,P4
0.74772,0.75218,0.74896,50000,0.045,108.75267274383458,1.75,0.04406,18,3342160901349847993,160.0,P4
0.75064,0.74822,0.74464,50000,0.045,101.73891173320422,1.75,0.04432,19,3492215289407081943,160.0,P4
0.74784,0.74936,0.7476,50000,0.045,109.27001530199118,1.75,0.0474,20,17983107239432085513,160.0,P4
0.75232,0.74762,0.74514,50000,0.045,106.73246496628268,1.75,0.04542,21,3272218880337971760,160.0,P4
0.0,0.0,0.0,50000,0.045,0.7334346299280369,1.75,0.04444,22,10201638653869226309,160.0,P4
0.0,0.00276,0.0,50000,0.045,1.583647181481555,1.75,0.0443,23,24124949852580224,160.0,P4
0.74732,0.74304,0.74714,50000,0.045,106.40593025790194,1.75,0.0444,24,17635698868080965343,160.0,P4
0.0,0.0,0.0,50000,0.045,0.7868107443262478,1.75,0.04432,25,8792495588289451963,160.0,P4
0.7443,0.75052,0.7433,50000,0.045,107.15370777705009,1.75,0.04558,26,16900247117182874116,160.0,P4
0.74778,0.47196,0.74702,50000,0.045,92.82262637539458,1.75,0.04526,27,13301618028019905492,160.0,P4
0.7521,0.74778,0.74558,50000,0.045,106.83980960591902,1.75,0.04542,28,14681964105724771338,160.0,P4
0.75132,0.7449,0.74882,50000,0.045,106.3768504487491,1.75,0.04412,29,1676245103626268169,160.0,P4
0.74776,0.74502,0.74476,50000,0.045,109.31200719782345,1.75,0.0461,30,17476874252329937866,160.0,P4
0.7474,0.74654,0.74732,50000,0.045,102.60618193368629,1.75,0.0466,31,6165334142504253331,160.0,P4
0.0,0.0,0.0,50000,0.045,0.8382161904530393,1.75,0.0437,32,2973268740446101236,160.0,P4
0.0,0.0,0.0,50000,0.045,0.7901563856042773,1.75,0.0442,33,8692529465572457588,160.0,P4
0.0,0.0,0.0,50000,0.045,0.7711304880526604,1.75,0.04474,34,1739362637885886502,160.0,P4
0.0,0.01102,0.0,50000,0.045,2.0581198593576326,1.75,0.04486,35,4305129163228389894,160.0,P4
0.74328,0.11964,0.7478,50000,0.045,88.02443573618149,1.75,0.04342,36,9174409564498161461,160.0,P4
0.0,0.0,0.0,50000,0.045,0.6873386471604992,1.75,0.04448,37,18039563319099126947,160.0,P4
0.0,0.0,0.0,50000,0.045,1.0959477857565052,1.75,0.0448,38,7348586580918484301,160.0,P4
0.74694,0.74442,0.7479,50000,0.045,107.43422531633993,1.75,0.04558,39,10303806244488538686,160.0,P4
0.74522,0.74608,0.746,50000,0.045,106.72189287640171,1.75,0.0444,40,4160168125117426141,160.0,P4
0.0,0.0,0.0,50000,0.045,1.0985937486235544,1.75,0.04508,41,15965214849077146331,160.0,P4
0.74724,0.75234,0.74588,50000,0.045,107.27200150611078,1.75,0.04512,42,7855512276917681675,160.0,P4
0.74766,0.7492,0.74912,50000,0.045,106.51600023513753,1.75,0.04682,43,12388156721535860930,160.0,P4
0.7437,0.73954,0.7442,50000,0.045,100.16618223197165,1.75,0.04504,44,14809031790314715908,160.0,P4
0.7458,0.74434,0.74642,50000,0.045,106.84455541321708,1.75,0.0461,45,8050992702508955400,160.0,P4
0.0,0.0,0.0,50000,0.045,1.168064842788777,1.75,0.04388,46,14941279841274748456,160.0,P4
0.0,0.0,0.0,50000,0.045,1.4410532715008204,1.75,0.04544,47,13088556924839449799,160.0,P4
0.0,0.0,0.0,50000,0.045,0.7306623286946133,1.75,0.04422,48,3821845006866974240,160.0,P4
0.0,0.0,0.0,50000,0.045,0.5131360210421233,1.75,0.04484,49,11837104253860396701,160.0,P4
0.75198,0.75006,0.74672,50000,0.045,106.83493987716489,1.75,0.04676,50,5271604462690469934,160.0,P4
0.0,0.0,0.0,50000,0.045,0.7306265217188195,1.75,0.04314,51,7953627219847609611,160.0,P4
0.75012,0.7492,0.7446,50000,0.045,108.70930255941967,1.75,0.04474,52,11588008653418154248,160.0,P4
0.75044,0.7408,0.74086,50000,0.045,104.81165669059723,1.75,0.04486,53,13370623500125786445,160.0,P4
0.74724,0.74524,0.74642,50000,0.045,106.29907499398144,1.75,0.04552,54,13829067284714702518,160.0,P4
0.0,0.0,0.0,50000,0.045,0.8155680682730891,1.75,0.04296,55,10729693801395723007,160.0,P4
0.0,0.0,0.0,50000,0.045,1.0138921510877277,1.75,0.04566,56,17983074643835483729,160.0,P4
0.74736,0.7452,0.74386,50000,0.045,103.62761367545906,1.75,0.04352,57,8639521610627115899,160.0,P4
0.74892,0.74588,0.74344,50000,0.045,103.29239025457805,1.75,0.04562,58,6724649124109384159,160.0,P4
0.74656,0.74608,0.74184,50000,0.045,98.23929958084003,1.75,0.04448,59,12762279681671029155,160.0,P4
0.7464,0.75078,0.74458,50000,0.045,100.84968351507098,1.75,0.04456,60,14959742601549864421,160.0,P4
0.74372,0.73082,0.75286,50000,0.045,96.83965740950252,1.75,0.04508,61,3046736373829587862,160.0,P4
0.74604,0.74596,0.7461,50000,0.045,108.00470118062618,1.75,0.0446,62,14245855053559971525,160.0,P4
0.74962,0.74766,0.74694,50000,0.045,104.04941918941125,1.75,0.04566,63,13133282958570771480,160.0,P4
0.0,0.0,0.0,50000,0.045,0.9160872350717666,1.75,0.04568,64,17602970129663384160,160.0,P4
0.74716,0.74478,0.74556,50000,0.045,101.67454080870009,1.75,0.04536,65,5521361544029158777,160.0,P4
0.74368,0.74772,0.7502,50000,0.045,107.69834627856558,1.75,0.04552,66,7543646423124523062,160.0,P4
0.74872,0.7494,0.74324,50000,0.045,106.80496661354884,1.75,0.0447,67,16980921095386909064,160.0,P4
0.0,0.0,0.0,50000,0.045,0.7616638803709015,1.75,0.04628,68,589205535279921372,160.0,P4
0.0,0.0,0.0,50000,0.045,0.5384555216077433,1.75,0.04462,69,13794015048283528431,160.0,P4
0.74562,0.7468,0.74566,50000,0.045,105.85331989572848,1.75,0.04476,70,8786430371297686814,160.0,P4
0.74236,0.7073,0.74872,50000,0.045,96.08442140133256,1.75,0.04488,71,228440659078858141,160.0,P4
0.74252,0.7489,0.74852,50000,0.045,106.77731500790547,1.75,0.04324,72,2112401108567709237,160.0,P4
0.0,0.0,0.0,50000,0.045,0.886099954164112,1.75,0.04644,73,6889988628818083213,160.0,P4
0.75106,0.7451,0.74282,50000,0.045,109.89954422266966,1.75,0.04506,74,10975574768228726314,160.0,P4
0.74542,0.74492,0.74834,50000,0.045,110.6030432445215,1.75,0.04592,75,2008399826977373179,160.0,P4
0.74742,0.74448,0.74516,50000,0.045,104.8191390064676,1.75,0.04384,76,12753451570014544686,160.0,P4
0.74156,0.74242,0.7488,50000,0.045,100.72579935161951,1.75,0.04374,77,7505651898353449479,160.0,P4
0.7418,0.74796,0.74608,50000,0.045,107.92896892242545,1.75,0.04616,78,14562306628477940778,160.0,P4
0.75224,0.74804,0.7444,50000,0.045,106.62348953092497,1.75,0.04652,79,2330967370025995225,160.0,P4
0.74754,0.7467,0.74812,50000,0.045,107.41675116456862,1.75,0.04514,80,6740866381811085349,160.0,P4
0.74748,0.66912,0.7507,50000,0.045,94.97680108241241,1.75,0.04506,81,13526906145457816665,160.0,P4
0.74702,0.7463,0.74196,50000,0.045,104.7720362359271,1.75,0.0458,82,2593392523815572170,160.0,P4
0.0,0.00082,0.0,50000,0.045,1.538614634350127,1.75,0.04404,83,13909100416277087644,160.0,P4
0.7452,0.74862,0.74852,50000,0.045,107.80677981359011,1.75,0.0439,84,965396572083490406,160.0,P4
0.0,0.0,0.0,50000,0.045,0.6705020946908231,1.75,0.04566,85,6380723413766807375,160.0,P4
0.74208,0.74564,0.74632,50000,0.045,107.86303498136584,1.75,0.04452,86,6972161163988304807,160.0,P4
0.0,0.00028,0.0,50000,0.045,1.208707830610832,1.75,0.04386,87,153572438659931163,160.0,P4
0.7471,0.74932,0.74612,50000,0.045,105.60032227190193,1.75,0.04602,88,16477462992482334152,160.0,P4
0.75064,0.71906,0.74774,50000,0.045,96.52186946861794,1.75,0.04504,89,4373230878256394965,160.0,P4
0.7445,0.74802,0.74932,50000,0.045,105.44323016545529,1.75,0.04444,90,17223644814252676319,160.0,P4
0.74846,0.7497,0.74916,50000,0.045,107.83955102706122,1.75,0.04566,91,7297762522729368682,160.0,P4
0.74708,0.75128,0.74402,50000,0.045,106.09594875999332,1.75,0.04442,92,4583717353095019143,160.0,P4
0.0,0.0,0.0,50000,0.045,0.8696956070528437,1.75,0.04416,93,16068563463497491968,160.0,P4
0.75428,0.7442,0.74568,50000,0.045,103.7338662206971,1.75,0.04462,94,11571186179230760231,160.0,P4
0.74594,0.7455,0.7459,50000,0.045,105.57705609810972,1.75,0.04544,95,14698784986741218805,160.0,P4
0.0,0.0,0.0,50000,0.045,0.8081056078900862,1.75,0.04418,96,350113333298742141,160.0,P4
0.0,0.0,0.0,50000,0.045,0.7303352963839925,1.75,0.04416,97,6143644744370556723,160.0,P4
0.7429,0.74414,0.74934,50000,0.045,104.46048122239236,1.75,0.04514,98,214394571492140214,160.0,P4
0.7465,0.74538,0.74822,50000,0.045,103.72339827640316,1.75,0.04442,99,4921652319513107570,160.0,P4
0.74582,0.74802,0.74282,50000,0.052,109.85764126331529,1.75,0.05332,0,3721741951576621846,160.0,P4
0.74786,0.74804,0.7434,50000,0.052,110.75983823202057,1.75,0.05172,1,11345647610915049192,160.0,P4
0.74708,0.7496,0.7471,50000,0.052,110.13433386052333,1.75,0.05262,2,5102903726352836541,160.0,P4
0.74788,0.7471,0.75024,50000,0.052,109.59047527642792,1.75,0.05248,3,8234663661095598584,160.0,P4
0.74956,0.74606,0.7437,50000,0.052,111.71760943224174,1.75,0.05276,4,4075532431053715190,160.0,P4
0.74558,0.74734,0.7444,50000,0.052,110.08402308972126,1.75,0.0522,5,8052395466604202090,160.0,P4
0.74354,0.74418,0.74528,50000,0.052,110.31259776120227,1.75,0.0537,6,6469137797958371688,160.0,P4
0.74914,0.7501,0.74748,50000,0.052,105.29094209388651,1.75,0.05216,7,11272792300993883748,160.0,P4
0.74028,0.74342,0.74394,50000,0.052,110.34789600110608,1.75,0.05158,8,16587941847602722916,160.0,P4
0.74874,0.74648,0.75152,50000,0.052,111.40739829528866,1.75,0.05172,9,14942396799425857178,160.0,P4
0.74668,0.74904,0.74804,50000,0.052,111.62203105076826,1.75,0.05216,10,5844579818894688525,160.0,P4
0.74672,0.74672,0.74256,50000,0.052,109.427159097917,1.75,0.05248,11,5199171560145706547,160.0,P4
0.74992,0.7448,0.74966,50000,0.052,109.50562320805194,1.75,0.05086,12,10045465944108253543,160.0,P4
0.74674,0.74714,0.75058,50000,0.052,110.50924324498484,1.75,0.052,13,8036151611647598908,160.0,P4
0.74228,0.74866,0.74388,50000,0.052,110.49238330897742,1.75,0.0528,14,8275208345150270795,160.0,P4
0.74678,0.74592,0.74704,50000,0.052,110.23395532333774,1.75,0.052,15,14574914825347212950,160.0,P4
0.74984,0.74728,0.74972,50000,0.052,110.25825219669197,1.75,0.0526,16,9774647493783672433,160.0,P4
0.74544,0.74212,0.74728,50000,0.052,109.97430837322544,1.75,0.0533,17,13850906834150405090,160.0,P4
0.7501,0.7449,0.74774,50000,0.052,111.31361542304471,1.75,0.05176,18,12330510236304443516,160.0,P4
0.74534,0.7515,0.7493,50000,0.052,109.4048249821863,1.75,0.05356,19,11896180695609046673,160.0,P4
0.75,0.74526,0.74628,50000,0.052,110.07171780121953,1.75,0.0526,20,11018687666115346208,160.0,P4
0.74802,0.7415,0.74602,50000,0.052,107.8311765938752,1.75,0.05194,21,17492032875109168688,160.0,P4
0.74716,0.74596,0.75048,50000,0.052,109.79281270506365,1.75,0.0509,22,6775962784217620440,160.0,P4
0.74812,0.7445,0.7491,50000,0.052,111.10503778300432,1.75,0.0531,23,2485477361249363399,160.0,P4
0.74802,0.74702,0.74588,50000,0.052,109.24453554031287,1.75,0.05194,24,17272642313786145247,160.0,P4
0.74766,0.74408,0.75106,50000,0.052,106.66218033354016,1.75,0.05206,25,12325581097864531142,160.0,P4
0.7499,0.74598,0.7536,50000,0.052,109.77217926206164,1.75,0.05148,26,18169112910697596798,160.0,P4
0.7434,0.74664,0.7501,50000,0.052,108.44239379074331,1.75,0.05334,27,8853774188064482847,160.0,P4
0.74222,0.74594,0.7501,50000,0.052,107.00471868364123,1.75,0.05148,28,4564835666013136934,160.0,P4
0.7463,0.74954,0.74804,50000,0.052,110.39704233651463,1.75,0.05272,29,2532986189665902059,160.0,P4
0.74404,0.74546,0.74746,50000,0.052,110.39014033654368,1.75,0.05074,30,14540232182861648220,160.0,P4
0.75172,0.74054,0.74564,50000,0.052,108.60661999047419,1.75,0.05196,31,764396194881428187,160.0,P4
0.7506,0.74434,0.7494,50000,0.052,108.62213104406464,1.75,0.05226,32,15188516071930989329,160.0,P4
0.7479,0.74004,0.74982,50000,0.052,110.25500106526613,1.75,0.05244,33,10106677585246377505,160.0,P4
0.74252,0.74964,0.74432,50000,0.052,112.23379781650253,1.75,0.05318,34,9543660883540934122,160.0,P4
0.74508,0.7473,0.7511,50000,0.052,108.94079388111513,1.75,0.05012,35,3704745725624227503,160.0,P4
0.748,0.747,0.74776,50000,0.052,109.26912246009512,1.75,0.05204,36,3396040947021233042,160.0,P4
0.74636,0.74606,0.7445,50000,0.052,109.23756343564216,1.75,0.05148,37,6596033175885424486,160.0,P4
0.75056,0.74322,0.74394,50000,0.052,111.25612522315215,1.75,0.05354,38,7889707146135020904,160.0,P4
0.0,0.0,0.0,50000,0.052,0.9816931972587178,1.75,0.05084,39,17408682873167581828,160.0,P4
0.74886,0.75038,0.74772,50000,0.052,110.42036438174569,1.75,0.05236,40,16815433200173664695,160.0,P4
0.74824,0.74512,0.74632,50000,0.052,110.33252455355719,1.75,0.05394,41,2643154026838794246,160.0,P4
0.74762,0.7454,0.74868,50000,0.052,109.55443070138925,1.75,0.0507,42,11217591140988179835,160.0,P4
0.74842,0.74698,0.74772,50000,0.052,106.91923579429073,1.75,0.05234,43,2224661114271235347,160.0,P4
0.74534,0.75018,0.74708,50000,0.052,110.52498954193844,1.75,0.05322,44,7147401434499308264,160.0,P4
0.74744,0.74936,0.74766,50000,0.052,110.42673507736255,1.75,0.05182,45,17456297413564898838,160.0,P4
0.74916,0.74688,0.74612,50000,0.052,109.37983559494991,1.75,0.05132,46,10017864001615692045,160.0,P4
0.74956,0.74468,0.7442,50000,0.052,111.24805248791033,1.75,0.0507,47,47840605536167683,160.0,P4
0.7465,0.748,0.74814,50000,0.052,108.62246983181674,1.75,0.05106,48,1316078430972571598,160.0,P4
0.7473,0.74734,0.7461,50000,0.052,111.10051327466499,1.75,0.05216,49,15033694904631880160,160.0,P4
0.74762,0.74658,0.74568,50000,0.052,109.43432582074456,1.75,0.05334,50,18393278516243731905,160.0,P4
0.74568,0.74732,0.74778,50000,0.052,109.87639428844838,1.75,0.05238,51,2663514522689657284,160.0,P4
0.7427,0.74722,0.74492,50000,0.052,107.38119219065415,1.75,0.05142,52,8407872201670379041,160.0,P4
0.74442,0.75018,0.74676,50000,0.052,105.72871042081157,1.75,0.05108,53,5361143209873787895,160.0,P4
0.74966,0.74772,0.74718,50000,0.052,110.40776251975254,1.75,0.05306,54,11517654266227286961,160.0,P4
0.74578,0.74606,0.74442,50000,0.052,109.99959615349438,1.75,0.05186,55,9757523099400602102,160.0,P4
0.74842,0.74586,0.74482,50000,0.052,109.20294225784443,1.75,0.05286,56,5628292281503028512,160.0,P4
0.75206,0.7405,0.7516,50000,0.052,110.58821094118458,1.75,0.05176,57,13573416713371978595,160.0,P4
0.74586,0.7494,0.74624,50000,0.052,108.06414439490777,1.75,0.0492,58,10750965138224071766,160.0,P4
0.74566,0.74502,0.74544,50000,0.052,110.25082140620279,1.75,0.05284,59,8716498104416046784,160.0,P4
0.74558,0.74868,0.74752,50000,0.052,109.58726980725861,1.75,0.05232,60,17156143011559295163,160.0,P4
0.7425,0.75032,0.74686,50000,0.052,109.4089891650176,1.75,0.0525,61,17991859186368945334,160.0,P4
0.74762,0.74712,0.74564,50000,0.052,110.93589633386074,1.75,0.05226,62,8504918233040136598,160.0,P4
0.7505,0.75048,0.7438,50000,0.052,110.34858730617624,1.75,0.0517,63,13286461460935070921,160.0,P4
0.74636,0.74902,0.74806,50000,0.052,106.15155799535789,1.75,0.04934,64,14368305134162058831,160.0,P4
0.7469,0.7518,0.74626,50000,0.052,109.63368545794854,1.75,0.05254,65,1702187194359723050,160.0,P4
0.74652,0.74374,0.75184,50000,0.052,109.08971546358751,1.75,0.0515,66,727402799197924832,160.0,P4
0.74582,0.74782,0.74564,50000,0.052,108.99338574776645,1.75,0.05332,67,10506708368287662007,160.0,P4
0.75296,0.75,0.74682,50000,0.052,107.7998816923417,1.75,0.05026,68,17155711504908147996,160.0,P4
0.74798,0.74626,0.74464,50000,0.052,111.2904902549324,1.75,0.05328,69,709672523554635487,160.0,P4
0.74548,0.74622,0.74542,50000,0.052,110.10169470369702,1.75,0.05156,70,9209382968121979987,160.0,P4
0.7456,0.74778,0.75036,50000,0.052,108.95406739789509,1.75,0.05078,71,7047596014846642562,160.0,P4
0.74282,0.73082,0.7473,50000,0.052,96.71097215965624,1.75,0.0525,72,18437228984782598767,160.0,P4
0.74766,0.75302,0.74364,50000,0.052,110.16446934700987,1.75,0.0544,73,15689034081788418088,160.0,P4
0.74412,0.74904,0.74474,50000,0.052,110.7254807956391,1.75,0.0522,74,1322841877861164771,160.0,P4
0.74678,0.74498,0.75098,50000,0.052,110.13142572700096,1.75,0.05344,75,5895820516969596968,160.0,P4
0.74828,0.74442,0.74192,50000,0.052,109.85793830920488,1.75,0.05206,76,16995194452375075813,160.0,P4
0.75132,0.74668,0.74704,50000,0.052,105.10697163725423,1.75,0.0508,77,5878350573821014835,160.0,P4
0.7445,0.74696,0.74884,50000,0.052,109.40104665956486,1.75,0.0513,78,10598728479283350487,160.0,P4
0.74806,0.74848,0.742,50000,0.052,110.68028715397479,1.75,0.05148,79,11659789539092026631,160.0,P4
0.74944,0.7472,0.74826,50000,0.052,111.48090495322047,1.75,0.05268,80,15535533177144583298,160.0,P4
0.7515,0.7497,0.74532,50000,0.052,108.76303361856267,1.75,0.05186,81,3598598627000447847,160.0,P4
0.74868,0.74666,0.75176,50000,0.052,108.45038157756953,1.75,0.052,82,1674175674941153115,160.0,P4
0.74568,0.7479,0.74868,50000,0.052,103.71261250538281,1.75,0.05142,83,8809588553445868449,160.0,P4
0.74696,0.74592,0.74392,50000,0.052,108.41637897141148,1.75,0.05436,84,3410512358653655390,160.0,P4
0.7448,0.74916,0.74298,50000,0.052,107.23498251999072,1.75,0.05142,85,3352944836903058792,160.0,P4
0.75582,0.74962,0.75258,50000,0.052,111.1702090533003,1.75,0.05322,86,17302462252898773533,160.0,P4
0.74874,0.7491,0.74858,50000,0.052,110.40771054318552,1.75,0.0525,87,13979885712641663056,160.0,P4
0.74844,0.74826,0.74724,50000,0.052,109.5176300599163,1.75,0.05352,88,9173198001509959293,160.0,P4
0.75004,0.74164,0.74708,50000,0.052,109.00025841469221,1.75,0.05114,89,3533746967202988702,160.0,P4
0.73952,0.74892,0.74374,50000,0.052,110.10550264759196,1.75,0.05234,90,7942957008971318165,160.0,P4
0.74856,0.74628,0.75222,50000,0.052,111.08286762692371,1.75,0.05232,91,15358378628084977407,160.0,P4
0.7431,0.75092,0.74758,50000,0.052,111.04502268817171,1.75,0.05086,92,17982634261729955942,160.0,P4
0.74788,0.74634,0.74658,50000,0.052,110.08404857587531,1.75,0.05284,93,4612095200906709595,160.0,P4
0.74498,0.74984,0.7476,50000,0.052,109.42633259125431,1.75,0.05112,94,2984083242094786640,160.0,P4
0.74964,0.74924,0.74646,50000,0.052,109.96610478219105,1.75,0.05186,95,9170616460077896343,160.0,P4
0.7483,0.74692,0.74192,50000,0.052,109.467879887242,1.75,0.05108,96,12403108272158533262,160.0,P4
0.74806,0.74614,0.74506,50000,0.052,110.0536469645298,1.75,0.05346,97,15723479950300082132,160.0,P4
0.74586,0.74644,0.75136,50000,0.052,109.894070247219,1.75,0.05176,98,13203748993575665514,160.0,P4
0.74664,0.75056,0.7476,50000,0.052,110.69257640614984,1.75,0.05116,99,6760622720406273169,160.0,P4
0.0,0.0,0.0,50000,0.005,0.049392123774284744,1.9,0.00478,0,7224619681740926413,160.0,P4
0.0,0.0,0.0,50000,0.005,0.15237435661347673,1.9,0.00492,1,16842188903684839196,160.0,P4
0.0,0.0,0.0,50000,0.005,0.1230159040471411,1.9,0.00512,2,16704935551034488209,160.0,P4
0.0,0.00754,0.00516,50000,0.005,0.716401950474529,1.9,0.005,3,16743663318926540783,160.0,P4
0.0,0.0,0.0,50000,0.005,0.1660484944638151,1.9,0.00508,4,6381617921746298088,160.0,P4
0.0,0.00214,0.0,50000,0.005,0.4444133154133744,1.9,0.0049,5,14583451308072592354,160.0,P4
0.0,0.0,0.0,50000,0.005,0.09376332088037462,1.9,0.00454,6,16727538439993034361,160.0,P4
0.0,0.0,0.0,50000,0.005,0.1748250921702906,1.9,0.00518,7,10576706647340192225,160.0,P4
0.0,0.0,0.0,50000,0.005,0.17814480855723636,1.9,0.00466,8,11900732191087311414,160.0,P4
0.8107,0.66236,0.80928,50000,0.005,100.27595063529553,1.9,0.00484,9,9218531131703404485,160.0,P4
0.0,0.0,0.0,50000,0.005,0.09915107097501313,1.9,0.00562,10,15808814646346063732,160.0,P4
0.0,0.00084,0.0,50000,0.005,0.15688464538061825,1.9,0.00544,11,6104963146100850359,160.0,P4
0.0,0.00338,0.0,50000,0.005,0.36120121829153745,1.9,0.0056,12,8049119519899428906,160.0,P4
0.0,0.0,0.0,50000,0.005,0.12996055265228568,1.9,0.00514,13,16373046261378075939,160.0,P4
0.0,0.00034,0.0,50000,0.005,0.2680470125001417,1.9,0.00458,14,6234451675563326853,160.0,P4
0.0,0.0,0.0,50000,0.005,0.08031165412910804,1.9,0.00458,15,16693704074963877575,160.0,P4
0.0,0.0,0.0,50000,0.005,0.20172758305836314,1.9,0.00456,16,191285898971872754,160.0,P4
0.0,0.0,0.0,50000,0.005,0.1052470181372534,1.9,0.00502,17,6716970471285522658,160.0,P4
0.0,0.0,0.0,50000,0.005,0.14337232486784865,1.9,0.00524,18,3677727013142758810,160.0,P4
0.81338,0.0152,0.817,50000,0.005,78.98912382378448,1.9,0.00508,19,10286773614765610325,160.0,P4
0.0,0.0,0.0,50000,0.005,0.13818486306625832,1.9,0.00488,20,67976328458414383,160.0,P4
0.0,0.0,0.0,50000,0.005,0.08763503793432915,1.9,0.00466,21,7444215993224207528,160.0,P4
0.0,0.00054,0.0,50000,0.005,0.14246372650713596,1.9,0.00434,22,3053336322142529927,160.0,P4
0.0,0.00698,0.0,50000,0.005,0.3818620421555038,1.9,0.00476,23,9965128747435618378,160.0,P4
0.0,0.0,0.0,50000,0.005,0.13208288418262312,1.9,0.0051,24,11257399541177196714,160.0,P4
0.0,0.0,0.0,50000,0.005,0.10132096841760561,1.9,0.00506,25,10734142337671016031,160.0,P4
0.0,0.0,0.0,50000,0.005,0.10097968414211471,1.9,0.00468,26,4040884259433331115,160.0,P4
0.81532,0.01442,0.81294,50000,0.005,77.49331808055862,1.9,0.00522,27,12386986051201642135,160.0,P4
0.0,0.0,0.0,50000,0.005,0.18856868714105204,1.9,0.00532,28,8769225793411247297,160.0,P4
0.0,0.0,0.0,50000,0.005,0.1096621815060248,1.9,0.00452,29,3987056104250218679,160.0,P4
0.0,0.0,0.0,50000,0.005,0.19791193914780097,1.9,0.00476,30,5179655924570155845,160.0,P4
0.0,0.00386,0.0,50000,0.005,0.32320879596983865,1.9,0.00492,31,8502380928778179672,160.0,P4
0.0,0.00442,0.0,50000,0.005,0.38069927535966913,1.9,0.00478,32,8950976607208952422,160.0,P4
0.0,0.0,0.0,50000,0.005,0.11937331481432999,1.9,0.0047,33,10713555148759564236,160.0,P4
0.0,0.00082,0.0,50000,0.005,0.2594961320155895,1.9,0.00508,34,10172611201999187870,160.0,P4
0.0,0.0011,0.0,50000,0.005,0.26105426102883317,1.9,0.0049,35,6418134093675263672,160.0,P4
0.0,0.00068,0.0,50000,0.005,0.2821387168606862,1.9,0.00498,36,11438126337650002817,160.0,P4
0.0,0.00014,0.0,50000,0.005,0.08532951859583965,1.9,0.00488,37,13919403801080913599,160.0,P4
0.0,0.00294,0.0,50000,0.005,0.31087654633096273,1.9,0.00512,38,8457489043177063831,160.0,P4
0.0,0.0022,0.00032,50000,0.005,0.3061116262879985,1.9,0.0051,39,9945296845152237060,160.0,P4
0.0,0.0023,0.0,50000,0.005,0.2558269464458293,1.9,0.0045,40,16919377019970135208,160.0,P4
0.0,6e-05,0.0,50000,0.005,0.10595351060983856,1.9,0.00496,41,13717262755554244439,160.0,P4
0.81408,0.01326,0.81234,50000,0.005,81.30248945273298,1.9,0.00508,42,1083243237298224529,160.0,P4
0.0,0.00134,0.0,50000,0.005,0.17689864223267304,1.9,0.00536,43,18108678326676988242,160.0,P4
0.0,0.00464,0.0,50000,0.005,0.2982197105082025,1.9,0.00538,44,9682356845962537238,160.0,P4
0.0,0.00166,0.0,50000,0.005,0.12887313444892795,1.9,0.00506,45,6976901811288499330,160.0,P4
0.0,0.0003,0.0,50000,0.005,0.14924054371382559,1.9,0.0047,46,4654508842582764916,160.0,P4
0.0,0.00148,0.0,50000,0.005,0.26702447395765433,1.9,0.00486,47,4860866468194068601,160.0,P4
0.0,0.0,0.0,50000,0.005,0.08691959168013211,1.9,0.0049,48,15446199867567734224,160.0,P4
0.0,0.00026,0.0,50000,0.005,0.13467415871108512,1.9,0.00464,49,17129834293933989111,160.0,P4
0.0,0.0,0.0,50000,0.005,0.0777669816812797,1.9,0.00516,50,14222623989206123325,160.0,P4
0.0,0.0,0.0,50000,0.005,0.059946911475311254,1.9,0.00456,51,13996337684987018009,160.0,P4
0.0,0.00054,0.0,50000,0.005,0.1406223939649409,1.9,0.00464,52,6793598401137305721,160.0,P4
0.0,0.0,0.0,50000,0.005,0.24024932937913943,1.9,0.00446,53,14866077315395191834,160.0,P4
0.0,0.0,0.0,50000,0.005,0.055812041871271575,1.9,0.00476,54,8099769007350932197,160.0,P4
0.0,0.0,0.0,50000,0.005,0.09424594189152526,1.9,0.00484,55,11311068793808621197,160.0,P4
0.0,0.00318,0.0,50000,0.005,0.2937655471529556,1.9,0.005,56,6235979152566326895,160.0,P4
0.0,0.0,0.0,50000,0.005,0.05206205418564247,1.9,0.00452,57,18007679342469421175,160.0,P4
0.0,0.00504,0.0,50000,0.005,0.4413601735713837,1.9,0.00456,58,4153740745970202194,160.0,P4
0.0,4e-05,0.0,50000,0.005,0.11368945689029598,1.9,0.00528,59,9031251251352769563,160.0,P4
0.0,0.00078,0.0,50000,0.005,0.21689147995611183,1.9,0.00496,60,15788883036126624632,160.0,P4
0.0,0.0012,0.0,50000,0.005,0.21419658731892985,1.9,0.00424,61,3402190995835251505,160.0,P4
0.0,0.0,0.0,50000,0.005,0.039426106557605305,1.9,0.00442,62,4307277470384824697,160.0,P4
0.0,0.0,0.0,50000,0.005,0.14563005273995835,1.9,0.00488,63,5218482127194453964,160.0,P4
0.0,0.00066,0.0,50000,0.005,0.21432811196228121,1.9,0.00548,64,15303379627006492047,160.0,P4
0.8151,0.59018,0.81718,50000,0.005,99.63092263344178,1.9,0.00484,65,4079727241494186303,160.0,P4
0.0,0.0,0.0,50000,0.005,0.06451843034220256,1.9,0.00498,66,8317766586949292732,160.0,P4
0.0,0.00054,0.0,50000,0.005,0.14981051870853612,1.9,0.00456,67,14130560265238980360,160.0,P4
0.0,0.0,0.0,50000,0.005,0.08636692729018455,1.9,0.00484,68,6008080071184156474,160.0,P4
0.0,0.00106,0.0,50000,0.005,0.2566176597710979,1.9,0.00494,69,479296373485539052,160.0,P4
0.0,0.00966,0.0,50000,0.005,0.534452763275559,1.9,0.00578,70,11776501366904642397,160.0,P4
0.0,0.0,0.0,50000,0.005,0.07881823523605797,1.9,0.00466,71,1274149731800287451,160.0,P4
0.81348,0.81452,0.81134,50000,0.005,107.13826538247237,1.9,0.00538,72,25504751369814089,160.0,P4
0.0,0.0,0.0,50000,0.005,0.21635395422309808,1.9,0.005,73,12737913136123077805,160.0,P4
0.0,0.00218,0.0,50000,0.005,0.33682610094976845,1.9,0.00498,74,10306678241077565249,160.0,P4
0.0,0.0038,0.0,50000,0.005,0.31359627289285746,1.9,0.00484,75,13195941088516845712,160.0,P4
0.0,0.0,0.0,50000,0.005,0.1558972470741804,1.9,0.00532,76,6709334446274677516,160.0,P4
0.0,0.0,0.0,50000,0.005,0.11572319496202216,1.9,0.00556,77,10475677763017043423,160.0,P4
0.0,0.0008,0.0,50000,0.005,0.09501420845996521,1.9,0.00514,78,7773000458509835742,160.0,P4
0.0,0.0,0.0,50000,0.005,0.03981935156418193,1.9,0.00456,79,13337752503004918781,160.0,P4
0.0,0.0,0.0,50000,0.005,0.1212155596328378,1.9,0.005,80,1938020729659194546,160.0,P4
0.0,0.0,0.0,50000,0.005,0.09208996323027632,1.9,0.00488,81,11990924050914947656,160.0,P4
0.0,0.00016,0.0,50000,0.005,0.16544953783609803,1.9,0.00494,82,80395289018892258,160.0,P4
0.0,0.0,0.0,50000,0.005,0.07694522258649428,1.9,0.00472,83,146101841982100116,160.0,P4
0.81312,0.05022,0.81968,50000,0.005,92.5638445621322,1.9,0.00462,84,17283781433502695627,160.0,P4
0.0,8e-05,0.0,50000,0.005,0.11117711521135068,1.9,0.00464,85,15603713574348388472,160.0,P4
0.0,0.00106,0.0,50000,0.005,0.2531248359936396,1.9,0.00482,86,11072093385163123104,160.0,P4
0.0,0.0,0.0,50000,0.005,0.10739598558997279,1.9,0.00524,87,13465177729139456559,160.0,P4
0.0,0.0,0.0,50000,0.005,0.11477278398605889,1.9,0.005,88,15926979595817021633,160.0,P4
0.0,0.00162,0.0,50000,0.005,0.3144728668851969,1.9,0.00512,89,2940937589665528857,160.0,P4
0.0,0.0,0.0,50000,0.005,0.03806122948421733,1.9,0.0043,90,15935687494994080942,160.0,P4
0.0,0.00172,0.0,50000,0.005,0.3567161419404236,1.9,0.00512,91,2614721831146178910,160.0,P4
0.0,0.0,0.0,50000,0.005,0.0963127752482766,1.9,0.00552,92,17587950751230184187,160.0,P4
0.81422,0.0181,0.81206,50000,0.005,85.80416662523457,1.9,0.00458,93,6186388821634027116,160.0,P4
0.0,0.0,0.0,50000,0.005,0.06738915841648431,1.9,0.0045,94,15807938790044283340,160.0,P4
0.0,0.00106,0.0,50000,0.005,0.17196964689966945,1.9,0.00494,95,6082180211683963872,160.0,P4
0.0,0.0,0.0,50000,0.005,0.12109992553134061,1.9,0.00486,96,716142611731869083,160.0,P4
0.0,0.0,0.0,50000,0.005,0.14713568814738492,1.9,0.005,97,589220161266452528,160.0,P4
0.0,0.0,0.0,50000,0.005,0.15946606852349238,1.9,0.0051,98,6151178742508410673,160.0,P4
0.0,0.0,0.0,50000,0.005,0.1518512979801696,1.9,0.00454,99,8311380256927199095,160.0,P4
0.0,0.00468,0.0,50000,0.0065,0.3904369608716807,1.9,0.00644,0,17294083695579980983,160.0,P4
0.8179,0.81114,0.8148,50000,0.0065,106.14913478741131,1.9,0.00654,1,13410837663487684100,160.0,P4
0.0,0.0,0.0,50000,0.0065,0.17345526873748499,1.9,0.00674,2,42521616726167816,160.0,P4
0.0,0.0,0.0,50000,0.0065,0.16496896740336,1.9,0.00632,3,13049387951560573373,160.0,P4
0.0,0.0,0.0,50000,0.0065,0.10231710820938,1.9,0.00652,4,16121808700272219956,160.0,P4
0.0,0.0,0.0,50000,0.0065,0.2107744148907081,1.9,0.00686,5,4863385548132997926,160.0,P4
0.0,0.00502,0.0,50000,0.0065,0.3798010481831466,1.9,0.00614,6,4948891969383667320,160.0,P4
0.80788,0.70316,0.81296,50000,0.0065,100.59828842832131,1.9,0.00686,7,3116780425999440432,160.0,P4
0.0,0.0,0.0,50000,0.0065,0.29348590831313603,1.9,0.0067,8,113506758401544625,160.0,P4
0.0,0.0079,0.0,50000,0.0065,0.3371447454698059,1.9,0.00644,9,9689976248895327379,160.0,P4
0.815,0.811,0.81464,50000,0.0065,109.95607023963758,1.9,0.0057,10,8031382831883687145,160.0,P4
0.81208,0.10242,0.8113,50000,0.0065,95.20296339892757,1.9,0.00712,11,668472817792184679,160.0,P4
0.8094,0.48828,0.81524,50000,0.0065,99.0300799125426,1.9,0.00648,12,14321148019019634357,160.0,P4
0.0,0.0,0.0,50000,0.0065,0.12599959738256788,1.9,0.00636,13,17905915546139503401,160.0,P4
0.0,0.00018,0.0,50000,0.0065,0.24025520471609646,1.9,0.00606,14,8720562084660319275,160.0,P4
0.0,0.00282,0.0,50000,0.0065,0.19634319620006138,1.9,0.00602,15,4199161783318514180,160.0,P4
0.0,0.00422,0.00042,50000,0.0065,0.36748306492226346,1.9,0.0059,16,9911296360262641513,160.0,P4
0.0,0.00822,0.0,50000,0.0065,0.4444517129131039,1.9,0.0064,17,1524675677096981544,160.0,P4
0.0,0.0,0.0,50000,0.0065,0.1021506371479551,1.9,0.0063,18,8332008204231768089,160.0,P4
0.81506,0.23684,0.81094,50000,0.0065,97.20399621809905,1.9,0.00682,19,12690954043365648830,160.0,P4
0.81706,0.01072,0.02968,50000,0.0065,57.474019650824864,1.9,0.00688,20,14648585911557179410,160.0,P4
0.0,0.0,0.0,50000,0.0065,0.16457119943220874,1.9,0.0065,21,6710982034877327390,160.0,P4
0.80846,0.81058,0.81498,50000,0.0065,109.68676502170082,1.9,0.0066,22,4980964528712719643,160.0,P4
0.81594,0.81558,0.8145,50000,0.0065,105.61872970734841,1.9,0.00616,23,12585665273431667992,160.0,P4
0.81522,0.05126,0.81328,50000,0.0065,92.79365680386044,1.9,0.00642,24,9090502049246512329,160.0,P4
0.81232,0.01386,0.30898,50000,0.0065,65.71015735392083,1.9,0.00704,25,7958170137026440606,160.0,P4
0.80918,0.81774,0.81124,50000,0.0065,112.83988102688713,1.9,0.00678,26,6345249545530720434,160.0,P4
0.0,0.00608,0.0,50000,0.0065,0.2959500461226178,1.9,0.0063,27,9064390591340314862,160.0,P4
0.81374,0.80924,0.8141,50000,0.0065,106.95199293712497,1.9,0.00632,28,1962350676735059711,160.0,P4
0.0,0.0,0.0,50000,0.0065,0.1327500623864929,1.9,0.0068,29,63754863211761923,160.0,P4
0.0,0.00066,0.0,50000,0.0065,0.17942228499369361,1.9,0.0065,30,2039673001633632768,160.0,P4
0.0,0.00066,0.0,50000,0.0065,0.21326995245467664,1.9,0.00598,31,14714079489985785083,160.0,P4
0.81048,0.0617,0.81338,50000,0.0065,93.4801791806647,1.9,0.0062,32,2949495383575443355,160.0,P4
0.81606,0.78906,0.81048,50000,0.0065,102.38761339555198,1.9,0.0065,33,12808177658686297210,160.0,P4
0.81004,0.81552,0.81216,50000,0.0065,110.43552520685161,1.9,0.00636,34,11335991436723414709,160.0,P4
0.81126,0.81058,0.81346,50000,0.0065,110.0123484361651,1.9,0.00686,35,9528932534625002332,160.0,P4
0.0,0.0045,0.00034,50000,0.0065,0.41721775048925913,1.9,0.00622,36,11855014126869053027,160.0,P4
0.0,0.00446,0.00084,50000,0.0065,0.5402655490318815,1.9,0.00654,37,230010353765316448,160.0,P4
0.0,0.0,0.0,50000,0.0065,0.11884872510113102,1.9,0.00618,38,10730943019063412198,160.0,P4
0.81156,0.10002,0.8125,50000,0.0065,95.40586979918014,1.9,0.00668,39,17583806004158375552,160.0,P4
0.0,0.00102,0.0,50000,0.0065,0.17767983904677462,1.9,0.00688,40,2605546829342020956,160.0,P4
0.0,0.00024,0.0,50000,0.0065,0.18673646588347015,1.9,0.0061,41,10847631510828413259,160.0,P4
0.0,0.0,0.0,50000,0.0065,0.09203994972316325,1.9,0.0063,42,2550620573494201699,160.0,P4
0.814,0.03248,0.811,50000,0.0065,90.03277570356038,1.9,0.00664,43,453708745859915728,160.0,P4
0.81508,0.78814,0.81196,50000,0.0065,102.27446886442408,1.9,0.00628,44,13893444280246507831,160.0,P4
0.0,0.0,0.0,50000,0.0065,0.14372809789651864,1.9,0.00712,45,70539004885829513,160.0,P4
0.81264,0.09458,0.81548,50000,0.0065,95.14332442452982,1.9,0.00694,46,16751232506215934949,160.0,P4
0.0,0.00016,0.0,50000,0.0065,0.16142104467738075,1.9,0.0064,47,3664517334041112110,160.0,P4
0.0,0.0,0.0,50000,0.0065,0.16865256354970104,1.9,0.00696,48,2659771561273663923,160.0,P4
0.0,8e-05,0.0,50000,0.0065,0.28686720090009166,1.9,0.00716,49,100968725718432645,160.0,P4
0.0,0.0,0.0,50000,0.0065,0.12743571651884497,1.9,0.00648,50,11968495423356084905,160.0,P4
0.0,0.0,0.0,50000,0.0065,0.15382709541444745,1.9,0.00638,51,1487610899432346398,160.0,P4
0.0,0.0,0.0,50000,0.0065,0.1585436631314375,1.9,0.0062,52,7835676318982640163,160.0,P4
0.0,0.00032,0.0,50000,0.0065,0.2090482070648837,1.9,0.00634,53,15799177859984466573,160.0,P4
0.0,0.00314,0.0006,50000,0.0065,0.3639627452316024,1.9,0.00576,54,10854913177387555846,160.0,P4
0.0,0.0,0.0,50000,0.0065,0.10368325512965096,1.9,0.00642,55,12912549925536694078,160.0,P4
0.0,0.0049,0.00408,50000,0.0065,0.7370629030320026,1.9,0.00636,56,5900908215043447452,160.0,P4
0.81396,0.7664,0.8105,50000,0.0065,101.58442085814065,1.9,0.00686,57,10808431270588030662,160.0,P4
0.81358,0.01912,0.81478,50000,0.0065,73.98134519139968,1.9,0.00672,58,13108961981465872418,160.0,P4
0.81498,0.81138,0.8125,50000,0.0065,110.27587130544549,1.9,0.0068,59,8854292048765571259,160.0,P4
0.8144,0.02418,0.8136,50000,0.0065,88.46899878125751,1.9,0.0064,60,13541799765731937790,160.0,P4
0.81472,0.7426,0.81276,50000,0.0065,101.14094014633021,1.9,0.00686,61,11291994735189474149,160.0,P4
0.81634,0.36572,0.81372,50000,0.0065,98.26771711493765,1.9,0.00618,62,5605101906680747900,160.0,P4
0.8128,0.81282,0.81366,50000,0.0065,106.62864377034234,1.9,0.00634,63,15736245669831724876,160.0,P4
0.81144,0.81058,0.81168,50000,0.0065,113.61221797159864,1.9,0.00674,64,11925371239113472823,160.0,P4
0.8155,0.81308,0.81252,50000,0.0065,105.42503782960068,1.9,0.00718,65,2774039748544492572,160.0,P4
0.0,0.0192,0.00668,50000,0.0065,0.9916731422472005,1.9,0.00672,66,13925145353978240077,160.0,P4
0.0,0.0,0.0,50000,0.0065,0.16081888722588894,1.9,0.0063,67,14052937390020175975,160.0,P4
0.0,0.00056,0.0,50000,0.0065,0.22611293748889394,1.9,0.00668,68,3192870604831298755,160.0,P4
0.0,0.0019,0.0,50000,0.0065,0.32728021783055605,1.9,0.00638,69,6337875170022164350,160.0,P4
0.81802,0.01398,0.78204,50000,0.0065,70.05885512367331,1.9,0.0075,70,8452425949682172877,160.0,P4
0.0,0.00032,0.0,50000,0.0065,0.19650849997603065,1.9,0.00606,71,4146305367918417296,160.0,P4
0.0,0.0,0.0,50000,0.0065,0.11392818053722638,1.9,0.00616,72,8490408233704160469,160.0,P4
0.0,0.0,0.0,50000,0.0065,0.14626954715791532,1.9,0.00668,73,2926558583520215810,160.0,P4
0.0,0.0008,0.0,50000,0.0065,0.18421090192832842,1.9,0.00646,74,8726116801373465499,160.0,P4
0.0,0.0,0.0,50000,0.0065,0.13794233303394998,1.9,0.00664,75,8443143347423745443,160.0,P4
0.0,0.0,0.0,50000,0.0065,0.2003017173189824,1.9,0.00666,76,1980572309995446857,160.0,P4
0.81324,0.8139,0.81294,50000,0.0065,109.99956371799365,1.9,0.00638,77,6211415387233336818,160.0,P4
0.81532,0.02378,0.81364,50000,0.0065,87.521272912799,1.9,0.00714,78,17928029110375466176,160.0,P4
0.81296,0.02298,0.81344,50000,0.0065,85.84946226402789,1.9,0.00572,79,12447650632293657807,160.0,P4
0.0,0.00188,0.0,50000,0.0065,0.35393132070748007,1.9,0.00728,80,8056752858720663238,160.0,P4
0.0,0.00442,0.0,50000,0.0065,0.4043951430540213,1.9,0.00684,81,18441470952752253455,160.0,P4
0.0,0.00642,0.0,50000,0.0065,0.4444941222082179,1.9,0.00616,82,16483830853102592595,160.0,P4
0.81162,0.80422,0.81846,50000,0.0065,103.46449873014336,1.9,0.00652,83,4729912377284344842,160.0,P4
0.0,0.00038,0.0,50000,0.0065,0.2141407604069847,1.9,0.00614,84,2387800650176728629,160.0,P4
0.81218,0.49068,0.81744,50000,0.0065,99.00896272224352,1.9,0.00686,85,13745847427474188019,160.0,P4
0.0,0.0,0.0,50000,0.0065,0.13184662982818743,1.9,0.00634,86,934376666493159615,160.0,P4
0.81324,0.81108,0.81298,50000,0.0065,107.02158784012117,1.9,0.00652,87,13089095939855841656,160.0,P4
0.0,0.00524,4e-05,50000,0.0065,0.42197417449935937,1.9,0.00654,88,9651765028246146321,160.0,P4
0.0,0.0003,0.0,50000,0.0065,0.17738420897785062,1.9,0.00666,89,14053272689439777990,160.0,P4
0.0,0.00598,0.00028,50000,0.0065,0.5702520749209286,1.9,0.00672,90,3985515604062798937,160.0,P4
0.81188,0.81186,0.81352,50000,0.0065,105.28464015429073,1.9,0.0065,91,15127187760484929253,160.0,P4
0.0,0.0,0.0,50000,0.0065,0.17471318111584103,1.9,0.0063,92,3729293957082847290,160.0,P4
0.81244,0.48104,0.81248,50000,0.0065,99.01881313082721,1.9,0.00634,93,1832707573156182479,160.0,P4
0.81548,0.12584,0.81376,50000,0.0065,95.85871480372487,1.9,0.00674,94,1686998406167856338,160.0,P4
0.81014,0.02142,0.81746,50000,0.0065,88.55742041058168,1.9,0.00646,95,11511552956558566272,160.0,P4
0.0,0.00176,0.0,50000,0.0065,0.25550368375302124,1.9,0.00626,96,16302068865267421539,160.0,P4
0.81678,0.80932,0.8169,50000,0.0065,110.89392651790905,1.9,0.00694,97,5179580254941871507,160.0,P4
0.0,0.0,0.0,50000,0.0065,0.15133381541686072,1.9,0.0068,98,14560184855885678319,160.0,P4
0.0,0.00276,0.0,50000,0.0065,0.212568124399092,1.9,0.00596,99,676855737782146197,160.0,P4
0.0,0.0009,0.0,50000,0.0075,0.28605453440827094,1.9,0.00774,0,7243483617534389496,160.0,P4
0.0,0.0,0.0,50000,0.0075,0.08311395653962407,1.9,0.00792,1,11965240501129686168,160.0,P4
0.0,0.0,0.0,50000,0.0075,0.1587412510687776,1.9,0.00762,2,12635873458985731611,160.0,P4
0.81708,0.81368,0.81322,50000,0.0075,106.8632080312072,1.9,0.00742,3,2699661084228820812,160.0,P4
0.0,0.00686,0.0,50000,0.0075,0.41437947614987575,1.9,0.00792,4,4664777210658360882,160.0,P4
0.0,0.00162,0.0,50000,0.0075,0.2745742056879923,1.9,0.00776,5,1300276743464137514,160.0,P4
0.81404,0.81142,0.81456,50000,0.0075,109.76628393285797,1.9,0.0075,6,12196314135000489030,160.0,P4
0.0,0.0,0.0,50000,0.0075,0.17864046964326022,1.9,0.00708,7,6345943102066841067,160.0,P4
0.0,0.0,0.0,50000,0.0075,0.1784277798585435,1.9,0.00694,8,15384288481928289694,160.0,P4
0.80948,0.81354,0.81296,50000,0.0075,109.54828163940158,1.9,0.0071,9,3248965770525465347,160.0,P4
0.0,0.00022,0.0,50000,0.0075,0.2161511325210217,1.9,0.00716,10,8120364851428577295,160.0,P4
0.0,0.00072,0.0,50000,0.0075,0.20170398015794785,1.9,0.0077,11,864116571543247483,160.0,P4
0.81178,0.81142,0.81706,50000,0.0075,107.13024958272517,1.9,0.00764,12,589005809157650513,160.0,P4
0.8184,0.81314,0.81528,50000,0.0075,105.76555388854433,1.9,0.00774,13,16345446774463349609,160.0,P4
0.81734,0.81054,0.81176,50000,0.0075,107.26247867247076,1.9,0.00762,14,233919907314923202,160.0,P4
0.81312,0.29078,0.81516,50000,0.0075,97.74434242945043,1.9,0.00748,15,9934872730498963374,160.0,P4
0.0,0.0,0.0,50000,0.0075,0.15156958458523256,1.9,0.00752,16,7280866867629108224,160.0,P4
0.81056,0.80396,0.81278,50000,0.0075,103.45687226016179,1.9,0.00748,17,1174830280510097021,160.0,P4
0.81192,0.7863,0.81522,50000,0.0075,102.30574929051032,1.9,0.00734,18,15718005733994375730,160.0,P4
0.0,0.0,0.0,50000,0.0075,0.2930834827689791,1.9,0.00742,19,8720921623112226778,160.0,P4
0.0,0.0,0.0,50000,0.0075,0.22731657394280963,1.9,0.00814,20,16019888320828504705,160.0,P4
0.0,0.00052,0.0,50000,0.0075,0.24950760967164481,1.9,0.00744,21,12364743248319646563,160.0,P4
0.8103,0.80924,0.81154,50000,0.0075,105.09053636617439,1.9,0.00744,22,13257018024705145408,160.0,P4
0.0,0.0006,0.0,50000,0.0075,0.17436292121186822,1.9,0.00694,23,10001045948592622054,160.0,P4
0.81156,0.36956,0.81846,50000,0.0075,98.38685446569558,1.9,0.00778,24,3806448473173062054,160.0,P4
0.81124,0.01708,0.81674,50000,0.0075,82.50929492081518,1.9,0.00844,25,2775656760004704437,160.0,P4
0.81018,0.75454,0.81512,50000,0.0075,101.28085040015685,1.9,0.00726,26,565416449953155157,160.0,P4
0.0,0.00684,2e-05,50000,0.0075,0.5340391202743607,1.9,0.00736,27,6900940948295282800,160.0,P4
0.0,0.0,0.0,50000,0.0075,0.10212636741104292,1.9,0.00742,28,7156482379931580825,160.0,P4
0.81588,0.81126,0.81182,50000,0.0075,108.63171200245885,1.9,0.00688,29,6621820536462493385,160.0,P4
0.81474,0.81352,0.81572,50000,0.0075,109.25202198800493,1.9,0.00742,30,12982176606133916000,160.0,P4
0.8172,0.81376,0.81224,50000,0.0075,110.10811676275895,1.9,0.00742,31,4975136371420590468,160.0,P4
0.81674,0.81064,0.81018,50000,0.0075,105.18113638316645,1.9,0.00758,32,6612330153769632172,160.0,P4
0.8138,0.02,0.8138,50000,0.0075,80.12502985092517,1.9,0.0086,33,9275002717626539906,160.0,P4
0.0,4e-05,0.0,50000,0.0075,0.2453192914904244,1.9,0.00768,34,14489381541021674912,160.0,P4
0.0,0.0012,0.0,50000,0.0075,0.31549190401483773,1.9,0.00746,35,17048998766849708991,160.0,P4
0.81056,0.81702,0.81622,50000,0.0075,108.95550130107222,1.9,0.00768,36,15155854003981945747,160.0,P4
0.8146,0.81442,0.81574,50000,0.0075,105.40201950329819,1.9,0.00776,37,7426606589605742567,160.0,P4
0.0,0.0,0.0,50000,0.0075,0.1527295802164251,1.9,0.00784,38,16432131933949957938,160.0,P4
0.81088,0.81342,0.81552,50000,0.0075,110.47383811559187,1.9,0.00758,39,17272237873867302469,160.0,P4
0.81262,0.8123,0.81352,50000,0.0075,112.6722408538236,1.9,0.00764,40,15665895299469780503,160.0,P4
0.0,0.01094,0.0,50000,0.0075,0.5387006088536992,1.9,0.00704,41,13630067096519855026,160.0,P4
0.81502,0.81566,0.81296,50000,0.0075,111.86421639247708,1.9,0.00674,42,9342306169960882124,160.0,P4
0.80896,0.8077,0.8123,50000,0.0075,104.8221080686304,1.9,0.00798,43,10931176742359545916,160.0,P4
0.0,0.0,0.0,50000,0.0075,0.16075027059452476,1.9,0.00762,44,6349583302708770207,160.0,P4
0.0,0.00174,0.0,50000,0.0075,0.3139964213285267,1.9,0.0073,45,2966760601769805691,160.0,P4
0.81314,0.81624,0.816,50000,0.0075,110.42724016695219,1.9,0.00748,46,3199592160797209233,160.0,P4
0.0,0.0006,0.0,50000,0.0075,0.13375725736856067,1.9,0.00752,47,9471529126631732325,160.0,P4
0.0,0.00112,0.0,50000,0.0075,0.14007731318792876,1.9,0.00714,48,2966801290716800176,160.0,P4
0.0,0.0,0.0,50000,0.0075,0.09388893381126344,1.9,0.00718,49,8468861256100302935,160.0,P4
0.0,0.00118,0.0,50000,0.0075,0.24499163053634085,1.9,0.00726,50,5760598569040713599,160.0,P4
0.80958,0.81198,0.81356,50000,0.0075,117.75597139347529,1.9,0.00792,51,11813972658396018446,160.0,P4
0.0,0.0068,0.0,50000,0.0075,0.4003600959472759,1.9,0.0073,52,4213731510893098398,160.0,P4
0.81024,0.81316,0.81776,50000,0.0075,115.14142492845679,1.9,0.0076,53,13835614820755809065,160.0,P4
0.81484,0.81232,0.8154,50000,0.0075,105.89320480784377,1.9,0.00692,54,3114156133550670866,160.0,P4
0.8138,0.03988,0.81116,50000,0.0075,91.39291245855466,1.9,0.00716,55,16490148626849188777,160.0,P4
0.0,0.00078,0.0,50000,0.0075,0.3072121891491116,1.9,0.00744,56,13426910025728393155,160.0,P4
0.8124,0.80696,0.81052,50000,0.0075,104.73893341739763,1.9,0.00732,57,10206435252517779746,160.0,P4
0.81046,0.81164,0.81052,50000,0.0075,104.5107041303394,1.9,0.00758,58,6302595348919878965,160.0,P4
0.0,0.0124,0.0031,50000,0.0075,0.8484553808878001,1.9,0.00794,59,8032958187668400894,160.0,P4
0.0,0.0,0.0,50000,0.0075,0.29902412442863086,1.9,0.00752,60,5357736610858359494,160.0,P4
0.80868,0.81136,0.81282,50000,0.0075,109.33176372765826,1.9,0.00694,61,6351781113155459594,160.0,P4
0.80948,0.7088,0.81336,50000,0.0075,100.72660225447694,1.9,0.00706,62,7914328778363489911,160.0,P4
0.0,0.00596,0.0,50000,0.0075,0.41119140130441906,1.9,0.00758,63,13345057977883854144,160.0,P4
0.0,0.00148,0.0,50000,0.0075,0.30567209583832977,1.9,0.00722,64,12230046327533466911,160.0,P4
0.81264,0.03634,0.81196,50000,0.0075,90.8264363854062,1.9,0.00732,65,4530917503327878188,160.0,P4
0.80972,0.06082,0.81294,50000,0.0075,93.56331537265937,1.9,0.00776,66,10090557701020575161,160.0,P4
0.81126,0.81464,0.81574,50000,0.0075,106.81461791063542,1.9,0.00744,67,89279740159232640,160.0,P4
0.0,0.00058,0.0,50000,0.0075,0.24342227161187172,1.9,0.00802,68,3517466702503788428,160.0,P4
0.81632,0.816,0.81486,50000,0.0075,107.22907139281844,1.9,0.00746,69,16228962784349501545,160.0,P4
0.0,0.00438,0.0,50000,0.0075,0.42329422685308643,1.9,0.00778,70,7547799744633560297,160.0,P4
0.0,0.00462,0.0,50000,0.0075,0.3788141236427677,1.9,0.00798,71,12778722113293556245,160.0,P4
0.81288,0.81204,0.81264,50000,0.0075,109.46142777058924,1.9,0.00798,72,2073397243287473364,160.0,P4
0.0,6e-05,0.0,50000,0.0075,0.2624564899712256,1.9,0.00716,73,6952459883006449525,160.0,P4
0.814,0.80762,0.80996,50000,0.0075,111.39193890651359,1.9,0.00794,74,7495915830478992994,160.0,P4
0.0,0.00156,0.0,50000,0.0075,0.21110106421331096,1.9,0.00764,75,923894573513707846,160.0,P4
0.0,0.00074,0.0,50000,0.0075,0.23170839988096636,1.9,0.0072,76,1073708291629157139,160.0,P4
0.0,0.0,0.0,50000,0.0075,0.11965041688521906,1.9,0.0087,77,10095519909394768346,160.0,P4
0.81872,0.8125,0.81584,50000,0.0075,106.2823370706638,1.9,0.00756,78,11934309476266895395,160.0,P4
0.0,0.00076,0.0,50000,0.0075,0.1877713793224196,1.9,0.00774,79,13685319301892713884,160.0,P4
0.8137,0.80816,0.81426,50000,0.0075,104.73949396936705,1.9,0.0082,80,12576357256405966912,160.0,P4
0.0,0.0,0.0,50000,0.0075,0.14438548220067698,1.9,0.00726,81,11970595734247843043,160.0,P4
0.81212,0.75632,0.81568,50000,0.0075,101.59187407904807,1.9,0.0072,82,7177174857752456711,160.0,P4
0.8104,0.8084,0.81386,50000,0.0075,109.28681601298263,1.9,0.00716,83,1061088664811863686,160.0,P4
0.8175,0.81954,0.81398,50000,0.0075,111.07410356512374,1.9,0.0077,84,13599787548329366455,160.0,P4
0.0,0.0043,0.0,50000,0.0075,0.39916699830540747,1.9,0.00704,85,11368998441833460304,160.0,P4
0.0,0.0007,0.0,50000,0.0075,0.24706538530285682,1.9,0.00744,86,2459801758447987310,160.0,P4
0.813,0.81972,0.81236,50000,0.0075,109.60316738482238,1.9,0.00794,87,2760862190320605815,160.0,P4
0.8118,0.81586,0.81236,50000,0.0075,111.25705845481761,1.9,0.00686,88,6622832632043826025,160.0,P4
0.8136,0.80842,0.8114,50000,0.0075,104.4548375560442,1.9,0.00758,89,15204840128060872699,160.0,P4
0.0,0.0,0.0,50000,0.0075,0.1689589146263095,1.9,0.00726,90,3277762286719109310,160.0,P4
0.0,0.00096,0.0,50000,0.0075,0.13506490104214314,1.9,0.00706,91,12993053233068268393,160.0,P4
0.81458,0.81206,0.81404,50000,0.0075,105.36574693844274,1.9,0.00724,92,2893019834496540885,160.0,P4
0.81242,0.81188,0.81274,50000,0.0075,113.5396762141065,1.9,0.00778,93,5882872955615238031,160.0,P4
0.81378,0.81282,0.81188,50000,0.0075,106.46842535491804,1.9,0.00672,94,17349000804319410641,160.0,P4
0.81354,0.81312,0.8089,50000,0.0075,107.04228781888101,1.9,0.00756,95,65648088829749550,160.0,P4
0.0,0.0,0.0,50000,0.0075,0.17115575566465321,1.9,0.0077,96,16235573029932476822,160.0,P4
0.0,0.0,0.0,50000,0.0075,0.21800591897232038,1.9,0.00718,97,17983877703473856838,160.0,P4
0.814,0.8124,0.81476,50000,0.0075,106.51122949804785,1.9,0.00754,98,10870580358137765631,160.0,P4
0.0,0.0,0.0,50000,0.0075,0.30406846667665877,1.9,0.00816,99,17045523692611248584,160.0,P4
0.81596,0.81384,0.81606,50000,0.0082,114.27334051478107,1.9,0.00822,0,12922342284502353855,160.0,P4
0.81554,0.81574,0.81198,50000,0.0082,116.31120657904783,1.9,0.00794,1,13702794655110083106,160.0,P4
0.81246,0.1267,0.81208,50000,0.0082,95.93585439576009,1.9,0.0077,2,8133603418677222542,160.0,P4
0.80962,0.81942,0.81278,50000,0.0082,110.38216363226698,1.9,0.0082,3,5889435745955150675,160.0,P4
0.81066,0.8105,0.81632,50000,0.0082,104.09640172581643,1.9,0.00768,4,7332837133240269760,160.0,P4
0.81728,0.03096,0.8147,50000,0.0082,90.06230820166807,1.9,0.00828,5,3387510508003949285,160.0,P4
0.81704,0.81566,0.81714,50000,0.0082,111.02726898808696,1.9,0.00816,6,10856410024944302140,160.0,P4
0.0,0.00404,0.0,50000,0.0082,0.42576371530052987,1.9,0.00756,7,13566651961243152696,160.0,P4
0.81496,0.81202,0.8161,50000,0.0082,115.15161889751087,1.9,0.00824,8,17652168284125172967,160.0,P4
0.0,0.0,0.0,50000,0.0082,0.16432041244439216,1.9,0.0072,9,177637025610542268,160.0,P4
0.81272,0.81354,0.81228,50000,0.0082,112.71471761468982,1.9,0.00782,10,15703307047640980511,160.0,P4
0.815,0.81502,0.815,50000,0.0082,111.25070967934963,1.9,0.00806,11,14915723106982124906,160.0,P4
0.0,0.00414,0.0,50000,0.0082,0.40285451972312497,1.9,0.00752,12,11218999504233139711,160.0,P4
0.81154,0.81612,0.81234,50000,0.0082,108.40923146619333,1.9,0.00798,13,13570981623486559559,160.0,P4
0.81346,0.81378,0.81442,50000,0.0082,108.98335947062755,1.9,0.00836,14,15943265890300390327,160.0,P4
0.8149,0.8155,0.81304,50000,0.0082,112.35371353012412,1.9,0.00822,15,8260877844762559891,160.0,P4
0.81038,0.38952,0.81016,50000,0.0082,98.35118891248594,1.9,0.00814,16,8777076114824081660,160.0,P4
0.81136,0.81644,0.8152,50000,0.0082,114.54344609362828,1.9,0.0077,17,15668564260698529353,160.0,P4
0.81258,0.81458,0.81106,50000,0.0082,111.88203460403213,1.9,0.00836,18,7330215396902032801,160.0,P4
0.0,0.0,0.0,50000,0.0082,0.15605288439338147,1.9,0.00826,19,8035639994317312151,160.0,P4
0.8132,0.8159,0.81428,50000,0.0082,110.95232738160087,1.9,0.00878,20,15623945875226803092,160.0,P4
0.0,0.00026,0.0,50000,0.0082,0.27233864556075477,1.9,0.00832,21,12623166766166885649,160.0,P4
0.81726,0.27338,0.81122,50000,0.0082,97.70665940805955,1.9,0.00846,22,13688426365935326482,160.0,P4
0.81442,0.26122,0.80994,50000,0.0082,97.52984200854067,1.9,0.00836,23,14694572295510505660,160.0,P4
0.0,0.0071,0.0,50000,0.0082,0.48247489117222025,1.9,0.00838,24,13095778618708806009,160.0,P4
0.81234,0.8105,0.81646,50000,0.0082,115.95221858743328,1.9,0.00916,25,16534882167445021336,160.0,P4
0.0,0.0009,0.0,50000,0.0082,0.26251537867999214,1.9,0.00826,26,5507707045138570696,160.0,P4
0.81578,0.81006,0.8136,50000,0.0082,110.04618945819827,1.9,0.00826,27,6697202327860096460,160.0,P4
0.80964,0.81448,0.81834,50000,0.0082,115.66606996062079,1.9,0.00926,28,15388291125890621204,160.0,P4
0.0,0.0,0.0,50000,0.0082,0.22946596709923842,1.9,0.0073,29,11586391025105736317,160.0,P4
0.0,0.00344,0.0,50000,0.0082,0.3592501431548277,1.9,0.00874,30,11170848575122979609,160.0,P4
0.0,0.00278,0.0002,50000,0.0082,0.44339814612345835,1.9,0.00816,31,12404840818858022326,160.0,P4
0.81222,0.81228,0.81302,50000,0.0082,105.45637609869843,1.9,0.00786,32,15564582726747496142,160.0,P4
0.811,0.81264,0.81378,50000,0.0082,114.35738101823402,1.9,0.00812,33,14414967765696465094,160.0,P4
0.81278,0.09732,0.81522,50000,0.0082,95.10167529342517,1.9,0.00802,34,8854224961358245527,160.0,P4
0.81478,0.8136,0.81716,50000,0.0082,113.69212076909078,1.9,0.0083,35,1651153962683338016,160.0,P4
0.8112,0.81122,0.8129,50000,0.0082,106.44122299514078,1.9,0.0082,36,11289161178076101658,160.0,P4
0.81528,0.81456,0.81248,50000,0.0082,113.60612389780765,1.9,0.00802,37,5997725109820382651,160.0,P4
0.81792,0.80966,0.81572,50000,0.0082,111.26580587588262,1.9,0.00766,38,13194208653332900243,160.0,P4
0.811,0.81006,0.80834,50000,0.0082,112.70443558698261,1.9,0.00842,39,4973593951380650138,160.0,P4
0.81458,0.81156,0.81164,50000,0.0082,114.56650858388966,1.9,0.00742,40,17419315445624267762,160.0,P4
0.81876,0.80934,0.81208,50000,0.0082,113.07641185818336,1.9,0.00822,41,10262790155368743245,160.0,P4
0.80994,0.81642,0.81682,50000,0.0082,105.79196166042941,1.9,0.00854,42,3308050997099232324,160.0,P4
0.81432,0.81378,0.81386,50000,0.0082,111.25740954635633,1.9,0.00762,43,1616128875673227517,160.0,P4
0.0,0.00648,0.0,50000,0.0082,0.3696945424540044,1.9,0.00816,44,16062623796235440301,160.0,P4
0.81802,0.81048,0.81462,50000,0.0082,106.49351501187421,1.9,0.0073,45,13829052778273223589,160.0,P4
0.0,0.0,0.0,50000,0.0082,0.2047968513547523,1.9,0.00782,46,3711003934322471626,160.0,P4
0.8152,0.81042,0.81034,50000,0.0082,110.45790706957114,1.9,0.00826,47,12807782714239719972,160.0,P4
0.8159,0.81378,0.8117,50000,0.0082,111.19420241192003,1.9,0.00894,48,2604143029427506876,160.0,P4
0.81068,0.81334,0.8172,50000,0.0082,108.90747479895002,1.9,0.00818,49,13592908488225383145,160.0,P4
0.0,0.00084,0.0,50000,0.0082,0.2729086614588309,1.9,0.00796,50,13498671804641915139,160.0,P4
0.8116,0.81328,0.81278,50000,0.0082,109.71889238945457,1.9,0.00832,51,7416327019865052733,160.0,P4
0.81024,0.8096,0.81356,50000,0.0082,104.97271089708417,1.9,0.00844,52,6329199507663126620,160.0,P4
0.0,0.005,0.0,50000,0.0082,0.35004859394376137,1.9,0.00818,53,3892138842725569925,160.0,P4
0.81504,0.7855,0.81238,50000,0.0082,102.43963316001008,1.9,0.00882,54,3306405393650812968,160.0,P4
0.81068,0.81102,0.81652,50000,0.0082,110.4966669975595,1.9,0.0079,55,13631998465164372663,160.0,P4
0.0,0.00194,0.0,50000,0.0082,0.26122053151419405,1.9,0.00792,56,14643595579764865366,160.0,P4
0.81328,0.81424,0.81222,50000,0.0082,116.37597523044144,1.9,0.00894,57,1880450883037265356,160.0,P4
0.0,0.00154,0.0,50000,0.0082,0.289476044560885,1.9,0.00814,58,1709183577050567952,160.0,P4
0.81418,0.81258,0.81512,50000,0.0082,111.85158180856614,1.9,0.00884,59,13575806117312820135,160.0,P4
0.81186,0.81294,0.81292,50000,0.0082,111.14277291025837,1.9,0.00822,60,6616020405585181519,160.0,P4
0.81298,0.06374,0.81142,50000,0.0082,93.47519840024476,1.9,0.00832,61,1996955740982702809,160.0,P4
0.81228,0.8143,0.81656,50000,0.0082,110.99228051740889,1.9,0.0081,62,4405929341974628199,160.0,P4
0.81144,0.08404,0.81356,50000,0.0082,94.86941416967547,1.9,0.00806,63,3345790330441517472,160.0,P4
0.81332,0.80968,0.8105,50000,0.0082,111.33887530904948,1.9,0.00794,64,17682734878008100050,160.0,P4
0.0,0.0012,0.0,50000,0.0082,0.28491967548144415,1.9,0.0079,65,10768219129353590061,160.0,P4
0.81338,0.78974,0.81274,50000,0.0082,102.38620723989077,1.9,0.00798,66,11926595038977300013,160.0,P4
0.8089,0.81234,0.8168,50000,0.0082,109.74938803113385,1.9,0.0082,67,15497756100430094362,160.0,P4
0.81358,0.81434,0.81444,50000,0.0082,115.75038226306964,1.9,0.00844,68,4618366579995848122,160.0,P4
0.0,0.00294,0.0,50000,0.0082,0.2635496974316267,1.9,0.00814,69,1538056306620817573,160.0,P4
0.81298,0.43762,0.8098,50000,0.0082,98.70284038114384,1.9,0.00704,70,15018716418782945011,160.0,P4
0.81542,0.81492,0.81256,50000,0.0082,106.51110403632254,1.9,0.00724,71,3457078467801955015,160.0,P4
0.8118,0.81116,0.81392,50000,0.0082,105.3101154489016,1.9,0.00776,72,1689540631961676818,160.0,P4
0.8157,0.81554,0.8125,50000,0.0082,106.0484844362747,1.9,0.00862,73,3911943648678562381,160.0,P4
0.81474,0.81026,0.81264,50000,0.0082,108.20647378850008,1.9,0.00828,74,1849562242825120877,160.0,P4
0.8154,0.815,0.81188,50000,0.0082,113.03204678399014,1.9,0.00874,75,1922618217468122284,160.0,P4
0.8092,0.81498,0.81318,50000,0.0082,106.93622732509228,1.9,0.00822,76,12540831517782473992,160.0,P4
0.0,0.0049,0.00354,50000,0.0082,0.7992045716925918,1.9,0.00778,77,12311535122635863125,160.0,P4
0.81406,0.81412,0.8107,50000,0.0082,109.88331078504991,1.9,0.00862,78,7859091773545625779,160.0,P4
0.81464,0.81334,0.81328,50000,0.0082,110.33528267238788,1.9,0.00812,79,15052932004354027730,160.0,P4
0.0,0.001,0.0,50000,0.0082,0.25397099783130367,1.9,0.00814,80,8891507046445039174,160.0,P4
0.80926,0.81018,0.80976,50000,0.0082,103.80045647943406,1.9,0.00852,81,4546186939122296602,160.0,P4
0.8126,0.79714,0.81302,50000,0.0082,103.2465400909973,1.9,0.0079,82,12372472553244568982,160.0,P4
0.81002,0.81184,0.8164,50000,0.0082,105.90364725473444,1.9,0.0082,83,9181282790805603148,160.0,P4
0.81364,0.80898,0.81476,50000,0.0082,112.55848948713353,1.9,0.00802,84,3170111986046903847,160.0,P4
0.0,0.0019,0.0,50000,0.0082,0.2001592290116173,1.9,0.0084,85,4439654841597075332,160.0,P4
0.81274,0.81518,0.81512,50000,0.0082,108.40507765083706,1.9,0.00854,86,5253078690559566116,160.0,P4
0.81426,0.81278,0.81212,50000,0.0082,107.18075046797803,1.9,0.00856,87,13983678050456521686,160.0,P4
0.81518,0.81314,0.81478,50000,0.0082,113.21371186875069,1.9,0.008,88,11855411661525640808,160.0,P4
0.81186,0.80352,0.81522,50000,0.0082,103.47846890183192,1.9,0.00828,89,5045527826708758634,160.0,P4
0.81306,0.81736,0.81356,50000,0.0082,112.13563023688536,1.9,0.0085,90,15275093113299375811,160.0,P4
0.81526,0.8134,0.81352,50000,0.0082,111.2530817720033,1.9,0.0089,91,17606281791961173059,160.0,P4
0.81366,0.81026,0.81038,50000,0.0082,110.0166424107919,1.9,0.0085,92,11160938371358538269,160.0,P4
0.81398,0.27078,0.81454,50000,0.0082,97.56826276039244,1.9,0.00726,93,11070015966359201368,160.0,P4
0.81204,0.81414,0.8165,50000,0.0082,114.96103183027448,1.9,0.00842,94,8446077918123679818,160.0,P4
0.81422,0.81576,0.81174,50000,0.0082,111.8334744209924,1.9,0.00842,95,10417152018632389232,160.0,P4
0.81256,0.81452,0.8131,50000,0.0082,109.37966283465956,1.9,0.00782,96,16021548776895477961,160.0,P4
0.81386,0.80834,0.81248,50000,0.0082,111.19761382642686,1.9,0.00804,97,3953621920616873149,160.0,P4
0.81942,0.81396,0.81354,50000,0.0082,111.8845503327862,1.9,0.0079,98,11485350066939308750,160.0,P4
0.81336,0.81224,0.81494,50000,0.0082,106.13382334125649,1.9,0.00786,99,8804543123613717085,160.0,P4
0.0,0.00468,0.0,50000,0.0086,0.5037397113094344,1.9,0.00878,0,3654327732666150085,160.0,P4
0.0,0.00698,0.0,50000,0.0086,0.5256453819683006,1.9,0.00852,1,15182947686569539462,160.0,P4
0.0,0.00236,0.0,50000,0.0086,0.3068192168653568,1.9,0.0092,2,14362557413136823176,160.0,P4
0.81056,0.8103,0.81312,50000,0.0086,112.74334302218301,1.9,0.00852,3,374503306111669444,160.0,P4
0.0,0.00092,0.0,50000,0.0086,0.3854745359189565,1.9,0.00866,4,9263205226003660560,160.0,P4
0.81294,0.81442,0.81036,50000,0.0086,113.23900330984844,1.9,0.00896,5,2244261986196087492,160.0,P4
0.81066,0.81546,0.80776,50000,0.0086,108.39078571375096,1.9,0.00838,6,7484351078066232085,160.0,P4
0.81672,0.81572,0.81358,50000,0.0086,112.54384492278527,1.9,0.00886,7,1594646833503654709,160.0,P4
0.8166,0.81434,0.81192,50000,0.0086,110.52712236140373,1.9,0.00906,8,12974089039842525125,160.0,P4
0.81246,0.8136,0.81042,50000,0.0086,109.20620247030435,1.9,0.00854,9,3733322320788592214,160.0,P4
0.81732,0.81326,0.81212,50000,0.0086,109.44371529159544,1.9,0.00952,10,11469541808044450693,160.0,P4
0.81446,0.81582,0.80972,50000,0.0086,115.69056748394675,1.9,0.00918,11,12212006895347987651,160.0,P4
0.0,0.0,0.0,50000,0.0086,0.2236780547770286,1.9,0.00778,12,4726721411909399617,160.0,P4
0.81142,0.81478,0.81352,50000,0.0086,113.19084840295776,1.9,0.00826,13,5962416502247533022,160.0,P4
0.81078,0.81426,0.81384,50000,0.0086,108.98029168878442,1.9,0.00854,14,981673636831175653,160.0,P4
0.81218,0.81358,0.81248,50000,0.0086,111.87007586183982,1.9,0.00802,15,5082648678237237894,160.0,P4
0.81614,0.8154,0.80886,50000,0.0086,112.03559151087616,1.9,0.00884,16,10106381619135164569,160.0,P4
0.81202,0.81426,0.8145,50000,0.0086,115.33082752480351,1.9,0.00934,17,6142377119857553177,160.0,P4
0.81424,0.15086,0.81372,50000,0.0086,96.36641046987053,1.9,0.00936,18,12089131059149147346,160.0,P4
0.81402,0.81442,0.80858,50000,0.0086,105.83173989379335,1.9,0.00864,19,18427699853635997786,160.0,P4
0.81162,0.81244,0.81202,50000,0.0086,108.52314120004097,1.9,0.00778,20,28090654233326501,160.0,P4
0.81276,0.81566,0.81658,50000,0.0086,110.96142214300008,1.9,0.00908,21,5802005929108632925,160.0,P4
0.80916,0.04728,0.81432,50000,0.0086,92.65394443408559,1.9,0.00882,22,17942014702741372292,160.0,P4
0.8149,0.81058,0.8142,50000,0.0086,113.03817435603605,1.9,0.00834,23,1038736525109178539,160.0,P4
0.81488,0.81194,0.81408,50000,0.0086,105.35639265843668,1.9,0.00838,24,9182182274814095967,160.0,P4
0.8099,0.81802,0.81478,50000,0.0086,108.56149022524984,1.9,0.00904,25,1783957262562285836,160.0,P4
0.81246,0.69378,0.81378,50000,0.0086,100.53080874706248,1.9,0.00856,26,12751980412673605122,160.0,P4
0.81186,0.8142,0.8142,50000,0.0086,112.16302390808549,1.9,0.00804,27,432105013822280927,160.0,P4
0.81216,0.81514,0.8127,50000,0.0086,112.83690934863795,1.9,0.0086,28,11330793897704671335,160.0,P4
0.81494,0.81526,0.81402,50000,0.0086,112.50920524502725,1.9,0.00844,29,145430882118137627,160.0,P4
0.81488,0.81386,0.8137,50000,0.0086,111.66805428456027,1.9,0.00922,30,6456798436893595073,160.0,P4
0.8119,0.81502,0.8113,50000,0.0086,114.30453828204908,1.9,0.00928,31,13933578433869437091,160.0,P4
0.81212,0.81466,0.81328,50000,0.0086,113.36277821500093,1.9,0.00922,32,3805068848615633974,160.0,P4
0.8109,0.81186,0.81282,50000,0.0086,107.8192047992821,1.9,0.00844,33,18226317412559729150,160.0,P4
0.813,0.81526,0.81004,50000,0.0086,109.67800792365564,1.9,0.00834,34,14362605974444072407,160.0,P4
0.8157,0.06182,0.8177,50000,0.0086,93.64614855979423,1.9,0.00896,35,13011021110567892106,160.0,P4
0.81346,0.81402,0.81228,50000,0.0086,110.45711906146484,1.9,0.00894,36,14443036190582561422,160.0,P4
0.8126,0.5986,0.8127,50000,0.0086,99.68238246785639,1.9,0.00886,37,7841826748735344832,160.0,P4
0.81296,0.81244,0.81498,50000,0.0086,111.07015600679418,1.9,0.00844,38,9386541072413519314,160.0,P4
0.0,0.0002,0.0,50000,0.0086,0.27440260995547733,1.9,0.00784,39,17736624568858698739,160.0,P4
0.8104,0.81574,0.80648,50000,0.0086,111.14747545568412,1.9,0.00856,40,16833353171449802372,160.0,P4
0.80882,0.36984,0.81404,50000,0.0086,98.25684461933808,1.9,0.00844,41,7001445188136886462,160.0,P4
0.8124,0.26096,0.81444,50000,0.0086,97.65021332272674,1.9,0.00866,42,10524777516406883148,160.0,P4
0.81604,0.81056,0.81428,50000,0.0086,115.38046092781236,1.9,0.00928,43,1634096663631475576,160.0,P4
0.81382,0.81694,0.81438,50000,0.0086,114.97380111057346,1.9,0.00876,44,2023636902025970230,160.0,P4
0.0,0.00164,0.0,50000,0.0086,0.3183238412035461,1.9,0.00872,45,8895001505538657872,160.0,P4
0.0,0.00116,0.0,50000,0.0086,0.362296624536446,1.9,0.00836,46,17010081785886467363,160.0,P4
0.0,0.00096,0.0,50000,0.0086,0.29511599330876936,1.9,0.00834,47,2820791555591026525,160.0,P4
0.81092,0.81554,0.81162,50000,0.0086,106.65511161583099,1.9,0.00846,48,13264845376052651380,160.0,P4
0.81186,0.81592,0.80936,50000,0.0086,111.893493912217,1.9,0.00886,49,16802649779635412817,160.0,P4
0.8115,0.80928,0.81114,50000,0.0086,104.85090757981658,1.9,0.00898,50,13452734955192824164,160.0,P4
0.81498,0.81362,0.81316,50000,0.0086,117.51395340660733,1.9,0.00898,51,3989866309870992753,160.0,P4
0.81322,0.81762,0.81012,50000,0.0086,110.58527206281673,1.9,0.00812,52,10053591270672797840,160.0,P4
0.81354,0.80586,0.81214,50000,0.0086,103.83807548022988,1.9,0.0083,53,2965645978467202998,160.0,P4
0.81356,0.81006,0.81408,50000,0.0086,117.40742092638303,1.9,0.0083,54,18180593126104483488,160.0,P4
0.0,0.0,0.0,50000,0.0086,0.24472816875637254,1.9,0.009,55,16209447681117190472,160.0,P4
0.81004,0.81564,0.81506,50000,0.0086,110.51218382639051,1.9,0.00832,56,3969039288968581901,160.0,P4
0.0,0.0,0.0,50000,0.0086,0.35783732502674875,1.9,0.0087,57,10971031419811499801,160.0,P4
0.81308,0.75066,0.81854,50000,0.0086,101.29211907136894,1.9,0.0088,58,10225079128354847150,160.0,P4
0.81008,0.7046,0.81182,50000,0.0086,100.59837275349936,1.9,0.00784,59,6238075550958368962,160.0,P4
0.81156,0.81268,0.81334,50000,0.0086,105.3502945315502,1.9,0.00854,60,10794045566666814424,160.0,P4
0.81288,0.81198,0.81346,50000,0.0086,109.74038769994768,1.9,0.00944,61,16444800447062832539,160.0,P4
0.81182,0.81088,0.81668,50000,0.0086,107.60520439185149,1.9,0.00854,62,14365682528163536285,160.0,P4
0.0,0.00152,0.0,50000,0.0086,0.36047196150773486,1.9,0.00864,63,742221830008475658,160.0,P4
0.81336,0.81228,0.80924,50000,0.0086,106.23679298351185,1.9,0.00908,64,1719664796794668670,160.0,P4
0.81322,0.78946,0.8112,50000,0.0086,102.22529163297179,1.9,0.00882,65,12513229965757774563,160.0,P4
0.0,0.0,0.0,50000,0.0086,0.1414392970651866,1.9,0.00908,66,120856728155857947,160.0,P4
0.81146,0.81614,0.81346,50000,0.0086,113.0921819474914,1.9,0.00916,67,10226904010847857891,160.0,P4
0.81132,0.81258,0.81442,50000,0.0086,107.86079248954822,1.9,0.0076,68,11906229889747818699,160.0,P4
0.81202,0.81322,0.8145,50000,0.0086,114.30639786003263,1.9,0.00848,69,6044382883090392045,160.0,P4
0.81348,0.79002,0.80812,50000,0.0086,102.27299981437338,1.9,0.00856,70,9306539355252770701,160.0,P4
0.81534,0.8116,0.81426,50000,0.0086,112.71587571035143,1.9,0.00866,71,11127282905165770837,160.0,P4
0.81392,0.81684,0.81344,50000,0.0086,113.8099994271165,1.9,0.00854,72,17937577548343394166,160.0,P4
0.81632,0.81262,0.8155,50000,0.0086,110.48897415097689,1.9,0.00878,73,7368711501283205884,160.0,P4
0.81188,0.81686,0.81212,50000,0.0086,107.45177229692104,1.9,0.00822,74,9735858768571886117,160.0,P4
0.81076,0.81714,0.81338,50000,0.0086,112.85819843836843,1.9,0.00824,75,8254544389439077517,160.0,P4
0.0,0.00098,0.0,50000,0.0086,0.30501529627667173,1.9,0.00798,76,7729921008300951646,160.0,P4
0.81422,0.81218,0.81436,50000,0.0086,113.2814893504533,1.9,0.0086,77,9146894709964543826,160.0,P4
0.81358,0.81382,0.8175,50000,0.0086,115.99711372171369,1.9,0.00882,78,11680711229405455956,160.0,P4
0.81776,0.7886,0.81378,50000,0.0086,102.44494126138012,1.9,0.00838,79,3963935054059198550,160.0,P4
0.8136,0.81594,0.8148,50000,0.0086,115.56178748245404,1.9,0.00886,80,12432981485531150080,160.0,P4
0.0,0.00096,0.0,50000,0.0086,0.3245028339102217,1.9,0.00858,81,16331483386303178226,160.0,P4
0.81624,0.81282,0.81538,50000,0.0086,111.6461119703158,1.9,0.00858,82,7546765958103887616,160.0,P4
0.81096,0.8094,0.81376,50000,0.0086,114.32639148750901,1.9,0.00952,83,9196973535360205830,160.0,P4
0.81418,0.8155,0.81134,50000,0.0086,116.91537137007687,1.9,0.00856,84,18411140061801550965,160.0,P4
0.81236,0.81456,0.81034,50000,0.0086,115.95282871972886,1.9,0.00912,85,8871383913757372318,160.0,P4
0.81446,0.81126,0.81262,50000,0.0086,117.26438123378901,1.9,0.00868,86,13415584257793206070,160.0,P4
0.8157,0.8193,0.81046,50000,0.0086,111.49046170162742,1.9,0.00874,87,10945928721952937235,160.0,P4
0.81268,0.8102,0.8135,50000,0.0086,114.21418931859546,1.9,0.00848,88,1165272541004917140,160.0,P4
0.81422,0.8116,0.81144,50000,0.0086,115.54697087798819,1.9,0.0086,89,3678425588720496056,160.0,P4
0.81398,0.81136,0.81512,50000,0.0086,113.05446639973667,1.9,0.00856,90,711916138874726956,160.0,P4
0.81016,0.81482,0.81468,50000,0.0086,106.6385215632709,1.9,0.00874,91,321572874945279291,160.0,P4
0.81274,0.81278,0.80868,50000,0.0086,116.8214124391508,1.9,0.0093,92,11784913700409421437,160.0,P4
0.0,0.00506,0.0,50000,0.0086,0.5694385828521058,1.9,0.00826,93,5139133279651024717,160.0,P4
0.8144,0.80852,0.80998,50000,0.0086,105.92785732265098,1.9,0.00842,94,11080821504776454036,160.0,P4
0.8162,0.81578,0.81408,50000,0.0086,114.07284061110154,1.9,0.00894,95,11223106765075412501,160.0,P4
0.81202,0.23346,0.81588,50000,0.0086,97.3673874296708,1.9,0.00816,96,10646032713097594222,160.0,P4
0.0,0.00316,0.0,50000,0.0086,0.35486524698696453,1.9,0.0089,97,2294752266424624205,160.0,P4
0.81164,0.81736,0.81834,50000,0.0086,112.74653348048155,1.9,0.00894,98,7812192545873539576,160.0,P4
0.0,0.0,0.0,50000,0.0086,0.09883774746547223,1.9,0.00858,99,11781640334853577791,160.0,P4
0.81416,0.81236,0.81082,50000,0.009,108.54943341497727,1.9,0.0089,0,5176080202709709463,160.0,P4
0.81708,0.80808,0.81154,50000,0.009,104.02419953895574,1.9,0.00972,1,17925301323631075878,160.0,P4
0.81274,0.75052,0.81716,50000,0.009,101.4018757156328,1.9,0.0089,2,15363311159194869690,160.0,P4
0.8121,0.81162,0.81038,50000,0.009,112.92457255987458,1.9,0.00878,3,15364399124199375576,160.0,P4
0.81488,0.32804,0.80934,50000,0.009,98.03809787135577,1.9,0.00942,4,11946562128527176731,160.0,P4
0.80978,0.8131,0.81674,50000,0.009,109.19715609459529,1.9,0.00908,5,6267832627455147545,160.0,P4
0.80614,0.80892,0.81274,50000,0.009,105.25232475067101,1.9,0.00886,6,589632335824075283,160.0,P4
0.81154,0.80708,0.81526,50000,0.009,103.8897394832156,1.9,0.0093,7,2866901130458002197,160.0,P4
0.81188,0.81634,0.81368,50000,0.009,112.35042848253826,1.9,0.00836,8,416696573192299473,160.0,P4
0.8162,0.81156,0.81706,50000,0.009,107.72435725556412,1.9,0.00846,9,5650867527551842431,160.0,P4
0.8152,0.81416,0.81828,50000,0.009,109.19251769167809,1.9,0.00912,10,11487367237356275770,160.0,P4
0.81652,0.8156,0.81424,50000,0.009,106.05196238169145,1.9,0.00896,11,5978567658346461251,160.0,P4
0.81568,0.81332,0.8148,50000,0.009,111.4347651776997,1.9,0.00872,12,2288443042854228575,160.0,P4
0.8169,0.80998,0.81096,50000,0.009,111.98069069211172,1.9,0.00932,13,6441345904220509255,160.0,P4
0.81054,0.0144,0.80938,50000,0.009,82.9825351837068,1.9,0.00888,14,17879809299714302821,160.0,P4
0.81078,0.81484,0.81202,50000,0.009,110.56046225844001,1.9,0.0083,15,8537104641768169344,160.0,P4
0.81198,0.8159,0.8082,50000,0.009,117.39739124874299,1.9,0.0095,16,16150927159890678154,160.0,P4
0.0,0.0,0.0,50000,0.009,0.1915342607706898,1.9,0.0087,17,1747992428173641453,160.0,P4
0.0,0.00458,0.0,50000,0.009,0.49382809929503674,1.9,0.00938,18,3439737159133318352,160.0,P4
0.81466,0.81384,0.81306,50000,0.009,109.15069713159306,1.9,0.00928,19,6984509779216058905,160.0,P4
0.81532,0.81534,0.81406,50000,0.009,105.69509968743697,1.9,0.00946,20,2425369114699707260,160.0,P4
0.81154,0.69212,0.81058,50000,0.009,100.51154150714727,1.9,0.00864,21,15162894762869423503,160.0,P4
0.81684,0.80876,0.81408,50000,0.009,107.03093241027892,1.9,0.00918,22,18349254325506058684,160.0,P4
0.81514,0.80932,0.8158,50000,0.009,109.34635191787139,1.9,0.00922,23,15530664524651176417,160.0,P4
0.8139,0.81348,0.81292,50000,0.009,113.81843626386491,1.9,0.0091,24,7531329042796396855,160.0,P4
0.81472,0.81326,0.8115,50000,0.009,118.28947207328599,1.9,0.0093,25,3754406016823391420,160.0,P4
0.0,0.00012,0.0,50000,0.009,0.22652667672397864,1.9,0.00906,26,18361392060174488578,160.0,P4
0.80988,0.81116,0.8126,50000,0.009,113.04761716836553,1.9,0.00932,27,47775617514537464,160.0,P4
0.81264,0.08046,0.81214,50000,0.009,94.54726665044244,1.9,0.0085,28,15390047297563580888,160.0,P4
0.81162,0.81408,0.81314,50000,0.009,110.58137178864719,1.9,0.009,29,18355210681645252241,160.0,P4
0.0,0.0008,0.0,50000,0.009,0.25807214419104446,1.9,0.008,30,637162113926836602,160.0,P4
0.0,0.00094,0.0,50000,0.009,0.15747188106122356,1.9,0.0085,31,14830576954261472694,160.0,P4
0.0,0.0,0.0,50000,0.009,0.16165557702781885,1.9,0.00864,32,1752251028998896756,160.0,P4
0.0,0.00184,0.0,50000,0.009,0.26067994510094067,1.9,0.00878,33,5594389061039784204,160.0,P4
0.81162,0.81398,0.8144,50000,0.009,113.49473649649693,1.9,0.0088,34,6792953347700041664,160.0,P4
0.8169,0.8114,0.8111,50000,0.009,110.34522228834972,1.9,0.00936,35,15776268502416518356,160.0,P4
0.81654,0.81268,0.81376,50000,0.009,112.43647236302026,1.9,0.00938,36,6357550691255120456,160.0,P4
0.81442,0.81576,0.81324,50000,0.009,117.50777200843551,1.9,0.00938,37,704361968285823642,160.0,P4
0.81528,0.81454,0.81348,50000,0.009,112.89957802080477,1.9,0.0087,38,14414244839993101998,160.0,P4
0.81524,0.42402,0.81176,50000,0.009,98.73030238819779,1.9,0.00836,39,16401705607483298635,160.0,P4
0.81214,0.81632,0.81436,50000,0.009,111.85338573614597,1.9,0.00858,40,6821141135647439933,160.0,P4
0.81762,0.81434,0.81612,50000,0.009,113.14345514833514,1.9,0.00812,41,10822144743515286,160.0,P4
0.0,0.00776,0.00378,50000,0.009,0.7589954993974605,1.9,0.00888,42,15676410381533844732,160.0,P4
0.8128,0.81404,0.8126,50000,0.009,112.16967058916158,1.9,0.0088,43,5570846471987653395,160.0,P4
0.8112,0.81264,0.81434,50000,0.009,109.50431486606995,1.9,0.00954,44,17503699794225624089,160.0,P4
0.81338,0.6104,0.81486,50000,0.009,99.76219697302133,1.9,0.00944,45,7652312571478399770,160.0,P4
0.81382,0.81102,0.80976,50000,0.009,110.6848403534361,1.9,0.00912,46,8765173191129281595,160.0,P4
0.8152,0.08834,0.81262,50000,0.009,94.78318050168717,1.9,0.00912,47,11393714406051879888,160.0,P4
0.81328,0.81242,0.8135,50000,0.009,112.4109762238643,1.9,0.00926,48,1391664268780005244,160.0,P4
0.0,0.0,0.0,50000,0.009,0.29918519994475057,1.9,0.00932,49,16910176694679232968,160.0,P4
0.81316,0.78214,0.81258,50000,0.009,102.1605222722337,1.9,0.00902,50,16036367575316006763,160.0,P4
0.0,0.00548,0.0,50000,0.009,0.4089772647936983,1.9,0.00868,51,18025261951286688298,160.0,P4
0.814,0.8108,0.81518,50000,0.009,111.12077961460473,1.9,0.00898,52,3100547836686298753,160.0,P4
0.81654,0.8109,0.81288,50000,0.009,111.45484643865869,1.9,0.00958,53,12666666465764999123,160.0,P4
0.81122,0.8133,0.81288,50000,0.009,117.9333949985862,1.9,0.00862,54,15095336284005748343,160.0,P4
0.81386,0.81306,0.81492,50000,0.009,109.25519508745904,1.9,0.00904,55,3140420147358283705,160.0,P4
0.81236,0.81204,0.81476,50000,0.009,116.65273849220443,1.9,0.00824,56,163216283721273933,160.0,P4
0.81292,0.81126,0.8131,50000,0.009,104.89481956052602,1.9,0.00928,57,14881432154079509781,160.0,P4
0.0,0.00176,0.0,50000,0.009,0.33702645713887264,1.9,0.00902,58,9053954625513492436,160.0,P4
0.81408,0.81216,0.81798,50000,0.009,110.92660993542228,1.9,0.00908,59,6710015014721802101,160.0,P4
0.0,0.00116,0.0,50000,0.009,0.26828410081798654,1.9,0.00852,60,1243006677151356945,160.0,P4
0.8118,0.81498,0.81326,50000,0.009,114.61057252469267,1.9,0.00932,61,13676866252503691823,160.0,P4
0.0,0.0,0.0,50000,0.009,0.14140475474071798,1.9,0.00886,62,1887539771765401554,160.0,P4
0.81124,0.80836,0.81296,50000,0.009,108.99210788754873,1.9,0.00896,63,15867871960025572847,160.0,P4
0.8132,0.81742,0.81154,50000,0.009,112.76580740416608,1.9,0.0087,64,4635806540806575772,160.0,P4
0.81354,0.81448,0.81132,50000,0.009,108.84664410493139,1.9,0.00852,65,360427533815866198,160.0,P4
0.81146,0.81356,0.81664,50000,0.009,110.47524457836337,1.9,0.00918,66,14147738602804855862,160.0,P4
0.81752,0.81532,0.8083,50000,0.009,113.60419049943317,1.9,0.009,67,10402889865073784527,160.0,P4
0.0,0.0,0.0,50000,0.009,0.25040035274955574,1.9,0.00862,68,12363777207314934291,160.0,P4
0.0,0.00492,0.0004,50000,0.009,0.5037725748750504,1.9,0.00944,69,1662508856707043517,160.0,P4
0.81416,0.80904,0.81462,50000,0.009,109.55747590097185,1.9,0.00854,70,10518722708454913593,160.0,P4
0.81272,0.81422,0.8137,50000,0.009,111.81635940748066,1.9,0.00904,71,5688467827588101769,160.0,P4
0.8149,0.8122,0.81208,50000,0.009,108.16128423680995,1.9,0.00934,72,663198018430218949,160.0,P4
0.0,0.00786,0.0,50000,0.009,0.43851334530751934,1.9,0.00812,73,8178741414035517033,160.0,P4
0.0,0.0006,0.0,50000,0.009,0.21215918929169958,1.9,0.0096,74,915269467594465379,160.0,P4
0.81408,0.81758,0.81216,50000,0.009,110.7415502348401,1.9,0.00926,75,2707277585512636491,160.0,P4
0.81036,0.81488,0.81324,50000,0.009,111.73176564740352,1.9,0.0093,76,4350799297903133380,160.0,P4
0.81042,0.81694,0.81256,50000,0.009,111.45739832281302,1.9,0.00842,77,15302284395787881587,160.0,P4
0.81352,0.8111,0.81448,50000,0.009,115.30861942393925,1.9,0.00864,78,11634342765276991368,160.0,P4
0.0,0.00406,0.0,50000,0.009,0.5485892467200635,1.9,0.00946,79,3597939657892741990,160.0,P4
0.81322,0.81164,0.81772,50000,0.009,106.97445815931493,1.9,0.00948,80,1260757623479623246,160.0,P4
0.81422,0.81716,0.8116,50000,0.009,114.31243248189413,1.9,0.00878,81,8653933398359266226,160.0,P4
0.81624,0.04698,0.81006,50000,0.009,92.17519531193622,1.9,0.00872,82,1227035763701284223,160.0,P4
0.81206,0.6572,0.8144,50000,0.009,100.07879247058781,1.9,0.00864,83,7190336508091618810,160.0,P4
0.0,0.0021,0.0006,50000,0.009,0.31375416706995474,1.9,0.00836,84,9991247123354846720,160.0,P4
0.0,0.00148,0.0,50000,0.009,0.29131514411520065,1.9,0.00826,85,6622511168063582419,160.0,P4
0.81938,0.81334,0.81468,50000,0.009,115.43181792556899,1.9,0.00894,86,5913587768526596278,160.0,P4
0.80966,0.02072,0.81206,50000,0.009,80.9993931058314,1.9,0.00888,87,17810002462972123101,160.0,P4
0.81582,0.81264,0.81312,50000,0.009,114.65612614975232,1.9,0.00908,88,13092140107219073007,160.0,P4
0.81184,0.81336,0.81248,50000,0.009,109.6976691400061,1.9,0.00974,89,17293323339547660945,160.0,P4
0.81366,0.8131,0.8175,50000,0.009,114.13307166171477,1.9,0.00888,90,7248701782327484410,160.0,P4
0.81324,0.8084,0.81244,50000,0.009,111.70380408553945,1.9,0.0085,91,2824071100296807698,160.0,P4
0.81134,0.81464,0.81298,50000,0.009,118.13334234733804,1.9,0.00932,92,13413910751517497013,160.0,P4
0.81046,0.81838,0.8109,50000,0.009,113.15442047243509,1.9,0.00916,93,10773570586287967323,160.0,P4
0.81458,0.81436,0.8146,50000,0.009,112.77364128202007,1.9,0.00844,94,7829553865312277520,160.0,P4
0.81334,0.81384,0.81448,50000,0.009,111.20671794315996,1.9,0.009,95,1613421495339493407,160.0,P4
0.81024,0.81066,0.8132,50000,0.009,115.93234676852181,1.9,0.00872,96,4987326110434632103,160.0,P4
0.81654,0.81492,0.81484,50000,0.009,116.16478518588845,1.9,0.00896,97,10286216308131745886,160.0,P4
0.81216,0.81122,0.81568,50000,0.009,112.77113147548856,1.9,0.00912,98,13011340048059611769,160.0,P4
0.81486,0.81246,0.81474,50000,0.009,113.51930405229922,1.9,0.00966,99,2062479265815464912,160.0,P4
0.81228,0.8159,0.81476,50000,0.0098,112.92180840833343,1.9,0.01012,0,10054482248691959821,160.0,P4
0.8123,0.81384,0.81458,50000,0.0098,108.51165345963997,1.9,0.00934,1,17684446606233843660,160.0,P4
0.8084,0.81354,0.81018,50000,0.0098,110.31253988682752,1.9,0.01044,2,3233020630055694297,160.0,P4
0.81202,0.81356,0.81202,50000,0.0098,117.13788257012718,1.9,0.0103,3,4978776828924184672,160.0,P4
0.81172,0.79978,0.8141,50000,0.0098,103.02075524535645,1.9,0.00984,4,17207620447345736293,160.0,P4
0.81132,0.81484,0.81398,50000,0.0098,114.80926493648921,1.9,0.00886,5,8892234866023596666,160.0,P4
0.8121,0.81456,0.8117,50000,0.0098,110.46998299079166,1.9,0.0097,6,12161719150744036423,160.0,P4
0.81098,0.81182,0.81504,50000,0.0098,112.44281474118182,1.9,0.0099,7,17747048354161320190,160.0,P4
0.81008,0.81348,0.81574,50000,0.0098,116.50494701330943,1.9,0.01042,8,17140416888009416499,160.0,P4
0.81214,0.80944,0.81188,50000,0.0098,114.50956219085191,1.9,0.00966,9,14638459994935845876,160.0,P4
0.8148,0.8145,0.81208,50000,0.0098,116.56092605044661,1.9,0.00934,10,1980907452612614330,160.0,P4
0.80854,0.16862,0.8128,50000,0.0098,96.54675015873961,1.9,0.00912,11,3394007187528203204,160.0,P4
0.81576,0.81734,0.80926,50000,0.0098,111.4616235997605,1.9,0.00976,12,12060309751331493027,160.0,P4
0.8138,0.33112,0.81208,50000,0.0098,98.05224070128564,1.9,0.01022,13,11466917847715698371,160.0,P4
0.8085,0.70918,0.81276,50000,0.0098,100.75494242888598,1.9,0.01014,14,6354016466931913902,160.0,P4
0.80848,0.8106,0.81358,50000,0.0098,116.06686473766392,1.9,0.00994,15,15107205829315515986,160.0,P4
0.81778,0.81228,0.81302,50000,0.0098,114.20321506423949,1.9,0.01068,16,4049443899669562917,160.0,P4
0.81226,0.81474,0.81294,50000,0.0098,111.64541346701733,1.9,0.01018,17,9320866158865884745,160.0,P4
0.8111,0.81702,0.8141,50000,0.0098,114.05792028821185,1.9,0.00958,18,6494168295428965841,160.0,P4
0.81298,0.81208,0.8121,50000,0.0098,112.4837131474213,1.9,0.01088,19,11231237011882969882,160.0,P4
0.81276,0.81298,0.81268,50000,0.0098,117.45934314479774,1.9,0.0104,20,16919287063658924887,160.0,P4
0.81436,0.81844,0.81452,50000,0.0098,114.72034181465759,1.9,0.01054,21,9332468823261184232,160.0,P4
0.81148,0.8147,0.81528,50000,0.0098,109.63421640272517,1.9,0.00924,22,16229632967629030983,160.0,P4
0.81316,0.79008,0.81448,50000,0.0098,102.33395079624165,1.9,0.00934,23,14894902255561397906,160.0,P4
0.0,0.00034,0.0,50000,0.0098,0.24924718492784953,1.9,0.0097,24,12074188332004193593,160.0,P4
0.81326,0.81198,0.81092,50000,0.0098,115.39324317459105,1.9,0.0101,25,12829950350006008457,160.0,P4
0.0,4e-05,0.0,50000,0.0098,0.27735949679347055,1.9,0.0096,26,5676260018152998034,160.0,P4
0.81268,0.81446,0.81266,50000,0.0098,110.40691807296871,1.9,0.01,27,17555579082825123373,160.0,P4
0.81594,0.8093,0.81522,50000,0.0098,114.79034217415283,1.9,0.00952,28,10896175012304274705,160.0,P4
0.8129,0.23878,0.80886,50000,0.0098,97.2140658970249,1.9,0.01054,29,41319545879240406,160.0,P4
0.81306,0.81348,0.81388,50000,0.0098,113.19401349030967,1.9,0.00984,30,13552327432862145598,160.0,P4
0.81446,0.81522,0.81486,50000,0.0098,114.2970099457139,1.9,0.00972,31,14570983294463663001,160.0,P4
0.81336,0.81422,0.81566,50000,0.0098,117.57815687743138,1.9,0.01058,32,11129499363791181548,160.0,P4
0.81446,0.8166,0.81404,50000,0.0098,115.2843610423209,1.9,0.0093,33,9566009304269468344,160.0,P4
0.0,0.0,0.0,50000,0.0098,0.13023356524862753,1.9,0.0098,34,14387331244122752745,160.0,P4
0.0,0.00918,0.00012,50000,0.0098,0.6202393385424514,1.9,0.00958,35,6010906182385589310,160.0,P4
0.81218,0.81236,0.81508,50000,0.0098,115.28107527380952,1.9,0.0098,36,3638739189740816662,160.0,P4
0.0,0.00136,0.0,50000,0.0098,0.2652028013507697,1.9,0.00852,37,15960765777921506082,160.0,P4
0.81166,0.80944,0.81282,50000,0.0098,113.13422018356646,1.9,0.0092,38,8903023545313465900,160.0,P4
0.8137,0.81598,0.80976,50000,0.0098,115.30813998715729,1.9,0.01064,39,14961417817229912224,160.0,P4
0.81616,0.81186,0.81146,50000,0.0098,116.8565909147224,1.9,0.00978,40,9675755548709913078,160.0,P4
0.81244,0.81226,0.81742,50000,0.0098,106.0520927776338,1.9,0.00912,41,5916422662786847270,160.0,P4
0.81768,0.81586,0.81194,50000,0.0098,112.68345855732292,1.9,0.00972,42,12195213325789623314,160.0,P4
0.8169,0.81666,0.8149,50000,0.0098,112.73528124975415,1.9,0.00936,43,16409853227540440354,160.0,P4
0.81212,0.81308,0.81478,50000,0.0098,113.41048111901947,1.9,0.0096,44,6989813721861222728,160.0,P4
0.81054,0.81248,0.81282,50000,0.0098,114.18109619228366,1.9,0.0097,45,4663108892343744595,160.0,P4
0.81586,0.81152,0.81548,50000,0.0098,109.1243418135844,1.9,0.01038,46,1461695964725107102,160.0,P4
0.80964,0.81712,0.81416,50000,0.0098,116.42703187280445,1.9,0.0103,47,17695934914354661522,160.0,P4
0.81412,0.01682,0.81074,50000,0.0098,82.15095744636234,1.9,0.00978,48,2178226827406002831,160.0,P4
0.80948,0.81748,0.81346,50000,0.0098,117.78151134540441,1.9,0.01002,49,5996640669878488172,160.0,P4
0.81572,0.8131,0.8132,50000,0.0098,105.21875397199378,1.9,0.00972,50,2022193610470722111,160.0,P4
0.81236,0.81456,0.81234,50000,0.0098,114.75668328463357,1.9,0.01012,51,4854579899640174810,160.0,P4
0.81402,0.79954,0.81584,50000,0.0098,102.80665555054668,1.9,0.00966,52,12585233975886195906,160.0,P4
0.81524,0.81338,0.8175,50000,0.0098,108.86042244719697,1.9,0.01018,53,10132157123855249190,160.0,P4
0.81604,0.81162,0.81198,50000,0.0098,111.73246335651223,1.9,0.0099,54,9151449424958496217,160.0,P4
0.81564,0.80176,0.81214,50000,0.0098,103.22660584418945,1.9,0.01,55,16180049553434343982,160.0,P4
0.81236,0.80282,0.81398,50000,0.0098,102.95016866635022,1.9,0.0097,56,1662392223930658782,160.0,P4
0.8142,0.81216,0.81156,50000,0.0098,112.59195694068873,1.9,0.01016,57,15359118477184921043,160.0,P4
0.81398,0.81186,0.81256,50000,0.0098,107.77380601084218,1.9,0.00954,58,16433893359472908606,160.0,P4
0.80814,0.01542,0.8156,50000,0.0098,83.8855016784288,1.9,0.00946,59,8776841574855947399,160.0,P4
0.81404,0.81602,0.81126,50000,0.0098,113.25835358186771,1.9,0.01064,60,8379625973541613532,160.0,P4
0.81482,0.81484,0.81242,50000,0.0098,114.40339209891033,1.9,0.00938,61,738358003806184045,160.0,P4
0.8152,0.81544,0.81478,50000,0.0098,112.04199306510525,1.9,0.00916,62,6301768736068921623,160.0,P4
0.81334,0.1645,0.81372,50000,0.0098,96.49923236889467,1.9,0.00942,63,13660984220069735978,160.0,P4
0.80948,0.80014,0.8123,50000,0.0098,103.09395387699122,1.9,0.01048,64,10484254245984786311,160.0,P4
0.81206,0.81654,0.8162,50000,0.0098,115.89809650358659,1.9,0.0104,65,6748352408322220939,160.0,P4
0.81164,0.80854,0.81862,50000,0.0098,104.60935225287346,1.9,0.00976,66,8151254599560991507,160.0,P4
0.81738,0.81552,0.8166,50000,0.0098,108.79398915457986,1.9,0.01006,67,18115194312904174142,160.0,P4
0.0,0.0,0.0,50000,0.0098,0.18268411464960777,1.9,0.009,68,14927813638882410787,160.0,P4
0.81454,0.81592,0.8103,50000,0.0098,107.7857630571656,1.9,0.00952,69,2044696714047269393,160.0,P4
0.81084,0.81278,0.81418,50000,0.0098,109.71024862148444,1.9,0.0103,70,2212212766915271313,160.0,P4
0.81232,0.81288,0.8114,50000,0.0098,110.82532802006055,1.9,0.00962,71,7710753425663320084,160.0,P4
0.8135,0.8103,0.81284,50000,0.0098,114.81741367603844,1.9,0.01,72,4955681045076903530,160.0,P4
0.81048,0.81594,0.81506,50000,0.0098,117.29813679291287,1.9,0.00998,73,5692822822124245254,160.0,P4
0.81382,0.5617,0.81336,50000,0.0098,99.433263209133,1.9,0.00998,74,7289189810161838562,160.0,P4
0.8127,0.81288,0.8142,50000,0.0098,110.45164225519696,1.9,0.00962,75,4069138314769070342,160.0,P4
0.81224,0.8144,0.81234,50000,0.0098,111.85427430298475,1.9,0.00976,76,1003353318413926729,160.0,P4
0.0,0.00022,0.0,50000,0.0098,0.3230253717524083,1.9,0.00908,77,12203915674763065157,160.0,P4
0.81322,0.8109,0.8169,50000,0.0098,114.23456356931241,1.9,0.00924,78,4721172268276925652,160.0,P4
0.81242,0.8103,0.81448,50000,0.0098,113.45639752743618,1.9,0.0102,79,11183450722645374059,160.0,P4
0.81268,0.8159,0.81266,50000,0.0098,106.32111666340911,1.9,0.01036,80,2750568524149688320,160.0,P4
0.81556,0.8145,0.8133,50000,0.0098,105.9850962648254,1.9,0.00926,81,15766122112145618369,160.0,P4
0.81302,0.62112,0.81552,50000,0.0098,99.9781363321158,1.9,0.00952,82,9398658030985509534,160.0,P4
0.81626,0.81702,0.81064,50000,0.0098,115.28162097618127,1.9,0.01052,83,6213610662541980943,160.0,P4
0.0,0.0,0.0,50000,0.0098,0.29146097616419914,1.9,0.0093,84,646838594807735859,160.0,P4
0.81252,0.81384,0.8161,50000,0.0098,109.40361356255791,1.9,0.0097,85,17080381562541222703,160.0,P4
0.81384,0.8125,0.81708,50000,0.0098,117.04434878971236,1.9,0.01012,86,7024408478773449404,160.0,P4
0.0,0.00102,0.0,50000,0.0098,0.28740797960073217,1.9,0.01014,87,13168211757410369141,160.0,P4
0.8186,0.80894,0.81406,50000,0.0098,104.78336483458051,1.9,0.00954,88,7688763723055301270,160.0,P4
0.81304,0.81094,0.81414,50000,0.0098,111.11700029410038,1.9,0.00926,89,10391860754556008205,160.0,P4
0.8102,0.81746,0.81366,50000,0.0098,114.63621738159291,1.9,0.00938,90,16008530803013427101,160.0,P4
0.81854,0.80912,0.81442,50000,0.0098,115.12751027094357,1.9,0.00964,91,12600932254354167899,160.0,P4
0.8124,0.81028,0.81112,50000,0.0098,116.63766308781867,1.9,0.011,92,2462854007135980794,160.0,P4
0.81358,0.71352,0.81608,50000,0.0098,100.69375531444071,1.9,0.00952,93,3172323749765562657,160.0,P4
0.81278,0.81276,0.8127,50000,0.0098,114.06157292797704,1.9,0.00974,94,14635889057485573681,160.0,P4
0.81104,0.8138,0.81124,50000,0.0098,112.05340185476508,1.9,0.00912,95,7828399147585673648,160.0,P4
0.8163,0.81586,0.81056,50000,0.0098,113.26053029060665,1.9,0.00968,96,120474705293057859,160.0,P4
0.80888,0.02284,0.81278,50000,0.0098,88.82933597933621,1.9,0.00878,97,15164667070730712452,160.0,P4
0.809,0.6964,0.8143,50000,0.0098,100.65328462302588,1.9,0.01002,98,18118375819353516333,160.0,P4
0.8088,0.81646,0.8146,50000,0.0098,111.01889287985202,1.9,0.00916,99,1997575793554562925,160.0,P4
0.81396,0.81326,0.81494,50000,0.0115,117.91717852747092,1.9,0.01108,0,17047787030725047641,160.0,P4
0.80878,0.81186,0.81672,50000,0.0115,117.90347865335005,1.9,0.01124,1,13093189073001935507,160.0,P4
0.81422,0.80948,0.81376,50000,0.0115,113.72404266073515,1.9,0.01114,2,17442005401699868217,160.0,P4
0.81768,0.81004,0.8138,50000,0.0115,115.51442153389829,1.9,0.01114,3,5439373593541108625,160.0,P4
0.81452,0.81002,0.80896,50000,0.0115,113.85573578420508,1.9,0.01142,4,10523861474318247115,160.0,P4
0.81506,0.81178,0.8178,50000,0.0115,118.21399994629135,1.9,0.01204,5,11228821450499283338,160.0,P4
0.81286,0.81542,0.81182,50000,0.0115,117.87055952711675,1.9,0.01206,6,8195896327214563509,160.0,P4
0.81374,0.81622,0.80988,50000,0.0115,116.77231330018246,1.9,0.01106,7,14071038360442669603,160.0,P4
0.8148,0.75932,0.81414,50000,0.0115,101.44957984906314,1.9,0.01134,8,9416275371474476279,160.0,P4
0.81328,0.81488,0.81734,50000,0.0115,113.78400402963233,1.9,0.01156,9,1759837878752298930,160.0,P4
0.81132,0.81502,0.8131,50000,0.0115,115.6843326472405,1.9,0.01122,10,2735196181418422907,160.0,P4
0.81322,0.81168,0.81518,50000,0.0115,112.70531328821119,1.9,0.0107,11,14966383631304015058,160.0,P4
0.81136,0.81154,0.81166,50000,0.0115,119.31314339633927,1.9,0.01162,12,15349012843102043717,160.0,P4
0.81576,0.81604,0.81508,50000,0.0115,117.81007798932394,1.9,0.01158,13,4720021042387877342,160.0,P4
0.81122,0.8147,0.8119,50000,0.0115,113.68864947371381,1.9,0.0118,14,1737510264559578864,160.0,P4
0.80934,0.8153,0.81282,50000,0.0115,118.10543570225055,1.9,0.01186,15,10961414802536985254,160.0,P4
0.81192,0.81318,0.8151,50000,0.0115,115.9772445142564,1.9,0.0125,16,1058859255405466380,160.0,P4
0.81688,0.81284,0.81548,50000,0.0115,113.60333757425636,1.9,0.01176,17,17943101147782071215,160.0,P4
0.81308,0.81818,0.81034,50000,0.0115,118.18104506217718,1.9,0.01124,18,9028988165625081366,160.0,P4
0.8103,0.81366,0.81486,50000,0.0115,115.89296736495756,1.9,0.01134,19,11345537867472362814,160.0,P4
0.8141,0.81422,0.81382,50000,0.0115,114.33618286322083,1.9,0.01108,20,2973935321335366229,160.0,P4
0.81086,0.8117,0.8102,50000,0.0115,115.49594368004048,1.9,0.01108,21,3523025363200311053,160.0,P4
0.81446,0.81706,0.8135,50000,0.0115,114.80030522106861,1.9,0.01138,22,6253446355524382283,160.0,P4
0.81036,0.8142,0.81398,50000,0.0115,115.23212482509365,1.9,0.01164,23,4284762554902616786,160.0,P4
0.81358,0.81144,0.8152,50000,0.0115,112.14229355362089,1.9,0.01086,24,16097580232187814694,160.0,P4
0.8129,0.81678,0.8132,50000,0.0115,117.62472182898924,1.9,0.0111,25,10453156966502679775,160.0,P4
0.80818,0.81602,0.81244,50000,0.0115,117.22974167419085,1.9,0.01186,26,14918320886696147299,160.0,P4
0.81032,0.80782,0.81668,50000,0.0115,117.04502364109784,1.9,0.01122,27,4115186426694885183,160.0,P4
0.81264,0.81466,0.81112,50000,0.0115,117.02799757263142,1.9,0.01166,28,17239383780555844386,160.0,P4
0.81244,0.8129,0.8118,50000,0.0115,113.44493721528525,1.9,0.01168,29,17874416224137965009,160.0,P4
0.81472,0.81496,0.81344,50000,0.0115,117.39600609458432,1.9,0.01218,30,17523331122205072513,160.0,P4
0.813,0.8102,0.814,50000,0.0115,111.58267978713579,1.9,0.012,31,7213198514983707895,160.0,P4
0.81062,0.81272,0.80936,50000,0.0115,116.25260852363492,1.9,0.01168,32,252125496887195682,160.0,P4
0.81242,0.81766,0.81444,50000,0.0115,117.28601752050038,1.9,0.01218,33,3976843405812113276,160.0,P4
0.8148,0.81254,0.81232,50000,0.0115,118.19195504401891,1.9,0.01194,34,8946844438983170305,160.0,P4
0.814,0.81792,0.81518,50000,0.0115,117.46278169054611,1.9,0.01216,35,2986301913517728116,160.0,P4
0.81246,0.81268,0.8165,50000,0.0115,116.65915481256411,1.9,0.01214,36,9093005256662803328,160.0,P4
0.81414,0.81324,0.81398,50000,0.0115,119.41507322432535,1.9,0.01204,37,14749897690925752969,160.0,P4
0.81396,0.81394,0.81424,50000,0.0115,115.7156832856932,1.9,0.011,38,14239175101245345204,160.0,P4
0.81412,0.80982,0.81016,50000,0.0115,114.11773428436221,1.9,0.01116,39,2773228087346805864,160.0,P4
0.81966,0.8128,0.81206,50000,0.0115,109.20932885335341,1.9,0.01084,40,13780813311751562321,160.0,P4
0.81448,0.81042,0.81414,50000,0.0115,115.38071767594414,1.9,0.0115,41,5964409744843959841,160.0,P4
0.8146,0.81088,0.8112,50000,0.0115,116.49065527287152,1.9,0.01156,42,9439014826669663136,160.0,P4
0.81314,0.81118,0.8123,50000,0.0115,114.88769824443081,1.9,0.01168,43,14349711581757107225,160.0,P4
0.81222,0.812,0.81576,50000,0.0115,111.83921812268302,1.9,0.01088,44,10664504752256845482,160.0,P4
0.81488,0.8121,0.81004,50000,0.0115,116.76512191567589,1.9,0.0109,45,1092120880896449332,160.0,P4
0.81112,0.81564,0.81458,50000,0.0115,112.28173539624143,1.9,0.01156,46,9306001817805510544,160.0,P4
0.81302,0.81526,0.81398,50000,0.0115,115.21952791250973,1.9,0.01206,47,212139137109879450,160.0,P4
0.81462,0.81022,0.81434,50000,0.0115,117.36072618040235,1.9,0.01132,48,10089277961075765255,160.0,P4
0.81418,0.8128,0.8113,50000,0.0115,115.51006774245866,1.9,0.01188,49,9094385857386646858,160.0,P4
0.81144,0.81714,0.8153,50000,0.0115,117.7282839037231,1.9,0.01128,50,14362275718104262590,160.0,P4
0.81074,0.81242,0.81214,50000,0.0115,116.25092738188653,1.9,0.0113,51,4062563043534528874,160.0,P4
0.8107,0.81272,0.81292,50000,0.0115,115.98093188091725,1.9,0.01164,52,9234279287957809578,160.0,P4
0.81292,0.81108,0.81268,50000,0.0115,116.1634770363529,1.9,0.0108,53,10979374508781399727,160.0,P4
0.81524,0.81384,0.81218,50000,0.0115,117.74649448361076,1.9,0.01236,54,11123756723392732749,160.0,P4
0.81592,0.81292,0.81324,50000,0.0115,113.28411570621027,1.9,0.01128,55,14524186993076456349,160.0,P4
0.81348,0.81108,0.81118,50000,0.0115,116.12563120068907,1.9,0.01062,56,1753173639928636235,160.0,P4
0.81076,0.81462,0.81274,50000,0.0115,119.88763618917925,1.9,0.01242,57,2474188277763954768,160.0,P4
0.81912,0.81518,0.8139,50000,0.0115,117.47198463639343,1.9,0.01156,58,1667695157029526688,160.0,P4
0.81414,0.814,0.81178,50000,0.0115,116.72058036660938,1.9,0.01114,59,15875196928989281620,160.0,P4
0.8117,0.81428,0.8133,50000,0.0115,116.74385893773213,1.9,0.0118,60,8712749406439310064,160.0,P4
0.81086,0.81396,0.81488,50000,0.0115,114.75738460767235,1.9,0.01106,61,6098984395038941959,160.0,P4
0.81176,0.81094,0.8133,50000,0.0115,117.66928198388888,1.9,0.01276,62,2795358659108110436,160.0,P4
0.81206,0.8135,0.81352,50000,0.0115,114.8192433313295,1.9,0.01128,63,5255345896438371989,160.0,P4
0.81308,0.6073,0.81632,50000,0.0115,99.83464107242091,1.9,0.01062,64,5067259827214398748,160.0,P4
0.8148,0.80934,0.81354,50000,0.0115,104.16796105331909,1.9,0.01262,65,5794096299479436111,160.0,P4
0.81752,0.81256,0.80964,50000,0.0115,118.43212578033987,1.9,0.01104,66,1219335011889284705,160.0,P4
0.81048,0.81504,0.80924,50000,0.0115,118.13185932145419,1.9,0.01082,67,13945393982960209047,160.0,P4
0.81434,0.81388,0.81104,50000,0.0115,118.038786696836,1.9,0.01242,68,10839166697299428438,160.0,P4
0.8112,0.8163,0.81324,50000,0.0115,113.9191809280495,1.9,0.01166,69,5728752787533970985,160.0,P4
0.81278,0.81484,0.81584,50000,0.0115,113.13838083423931,1.9,0.01082,70,8770688247771221287,160.0,P4
0.81068,0.81012,0.81244,50000,0.0115,111.16975833226077,1.9,0.01166,71,8747795167015485703,160.0,P4
0.81294,0.81814,0.8156,50000,0.0115,113.17380924144916,1.9,0.01078,72,11085637903852858114,160.0,P4
0.8121,0.81324,0.81336,50000,0.0115,116.04349549964272,1.9,0.01132,73,10312591107740684414,160.0,P4
0.8148,0.81464,0.81604,50000,0.0115,115.75235561976156,1.9,0.01168,74,14761935238893654937,160.0,P4
0.81648,0.81306,0.81702,50000,0.0115,117.96299016007504,1.9,0.01176,75,17909263309559497200,160.0,P4
0.81484,0.81248,0.81682,50000,0.0115,117.40350182132066,1.9,0.01228,76,13565428566988280696,160.0,P4
0.81418,0.81,0.81024,50000,0.0115,118.89789628947074,1.9,0.0114,77,1168048129864809077,160.0,P4
0.81286,0.80952,0.80966,50000,0.0115,118.43529194993593,1.9,0.0122,78,16293118441530125800,160.0,P4
0.81576,0.81572,0.80846,50000,0.0115,118.41906786245389,1.9,0.01194,79,14187988174183886465,160.0,P4
0.81204,0.81082,0.8178,50000,0.0115,109.77796659085696,1.9,0.01172,80,12261332339318150447,160.0,P4
0.81446,0.81772,0.81314,50000,0.0115,113.6215132967585,1.9,0.01168,81,7067196518776257937,160.0,P4
0.81614,0.81264,0.81134,50000,0.0115,118.23314719531565,1.9,0.01106,82,1544944360773611624,160.0,P4
0.81434,0.80976,0.81034,50000,0.0115,117.68764238087576,1.9,0.0118,83,17316939798796551340,160.0,P4
0.81624,0.81432,0.81216,50000,0.0115,117.64237233465329,1.9,0.01128,84,10838880598903608123,160.0,P4
0.81136,0.81304,0.81054,50000,0.0115,115.26183206615414,1.9,0.01072,85,11072820308289711700,160.0,P4
0.8144,0.80824,0.8127,50000,0.0115,117.01446911353797,1.9,0.01158,86,1935899621732262398,160.0,P4
0.81384,0.81146,0.81466,50000,0.0115,114.4940166564235,1.9,0.01058,87,8071469650753658762,160.0,P4
0.81162,0.81956,0.81536,50000,0.0115,120.16463769628547,1.9,0.0116,88,7784433901756577184,160.0,P4
0.81294,0.81364,0.81604,50000,0.0115,116.59917216955495,1.9,0.01102,89,6284143444977563647,160.0,P4
0.81586,0.8137,0.81506,50000,0.0115,117.67464746366106,1.9,0.01192,90,10517392014854757010,160.0,P4
0.81174,0.8171,0.81536,50000,0.0115,116.97041554820937,1.9,0.011,91,15848848635827009509,160.0,P4
0.81334,0.8136,0.81442,50000,0.0115,113.20650845262091,1.9,0.01116,92,1802685177207042282,160.0,P4
0.8144,0.81492,0.8131,50000,0.0115,116.50657647224924,1.9,0.01122,93,13064503175121047624,160.0,P4
0.8097,0.81348,0.81378,50000,0.0115,111.46531519054344,1.9,0.01092,94,6533027636817087397,160.0,P4
0.81748,0.81292,0.81534,50000,0.0115,115.77247009796207,1.9,0.0116,95,4076604981642744996,160.0,P4
0.8115,0.81384,0.81274,50000,0.0115,117.5413001817421,1.9,0.01154,96,1927018437547777765,160.0,P4
0.8128,0.81458,0.8099,50000,0.0115,115.2764227847277,1.9,0.01124,97,4105382082276071850,160.0,P4
0.81052,0.81294,0.81188,50000,0.0115,110.04347284832608,1.9,0.01192,98,8161376123995402913,160.0,P4
0.8125,0.81392,0.80968,50000,0.0115,118.05153697035816,1.9,0.01204,99,961221315092386154,160.0,P4
0.81266,0.81598,0.81114,50000,0.014,118.05927385598044,1.9,0.01372,0,15368503502426420713,160.0,P4
0.81128,0.81404,0.81,50000,0.014,115.31367944782004,1.9,0.01362,1,2886052103952059704,160.0,P4
0.81398,0.81378,0.8117,50000,0.014,117.5723733036679,1.9,0.01494,2,12306757081647377943,160.0,P4
0.81634,0.81292,0.81344,50000,0.014,118.97979392111475,1.9,0.01368,3,8429030799957604123,160.0,P4
0.81602,0.81564,0.80884,50000,0.014,119.34455023694049,1.9,0.014,4,17686430915064581120,160.0,P4
0.81476,0.81392,0.8142,50000,0.014,118.41243806759051,1.9,0.01448,5,16742104318734741421,160.0,P4
0.81308,0.81218,0.81236,50000,0.014,119.58014239658242,1.9,0.01458,6,9112725494073332800,160.0,P4
0.8128,0.81066,0.8134,50000,0.014,117.54077096052072,1.9,0.0134,7,2502790201952257374,160.0,P4
0.80958,0.81298,0.81178,50000,0.014,120.56182305850521,1.9,0.01414,8,18246232552772884407,160.0,P4
0.81132,0.81188,0.81612,50000,0.014,116.22435001604451,1.9,0.01396,9,17619174846074383413,160.0,P4
0.81284,0.81528,0.81364,50000,0.014,117.66484859865807,1.9,0.01404,10,6199073006636180110,160.0,P4
0.81368,0.81566,0.81384,50000,0.014,119.52505948552185,1.9,0.01482,11,17343288812164618777,160.0,P4
0.81326,0.80894,0.81344,50000,0.014,118.52681843551909,1.9,0.01414,12,16872162866146597259,160.0,P4
0.81274,0.81356,0.8134,50000,0.014,119.21982982067685,1.9,0.01488,13,9006939962820290758,160.0,P4
0.81044,0.8122,0.81256,50000,0.014,118.66585744227736,1.9,0.01366,14,10165783235624364638,160.0,P4
0.80882,0.81306,0.80998,50000,0.014,117.6637630132456,1.9,0.0141,15,17631749792897471969,160.0,P4
0.81344,0.81586,0.81504,50000,0.014,119.02733963009555,1.9,0.01464,16,3062783740622212774,160.0,P4
0.81292,0.81378,0.8176,50000,0.014,120.2741964042435,1.9,0.01478,17,11427003585510083423,160.0,P4
0.8144,0.8126,0.81366,50000,0.014,119.0854247091456,1.9,0.01358,18,13294853977597334132,160.0,P4
0.8127,0.815,0.81778,50000,0.014,120.30742844966758,1.9,0.0146,19,17047566917664341385,160.0,P4
0.81478,0.81512,0.81304,50000,0.014,117.85608341675017,1.9,0.01376,20,16896336791624586869,160.0,P4
0.81692,0.81046,0.80998,50000,0.014,119.57507285685334,1.9,0.01348,21,9015082054658538227,160.0,P4
0.8101,0.81256,0.80958,50000,0.014,119.3694931086697,1.9,0.01378,22,4671145471500857027,160.0,P4
0.8108,0.81152,0.8123,50000,0.014,117.40676743144348,1.9,0.01382,23,10425481622570108567,160.0,P4
0.80994,0.81276,0.8223,50000,0.014,119.57017036885964,1.9,0.0138,24,17637274047898922972,160.0,P4
0.81296,0.8118,0.81114,50000,0.014,110.32988840732524,1.9,0.01308,25,17845391045886629969,160.0,P4
0.81056,0.81378,0.81442,50000,0.014,120.34238263553866,1.9,0.01424,26,4993306976938742058,160.0,P4
0.8116,0.81638,0.81468,50000,0.014,117.9575632141796,1.9,0.01418,27,3573586261868217922,160.0,P4
0.81054,0.81226,0.81486,50000,0.014,119.89568305752779,1.9,0.0142,28,8190776541845151863,160.0,P4
0.81346,0.8136,0.81538,50000,0.014,119.41519769406766,1.9,0.0142,29,780537957526485781,160.0,P4
0.8093,0.8177,0.81452,50000,0.014,120.25493506573892,1.9,0.01386,30,9444874571876271206,160.0,P4
0.8142,0.81046,0.81194,50000,0.014,120.25578252113942,1.9,0.01452,31,509581521281353461,160.0,P4
0.81298,0.81176,0.81484,50000,0.014,118.67373798728926,1.9,0.01538,32,13541983235651082996,160.0,P4
0.81412,0.81256,0.81004,50000,0.014,117.44643607708514,1.9,0.01416,33,6444382154340308593,160.0,P4
0.81436,0.80748,0.81182,50000,0.014,117.5609029652642,1.9,0.01366,34,11394145126288789700,160.0,P4
0.81032,0.81772,0.81846,50000,0.014,119.41942631849807,1.9,0.014,35,2923523688519575848,160.0,P4
0.81248,0.813,0.80946,50000,0.014,118.30106429813615,1.9,0.0136,36,5761983699974423980,160.0,P4
0.81114,0.81118,0.81384,50000,0.014,118.11105052415704,1.9,0.01404,37,7676296490459640091,160.0,P4
0.81384,0.81588,0.81172,50000,0.014,117.57833883698102,1.9,0.0132,38,9076486715295069223,160.0,P4
0.81226,0.81654,0.81596,50000,0.014,116.54003490186476,1.9,0.01336,39,3343212375819129504,160.0,P4
0.815,0.8116,0.81248,50000,0.014,118.01183097947994,1.9,0.01352,40,9933192022350354541,160.0,P4
0.81332,0.81406,0.81554,50000,0.014,119.8747695803027,1.9,0.01338,41,8020423490553303744,160.0,P4
0.81524,0.8118,0.812,50000,0.014,119.22651821541962,1.9,0.0138,42,17279219255301630524,160.0,P4
0.81492,0.81524,0.81176,50000,0.014,118.79566898301236,1.9,0.01462,43,2735955407552888930,160.0,P4
0.8107,0.80948,0.80978,50000,0.014,118.23732129481135,1.9,0.0149,44,2412248000760211060,160.0,P4
0.81372,0.8121,0.8117,50000,0.014,118.47474245959975,1.9,0.01342,45,15624807784645367169,160.0,P4
0.8084,0.81412,0.81194,50000,0.014,118.34774100994748,1.9,0.01432,46,17005883495941662994,160.0,P4
0.8138,0.80722,0.81822,50000,0.014,118.74585015391511,1.9,0.01398,47,11031774282748172004,160.0,P4
0.81484,0.81586,0.81196,50000,0.014,119.27114135362162,1.9,0.01406,48,1909869431115750874,160.0,P4
0.81416,0.81502,0.81414,50000,0.014,114.62317309221301,1.9,0.01386,49,5283866984114158500,160.0,P4
0.81298,0.81326,0.80978,50000,0.014,119.4865176591699,1.9,0.01406,50,11646367951612258752,160.0,P4
0.81442,0.8106,0.81286,50000,0.014,118.28192318939664,1.9,0.01308,51,3548853000099629341,160.0,P4
0.81424,0.81364,0.81164,50000,0.014,119.73579877999948,1.9,0.01444,52,1767578757731912773,160.0,P4
0.81274,0.81472,0.8163,50000,0.014,118.16358615162399,1.9,0.01436,53,1907141817891458863,160.0,P4
0.8095,0.81114,0.813,50000,0.014,118.33769606880857,1.9,0.01432,54,7944431867156812141,160.0,P4
0.81008,0.8149,0.81296,50000,0.014,118.60200608669442,1.9,0.01432,55,17646525184332876325,160.0,P4
0.81576,0.81388,0.81178,50000,0.014,118.57919795381106,1.9,0.01312,56,8861507421493437401,160.0,P4
0.81146,0.81348,0.81706,50000,0.014,117.68446916436831,1.9,0.01376,57,6462565915270759352,160.0,P4
0.8136,0.81312,0.81546,50000,0.014,119.07002579583524,1.9,0.015,58,11779158444802310687,160.0,P4
0.8146,0.81278,0.81404,50000,0.014,117.46916874640272,1.9,0.01358,59,2189897068146692053,160.0,P4
0.81302,0.81364,0.81488,50000,0.014,120.52049119064097,1.9,0.01318,60,18142990964517811070,160.0,P4
0.8136,0.81332,0.81246,50000,0.014,115.49815765235488,1.9,0.01392,61,13552474806252108551,160.0,P4
0.81346,0.8136,0.8111,50000,0.014,119.95689404986963,1.9,0.014,62,17708106974297611812,160.0,P4
0.81388,0.81112,0.81188,50000,0.014,116.4535234441202,1.9,0.0134,63,9624576042260633860,160.0,P4
0.81252,0.81318,0.81136,50000,0.014,118.52292860221084,1.9,0.01364,64,66788499252469645,160.0,P4
0.81286,0.8143,0.8102,50000,0.014,119.68065150593914,1.9,0.0145,65,2905809698491731810,160.0,P4
0.8134,0.81488,0.81188,50000,0.014,118.77757325660764,1.9,0.01408,66,14747798989105574279,160.0,P4
0.81788,0.81346,0.81282,50000,0.014,119.53029153530557,1.9,0.0142,67,772630076266668880,160.0,P4
0.81152,0.81874,0.81682,50000,0.014,118.59628656979757,1.9,0.01368,68,1076068669524216352,160.0,P4
0.81308,0.8129,0.81208,50000,0.014,120.25396573403447,1.9,0.0136,69,13952868647884010145,160.0,P4
0.81464,0.81704,0.81428,50000,0.014,118.11796140437112,1.9,0.01324,70,11872776703846974998,160.0,P4
0.81644,0.81494,0.8111,50000,0.014,120.48384598963725,1.9,0.01416,71,17377519602695376229,160.0,P4
0.81108,0.81414,0.8146,50000,0.014,119.80127191449813,1.9,0.0138,72,8991181747813633545,160.0,P4
0.8092,0.81478,0.81194,50000,0.014,119.23003433706523,1.9,0.01388,73,9177448285490017561,160.0,P4
0.81232,0.81164,0.81522,50000,0.014,117.21409329858751,1.9,0.01432,74,2347785712874113637,160.0,P4
0.81698,0.81458,0.80834,50000,0.014,117.90736467813572,1.9,0.01344,75,17685276905989527641,160.0,P4
0.81492,0.81362,0.81334,50000,0.014,119.63503143060956,1.9,0.01376,76,16000848717118962505,160.0,P4
0.81584,0.8138,0.8144,50000,0.014,121.03064262918035,1.9,0.01428,77,16449103172000826735,160.0,P4
0.81114,0.81388,0.81372,50000,0.014,118.28822463091235,1.9,0.01394,78,3732916991722266561,160.0,P4
0.81122,0.81348,0.81276,50000,0.014,120.87912073159418,1.9,0.01448,79,9276833536098476305,160.0,P4
0.81286,0.81632,0.80926,50000,0.014,115.43485810797448,1.9,0.01364,80,7450260497053357952,160.0,P4
0.814,0.814,0.81566,50000,0.014,116.74635687808609,1.9,0.01436,81,2171766710259506080,160.0,P4
0.81338,0.81774,0.81622,50000,0.014,118.42002184251767,1.9,0.01406,82,11758041228910241716,160.0,P4
0.81692,0.81452,0.8119,50000,0.014,119.39072484050307,1.9,0.0135,83,12444169805405605721,160.0,P4
0.81534,0.8138,0.81314,50000,0.014,118.19435713842203,1.9,0.01382,84,8641208668911957089,160.0,P4
0.81194,0.81408,0.81356,50000,0.014,115.03589898129772,1.9,0.0142,85,9198403988727724418,160.0,P4
0.8156,0.81348,0.80916,50000,0.014,117.18763031607602,1.9,0.01384,86,13285102313005030382,160.0,P4
0.81466,0.81266,0.81252,50000,0.014,116.73036179418362,1.9,0.01352,87,1010946586448697160,160.0,P4
0.81454,0.8157,0.81366,50000,0.014,120.68456226235243,1.9,0.0145,88,13575230299475273738,160.0,P4
0.81246,0.8096,0.8145,50000,0.014,117.63515702759913,1.9,0.0143,89,1256586534543086169,160.0,P4
0.81294,0.81304,0.81648,50000,0.014,118.68709495582085,1.9,0.01476,90,3736623157112423741,160.0,P4
0.81082,0.81092,0.81404,50000,0.014,118.38242123776857,1.9,0.01328,91,1003605083978408458,160.0,P4
0.8144,0.81054,0.81448,50000,0.014,115.70431247668186,1.9,0.01444,92,7143101723381249942,160.0,P4
0.81444,0.81338,0.81118,50000,0.014,119.44734742836222,1.9,0.01394,93,5460310755910640205,160.0,P4
0.813,0.81226,0.81332,50000,0.014,116.37313313447751,1.9,0.01362,94,10684722732142556648,160.0,P4
0.81316,0.81566,0.81272,50000,0.014,119.11004386334557,1.9,0.01398,95,7445299626255009769,160.0,P4
0.8116,0.81466,0.8132,50000,0.014,118.28581099824586,1.9,0.01434,96,16842838597324517586,160.0,P4
0.81436,0.8155,0.81266,50000,0.014,117.96710188692978,1.9,0.01386,97,13500809336050412969,160.0,P4
0.8122,0.81514,0.81442,50000,0.014,117.74088780212408,1.9,0.01386,98,12289978556672950976,160.0,P4
0.81264,0.8147,0.81508,50000,0.014,119.19181362508269,1.9,0.01408,99,2517232740392936669,160.0,P4
